{
  "type": "FeatureCollection",
  "generator": "overpass-turbo",
  "copyright": "The data included in this document is from www.openstreetmap.org. The data is made available under ODbL.",
  "timestamp": "2026-06-21T17:28:14Z",
  "features": [
    {
      "type": "Feature",
      "properties": {
        "@id": "node/255174666",
        "bench": "yes",
        "bin": "no",
        "bus": "yes",
        "departures_board": "timetable",
        "highway": "bus_stop",
        "lit": "yes",
        "name": "Castleton Bus Station",
        "naptan:AtcoCode": "1000DCHLB238",
        "naptan:NaptanCode": "dbsajpdw",
        "public_transport": "platform",
        "shelter": "yes",
        "tactile_paving": "no"
      },
      "geometry": {
        "type": "Point",
        "coordinates": [
          -1.7742048,
          53.3440613
        ]
      },
      "id": "node/255174666"
    },
    {
      "type": "Feature",
      "properties": {
        "@id": "node/262352331",
        "bus": "yes",
        "highway": "bus_stop",
        "name": "Woodhead Road",
        "naptan:AtcoCode": "1000DCCS0602",
        "naptan:Bearing": "SW",
        "naptan:BusStopType": "CUS",
        "naptan:CommonName": "Woodhead Road",
        "naptan:Indicator": "SW-bound",
        "naptan:NaptanCode": "dbsadwjm",
        "naptan:Street": "Woodhead Road",
        "naptan:verified": "no",
        "public_transport": "platform"
      },
      "geometry": {
        "type": "Point",
        "coordinates": [
          -1.8928986,
          53.4892598
        ]
      },
      "id": "node/262352331"
    },
    {
      "type": "Feature",
      "properties": {
        "@id": "node/262352344",
        "bus": "yes",
        "highway": "bus_stop",
        "naptan:AtcoCode": "100000022034",
        "naptan:NaptanCode": "dbsgpdjg",
        "public_transport": "platform"
      },
      "geometry": {
        "type": "Point",
        "coordinates": [
          -1.8932316,
          53.4891529
        ]
      },
      "id": "node/262352344"
    },
    {
      "type": "Feature",
      "properties": {
        "@id": "node/322031488",
        "bus": "yes",
        "highway": "bus_stop",
        "public_transport": "platform"
      },
      "geometry": {
        "type": "Point",
        "coordinates": [
          -1.8396565,
          53.5483687
        ]
      },
      "id": "node/322031488"
    },
    {
      "type": "Feature",
      "properties": {
        "@id": "node/348776251",
        "bus": "yes",
        "highway": "bus_stop",
        "naptan:AtcoCode": "1000DEEE3151",
        "naptan:NaptanCode": "dbsamjad",
        "public_transport": "platform"
      },
      "geometry": {
        "type": "Point",
        "coordinates": [
          -1.6630695,
          53.1455285
        ]
      },
      "id": "node/348776251"
    },
    {
      "type": "Feature",
      "properties": {
        "@id": "node/348776390",
        "bench": "yes",
        "bus": "yes",
        "highway": "bus_stop",
        "naptan:AtcoCode": "1000DEEE3152",
        "naptan:NaptanCode": "dbsamjag",
        "public_transport": "platform",
        "shelter": "yes"
      },
      "geometry": {
        "type": "Point",
        "coordinates": [
          -1.663034,
          53.1456088
        ]
      },
      "id": "node/348776390"
    },
    {
      "type": "Feature",
      "properties": {
        "@id": "node/348805762",
        "bus": "yes",
        "highway": "bus_stop",
        "name": "The Green",
        "naptan:AtcoCode": "1000DBMS3141",
        "naptan:Bearing": "E",
        "naptan:CommonName": "The Green",
        "naptan:Indicator": "Opp",
        "naptan:NaptanCode": "dbsgmadw",
        "naptan:PlusbusZoneRef": "BUXTON",
        "naptan:Street": "Main Street",
        "naptan:verified": "no",
        "public_transport": "platform"
      },
      "geometry": {
        "type": "Point",
        "coordinates": [
          -1.6451105,
          53.1561314
        ]
      },
      "id": "node/348805762"
    },
    {
      "type": "Feature",
      "properties": {
        "@id": "node/348809342",
        "bench": "yes",
        "bin": "yes",
        "bus": "yes",
        "highway": "bus_stop",
        "lit": "no",
        "name": "The Green",
        "naptan:AtcoCode": "1000DBMS3142",
        "naptan:Bearing": "W",
        "naptan:CommonName": "The Green",
        "naptan:Indicator": "Adj",
        "naptan:NaptanCode": "dbsgmaga",
        "naptan:PlusbusZoneRef": "BUXTON",
        "naptan:Street": "Main Street",
        "naptan:verified": "no",
        "public_transport": "platform",
        "shelter": "yes",
        "tactile_paving": "no"
      },
      "geometry": {
        "type": "Point",
        "coordinates": [
          -1.6460897,
          53.1560339
        ]
      },
      "id": "node/348809342"
    },
    {
      "type": "Feature",
      "properties": {
        "@id": "node/348818655",
        "bus": "yes",
        "highway": "bus_stop",
        "name": "Eagle Tor",
        "naptan:AtcoCode": "1000DBTM3146",
        "naptan:Bearing": "NW",
        "naptan:CommonName": "Eagle Tor",
        "naptan:Indicator": "opp",
        "naptan:NaptanCode": "dbsgjptm",
        "naptan:PlusbusZoneRef": "BUXTON",
        "naptan:Street": "The Mires",
        "naptan:verified": "no",
        "public_transport": "platform"
      },
      "geometry": {
        "type": "Point",
        "coordinates": [
          -1.6549124,
          53.1606088
        ]
      },
      "id": "node/348818655"
    },
    {
      "type": "Feature",
      "properties": {
        "@id": "node/348821714",
        "bus": "yes",
        "highway": "bus_stop",
        "name": "Eagle Tor",
        "naptan:AtcoCode": "1000DBTM3145",
        "naptan:Bearing": "SE",
        "naptan:CommonName": "Eagle Tor",
        "naptan:Indicator": "Adj",
        "naptan:NaptanCode": "dbsgjptj",
        "naptan:PlusbusZoneRef": "BUXTON",
        "naptan:Street": "The Mires",
        "naptan:verified": "no",
        "public_transport": "platform"
      },
      "geometry": {
        "type": "Point",
        "coordinates": [
          -1.6549639,
          53.1607632
        ]
      },
      "id": "node/348821714"
    },
    {
      "type": "Feature",
      "properties": {
        "@id": "node/382578223",
        "bus": "yes",
        "highway": "bus_stop",
        "name": "Leacroft Road",
        "naptan:AtcoCode": "1000DWWR3158",
        "naptan:Bearing": "W",
        "naptan:CommonName": "Leacroft Road",
        "naptan:Indicator": "Opp",
        "naptan:NaptanCode": "dbsdgapm",
        "naptan:PlusbusZoneRef": "BUXTON",
        "naptan:Street": "Wensley Road",
        "naptan:verified": "no",
        "public_transport": "platform"
      },
      "geometry": {
        "type": "Point",
        "coordinates": [
          -1.6373073,
          53.1423098
        ]
      },
      "id": "node/382578223"
    },
    {
      "type": "Feature",
      "properties": {
        "@id": "node/382582341",
        "bus": "yes",
        "departures_board": "timetable",
        "highway": "bus_stop",
        "naptan:AtcoCode": "1000DWMS3155",
        "naptan:NaptanCode": "dbsdmtgp",
        "public_transport": "platform",
        "shelter": "yes",
        "source": "survey"
      },
      "geometry": {
        "type": "Point",
        "coordinates": [
          -1.641087,
          53.1417222
        ]
      },
      "id": "node/382582341"
    },
    {
      "type": "Feature",
      "properties": {
        "@id": "node/383887391",
        "bus": "yes",
        "highway": "bus_stop",
        "name": "Old Station",
        "naptan:AtcoCode": "1000DMDW3846",
        "naptan:Bearing": "NE",
        "naptan:CommonName": "Old Station",
        "naptan:Indicator": "Adj",
        "naptan:NaptanCode": "dbsdtdga",
        "naptan:PlusbusZoneRef": "BUXTON",
        "naptan:Street": "Wormhill Road",
        "naptan:verified": "no",
        "public_transport": "platform"
      },
      "geometry": {
        "type": "Point",
        "coordinates": [
          -1.7929458,
          53.2564662
        ]
      },
      "id": "node/383887391"
    },
    {
      "type": "Feature",
      "properties": {
        "@id": "node/383889060",
        "bus": "yes",
        "highway": "bus_stop",
        "name": "Miller’s Dale (Anglers Rest)",
        "naptan:AtcoCode": "1000DMDBM125",
        "naptan:NaptanCode": "dbsdtatd",
        "public_transport": "platform",
        "shelter": "no"
      },
      "geometry": {
        "type": "Point",
        "coordinates": [
          -1.7893404,
          53.2567219
        ]
      },
      "id": "node/383889060"
    },
    {
      "type": "Feature",
      "properties": {
        "@id": "node/383889271",
        "bus": "yes",
        "highway": "bus_stop",
        "name": "Miller’s Dale (Anglers Rest)",
        "naptan:AtcoCode": "1000DMDB3209",
        "naptan:NaptanCode": "dbsdtata",
        "public_transport": "platform"
      },
      "geometry": {
        "type": "Point",
        "coordinates": [
          -1.7893661,
          53.2568092
        ]
      },
      "id": "node/383889271"
    },
    {
      "type": "Feature",
      "properties": {
        "@id": "node/388413949",
        "bus": "yes",
        "highway": "bus_stop",
        "name": "Sycamore Cottages",
        "naptan:AtcoCode": "1000DPSC4459",
        "naptan:Bearing": "W",
        "naptan:CommonName": "Sycamore Cottages",
        "naptan:Indicator": "Adj",
        "naptan:NaptanCode": "dbsawtmp",
        "naptan:PlusbusZoneRef": "BUXTON",
        "naptan:Street": "The Green",
        "naptan:verified": "no",
        "public_transport": "platform"
      },
      "geometry": {
        "type": "Point",
        "coordinates": [
          -1.719115,
          53.0849448
        ]
      },
      "id": "node/388413949"
    },
    {
      "type": "Feature",
      "properties": {
        "@id": "node/388428776",
        "bus": "yes",
        "highway": "bus_stop",
        "naptan:AtcoCode": "1000DPDL1034",
        "naptan:NaptanCode": "dbsawjwj",
        "public_transport": "platform"
      },
      "geometry": {
        "type": "Point",
        "coordinates": [
          -1.7214925,
          53.0864398
        ]
      },
      "id": "node/388428776"
    },
    {
      "type": "Feature",
      "properties": {
        "@id": "node/390222094",
        "bench": "yes",
        "bin": "no",
        "bus": "yes",
        "highway": "bus_stop",
        "lit": "no",
        "name": "Hope (Station Road End)",
        "naptan:AtcoCode": "1000DHRS1315",
        "naptan:NaptanCode": "dbsapdgd",
        "public_transport": "platform",
        "shelter": "yes",
        "tactile_paving": "no"
      },
      "geometry": {
        "type": "Point",
        "coordinates": [
          -1.7332408,
          53.3452852
        ]
      },
      "id": "node/390222094"
    },
    {
      "type": "Feature",
      "properties": {
        "@id": "node/390222095",
        "bench": "yes",
        "bin": "no",
        "bus": "yes",
        "highway": "bus_stop",
        "lit": "no",
        "name": "Hope (Station Road End)",
        "naptan:AtcoCode": "1000DHRS2148",
        "naptan:Bearing": "NW",
        "naptan:CommonName": "Station Road End",
        "naptan:Indicator": "Opp",
        "naptan:NaptanCode": "dbsapdgj",
        "naptan:PlusbusZoneRef": "BUXTON",
        "naptan:Street": "Hope Road",
        "naptan:verified": "no",
        "public_transport": "platform",
        "shelter": "yes",
        "tactile_paving": "no"
      },
      "geometry": {
        "type": "Point",
        "coordinates": [
          -1.7332328,
          53.3450818
        ]
      },
      "id": "node/390222095"
    },
    {
      "type": "Feature",
      "properties": {
        "@id": "node/390222096",
        "bench": "yes",
        "bin": "no",
        "bus": "yes",
        "highway": "bus_stop",
        "lit": "yes",
        "name": "Brough (Travellers Rest)",
        "naptan:AtcoCode": "1000DBHR2241",
        "naptan:Bearing": "NW",
        "naptan:CommonName": "Travellers Rest Parsons Lane",
        "naptan:Indicator": "Opp",
        "naptan:NaptanCode": "dbsgtamp",
        "naptan:PlusbusZoneRef": "BUXTON",
        "naptan:Street": "Hope Road",
        "naptan:verified": "no",
        "public_transport": "platform",
        "shelter": "yes",
        "source": "map note",
        "tactile_paving": "no"
      },
      "geometry": {
        "type": "Point",
        "coordinates": [
          -1.7252576,
          53.341882
        ]
      },
      "id": "node/390222096"
    },
    {
      "type": "Feature",
      "properties": {
        "@id": "node/390225517",
        "bus": "yes",
        "highway": "bus_stop",
        "name": "Bamford (Derwent Hotel)",
        "naptan:AtcoCode": "1000DBMR3756",
        "naptan:Bearing": "N",
        "naptan:CommonName": "Derwent Hotel",
        "naptan:Indicator": "Opp",
        "naptan:NaptanCode": "dbsgjwpa",
        "naptan:Street": "Main Road",
        "naptan:verified": "no",
        "public_transport": "platform",
        "shelter": "yes"
      },
      "geometry": {
        "type": "Point",
        "coordinates": [
          -1.6896064,
          53.3478559
        ]
      },
      "id": "node/390225517"
    },
    {
      "type": "Feature",
      "properties": {
        "@id": "node/390376120",
        "bench": "no",
        "bin": "no",
        "bus": "yes",
        "highway": "bus_stop",
        "name": "Grove Place",
        "naptan:AtcoCode": "1000DYGP3134",
        "naptan:Bearing": "SE",
        "naptan:CommonName": "Grove Place",
        "naptan:Indicator": "SE-bound",
        "naptan:NaptanCode": "dbsdmwja",
        "naptan:PlusbusZoneRef": "BUXTON",
        "naptan:Street": "Grove Place",
        "naptan:verified": "no",
        "public_transport": "platform",
        "shelter": "no",
        "tactile_paving": "no"
      },
      "geometry": {
        "type": "Point",
        "coordinates": [
          -1.6904057,
          53.1739945
        ]
      },
      "id": "node/390376120"
    },
    {
      "type": "Feature",
      "properties": {
        "@id": "node/390376122",
        "bench": "no",
        "bin": "no",
        "bus": "yes",
        "highway": "bus_stop",
        "naptan:AtcoCode": "1000DYMS3131",
        "naptan:NaptanCode": "dbsdmwjt",
        "public_transport": "platform",
        "shelter": "no",
        "tactile_paving": "no"
      },
      "geometry": {
        "type": "Point",
        "coordinates": [
          -1.688075,
          53.174617
        ]
      },
      "id": "node/390376122"
    },
    {
      "type": "Feature",
      "properties": {
        "@id": "node/390376123",
        "bench": "no",
        "bin": "no",
        "bus": "yes",
        "highway": "bus_stop",
        "name": "Holywell Lane",
        "naptan:AtcoCode": "1000DYMS3132",
        "naptan:Bearing": "SW",
        "naptan:CommonName": "Holywell Lane",
        "naptan:Indicator": "Adj",
        "naptan:NaptanCode": "dbsdmwjw",
        "naptan:PlusbusZoneRef": "BUXTON",
        "naptan:Street": "Main Street",
        "naptan:verified": "no",
        "public_transport": "platform",
        "shelter": "no",
        "tactile_paving": "no"
      },
      "geometry": {
        "type": "Point",
        "coordinates": [
          -1.6877384,
          53.1746724
        ]
      },
      "id": "node/390376123"
    },
    {
      "type": "Feature",
      "properties": {
        "@id": "node/413709294",
        "bench": "yes",
        "bin": "no",
        "bus": "yes",
        "highway": "bus_stop",
        "lit": "no",
        "name": "Square",
        "naptan:AtcoCode": "1000DHS00189",
        "naptan:Bearing": "NE",
        "naptan:CommonName": "Square",
        "naptan:Indicator": "Adj",
        "naptan:NaptanCode": "dbsapdgm",
        "naptan:PlusbusZoneRef": "BUXTON",
        "naptan:Street": "Mill Street",
        "naptan:verified": "no",
        "public_transport": "platform",
        "shelter": "yes",
        "tactile_paving": "no"
      },
      "geometry": {
        "type": "Point",
        "coordinates": [
          -1.8098011,
          53.1408113
        ]
      },
      "id": "node/413709294"
    },
    {
      "type": "Feature",
      "properties": {
        "@id": "node/419919470",
        "bus": "yes",
        "highway": "bus_stop",
        "public_transport": "platform"
      },
      "geometry": {
        "type": "Point",
        "coordinates": [
          -1.7985312,
          53.2129295
        ]
      },
      "id": "node/419919470"
    },
    {
      "type": "Feature",
      "properties": {
        "@id": "node/419919474",
        "bus": "yes",
        "highway": "bus_stop",
        "naptan:AtcoCode": "1000DFMRS880",
        "naptan:NaptanCode": "dbsgawgt",
        "public_transport": "platform"
      },
      "geometry": {
        "type": "Point",
        "coordinates": [
          -1.7971579,
          53.2122253
        ]
      },
      "id": "node/419919474"
    },
    {
      "type": "Feature",
      "properties": {
        "@id": "node/419919482",
        "bus": "yes",
        "highway": "bus_stop",
        "name": "Post Office",
        "naptan:AtcoCode": "1000DFMR4220",
        "naptan:Bearing": "NW",
        "naptan:BusStopType": "CUS",
        "naptan:CommonName": "Post Office",
        "naptan:Indicator": "opp",
        "naptan:NaptanCode": "dbsgawgm",
        "naptan:PlusbusZoneRef": "BUXTON",
        "naptan:Street": "Main Road",
        "naptan:verified": "no",
        "public_transport": "platform"
      },
      "geometry": {
        "type": "Point",
        "coordinates": [
          -1.7987458,
          53.2128524
        ]
      },
      "id": "node/419919482"
    },
    {
      "type": "Feature",
      "properties": {
        "@id": "node/419919485",
        "bus": "yes",
        "highway": "bus_stop",
        "naptan:AtcoCode": "1000DFMR3850",
        "naptan:NaptanCode": "dbsgawgd",
        "public_transport": "platform",
        "shelter": "yes"
      },
      "geometry": {
        "type": "Point",
        "coordinates": [
          -1.7972008,
          53.2121071
        ]
      },
      "id": "node/419919485"
    },
    {
      "type": "Feature",
      "properties": {
        "@id": "node/419919893",
        "bus": "yes",
        "highway": "bus_stop",
        "name": "The Plough",
        "naptan:AtcoCode": "1000DFMR3851",
        "naptan:Bearing": "E",
        "naptan:CommonName": "The Plough",
        "naptan:Indicator": "Adj",
        "naptan:NaptanCode": "dbsgawgj",
        "naptan:PlusbusZoneRef": "BUXTON",
        "naptan:Street": "Main Road",
        "naptan:verified": "no",
        "public_transport": "platform"
      },
      "geometry": {
        "type": "Point",
        "coordinates": [
          -1.7934586,
          53.2123281
        ]
      },
      "id": "node/419919893"
    },
    {
      "type": "Feature",
      "properties": {
        "@id": "node/439534573",
        "bus": "yes",
        "highway": "bus_stop",
        "name": "Church",
        "naptan:AtcoCode": "1000DYAL3130",
        "naptan:Bearing": "NE",
        "naptan:BusStopType": "CUS",
        "naptan:CommonName": "Church",
        "naptan:Indicator": "Opp",
        "naptan:NaptanCode": "dbsdgatw",
        "naptan:PlusbusZoneRef": "BUXTON",
        "naptan:Street": "Alport Lane",
        "naptan:verified": "no",
        "public_transport": "platform"
      },
      "geometry": {
        "type": "Point",
        "coordinates": [
          -1.6849572,
          53.1759229
        ]
      },
      "id": "node/439534573"
    },
    {
      "type": "Feature",
      "properties": {
        "@id": "node/439534574",
        "bus": "yes",
        "highway": "bus_stop",
        "naptan:AtcoCode": "1000DYCS3129",
        "naptan:NaptanCode": "dbsdgawm",
        "public_transport": "platform"
      },
      "geometry": {
        "type": "Point",
        "coordinates": [
          -1.6848497,
          53.1758375
        ]
      },
      "id": "node/439534574"
    },
    {
      "type": "Feature",
      "properties": {
        "@id": "node/444104881",
        "bus": "yes",
        "highway": "bus_stop",
        "name": "Leacroft Road",
        "naptan:AtcoCode": "1000DWWR3157",
        "naptan:Bearing": "E",
        "naptan:CommonName": "Leacroft Road",
        "naptan:Indicator": "Adj",
        "naptan:NaptanCode": "dbsdgapj",
        "naptan:PlusbusZoneRef": "BUXTON",
        "naptan:Street": "Wensley Road",
        "naptan:verified": "no",
        "public_transport": "platform"
      },
      "geometry": {
        "type": "Point",
        "coordinates": [
          -1.6371176,
          53.1424463
        ]
      },
      "id": "node/444104881"
    },
    {
      "type": "Feature",
      "properties": {
        "@id": "node/444323173",
        "bench": "no",
        "bus": "yes",
        "highway": "bus_stop",
        "public_transport": "platform",
        "shelter": "no"
      },
      "geometry": {
        "type": "Point",
        "coordinates": [
          -1.9950441,
          53.1560038
        ]
      },
      "id": "node/444323173"
    },
    {
      "type": "Feature",
      "properties": {
        "@id": "node/448431121",
        "bench": "no",
        "bin": "no",
        "bus": "yes",
        "highway": "bus_stop",
        "lit": "yes",
        "name": "Alport Lane",
        "naptan:AtcoCode": "1000DYAL3127",
        "naptan:Bearing": "NE",
        "naptan:CommonName": "Alport Lane",
        "naptan:Indicator": "NE-bound",
        "naptan:NaptanCode": "dbsdgatm",
        "naptan:PlusbusZoneRef": "BUXTON",
        "naptan:Street": "Alport Lane",
        "naptan:verified": "no",
        "public_transport": "platform",
        "shelter": "no",
        "tactile_paving": "no"
      },
      "geometry": {
        "type": "Point",
        "coordinates": [
          -1.6828236,
          53.1768476
        ]
      },
      "id": "node/448431121"
    },
    {
      "type": "Feature",
      "properties": {
        "@id": "node/472212309",
        "bench": "no",
        "bin": "no",
        "bus": "yes",
        "highway": "bus_stop",
        "lit": "yes",
        "name": "Bakewell, Baslow Road / Pineapple Farm",
        "naptan:AtcoCode": "1000DBBR3212",
        "naptan:Bearing": "NE",
        "naptan:CommonName": "Pineapple Farm",
        "naptan:Indicator": "opp",
        "naptan:Landmark": "Pineapple House Farm",
        "naptan:LocalityName": "Bakewell",
        "naptan:NaptanCode": "dbsagjpm",
        "naptan:PlusbusZoneRef": "BUXTON",
        "naptan:Street": "Baslow Road",
        "public_transport": "platform",
        "shelter": "no",
        "source": "naptan_import",
        "tactile_paving": "no"
      },
      "geometry": {
        "type": "Point",
        "coordinates": [
          -1.671709,
          53.2260491
        ]
      },
      "id": "node/472212309"
    },
    {
      "type": "Feature",
      "properties": {
        "@id": "node/472919392",
        "bus": "yes",
        "highway": "bus_stop",
        "public_transport": "platform"
      },
      "geometry": {
        "type": "Point",
        "coordinates": [
          -1.738466,
          53.0668007
        ]
      },
      "id": "node/472919392"
    },
    {
      "type": "Feature",
      "properties": {
        "@id": "node/485407183",
        "bus": "yes",
        "highway": "bus_stop",
        "name": "Rainow, Smith Lane / Blue Boar Farm",
        "naptan:AtcoCode": "0600MA0375",
        "naptan:Bearing": "NE",
        "naptan:BusStopType": "CUS",
        "naptan:CommonName": "Blue Boar Farm",
        "naptan:Indicator": "NE-bound",
        "naptan:Landmark": "Blue Boar Farm",
        "naptan:LocalityName": "Rainow",
        "naptan:NaptanCode": "chemwaw",
        "naptan:ShortCommonName": "Blue Boar Farm",
        "naptan:Street": "Smith Lane",
        "naptan:verified": "no",
        "network": "Cheshire East Council",
        "operator": "Ansa Transport",
        "public_transport": "platform",
        "source": "naptan_import"
      },
      "geometry": {
        "type": "Point",
        "coordinates": [
          -2.0485849,
          53.285539
        ]
      },
      "id": "node/485407183"
    },
    {
      "type": "Feature",
      "properties": {
        "@id": "node/485407184",
        "bus": "yes",
        "highway": "bus_stop",
        "name": "Kettleshulme, Macclesfield Road / Beech House",
        "naptan:AtcoCode": "0600MA0376",
        "naptan:Bearing": "SW",
        "naptan:CommonName": "Beech House",
        "naptan:Indicator": "o/s",
        "naptan:Landmark": "Beech House",
        "naptan:LocalityName": "Kettleshulme",
        "naptan:NaptanCode": "chemwda",
        "naptan:ShortCommonName": "Beech House",
        "naptan:Street": "Macclesfield Road",
        "naptan:verified": "no",
        "network": "Cheshire East Council",
        "operator": "Ansa Transport",
        "public_transport": "platform",
        "source": "naptan_import"
      },
      "geometry": {
        "type": "Point",
        "coordinates": [
          -2.0040081,
          53.3187091
        ]
      },
      "id": "node/485407184"
    },
    {
      "type": "Feature",
      "properties": {
        "@id": "node/485407186",
        "bus": "yes",
        "highway": "bus_stop",
        "name": "Kettleshulme, Macclesfield Road / Bull's Head",
        "naptan:AtcoCode": "0600MA0377",
        "naptan:Bearing": "SW",
        "naptan:CommonName": "Bull's Head",
        "naptan:Crossing": "Flatts Lane",
        "naptan:Indicator": "o/s",
        "naptan:Landmark": "Bull's Head",
        "naptan:LocalityName": "Kettleshulme",
        "naptan:NaptanCode": "cheawmt",
        "naptan:ShortCommonName": "Bull's Head",
        "naptan:Street": "Macclesfield Road",
        "naptan:verified": "no",
        "network": "Cheshire East Council",
        "operator": "Ansa Transport",
        "public_transport": "platform",
        "source": "naptan_import"
      },
      "geometry": {
        "type": "Point",
        "coordinates": [
          -2.0188227,
          53.3145458
        ]
      },
      "id": "node/485407186"
    },
    {
      "type": "Feature",
      "properties": {
        "@id": "node/485407232",
        "bench": "no",
        "bin": "no",
        "bus": "yes",
        "highway": "bus_stop",
        "name": "Cat & Fiddle PH",
        "naptan:AtcoCode": "0600MA0413",
        "naptan:Bearing": "NW",
        "naptan:CommonName": "Cat & Fiddle PH",
        "naptan:Indicator": "opp",
        "naptan:Landmark": "Cat & Fiddle PH",
        "naptan:LocalityName": "Cat & Fiddle",
        "naptan:NaptanCode": "cheawtg",
        "naptan:ShortCommonName": "Cat & Fiddle PH",
        "naptan:Street": "Buxton New Road",
        "naptan:verified": "no",
        "network": "Cheshire East Council",
        "operator": "Ansa Transport",
        "public_transport": "platform",
        "shelter": "no",
        "source": "naptan_import",
        "tactile_paving": "no"
      },
      "geometry": {
        "type": "Point",
        "coordinates": [
          -2.0001152,
          53.2440005
        ]
      },
      "id": "node/485407232"
    },
    {
      "type": "Feature",
      "properties": {
        "@id": "node/485407233",
        "bench": "no",
        "bin": "no",
        "bus": "yes",
        "highway": "bus_stop",
        "name": "Cat & Fiddle PH",
        "naptan:AtcoCode": "0600MA0414",
        "naptan:Bearing": "SE",
        "naptan:BusStopType": "CUS",
        "naptan:CommonName": "Cat & Fiddle PH",
        "naptan:Indicator": "o/s",
        "naptan:Landmark": "Cat & Fiddle PH",
        "naptan:LocalityName": "Cat & Fiddle",
        "naptan:NaptanCode": "cheawtj",
        "naptan:ShortCommonName": "Cat & Fiddle PH",
        "naptan:Street": "Buxton New Road",
        "naptan:verified": "no",
        "network": "Cheshire East Council",
        "operator": "Ansa Transport",
        "public_transport": "platform",
        "shelter": "no",
        "source": "naptan_import",
        "tactile_paving": "no"
      },
      "geometry": {
        "type": "Point",
        "coordinates": [
          -1.9997317,
          53.2439953
        ]
      },
      "id": "node/485407233"
    },
    {
      "type": "Feature",
      "properties": {
        "@id": "node/485407275",
        "bus": "yes",
        "highway": "bus_stop",
        "name": "Pott Shrigley, Shrigley Road / Saint Christopher's Church",
        "naptan:AtcoCode": "0600MA0445",
        "naptan:Bearing": "SE",
        "naptan:CommonName": "Saint Christopher's Church",
        "naptan:Indicator": "opp",
        "naptan:Landmark": "Saint Christopher's Church",
        "naptan:LocalityName": "Pott Shrigley",
        "naptan:NaptanCode": "chegadt",
        "naptan:ShortCommonName": "Saint Christopher's",
        "naptan:Street": "Shrigley Road",
        "naptan:verified": "no",
        "network": "Cheshire East Council",
        "operator": "Ansa Transport",
        "public_transport": "platform",
        "source": "naptan_import"
      },
      "geometry": {
        "type": "Point",
        "coordinates": [
          -2.0836266,
          53.3095381
        ]
      },
      "id": "node/485407275"
    },
    {
      "type": "Feature",
      "properties": {
        "@id": "node/485407276",
        "bus": "yes",
        "highway": "bus_stop",
        "name": "Pott Shrigley, Shrigley Road / Saint Christopher's Church",
        "naptan:AtcoCode": "0600MA0446",
        "naptan:Bearing": "NW",
        "naptan:CommonName": "Saint Christopher's Church",
        "naptan:Indicator": "nr",
        "naptan:Landmark": "Saint Christopher's Church",
        "naptan:LocalityName": "Pott Shrigley",
        "naptan:NaptanCode": "chegadw",
        "naptan:ShortCommonName": "Saint Christopher's",
        "naptan:Street": "Shrigley Road",
        "naptan:verified": "no",
        "network": "Cheshire East Council",
        "operator": "Ansa Transport",
        "public_transport": "platform",
        "source": "naptan_import"
      },
      "geometry": {
        "type": "Point",
        "coordinates": [
          -2.0837464,
          53.3093942
        ]
      },
      "id": "node/485407276"
    },
    {
      "type": "Feature",
      "properties": {
        "@id": "node/485407278",
        "bus": "yes",
        "highway": "bus_stop",
        "name": "Pott Shrigley, Shrigley Road / Shrigley Hall Hotel",
        "naptan:AtcoCode": "0600MA0447A",
        "naptan:Bearing": "NW",
        "naptan:CommonName": "Shrigley Hall Hotel",
        "naptan:Indicator": "opp",
        "naptan:Landmark": "Shrigley Hall Hotel",
        "naptan:LocalityName": "Pott Shrigley",
        "naptan:NaptanCode": "chepwtj",
        "naptan:ShortCommonName": "Shrigley Hall Hotel",
        "naptan:Street": "Shrigley Road",
        "naptan:verified": "no",
        "network": "Cheshire East Council",
        "operator": "Ansa Transport",
        "public_transport": "platform",
        "source": "naptan_import"
      },
      "geometry": {
        "type": "Point",
        "coordinates": [
          -2.0895421,
          53.3105676
        ]
      },
      "id": "node/485407278"
    },
    {
      "type": "Feature",
      "properties": {
        "@id": "node/485407307",
        "bench": "no",
        "bin": "no",
        "bus": "yes",
        "highway": "bus_stop",
        "lit": "no",
        "name": "Lyme Country Park, Lyme Hall",
        "naptan:AtcoCode": "0600MA0467",
        "naptan:Bearing": "NE",
        "naptan:BusStopType": "CUS",
        "naptan:CommonName": "Lyme Hall",
        "naptan:Indicator": "nr",
        "naptan:Landmark": "Lyme Hall",
        "naptan:LocalityName": "Lyme Country Park",
        "naptan:NaptanCode": "chegagm",
        "naptan:ShortCommonName": "Lyme Hall",
        "naptan:Street": "Car Park",
        "naptan:verified": "no",
        "network": "Cheshire East Council",
        "operator": "Ansa Transport",
        "public_transport": "platform",
        "shelter": "no",
        "source": "naptan_import",
        "tactile_paving": "no"
      },
      "geometry": {
        "type": "Point",
        "coordinates": [
          -2.056725,
          53.3384893
        ]
      },
      "id": "node/485407307"
    },
    {
      "type": "Feature",
      "properties": {
        "@id": "node/485407555",
        "bus": "yes",
        "highway": "bus_stop",
        "name": "Kettleshulme, Macclesfield Road / Beech House",
        "naptan:AtcoCode": "0600MA17820",
        "naptan:Bearing": "NE",
        "naptan:BusStopType": "CUS",
        "naptan:CommonName": "Beech House",
        "naptan:Indicator": "opp",
        "naptan:Landmark": "Beech House",
        "naptan:LocalityName": "Kettleshulme",
        "naptan:NaptanCode": "chetjdj",
        "naptan:ShortCommonName": "Beech House",
        "naptan:Street": "Macclesfield Road",
        "naptan:verified": "no",
        "network": "Cheshire East Council",
        "operator": "Ansa Transport",
        "public_transport": "platform",
        "source": "naptan_import"
      },
      "geometry": {
        "type": "Point",
        "coordinates": [
          -2.0041432,
          53.318826
        ]
      },
      "id": "node/485407555"
    },
    {
      "type": "Feature",
      "properties": {
        "@id": "node/485407564",
        "bus": "yes",
        "highway": "bus_stop",
        "name": "Rainow, Smith Lane / Blue Boar Farm",
        "naptan:AtcoCode": "0600MA18948",
        "naptan:Bearing": "SW",
        "naptan:BusStopType": "CUS",
        "naptan:CommonName": "Blue Boar Farm",
        "naptan:Crossing": "Pike Road",
        "naptan:Indicator": "SW-bound",
        "naptan:Landmark": "Dawson Barn Farm",
        "naptan:LocalityName": "Rainow",
        "naptan:NaptanCode": "chetjmw",
        "naptan:ShortCommonName": "Blue Boar Farm",
        "naptan:Street": "Smith Lane",
        "naptan:verified": "no",
        "network": "Cheshire East Council",
        "operator": "Ansa Transport",
        "public_transport": "platform",
        "source": "naptan_import"
      },
      "geometry": {
        "type": "Point",
        "coordinates": [
          -2.0484497,
          53.2854132
        ]
      },
      "id": "node/485407564"
    },
    {
      "type": "Feature",
      "properties": {
        "@id": "node/485407612",
        "bus": "yes",
        "highway": "bus_stop",
        "name": "Rainow, Church Lane / The Robin Hood",
        "naptan:AtcoCode": "0600MA19033",
        "naptan:Bearing": "NE",
        "naptan:CommonName": "The Robin Hood",
        "naptan:Indicator": "nr",
        "naptan:Landmark": "The Robin Hood",
        "naptan:LocalityName": "Rainow",
        "naptan:NaptanCode": "chetwta",
        "naptan:ShortCommonName": "The Robin Hood",
        "naptan:Street": "Church Lane",
        "naptan:verified": "no",
        "network": "Cheshire East Council",
        "operator": "Ansa Transport",
        "public_transport": "platform",
        "source": "naptan_import"
      },
      "geometry": {
        "type": "Point",
        "coordinates": [
          -2.0730483,
          53.282736
        ]
      },
      "id": "node/485407612"
    },
    {
      "type": "Feature",
      "properties": {
        "@id": "node/485407615",
        "bus": "yes",
        "highway": "bus_stop",
        "name": "Rainow, Hawkins Lane / The Rising Sun",
        "naptan:AtcoCode": "0600MA19038",
        "naptan:Bearing": "SW",
        "naptan:CommonName": "The Rising Sun",
        "naptan:Crossing": "Ravenho Lane",
        "naptan:Indicator": "opp",
        "naptan:Landmark": "The Rising Sun",
        "naptan:LocalityName": "Rainow",
        "naptan:NaptanCode": "chewagt",
        "naptan:ShortCommonName": "The Rising Sun",
        "naptan:Street": "Hawkins Lane",
        "naptan:verified": "no",
        "network": "Cheshire East Council",
        "operator": "Ansa Transport",
        "public_transport": "platform",
        "source": "naptan_import"
      },
      "geometry": {
        "type": "Point",
        "coordinates": [
          -2.080924,
          53.2771977
        ]
      },
      "id": "node/485407615"
    },
    {
      "type": "Feature",
      "properties": {
        "@id": "node/485407761",
        "bus": "yes",
        "highway": "bus_stop",
        "name": "Rainow, Macclesfield Road / Charles Head",
        "naptan:AtcoCode": "0600MA6066",
        "naptan:Bearing": "S",
        "naptan:BusStopType": "CUS",
        "naptan:CommonName": "Charles Head",
        "naptan:Indicator": "S-bound",
        "naptan:Landmark": "Charles Head",
        "naptan:LocalityName": "Rainow",
        "naptan:NaptanCode": "chegjgt",
        "naptan:ShortCommonName": "Charles Head",
        "naptan:Street": "Macclesfield Road",
        "naptan:verified": "no",
        "network": "Cheshire East Council",
        "operator": "Ansa Transport",
        "public_transport": "platform",
        "source": "naptan_import"
      },
      "geometry": {
        "type": "Point",
        "coordinates": [
          -2.0395745,
          53.3068013
        ]
      },
      "id": "node/485407761"
    },
    {
      "type": "Feature",
      "properties": {
        "@id": "node/485407762",
        "bus": "yes",
        "highway": "bus_stop",
        "name": "Rainow, Macclesfield Road / The Highwayman",
        "naptan:AtcoCode": "0600MA6067",
        "naptan:Bearing": "SW",
        "naptan:BusStopType": "CUS",
        "naptan:CommonName": "The Highwayman",
        "naptan:Crossing": "Blaze Hill",
        "naptan:Indicator": "o/s",
        "naptan:Landmark": "The Highwayman",
        "naptan:LocalityName": "Rainow",
        "naptan:NaptanCode": "chegjgw",
        "naptan:ShortCommonName": "The Highwayman",
        "naptan:Street": "Macclesfield Road",
        "naptan:verified": "no",
        "network": "Cheshire East Council",
        "operator": "Ansa Transport",
        "public_transport": "platform",
        "source": "naptan_import"
      },
      "geometry": {
        "type": "Point",
        "coordinates": [
          -2.0574889,
          53.2923217
        ]
      },
      "id": "node/485407762"
    },
    {
      "type": "Feature",
      "properties": {
        "@id": "node/485407777",
        "bus": "yes",
        "highway": "bus_stop",
        "name": "Walker Barn, Buxton New Road / The Setter Dog",
        "naptan:AtcoCode": "0600MA6077",
        "naptan:Bearing": "E",
        "naptan:BusStopType": "CUS",
        "naptan:CommonName": "The Setter Dog",
        "naptan:Indicator": "nr",
        "naptan:Landmark": "The Setter Dog",
        "naptan:LocalityName": "Walker Barn",
        "naptan:NaptanCode": "chegjpj",
        "naptan:ShortCommonName": "The Setter Dog",
        "naptan:Street": "Buxton New Road",
        "naptan:verified": "no",
        "network": "Cheshire East Council",
        "operator": "Ansa Transport",
        "public_transport": "platform",
        "source": "naptan_import"
      },
      "geometry": {
        "type": "Point",
        "coordinates": [
          -2.067011,
          53.2607384
        ]
      },
      "id": "node/485407777"
    },
    {
      "type": "Feature",
      "properties": {
        "@id": "node/485407779",
        "bus": "yes",
        "highway": "bus_stop",
        "name": "Walker Barn, Buxton New Road / The Setter Dog",
        "naptan:AtcoCode": "0600MA6078",
        "naptan:Bearing": "W",
        "naptan:BusStopType": "CUS",
        "naptan:CommonName": "The Setter Dog",
        "naptan:Crossing": "Crooked Yard Road",
        "naptan:Indicator": "opp",
        "naptan:Landmark": "The Setter Dog",
        "naptan:LocalityName": "Walker Barn",
        "naptan:NaptanCode": "chegjpm",
        "naptan:ShortCommonName": "The Setter Dog",
        "naptan:Street": "Buxton New Road",
        "naptan:verified": "no",
        "network": "Cheshire East Council",
        "operator": "Ansa Transport",
        "public_transport": "platform",
        "source": "naptan_import"
      },
      "geometry": {
        "type": "Point",
        "coordinates": [
          -2.0669808,
          53.2605946
        ]
      },
      "id": "node/485407779"
    },
    {
      "type": "Feature",
      "properties": {
        "@id": "node/485407797",
        "bench": "no",
        "bin": "no",
        "bus": "yes",
        "highway": "bus_stop",
        "lit": "no",
        "name": "Rainow, Tower Hill / Tower Hill Farm",
        "naptan:AtcoCode": "0600MA6094",
        "naptan:Bearing": "SW",
        "naptan:CommonName": "Tower Hill Farm",
        "naptan:Crossing": "Berristall Road",
        "naptan:Indicator": "opp",
        "naptan:Landmark": "Tower Hill Farm",
        "naptan:LocalityName": "Rainow",
        "naptan:NaptanCode": "chepmpj",
        "naptan:ShortCommonName": "Tower Hill Farm",
        "naptan:Street": "Tower Hill",
        "naptan:verified": "no",
        "network": "Cheshire East Council",
        "operator": "Ansa Transport",
        "public_transport": "platform",
        "shelter": "no",
        "source": "naptan_import",
        "tactile_paving": "no"
      },
      "geometry": {
        "type": "Point",
        "coordinates": [
          -2.0798923,
          53.2788793
        ]
      },
      "id": "node/485407797"
    },
    {
      "type": "Feature",
      "properties": {
        "@id": "node/485407874",
        "bus": "yes",
        "highway": "bus_stop",
        "name": "Rainow, Pedley Hill / Trinity Church",
        "naptan:AtcoCode": "0600MA6165",
        "naptan:Bearing": "SW",
        "naptan:CommonName": "Trinity Church",
        "naptan:Crossing": "Round Meadow",
        "naptan:Indicator": "o/s",
        "naptan:Landmark": "Trinity Church",
        "naptan:LocalityName": "Rainow",
        "naptan:NaptanCode": "chegpjt",
        "naptan:ShortCommonName": "Trinity Church",
        "naptan:Street": "Pedley Hill",
        "naptan:verified": "no",
        "network": "Cheshire East Council",
        "operator": "Ansa Transport",
        "public_transport": "platform",
        "shelter": "no",
        "source": "naptan_import"
      },
      "geometry": {
        "type": "Point",
        "coordinates": [
          -2.0748693,
          53.2811881
        ]
      },
      "id": "node/485407874"
    },
    {
      "type": "Feature",
      "properties": {
        "@id": "node/493618742",
        "bench": "yes",
        "bin": "yes",
        "bus": "yes",
        "ele": "257.997559",
        "highway": "bus_stop",
        "lit": "yes",
        "name:signed": "no",
        "note": "no bus stop sign, but timetable on nearby post",
        "public_transport": "platform",
        "shelter": "yes",
        "source": "GPS",
        "tactile_paving": "no"
      },
      "geometry": {
        "type": "Point",
        "coordinates": [
          -1.8691669,
          53.1811645
        ]
      },
      "id": "node/493618742"
    },
    {
      "type": "Feature",
      "properties": {
        "@id": "node/496727886",
        "bus": "yes",
        "highway": "bus_stop",
        "local_ref": "45019101",
        "name": "Woodhead Road Holme Terminus",
        "naptan:AtcoCode": "450019101",
        "naptan:Bearing": "SW",
        "naptan:CommonName": "Woodhead Road Holme Terminus",
        "naptan:Indicator": "Stop 45019101",
        "naptan:ShortCommonName": "Woodhead Rd Holme",
        "naptan:Street": "Woodhead Road",
        "naptan:verified": "no",
        "public_transport": "platform",
        "source": "naptan_import"
      },
      "geometry": {
        "type": "Point",
        "coordinates": [
          -1.8400847,
          53.5481911
        ]
      },
      "id": "node/496727886"
    },
    {
      "type": "Feature",
      "properties": {
        "@id": "node/496727887",
        "bus": "yes",
        "highway": "bus_stop",
        "local_ref": "45019102",
        "name": "Holme Woodhead Road",
        "naptan:AtcoCode": "450019102",
        "naptan:Bearing": "NW",
        "naptan:CommonName": "Holme Woodhead Road",
        "naptan:Crossing": "Meal Hill Road",
        "naptan:Indicator": "Stop 45019102",
        "naptan:PlusbusZoneRef": "LEEDS",
        "naptan:ShortCommonName": "Meal Hill Road",
        "naptan:Street": "Woodhead Road",
        "naptan:verified": "no",
        "public_transport": "platform",
        "source": "naptan_import"
      },
      "geometry": {
        "type": "Point",
        "coordinates": [
          -1.8384417,
          53.5498539
        ]
      },
      "id": "node/496727887"
    },
    {
      "type": "Feature",
      "properties": {
        "@id": "node/502437501",
        "alt_name": "Loxley Road/Woodfall Lane",
        "bus": "yes",
        "highway": "bus_stop",
        "name": "Loxley Road/Woodfall Lane",
        "naptan:AltCommonName": "Loxley Road/Woodfall Lane",
        "naptan:AtcoCode": "370022289",
        "naptan:Bearing": "NW",
        "naptan:CommonName": "Loxley Road/Woodfall Lane",
        "naptan:Indicator": "22289",
        "naptan:Landmark": "Near Old Horns Inn",
        "naptan:PlusbusZoneRef": "ROTHCEN",
        "naptan:Street": "Loxley Road",
        "naptan:verified": "no",
        "public_transport": "platform",
        "source": "naptan_import"
      },
      "geometry": {
        "type": "Point",
        "coordinates": [
          -1.5975273,
          53.4281839
        ]
      },
      "id": "node/502437501"
    },
    {
      "type": "Feature",
      "properties": {
        "@id": "node/502437522",
        "alt_name": "New Road/Oaks Lane",
        "bus": "yes",
        "highway": "bus_stop",
        "name": "New Road/Oaks Lane",
        "naptan:AltCommonName": "New Road/Oaks Lane",
        "naptan:AtcoCode": "370022294",
        "naptan:Bearing": "N",
        "naptan:CommonName": "New Road/Oaks Lane",
        "naptan:Indicator": "22294",
        "naptan:Landmark": "Damflask Reservoir",
        "naptan:PlusbusZoneRef": "ROTHCEN",
        "naptan:Street": "New Road",
        "naptan:verified": "no",
        "public_transport": "platform",
        "source": "naptan_import"
      },
      "geometry": {
        "type": "Point",
        "coordinates": [
          -1.5861995,
          53.4107051
        ]
      },
      "id": "node/502437522"
    },
    {
      "type": "Feature",
      "properties": {
        "@id": "node/502437538",
        "alt_name": "Fair House Lane/Annet Lane",
        "bus": "yes",
        "highway": "bus_stop",
        "name": "Fair House Lane/Annet Lane",
        "naptan:AltCommonName": "Fair House Lane/Annet Lane",
        "naptan:AtcoCode": "370022302",
        "naptan:Bearing": "N",
        "naptan:CommonName": "Fair House Lane/Annet Lane",
        "naptan:Indicator": "22302",
        "naptan:Landmark": "Fair House Farm",
        "naptan:PlusbusZoneRef": "ROTHCEN",
        "naptan:Street": "Fair House Lane",
        "naptan:verified": "no",
        "public_transport": "platform",
        "source": "naptan_import"
      },
      "geometry": {
        "type": "Point",
        "coordinates": [
          -1.6098596,
          53.4230654
        ]
      },
      "id": "node/502437538"
    },
    {
      "type": "Feature",
      "properties": {
        "@id": "node/502437540",
        "alt_name": "New Road/Mill Lee Road",
        "bus": "yes",
        "highway": "bus_stop",
        "name": "New Road/Mill Lee Road",
        "naptan:AltCommonName": "New Road/Mill Lee Road",
        "naptan:AtcoCode": "370022303",
        "naptan:Bearing": "SE",
        "naptan:CommonName": "New Road/Mill Lee Road",
        "naptan:Indicator": "22303",
        "naptan:Landmark": "Opposite The Plough Pub",
        "naptan:PlusbusZoneRef": "ROTHCEN",
        "naptan:Street": "New Road",
        "naptan:verified": "no",
        "public_transport": "platform",
        "shelter": "no",
        "source": "naptan_import"
      },
      "geometry": {
        "type": "Point",
        "coordinates": [
          -1.6051548,
          53.421144
        ]
      },
      "id": "node/502437540"
    },
    {
      "type": "Feature",
      "properties": {
        "@id": "node/502437543",
        "alt_name": "New Road/Mill Lee Road",
        "bus": "yes",
        "highway": "bus_stop",
        "name": "New Road/Mill Lee Road",
        "naptan:AltCommonName": "New Road/Mill Lee Road",
        "naptan:AtcoCode": "370022304",
        "naptan:Bearing": "NE",
        "naptan:CommonName": "New Road/Mill Lee Road",
        "naptan:Indicator": "22304",
        "naptan:Landmark": "Outside The Plough Pub",
        "naptan:PlusbusZoneRef": "ROTHCEN",
        "naptan:Street": "New Road",
        "naptan:verified": "no",
        "public_transport": "platform",
        "shelter": "no",
        "source": "naptan_import"
      },
      "geometry": {
        "type": "Point",
        "coordinates": [
          -1.6052756,
          53.4210888
        ]
      },
      "id": "node/502437543"
    },
    {
      "type": "Feature",
      "properties": {
        "@id": "node/502437546",
        "bus": "yes",
        "highway": "bus_stop",
        "name": "New Road/New Wood",
        "naptan:AtcoCode": "370022305",
        "naptan:Bearing": "SE",
        "naptan:CommonName": "New Road/New Wood",
        "naptan:Indicator": "22305",
        "naptan:Landmark": "Riverdale",
        "naptan:PlusbusZoneRef": "ROTHCEN",
        "naptan:Street": "New Road",
        "naptan:verified": "no",
        "public_transport": "platform",
        "source": "naptan_import"
      },
      "geometry": {
        "type": "Point",
        "coordinates": [
          -1.5969311,
          53.4183185
        ]
      },
      "id": "node/502437546"
    },
    {
      "type": "Feature",
      "properties": {
        "@id": "node/502437550",
        "bus": "yes",
        "highway": "bus_stop",
        "name": "Fair House Lane/Smithy Bridge Road",
        "naptan:AtcoCode": "370022306",
        "naptan:Bearing": "N",
        "naptan:CommonName": "Fair House Lane/Smithy Bridge Road",
        "naptan:Indicator": "22306",
        "naptan:Landmark": "22306",
        "naptan:PlusbusZoneRef": "ROTHCEN",
        "naptan:Street": "Fair House Lane",
        "naptan:verified": "no",
        "public_transport": "platform",
        "shelter": "yes",
        "source": "naptan_import"
      },
      "geometry": {
        "type": "Point",
        "coordinates": [
          -1.6063125,
          53.4231381
        ]
      },
      "id": "node/502437550"
    },
    {
      "type": "Feature",
      "properties": {
        "@id": "node/502441326",
        "alt_name": "Manchester Road/Pump House",
        "bench": "no",
        "bin": "no",
        "bus": "yes",
        "highway": "bus_stop",
        "name": "Manchester Road/Pump House",
        "naptan:AltCommonName": "Manchester Road/Pump House",
        "naptan:AtcoCode": "370023668",
        "naptan:Bearing": "NE",
        "naptan:CommonName": "Manchester Road/Pump House",
        "naptan:Indicator": "23668",
        "naptan:Landmark": "OPPOSITE PUMP HOUSE",
        "naptan:PlusbusZoneRef": "ROTHCEN",
        "naptan:Street": "Manchester Road",
        "naptan:verified": "no",
        "public_transport": "platform",
        "shelter": "no",
        "source": "naptan_import",
        "tactile_paving": "no"
      },
      "geometry": {
        "type": "Point",
        "coordinates": [
          -1.5697016,
          53.3789054
        ]
      },
      "id": "node/502441326"
    },
    {
      "type": "Feature",
      "properties": {
        "@id": "node/502441580",
        "bench": "no",
        "bus": "yes",
        "departures_board": "timetable",
        "highway": "bus_stop",
        "lit": "no",
        "name": "Hathersage Road/Stony Ridge Road",
        "naptan:AtcoCode": "370023240",
        "naptan:Bearing": "SW",
        "naptan:CommonName": "Hathersage Road/Stony Ridge Road",
        "naptan:Indicator": "23240",
        "naptan:Landmark": "Parson House Farm",
        "naptan:PlusbusZoneRef": "ROTHCEN",
        "naptan:Street": "Hathersage Road",
        "naptan:verified": "yes",
        "public_transport": "platform",
        "shelter": "no",
        "source": "naptan_import",
        "tactile_paving": "no"
      },
      "geometry": {
        "type": "Point",
        "coordinates": [
          -1.5919579,
          53.3214665
        ]
      },
      "id": "node/502441580"
    },
    {
      "type": "Feature",
      "properties": {
        "@id": "node/502441582",
        "bus": "yes",
        "highway": "bus_stop",
        "name": "Rivelin Valley Road/Manchester Road",
        "naptan:AtcoCode": "370023242",
        "naptan:Bearing": "N",
        "naptan:CommonName": "Rivelin Valley Road/Manchester Road",
        "naptan:Indicator": "23242",
        "naptan:Landmark": "POST OFFICE",
        "naptan:PlusbusZoneRef": "ROTHCEN",
        "naptan:Street": "Rivelin Valley Road",
        "naptan:verified": "no",
        "public_transport": "platform",
        "source": "naptan_import"
      },
      "geometry": {
        "type": "Point",
        "coordinates": [
          -1.5669508,
          53.3803606
        ]
      },
      "id": "node/502441582"
    },
    {
      "type": "Feature",
      "properties": {
        "@id": "node/502441588",
        "alt_name": "Manchester Road/The New Norfolk",
        "bench": "no",
        "bin": "no",
        "bus": "yes",
        "highway": "bus_stop",
        "lit": "no",
        "name": "Manchester Road/The New Norfolk",
        "naptan:AltCommonName": "Manchester Road/The New Norfolk",
        "naptan:AtcoCode": "370023244",
        "naptan:Bearing": "E",
        "naptan:CommonName": "Manchester Road/The New Norfolk",
        "naptan:Indicator": "23244",
        "naptan:Landmark": "NORFOLK ARMS HOTEL",
        "naptan:PlusbusZoneRef": "ROTHCEN",
        "naptan:Street": "Manchester Road",
        "naptan:verified": "no",
        "public_transport": "platform",
        "shelter": "no",
        "source": "naptan_import",
        "tactile_paving": "no"
      },
      "geometry": {
        "type": "Point",
        "coordinates": [
          -1.5935904,
          53.3803105
        ]
      },
      "id": "node/502441588"
    },
    {
      "type": "Feature",
      "properties": {
        "@id": "node/502441590",
        "alt_name": "Manchester Road/The New Norfolk",
        "bench": "no",
        "bin": "no",
        "bus": "yes",
        "highway": "bus_stop",
        "lit": "no",
        "name": "Manchester Road/The New Norfolk",
        "naptan:AltCommonName": "Manchester Road/The New Norfolk",
        "naptan:AtcoCode": "370023245",
        "naptan:Bearing": "NW",
        "naptan:CommonName": "Manchester Road/The New Norfolk",
        "naptan:Indicator": "23245",
        "naptan:Landmark": "OPPOSITE NORFOLK ARMS HOTEL",
        "naptan:PlusbusZoneRef": "ROTHCEN",
        "naptan:Street": "Manchester Road",
        "naptan:verified": "no",
        "public_transport": "platform",
        "shelter": "no",
        "source": "naptan_import",
        "tactile_paving": "no"
      },
      "geometry": {
        "type": "Point",
        "coordinates": [
          -1.5938203,
          53.3801802
        ]
      },
      "id": "node/502441590"
    },
    {
      "type": "Feature",
      "properties": {
        "@id": "node/502441593",
        "bench": "no",
        "bus": "yes",
        "highway": "bus_stop",
        "name": "Manchester Road/Holme Farm",
        "naptan:AtcoCode": "370023246",
        "naptan:Bearing": "NE",
        "naptan:CommonName": "Manchester Road/Holme Farm",
        "naptan:Indicator": "23246",
        "naptan:Landmark": "HOLLOW MEADOWS/HOLME FARM",
        "naptan:PlusbusZoneRef": "ROTHCEN",
        "naptan:Street": "Manchester Road",
        "naptan:verified": "no",
        "public_transport": "platform",
        "shelter": "no",
        "source": "naptan_import",
        "tactile_paving": "no"
      },
      "geometry": {
        "type": "Point",
        "coordinates": [
          -1.6219963,
          53.3862106
        ]
      },
      "id": "node/502441593"
    },
    {
      "type": "Feature",
      "properties": {
        "@id": "node/502441597",
        "bench": "no",
        "bus": "yes",
        "highway": "bus_stop",
        "name": "Manchester Road/Old School House",
        "naptan:AtcoCode": "370023247",
        "naptan:Bearing": "SE",
        "naptan:CommonName": "Manchester Road/Old School House",
        "naptan:Indicator": "23247",
        "naptan:Landmark": "OLD SCHOOL HOUSE",
        "naptan:PlusbusZoneRef": "ROTHCEN",
        "naptan:Street": "Manchester Road",
        "naptan:verified": "no",
        "public_transport": "platform",
        "shelter": "no",
        "source": "naptan_import",
        "tactile_paving": "no"
      },
      "geometry": {
        "type": "Point",
        "coordinates": [
          -1.6250294,
          53.3863404
        ]
      },
      "id": "node/502441597"
    },
    {
      "type": "Feature",
      "properties": {
        "@id": "node/502441599",
        "bench": "no",
        "bin": "no",
        "bus": "yes",
        "check_date:shelter": "2025-07-26",
        "highway": "bus_stop",
        "lit": "no",
        "name": "Manchester Road/Wyming Brook Drive",
        "naptan:AtcoCode": "370023248",
        "naptan:Bearing": "W",
        "naptan:CommonName": "Manchester Road/Wyming Brook Drive",
        "naptan:Indicator": "23248",
        "naptan:Landmark": "OPPOSITE THE CABIN CAFE",
        "naptan:PlusbusZoneRef": "ROTHCEN",
        "naptan:Street": "Manchester Road",
        "naptan:verified": "no",
        "public_transport": "platform",
        "shelter": "no",
        "source": "naptan_import",
        "tactile_paving": "no"
      },
      "geometry": {
        "type": "Point",
        "coordinates": [
          -1.6041454,
          53.3833842
        ]
      },
      "id": "node/502441599"
    },
    {
      "type": "Feature",
      "properties": {
        "@id": "node/502441610",
        "bench": "no",
        "bin": "no",
        "bus": "yes",
        "departures_board": "timetable",
        "highway": "bus_stop",
        "lit": "no",
        "name": "Hathersage Road/Whitelow Lane",
        "naptan:AtcoCode": "370023252",
        "naptan:Bearing": "SW",
        "naptan:CommonName": "Hathersage Road/Whitelow Lane",
        "naptan:Indicator": "23252",
        "naptan:Landmark": "Road Junction",
        "naptan:PlusbusZoneRef": "ROTHCEN",
        "naptan:Street": "Hathersage Road",
        "naptan:verified": "no",
        "public_transport": "platform",
        "shelter": "no",
        "source": "naptan_import",
        "tactile_paving": "no"
      },
      "geometry": {
        "type": "Point",
        "coordinates": [
          -1.5705666,
          53.3297238
        ]
      },
      "id": "node/502441610"
    },
    {
      "type": "Feature",
      "properties": {
        "@id": "node/502441909",
        "bench": "no",
        "bin": "no",
        "bus": "yes",
        "highway": "bus_stop",
        "lit": "no",
        "name": "Manchester Road/Moscar Lodge",
        "naptan:AtcoCode": "370023405",
        "naptan:Bearing": "NE",
        "naptan:CommonName": "Manchester Road/Moscar Lodge",
        "naptan:Indicator": "23405",
        "naptan:Landmark": "MOSCAR CROSS FARM",
        "naptan:PlusbusZoneRef": "ROTHCEN",
        "naptan:Street": "Manchester Road",
        "naptan:verified": "no",
        "public_transport": "platform",
        "shelter": "no",
        "source": "naptan_import",
        "tactile_paving": "no"
      },
      "geometry": {
        "type": "Point",
        "coordinates": [
          -1.6532635,
          53.3877134
        ]
      },
      "id": "node/502441909"
    },
    {
      "type": "Feature",
      "properties": {
        "@id": "node/502442674",
        "bench": "no",
        "bin": "no",
        "bus": "yes",
        "check_date:shelter": "2025-07-26",
        "highway": "bus_stop",
        "lit": "no",
        "name": "Moscar/Manchester Road",
        "naptan:AtcoCode": "370026693",
        "naptan:Bearing": "E",
        "naptan:CommonName": "Moscar/Manchester Road",
        "naptan:Indicator": "26693",
        "naptan:Landmark": "OPPOSITE HOLLOW MEADOWS CHURCH",
        "naptan:PlusbusZoneRef": "ROTHCEN",
        "naptan:Street": "Manchester Road",
        "naptan:verified": "no",
        "public_transport": "platform",
        "shelter": "no",
        "source": "naptan_import",
        "tactile_paving": "no"
      },
      "geometry": {
        "type": "Point",
        "coordinates": [
          -1.6427741,
          53.3899331
        ]
      },
      "id": "node/502442674"
    },
    {
      "type": "Feature",
      "properties": {
        "@id": "node/502442852",
        "alt_name": "Hathersage Road/Stony Ridge Road",
        "bench": "no",
        "bus": "yes",
        "ele": "373.0000000",
        "highway": "bus_stop",
        "lit": "no",
        "name": "Hathersage Road/Stony Ridge Road",
        "naptan:AltCommonName": "Hathersage Road/Stony Ridge Road",
        "naptan:AtcoCode": "370026813",
        "naptan:Bearing": "NE",
        "naptan:BusStopType": "CUS",
        "naptan:CommonName": "Hathersage Road/Stony Ridge Road",
        "naptan:Indicator": "26813",
        "naptan:Landmark": "PARSON HOUSE FARM",
        "naptan:PlusbusZoneRef": "ROTHCEN",
        "naptan:Street": "Hathersage Road",
        "naptan:verified": "no",
        "note": "Stop to S is marked \"both sides of road\"",
        "public_transport": "platform",
        "shelter": "no",
        "source": "naptan_import",
        "tactile_paving": "no"
      },
      "geometry": {
        "type": "Point",
        "coordinates": [
          -1.5917925,
          53.3215638
        ]
      },
      "id": "node/502442852"
    },
    {
      "type": "Feature",
      "properties": {
        "@id": "node/502442916",
        "bus": "yes",
        "highway": "bus_stop",
        "name": "Game Lane/Beeton Green",
        "naptan:AtcoCode": "370026870",
        "naptan:Bearing": "NE",
        "naptan:BusStopType": "CUS",
        "naptan:CommonName": "Game Lane/Beeton Green",
        "naptan:Indicator": "26870",
        "naptan:Landmark": "26870",
        "naptan:PlusbusZoneRef": "ROTHCEN",
        "naptan:Street": "Game Lane",
        "naptan:verified": "no",
        "public_transport": "platform",
        "source": "naptan_import"
      },
      "geometry": {
        "type": "Point",
        "coordinates": [
          -1.5924597,
          53.3948147
        ]
      },
      "id": "node/502442916"
    },
    {
      "type": "Feature",
      "properties": {
        "@id": "node/502442961",
        "bench": "no",
        "bus": "yes",
        "highway": "bus_stop",
        "name": "Manchester Road/Old School House",
        "naptan:AtcoCode": "370026901",
        "naptan:Bearing": "NW",
        "naptan:BusStopType": "CUS",
        "naptan:CommonName": "Manchester Road/Old School House",
        "naptan:Indicator": "26901",
        "naptan:Landmark": "OLD SCHOOL HOUSE",
        "naptan:PlusbusZoneRef": "ROTHCEN",
        "naptan:Street": "Manchester Road",
        "naptan:verified": "no",
        "public_transport": "platform",
        "shelter": "no",
        "source": "naptan_import",
        "tactile_paving": "no"
      },
      "geometry": {
        "type": "Point",
        "coordinates": [
          -1.6251156,
          53.3862757
        ]
      },
      "id": "node/502442961"
    },
    {
      "type": "Feature",
      "properties": {
        "@id": "node/502442965",
        "bench": "no",
        "bin": "no",
        "bus": "yes",
        "highway": "bus_stop",
        "lit": "no",
        "name": "Manchester Road/Moscar",
        "naptan:AtcoCode": "370026902",
        "naptan:Bearing": "W",
        "naptan:BusStopType": "CUS",
        "naptan:CommonName": "Manchester Road/Moscar",
        "naptan:Indicator": "26902",
        "naptan:Landmark": "OPPOSITE HOLLOW MEADOWS CHURCH",
        "naptan:PlusbusZoneRef": "ROTHCEN",
        "naptan:Street": "Manchester Road",
        "naptan:verified": "no",
        "public_transport": "platform",
        "shelter": "no",
        "source": "naptan_import",
        "tactile_paving": "no"
      },
      "geometry": {
        "type": "Point",
        "coordinates": [
          -1.642835,
          53.3898434
        ]
      },
      "id": "node/502442965"
    },
    {
      "type": "Feature",
      "properties": {
        "@id": "node/502442967",
        "bus": "yes",
        "highway": "bus_stop",
        "name": "New Road/New Wood",
        "naptan:AtcoCode": "370026903",
        "naptan:Bearing": "NW",
        "naptan:BusStopType": "CUS",
        "naptan:CommonName": "New Road/New Wood",
        "naptan:Indicator": "26903",
        "naptan:Landmark": "RIVERDALE",
        "naptan:PlusbusZoneRef": "ROTHCEN",
        "naptan:Street": "New Road",
        "naptan:verified": "no",
        "public_transport": "platform",
        "source": "naptan_import"
      },
      "geometry": {
        "type": "Point",
        "coordinates": [
          -1.5970398,
          53.418282
        ]
      },
      "id": "node/502442967"
    },
    {
      "type": "Feature",
      "properties": {
        "@id": "node/502442997",
        "bus": "yes",
        "highway": "bus_stop",
        "name": "Sheephill Road/Long Line",
        "naptan:AtcoCode": "370026913",
        "naptan:Bearing": "N",
        "naptan:BusStopType": "CUS",
        "naptan:CommonName": "Sheephill Road/Long Line",
        "naptan:Indicator": "26913",
        "naptan:Landmark": "OUTSIDE SHEEPHILL FARM",
        "naptan:PlusbusZoneRef": "ROTHCEN",
        "naptan:Street": "Sheephill Road",
        "naptan:verified": "no",
        "public_transport": "platform",
        "shelter": "no",
        "source": "naptan_import"
      },
      "geometry": {
        "type": "Point",
        "coordinates": [
          -1.5629076,
          53.3435811
        ]
      },
      "id": "node/502442997"
    },
    {
      "type": "Feature",
      "properties": {
        "@id": "node/502443000",
        "bench": "no",
        "bus": "yes",
        "highway": "bus_stop",
        "name": "Manchester Road/Holme Farm",
        "naptan:AtcoCode": "370026915",
        "naptan:Bearing": "SW",
        "naptan:BusStopType": "CUS",
        "naptan:CommonName": "Manchester Road/Holme Farm",
        "naptan:Indicator": "26915",
        "naptan:Landmark": "HOLLOW MEADOWS/HOLME FARM",
        "naptan:PlusbusZoneRef": "ROTHCEN",
        "naptan:Street": "Manchester Road",
        "naptan:verified": "no",
        "public_transport": "platform",
        "shelter": "no",
        "source": "naptan_import",
        "tactile_paving": "no"
      },
      "geometry": {
        "type": "Point",
        "coordinates": [
          -1.6219366,
          53.3861044
        ]
      },
      "id": "node/502443000"
    },
    {
      "type": "Feature",
      "properties": {
        "@id": "node/502443006",
        "bench": "no",
        "bin": "no",
        "bus": "yes",
        "check_date:shelter": "2025-07-26",
        "highway": "bus_stop",
        "lit": "no",
        "name": "Manchester Road/Wyming Brook Drive",
        "naptan:AtcoCode": "370026916",
        "naptan:Bearing": "E",
        "naptan:BusStopType": "CUS",
        "naptan:CommonName": "Manchester Road/Wyming Brook Drive",
        "naptan:Indicator": "26916",
        "naptan:Landmark": "OPPOSITE THE CABIN CAFE",
        "naptan:PlusbusZoneRef": "ROTHCEN",
        "naptan:Street": "Manchester Road",
        "naptan:verified": "no",
        "public_transport": "platform",
        "shelter": "no",
        "source": "naptan_import",
        "tactile_paving": "no"
      },
      "geometry": {
        "type": "Point",
        "coordinates": [
          -1.6041521,
          53.3834493
        ]
      },
      "id": "node/502443006"
    },
    {
      "type": "Feature",
      "properties": {
        "@id": "node/502443040",
        "bench": "no",
        "bin": "no",
        "bus": "yes",
        "highway": "bus_stop",
        "lit": "no",
        "name": "Hathersage Road/Whitelow Lane",
        "naptan:AtcoCode": "370026930",
        "naptan:Bearing": "NE",
        "naptan:BusStopType": "CUS",
        "naptan:CommonName": "Hathersage Road/Whitelow Lane",
        "naptan:Indicator": "26930",
        "naptan:Landmark": "ROAD JUNCTION",
        "naptan:PlusbusZoneRef": "ROTHCEN",
        "naptan:Street": "Hathersage Road",
        "naptan:verified": "no",
        "public_transport": "platform",
        "shelter": "no",
        "source": "naptan_import",
        "tactile_paving": "no"
      },
      "geometry": {
        "type": "Point",
        "coordinates": [
          -1.5706751,
          53.3298441
        ]
      },
      "id": "node/502443040"
    },
    {
      "type": "Feature",
      "properties": {
        "@id": "node/502443362",
        "bus": "yes",
        "departures_board": "timetable",
        "highway": "bus_stop",
        "name": "Hathersage Road/Burbage Bridge",
        "naptan:AtcoCode": "370026967",
        "naptan:Bearing": "SE",
        "naptan:BusStopType": "CUS",
        "naptan:CommonName": "Hathersage Road/Burbage Bridge",
        "naptan:Indicator": "26967",
        "naptan:Landmark": "NATIONAL TRUST FOOTPATH",
        "naptan:Street": "Hathersage Road",
        "naptan:verified": "no",
        "public_transport": "platform",
        "shelter": "no",
        "source": "naptan_import",
        "tactile_paving": "no"
      },
      "geometry": {
        "type": "Point",
        "coordinates": [
          -1.6068582,
          53.3213207
        ]
      },
      "id": "node/502443362"
    },
    {
      "type": "Feature",
      "properties": {
        "@id": "node/502443372",
        "alt_name": "Woodfall Lane/Loxley Road",
        "bus": "yes",
        "highway": "bus_stop",
        "name": "Woodfall Lane/Loxley Road",
        "naptan:AltCommonName": "Woodfall Lane/Loxley Road",
        "naptan:AtcoCode": "370026991",
        "naptan:Bearing": "NE",
        "naptan:BusStopType": "CUS",
        "naptan:CommonName": "Woodfall Lane/Loxley Road",
        "naptan:Indicator": "26991",
        "naptan:Landmark": "26991",
        "naptan:PlusbusZoneRef": "ROTHCEN",
        "naptan:Street": "Woodfall Lane",
        "naptan:verified": "no",
        "public_transport": "platform",
        "shelter": "no",
        "source": "naptan_import"
      },
      "geometry": {
        "type": "Point",
        "coordinates": [
          -1.5978383,
          53.42828
        ]
      },
      "id": "node/502443372"
    },
    {
      "type": "Feature",
      "properties": {
        "@id": "node/502443415",
        "alt_name": "Loxley Road/Brown House Lane",
        "bus": "yes",
        "highway": "bus_stop",
        "name": "Loxley Road/Brown House Lane",
        "naptan:AltCommonName": "Loxley Road/Brown House Lane",
        "naptan:AtcoCode": "370027003",
        "naptan:Bearing": "SE",
        "naptan:BusStopType": "CUS",
        "naptan:CommonName": "Loxley Road/Brown House Lane",
        "naptan:Indicator": "27003",
        "naptan:Landmark": "27003",
        "naptan:PlusbusZoneRef": "ROTHCEN",
        "naptan:Street": "Loxley Road",
        "naptan:verified": "no",
        "public_transport": "platform",
        "source": "naptan_import"
      },
      "geometry": {
        "type": "Point",
        "coordinates": [
          -1.5977071,
          53.4284781
        ]
      },
      "id": "node/502443415"
    },
    {
      "type": "Feature",
      "properties": {
        "@id": "node/502443520",
        "bench": "no",
        "bus": "yes",
        "departures_board": "timetable",
        "highway": "bus_stop",
        "name": "Hathersage Road/Blacka Moor",
        "naptan:AtcoCode": "370027042",
        "naptan:Bearing": "N",
        "naptan:CommonName": "Hathersage Road/Blacka Moor",
        "naptan:Indicator": "27042",
        "naptan:Landmark": "Blacka Moor",
        "naptan:PlusbusZoneRef": "ROTHCEN",
        "naptan:Street": "Hathersage Road",
        "naptan:verified": "no",
        "public_transport": "platform",
        "shelter": "no",
        "source": "naptan_import",
        "tactile_paving": "yes"
      },
      "geometry": {
        "type": "Point",
        "coordinates": [
          -1.5766577,
          53.3234066
        ]
      },
      "id": "node/502443520"
    },
    {
      "type": "Feature",
      "properties": {
        "@id": "node/502443595",
        "bench": "no",
        "bin": "no",
        "bus": "yes",
        "highway": "bus_stop",
        "lit": "no",
        "name": "Loxley Road/New Road",
        "naptan:AtcoCode": "370027074",
        "naptan:Bearing": "N",
        "naptan:CommonName": "Loxley Road/New Road",
        "naptan:Indicator": "27074",
        "naptan:Landmark": "Holdworth House Farm",
        "naptan:PlusbusZoneRef": "ROTHCEN",
        "naptan:Street": "Loxley Road",
        "naptan:verified": "no",
        "public_transport": "platform",
        "shelter": "no",
        "source": "naptan_import",
        "tactile_paving": "no"
      },
      "geometry": {
        "type": "Point",
        "coordinates": [
          -1.5766238,
          53.4138265
        ]
      },
      "id": "node/502443595"
    },
    {
      "type": "Feature",
      "properties": {
        "@id": "node/502443607",
        "bench": "no",
        "bin": "no",
        "bus": "yes",
        "highway": "bus_stop",
        "lit": "no",
        "name": "Loxley Road/Damflask",
        "naptan:AtcoCode": "370027077",
        "naptan:Bearing": "SE",
        "naptan:BusStopType": "CUS",
        "naptan:CommonName": "Loxley Road/Damflask",
        "naptan:Indicator": "27077",
        "naptan:Landmark": "27077",
        "naptan:PlusbusZoneRef": "ROTHCEN",
        "naptan:Street": "Loxley Road",
        "naptan:verified": "no",
        "public_transport": "platform",
        "shelter": "no",
        "source": "naptan_import",
        "tactile_paving": "no"
      },
      "geometry": {
        "type": "Point",
        "coordinates": [
          -1.577001,
          53.4139561
        ]
      },
      "id": "node/502443607"
    },
    {
      "type": "Feature",
      "properties": {
        "@id": "node/502443695",
        "bench": "no",
        "bin": "no",
        "bus": "yes",
        "direction": "160",
        "highway": "bus_stop",
        "lit": "no",
        "name": "Owler Bar Road/Hathersage Road",
        "naptan:AtcoCode": "370027116",
        "naptan:Bearing": "NW",
        "naptan:BusStopType": "CUS",
        "naptan:CommonName": "Owler Bar Road/Hathersage Road",
        "naptan:Indicator": "27116",
        "naptan:Landmark": "27116",
        "naptan:Street": "Owler Bar Road",
        "naptan:verified": "no",
        "public_transport": "platform",
        "shelter": "no",
        "source": "naptan_import",
        "tactile_paving": "no"
      },
      "geometry": {
        "type": "Point",
        "coordinates": [
          -1.6015362,
          53.3182146
        ]
      },
      "id": "node/502443695"
    },
    {
      "type": "Feature",
      "properties": {
        "@id": "node/502443697",
        "bench": "no",
        "bin": "no",
        "bus": "yes",
        "direction": "340",
        "highway": "bus_stop",
        "lit": "no",
        "name": "Owler Bar Road/Hathersage Road",
        "naptan:AtcoCode": "370027117",
        "naptan:Bearing": "SE",
        "naptan:BusStopType": "CUS",
        "naptan:CommonName": "Owler Bar Road/Hathersage Road",
        "naptan:Indicator": "27117",
        "naptan:Landmark": "27117",
        "naptan:Street": "Owler Bar Road",
        "naptan:verified": "no",
        "public_transport": "platform",
        "shelter": "no",
        "source": "naptan_import",
        "tactile_paving": "no"
      },
      "geometry": {
        "type": "Point",
        "coordinates": [
          -1.6013559,
          53.318232
        ]
      },
      "id": "node/502443697"
    },
    {
      "type": "Feature",
      "properties": {
        "@id": "node/502444371",
        "bench": "yes",
        "bin": "yes",
        "bus": "yes",
        "departures_board": "timetable",
        "highway": "bus_stop",
        "name": "Hathersage Road/The Fox House Inn",
        "naptan:AtcoCode": "370023412",
        "naptan:Bearing": "NE",
        "naptan:CommonName": "Hathersage Road/The Fox House Inn",
        "naptan:Indicator": "23412",
        "naptan:Landmark": "Fox House Inn",
        "naptan:PlusbusZoneRef": "ROTHCEN",
        "naptan:Street": "Hathersage Road",
        "naptan:verified": "yes",
        "public_transport": "platform",
        "shelter": "yes",
        "source": "naptan_import",
        "tactile_paving": "no"
      },
      "geometry": {
        "type": "Point",
        "coordinates": [
          -1.6008705,
          53.3187698
        ]
      },
      "id": "node/502444371"
    },
    {
      "type": "Feature",
      "properties": {
        "@id": "node/502444372",
        "bench": "no",
        "bin": "no",
        "bus": "yes",
        "departures_board": "timetable",
        "highway": "bus_stop",
        "lit": "no",
        "name": "Hathersage Road/The Fox House Inn",
        "naptan:AtcoCode": "370023413",
        "naptan:Bearing": "SW",
        "naptan:CommonName": "Hathersage Road/The Fox House Inn",
        "naptan:Indicator": "23413",
        "naptan:Landmark": "23413",
        "naptan:PlusbusZoneRef": "ROTHCEN",
        "naptan:Street": "Hathersage Road",
        "naptan:verified": "yes",
        "public_transport": "platform",
        "shelter": "no",
        "source": "naptan_import",
        "tactile_paving": "no"
      },
      "geometry": {
        "type": "Point",
        "coordinates": [
          -1.6008734,
          53.3185968
        ]
      },
      "id": "node/502444372"
    },
    {
      "type": "Feature",
      "properties": {
        "@id": "node/502444373",
        "bench": "no",
        "bus": "yes",
        "check_date:shelter": "2025-07-26",
        "highway": "bus_stop",
        "name": "Manchester Road/Rosary Cottage",
        "naptan:AtcoCode": "370023414",
        "naptan:Bearing": "N",
        "naptan:CommonName": "Manchester Road/Rosary Cottage",
        "naptan:Indicator": "23414",
        "naptan:Landmark": "ROSARY COTTAGE/PHONE BOX",
        "naptan:PlusbusZoneRef": "ROTHCEN",
        "naptan:Street": "Manchester Road",
        "naptan:verified": "no",
        "public_transport": "platform",
        "shelter": "no",
        "source": "naptan_import",
        "tactile_paving": "no"
      },
      "geometry": {
        "type": "Point",
        "coordinates": [
          -1.6344415,
          53.3884427
        ]
      },
      "id": "node/502444373"
    },
    {
      "type": "Feature",
      "properties": {
        "@id": "node/502444619",
        "bus": "yes",
        "check_date:shelter": "2026-03-08",
        "highway": "bus_stop",
        "name": "Hathersage Road/Burbage Bridge",
        "naptan:AtcoCode": "370023550",
        "naptan:Bearing": "NW",
        "naptan:CommonName": "Hathersage Road/Burbage Bridge",
        "naptan:Indicator": "23550",
        "naptan:Landmark": "National Trust Footpath",
        "naptan:Street": "Hathersage Road",
        "naptan:verified": "no",
        "public_transport": "platform",
        "shelter": "no",
        "source": "naptan_import",
        "tactile_paving": "no"
      },
      "geometry": {
        "type": "Point",
        "coordinates": [
          -1.6069889,
          53.3212753
        ]
      },
      "id": "node/502444619"
    },
    {
      "type": "Feature",
      "properties": {
        "@id": "node/502446638",
        "bench": "no",
        "bin": "no",
        "bus": "yes",
        "highway": "bus_stop",
        "name": "Manchester Road/Surrey Farm",
        "naptan:AtcoCode": "370027258",
        "naptan:Bearing": "N",
        "naptan:CommonName": "Manchester Road/Surrey Farm",
        "naptan:Indicator": "27258",
        "naptan:Landmark": "Surrey Farm",
        "naptan:PlusbusZoneRef": "ROTHCEN",
        "naptan:Street": "Manchester Road",
        "naptan:verified": "no",
        "public_transport": "platform",
        "shelter": "no",
        "source": "naptan_import",
        "tactile_paving": "no"
      },
      "geometry": {
        "type": "Point",
        "coordinates": [
          -1.6123747,
          53.3860989
        ]
      },
      "id": "node/502446638"
    },
    {
      "type": "Feature",
      "properties": {
        "@id": "node/502474780",
        "alt_name": "Whams Road/Old Manchester Road",
        "bench": "no",
        "bus": "yes",
        "highway": "bus_stop",
        "name": "Whams Road/Old Manchester Road",
        "naptan:AltCommonName": "Whams Road/Old Manchester Road",
        "naptan:AtcoCode": "370050977",
        "naptan:Bearing": "N",
        "naptan:CommonName": "Whams Road/Old Manchester Road",
        "naptan:Indicator": "50977",
        "naptan:Landmark": "FLOUCH INN",
        "naptan:PlusbusZoneRef": "ROTHCEN",
        "naptan:Street": "Whams Road",
        "naptan:verified": "no",
        "public_transport": "platform",
        "shelter": "no",
        "source": "naptan_import"
      },
      "geometry": {
        "type": "Point",
        "coordinates": [
          -1.7040673,
          53.510739
        ]
      },
      "id": "node/502474780"
    },
    {
      "type": "Feature",
      "properties": {
        "@id": "node/502480163",
        "alt_name": "Car Park/Dunford Road",
        "bench": "yes",
        "bin": "yes",
        "bus": "yes",
        "highway": "bus_stop",
        "lit": "yes",
        "name": "Car Park/Dunford Road",
        "naptan:AltCommonName": "Car Park/Dunford Road",
        "naptan:AtcoCode": "370051208",
        "naptan:Bearing": "W",
        "naptan:CommonName": "Car Park/Dunford Road",
        "naptan:Indicator": "51208",
        "naptan:Landmark": "51208",
        "naptan:Street": "Dunford Bridge Car Park",
        "naptan:verified": "no",
        "public_transport": "platform",
        "shelter": "yes",
        "source": "naptan_import",
        "tactile_paving": "yes"
      },
      "geometry": {
        "type": "Point",
        "coordinates": [
          -1.763296,
          53.5179011
        ]
      },
      "id": "node/502480163"
    },
    {
      "type": "Feature",
      "properties": {
        "@id": "node/502556377",
        "bench": "no",
        "bin": "no",
        "bus": "yes",
        "ele": "337.0654297",
        "highway": "bus_stop",
        "lit": "no",
        "name": "Blackwell Turn",
        "naptan:AtcoCode": "1000DAE01352",
        "naptan:Bearing": "E",
        "naptan:CommonName": "Blackwell Turn",
        "naptan:Indicator": "adj",
        "naptan:NaptanCode": "dbsadtjm",
        "naptan:PlusbusZoneRef": "BUXTON",
        "naptan:Street": "A6",
        "naptan:verified": "no",
        "note": "Transpeak stop",
        "public_transport": "platform",
        "shelter": "no",
        "tactile_paving": "no"
      },
      "geometry": {
        "type": "Point",
        "coordinates": [
          -1.8185571,
          53.2424608
        ]
      },
      "id": "node/502556377"
    },
    {
      "type": "Feature",
      "properties": {
        "@id": "node/502556381",
        "bench": "no",
        "bin": "no",
        "bus": "yes",
        "highway": "bus_stop",
        "lit": "no",
        "name": "Blackwell Turn",
        "naptan:AtcoCode": "100000008357",
        "naptan:Bearing": "W",
        "naptan:CommonName": "Blackwell Turn",
        "naptan:Indicator": "opp",
        "naptan:NaptanCode": "dbsdpgpd",
        "naptan:PlusbusZoneRef": "BUXTON",
        "naptan:Street": "A6",
        "naptan:verified": "no",
        "note": "Transpeak stop",
        "public_transport": "platform",
        "shelter": "no",
        "tactile_paving": "no"
      },
      "geometry": {
        "type": "Point",
        "coordinates": [
          -1.8186515,
          53.2423119
        ]
      },
      "id": "node/502556381"
    },
    {
      "type": "Feature",
      "properties": {
        "@id": "node/503725108",
        "bus": "yes",
        "ele": "301.4969482",
        "highway": "bus_stop",
        "name": "Cock and Pullet",
        "naptan:AtcoCode": "1000DSJLC783",
        "naptan:Bearing": "W",
        "naptan:CommonName": "Cock and Pullet",
        "naptan:Indicator": "Adj",
        "naptan:NaptanCode": "dbsdampd",
        "naptan:PlusbusZoneRef": "BUXTON",
        "naptan:Street": "Main Street",
        "naptan:verified": "no",
        "public_transport": "platform"
      },
      "geometry": {
        "type": "Point",
        "coordinates": [
          -1.7400834,
          53.2159067
        ]
      },
      "id": "node/503725108"
    },
    {
      "type": "Feature",
      "properties": {
        "@id": "node/503725390",
        "bus": "yes",
        "ele": "320.9635010",
        "highway": "bus_stop",
        "name": "Rose Farm",
        "naptan:AtcoCode": "100000008455",
        "naptan:Bearing": "E",
        "naptan:CommonName": "Rose Farm",
        "naptan:Indicator": "Adj",
        "naptan:NaptanCode": "dbsgmjpw",
        "naptan:PlusbusZoneRef": "BUXTON",
        "naptan:Street": "Johnsons Lane",
        "naptan:verified": "no",
        "public_transport": "platform",
        "shelter": "yes"
      },
      "geometry": {
        "type": "Point",
        "coordinates": [
          -1.7441663,
          53.2161945
        ]
      },
      "id": "node/503725390"
    },
    {
      "type": "Feature",
      "properties": {
        "@id": "node/509340265",
        "bench": "no",
        "bus": "yes",
        "ele": "196.9543457",
        "highway": "bus_stop",
        "name": "Miller’s Dale (Wormhill Road)",
        "naptan:AtcoCode": "1000DMDD3047",
        "naptan:NaptanCode": "dbsdtatg",
        "public_transport": "platform",
        "shelter": "no"
      },
      "geometry": {
        "type": "Point",
        "coordinates": [
          -1.7951626,
          53.2552831
        ]
      },
      "id": "node/509340265"
    },
    {
      "type": "Feature",
      "properties": {
        "@id": "node/509390518",
        "bus": "yes",
        "ele": "317.5988770",
        "highway": "bus_stop",
        "name": "Millers Dale Lane",
        "naptan:AtcoCode": "1000DWWR3859",
        "naptan:Bearing": "N",
        "naptan:CommonName": "Millers Dale Lane",
        "naptan:Indicator": "N-bound",
        "naptan:NaptanCode": "dbsdmwdt",
        "naptan:PlusbusZoneRef": "BUXTON",
        "naptan:Street": "Millers Dale Lane",
        "naptan:verified": "no",
        "public_transport": "platform"
      },
      "geometry": {
        "type": "Point",
        "coordinates": [
          -1.817676,
          53.2666706
        ]
      },
      "id": "node/509390518"
    },
    {
      "type": "Feature",
      "properties": {
        "@id": "node/528305301",
        "bus": "yes",
        "highway": "bus_stop",
        "name": "Great Hucklow (Grindlow Lane End)",
        "naptan:AtcoCode": "1000DGGL3071",
        "naptan:Bearing": "NW",
        "naptan:CommonName": "Grindlow Lane End",
        "naptan:Indicator": "Opp",
        "naptan:NaptanCode": "dbsgdadg",
        "naptan:PlusbusZoneRef": "BUXTON",
        "naptan:Street": "Foolow Road",
        "naptan:verified": "no",
        "public_transport": "platform"
      },
      "geometry": {
        "type": "Point",
        "coordinates": [
          -1.7291205,
          53.2911284
        ]
      },
      "id": "node/528305301"
    },
    {
      "type": "Feature",
      "properties": {
        "@id": "node/528305437",
        "bus": "yes",
        "ele": "281.0689697",
        "highway": "bus_stop",
        "name": "Great Hucklow (Grindlow Lane End)",
        "naptan:AtcoCode": "1000DGGL3237",
        "naptan:Bearing": "SE",
        "naptan:BusStopType": "CUS",
        "naptan:CommonName": "Grindlow Lane End",
        "naptan:Indicator": "Adj",
        "naptan:NaptanCode": "dbsgdadj",
        "naptan:PlusbusZoneRef": "BUXTON",
        "naptan:Street": "Foolow Road",
        "naptan:verified": "no",
        "public_transport": "platform"
      },
      "geometry": {
        "type": "Point",
        "coordinates": [
          -1.729098,
          53.2912001
        ]
      },
      "id": "node/528305437"
    },
    {
      "type": "Feature",
      "properties": {
        "@id": "node/528339099",
        "bus": "yes",
        "departures_board": "timetable",
        "ele": "303.4195557",
        "highway": "bus_stop",
        "name": "Great Hucklow (Old Chapel)",
        "naptan:AtcoCode": "1000DGHOC769",
        "naptan:Bearing": "W",
        "naptan:CommonName": "Old Chapel",
        "naptan:Indicator": "Adj",
        "naptan:NaptanCode": "dbsgtgwg",
        "naptan:PlusbusZoneRef": "BUXTON",
        "naptan:Street": "Main Street",
        "naptan:verified": "no",
        "public_transport": "platform",
        "shelter": "no"
      },
      "geometry": {
        "type": "Point",
        "coordinates": [
          -1.7342482,
          53.2972094
        ]
      },
      "id": "node/528339099"
    },
    {
      "type": "Feature",
      "properties": {
        "@id": "node/528339108",
        "bench": "no",
        "bus": "yes",
        "highway": "bus_stop",
        "name": "Little Hucklow (Village)",
        "naptan:AtcoCode": "1000DLHB5927",
        "naptan:Bearing": "S",
        "naptan:BusStopType": "CUS",
        "naptan:CommonName": "Village",
        "naptan:Indicator": "opp",
        "naptan:NaptanCode": "dbsdtwmp",
        "naptan:PlusbusZoneRef": "BUXTON",
        "naptan:Street": "B6049",
        "naptan:verified": "no",
        "public_transport": "platform",
        "shelter": "no"
      },
      "geometry": {
        "type": "Point",
        "coordinates": [
          -1.7490629,
          53.3044617
        ]
      },
      "id": "node/528339108"
    },
    {
      "type": "Feature",
      "properties": {
        "@id": "node/528339128",
        "bench": "no",
        "bus": "yes",
        "ele": "250.7877197",
        "highway": "bus_stop",
        "name": "Little Hucklow (Village)",
        "naptan:AtcoCode": "1000DLHB5926",
        "naptan:NaptanCode": "dbsdtwmj",
        "public_transport": "platform",
        "shelter": "no"
      },
      "geometry": {
        "type": "Point",
        "coordinates": [
          -1.7491676,
          53.3044492
        ]
      },
      "id": "node/528339128"
    },
    {
      "type": "Feature",
      "properties": {
        "@id": "node/528351234",
        "bus": "yes",
        "ele": "295.9693604",
        "highway": "bus_stop",
        "name": "Windmill Great Hucklow Road",
        "naptan:AtcoCode": "1000DGHW3077",
        "naptan:NaptanCode": "dbsgajwp",
        "public_transport": "platform"
      },
      "geometry": {
        "type": "Point",
        "coordinates": [
          -1.7449851,
          53.2973247
        ]
      },
      "id": "node/528351234"
    },
    {
      "type": "Feature",
      "properties": {
        "@id": "node/528351236",
        "bus": "yes",
        "highway": "bus_stop",
        "name": "Windmill Great Hucklow Road",
        "naptan:AtcoCode": "1000DWCN3860",
        "naptan:NaptanCode": "dbsdgdap",
        "public_transport": "platform"
      },
      "geometry": {
        "type": "Point",
        "coordinates": [
          -1.7450828,
          53.2972854
        ]
      },
      "id": "node/528351236"
    },
    {
      "type": "Feature",
      "properties": {
        "@id": "node/528368554",
        "bench": "no",
        "bin": "no",
        "bus": "yes",
        "ele": "258.2379150",
        "highway": "bus_stop",
        "lit": "no",
        "name": "Littonfields",
        "naptan:AtcoCode": "1000DLML3363",
        "naptan:NaptanCode": "dbsatgjt",
        "public_transport": "platform",
        "shelter": "no",
        "tactile_paving": "no"
      },
      "geometry": {
        "type": "Point",
        "coordinates": [
          -1.7382077,
          53.278106
        ]
      },
      "id": "node/528368554"
    },
    {
      "type": "Feature",
      "properties": {
        "@id": "node/528368559",
        "bench": "no",
        "bin": "no",
        "bus": "yes",
        "ele": "257.0362549",
        "highway": "bus_stop",
        "lit": "no",
        "name": "Littonfields",
        "naptan:AtcoCode": "1000DLML3344",
        "naptan:Bearing": "SW",
        "naptan:CommonName": "Littonfields",
        "naptan:Indicator": "Opp",
        "naptan:NaptanCode": "dbsatgjp",
        "naptan:PlusbusZoneRef": "BUXTON",
        "naptan:Street": "Mires Lane",
        "naptan:verified": "no",
        "public_transport": "platform",
        "shelter": "no",
        "tactile_paving": "no"
      },
      "geometry": {
        "type": "Point",
        "coordinates": [
          -1.7377443,
          53.278224
        ]
      },
      "id": "node/528368559"
    },
    {
      "type": "Feature",
      "properties": {
        "@id": "node/528379554",
        "bus": "yes",
        "ele": "295.0080566",
        "highway": "bus_stop",
        "name": "Litton (School)",
        "naptan:AtcoCode": "1000DLMPS124",
        "naptan:NaptanCode": "dbsdtjmp",
        "public_transport": "platform"
      },
      "geometry": {
        "type": "Point",
        "coordinates": [
          -1.755836,
          53.2732319
        ]
      },
      "id": "node/528379554"
    },
    {
      "type": "Feature",
      "properties": {
        "@id": "node/533881966",
        "bus": "yes",
        "highway": "bus_stop",
        "name": "Memorial Hall",
        "naptan:AtcoCode": "3800C800000",
        "naptan:Bearing": "NE",
        "naptan:CommonName": "Memorial Hall",
        "naptan:Indicator": "Adj",
        "naptan:Landmark": "Memorial Hall",
        "naptan:Street": "Main Rd",
        "naptan:verified": "no",
        "public_transport": "platform",
        "source": "naptan_import"
      },
      "geometry": {
        "type": "Point",
        "coordinates": [
          -1.8073924,
          53.0969719
        ]
      },
      "id": "node/533881966"
    },
    {
      "type": "Feature",
      "properties": {
        "@id": "node/533881967",
        "bus": "yes",
        "highway": "bus_stop",
        "name": "Community Centre",
        "naptan:AtcoCode": "3800C800001",
        "naptan:Bearing": "SW",
        "naptan:CommonName": "Community Centre",
        "naptan:Indicator": "Adj",
        "naptan:Landmark": "Community Centre",
        "naptan:Street": "Main Rd",
        "naptan:verified": "no",
        "public_transport": "platform",
        "source": "naptan_import"
      },
      "geometry": {
        "type": "Point",
        "coordinates": [
          -1.8074227,
          53.0968731
        ]
      },
      "id": "node/533881967"
    },
    {
      "type": "Feature",
      "properties": {
        "@id": "node/533881968",
        "bus": "yes",
        "highway": "bus_stop",
        "name": "Post Office",
        "naptan:AtcoCode": "3800C800100",
        "naptan:Bearing": "E",
        "naptan:CommonName": "Post Office",
        "naptan:Indicator": "Adj",
        "naptan:Landmark": "Post Office",
        "naptan:Street": "Main Rd",
        "naptan:verified": "no",
        "public_transport": "platform",
        "source": "naptan_import"
      },
      "geometry": {
        "type": "Point",
        "coordinates": [
          -1.8057415,
          53.0970207
        ]
      },
      "id": "node/533881968"
    },
    {
      "type": "Feature",
      "properties": {
        "@id": "node/533881969",
        "bus": "yes",
        "highway": "bus_stop",
        "name": "Car Park",
        "naptan:AtcoCode": "3800C800200",
        "naptan:Bearing": "SE",
        "naptan:CommonName": "Car Park",
        "naptan:Indicator": "Adj",
        "naptan:Landmark": "Car Park",
        "naptan:Street": "Mill Dale",
        "naptan:verified": "no",
        "public_transport": "platform",
        "source": "naptan_import"
      },
      "geometry": {
        "type": "Point",
        "coordinates": [
          -1.806523,
          53.097893
        ]
      },
      "id": "node/533881969"
    },
    {
      "type": "Feature",
      "properties": {
        "@id": "node/533882013",
        "bus": "yes",
        "highway": "bus_stop",
        "name": "Blore Crossroads",
        "naptan:AtcoCode": "3800C802600",
        "naptan:Bearing": "SE",
        "naptan:CommonName": "Blore Crossroads",
        "naptan:Indicator": "Adj",
        "naptan:Landmark": "Crossroads",
        "naptan:Street": "Yerley Hill",
        "naptan:verified": "no",
        "public_transport": "platform",
        "source": "naptan_import"
      },
      "geometry": {
        "type": "Point",
        "coordinates": [
          -1.7954659,
          53.0421351
        ]
      },
      "id": "node/533882013"
    },
    {
      "type": "Feature",
      "properties": {
        "@id": "node/533882015",
        "bus": "yes",
        "highway": "bus_stop",
        "name": "Blore Crossroads",
        "naptan:AtcoCode": "3800C802601",
        "naptan:Bearing": "W",
        "naptan:CommonName": "Blore Crossroads",
        "naptan:Indicator": "Adj",
        "naptan:Landmark": "Crossroads",
        "naptan:Street": "Blore Hall",
        "naptan:verified": "no",
        "public_transport": "platform",
        "source": "naptan_import"
      },
      "geometry": {
        "type": "Point",
        "coordinates": [
          -1.7954814,
          53.0420273
        ]
      },
      "id": "node/533882015"
    },
    {
      "type": "Feature",
      "properties": {
        "@id": "node/533882098",
        "bus": "yes",
        "highway": "bus_stop",
        "name": "Flash C of E Primary School",
        "naptan:AtcoCode": "3800C806700",
        "naptan:Bearing": "SW",
        "naptan:CommonName": "Primary School",
        "naptan:Indicator": "Adj",
        "naptan:Landmark": "Flash Primary Sch",
        "naptan:Street": "Brown Lane",
        "naptan:verified": "no",
        "public_transport": "platform",
        "source": "naptan_import"
      },
      "geometry": {
        "type": "Point",
        "coordinates": [
          -1.9620678,
          53.202165
        ]
      },
      "id": "node/533882098"
    },
    {
      "type": "Feature",
      "properties": {
        "@id": "node/533882134",
        "bus": "yes",
        "highway": "bus_stop",
        "name": "Manifold Valley Hotel",
        "naptan:AtcoCode": "3800C808301",
        "naptan:Bearing": "NE",
        "naptan:CommonName": "Manifold Valley Hotel",
        "naptan:Indicator": "Opp",
        "naptan:Landmark": "Manifold Valley Hotel",
        "naptan:Street": "Mill Lane",
        "naptan:verified": "no",
        "public_transport": "platform",
        "source": "naptan_import"
      },
      "geometry": {
        "type": "Point",
        "coordinates": [
          -1.8420053,
          53.1308854
        ]
      },
      "id": "node/533882134"
    },
    {
      "type": "Feature",
      "properties": {
        "@id": "node/533882137",
        "bus": "yes",
        "highway": "bus_stop",
        "name": "Cross",
        "naptan:AtcoCode": "3800C808400",
        "naptan:Bearing": "NW",
        "naptan:CommonName": "Cross",
        "naptan:Indicator": "Adj",
        "naptan:Landmark": "Cross",
        "naptan:Street": "Orchard View",
        "naptan:verified": "no",
        "public_transport": "platform",
        "source": "naptan_import"
      },
      "geometry": {
        "type": "Point",
        "coordinates": [
          -1.8003295,
          53.0547914
        ]
      },
      "id": "node/533882137"
    },
    {
      "type": "Feature",
      "properties": {
        "@id": "node/533882139",
        "bus": "yes",
        "highway": "bus_stop",
        "name": "Cross",
        "naptan:AtcoCode": "3800C808401",
        "naptan:Bearing": "SE",
        "naptan:CommonName": "Cross",
        "naptan:Indicator": "Opp",
        "naptan:Landmark": "Cross",
        "naptan:Street": "Orchard View",
        "naptan:verified": "no",
        "public_transport": "platform",
        "source": "naptan_import"
      },
      "geometry": {
        "type": "Point",
        "coordinates": [
          -1.8002246,
          53.0548991
        ]
      },
      "id": "node/533882139"
    },
    {
      "type": "Feature",
      "properties": {
        "@id": "node/533882198",
        "bus": "yes",
        "highway": "bus_stop",
        "name": "Travellers Rest PH",
        "naptan:AtcoCode": "3800C811300",
        "naptan:Bearing": "S",
        "naptan:CommonName": "Travellers Rest PH",
        "naptan:Indicator": "Adj",
        "naptan:Landmark": "Travellers Rest PH",
        "naptan:Street": "Buxton Road",
        "naptan:verified": "no",
        "public_transport": "platform",
        "source": "naptan_import"
      },
      "geometry": {
        "type": "Point",
        "coordinates": [
          -1.9537638,
          53.2080384
        ]
      },
      "id": "node/533882198"
    },
    {
      "type": "Feature",
      "properties": {
        "@id": "node/533882199",
        "bus": "yes",
        "highway": "bus_stop",
        "name": "Travellers Rest PH",
        "naptan:AtcoCode": "3800C811301",
        "naptan:Bearing": "N",
        "naptan:CommonName": "Travellers Rest PH",
        "naptan:Indicator": "Opp",
        "naptan:Landmark": "Travellers Rest PH",
        "naptan:Street": "Buxton Road",
        "naptan:verified": "no",
        "public_transport": "platform",
        "source": "naptan_import"
      },
      "geometry": {
        "type": "Point",
        "coordinates": [
          -1.9544283,
          53.2083543
        ]
      },
      "id": "node/533882199"
    },
    {
      "type": "Feature",
      "properties": {
        "@id": "node/533882214",
        "bus": "yes",
        "highway": "bus_stop",
        "name": "Visitor Centre",
        "naptan:AtcoCode": "3800C812000",
        "naptan:Bearing": "W",
        "naptan:CommonName": "Visitor Centre",
        "naptan:Indicator": "Adj",
        "naptan:Landmark": "Visitor Centre",
        "naptan:Street": "B5450",
        "naptan:verified": "no",
        "public_transport": "platform",
        "source": "naptan_import"
      },
      "geometry": {
        "type": "Point",
        "coordinates": [
          -1.8483116,
          53.1311543
        ]
      },
      "id": "node/533882214"
    },
    {
      "type": "Feature",
      "properties": {
        "@id": "node/533882233",
        "bench": "no",
        "bus": "yes",
        "highway": "bus_stop",
        "name": "Post Office",
        "naptan:AtcoCode": "3800C813000",
        "naptan:Bearing": "N",
        "naptan:CommonName": "Post Office",
        "naptan:Indicator": "Adj",
        "naptan:Landmark": "Post Office",
        "naptan:Street": "Leek Rd",
        "naptan:verified": "yes",
        "pole": "no",
        "public_transport": "platform",
        "shelter": "yes",
        "source": "naptan_import"
      },
      "geometry": {
        "type": "Point",
        "coordinates": [
          -1.8732144,
          53.1252056
        ]
      },
      "id": "node/533882233"
    },
    {
      "type": "Feature",
      "properties": {
        "@id": "node/533882234",
        "bus": "yes",
        "highway": "bus_stop",
        "name": "Post Office",
        "naptan:AtcoCode": "3800C813001",
        "naptan:Bearing": "S",
        "naptan:BusStopType": "CUS",
        "naptan:CommonName": "Post Office",
        "naptan:Indicator": "Opp",
        "naptan:Landmark": "Post Office",
        "naptan:Street": "Leek Rd",
        "naptan:verified": "no",
        "operator": "High Peak Buses",
        "physically_present": "no",
        "public_transport": "platform",
        "source": "naptan_import"
      },
      "geometry": {
        "type": "Point",
        "coordinates": [
          -1.8730049,
          53.1253043
        ]
      },
      "id": "node/533882234"
    },
    {
      "type": "Feature",
      "properties": {
        "@id": "node/533882239",
        "bus": "yes",
        "highway": "bus_stop",
        "name": "Ye Old Crown Hotel",
        "naptan:AtcoCode": "3800C813301",
        "naptan:Bearing": "E",
        "naptan:CommonName": "Ye Old Crown Hotel",
        "naptan:Indicator": "Opp",
        "naptan:Landmark": "Ye Old Crown Hotel",
        "naptan:Street": "Leek Rd",
        "naptan:verified": "no",
        "public_transport": "platform",
        "source": "naptan_import"
      },
      "geometry": {
        "type": "Point",
        "coordinates": [
          -1.8775541,
          53.0494754
        ]
      },
      "id": "node/533882239"
    },
    {
      "type": "Feature",
      "properties": {
        "@id": "node/533882251",
        "bus": "yes",
        "highway": "bus_stop",
        "name": "Ye Olde Royal Oak PH",
        "naptan:AtcoCode": "3800C813900",
        "naptan:Bearing": "NE",
        "naptan:CommonName": "Ye Olde Royal Oak PH",
        "naptan:Indicator": "Adj",
        "naptan:Landmark": "Ye Olde Royal Oak PH",
        "naptan:Street": "Ashbourne Lane",
        "naptan:verified": "no",
        "public_transport": "platform",
        "source": "naptan_import"
      },
      "geometry": {
        "type": "Point",
        "coordinates": [
          -1.8376848,
          53.095462
        ]
      },
      "id": "node/533882251"
    },
    {
      "type": "Feature",
      "properties": {
        "@id": "node/533882252",
        "bus": "yes",
        "highway": "bus_stop",
        "name": "Ye Olde Royal Oak PH",
        "naptan:AtcoCode": "3800C813901",
        "naptan:Bearing": "SW",
        "naptan:CommonName": "Ye Olde Royal Oak PH",
        "naptan:Indicator": "Opp",
        "naptan:Landmark": "Ye Olde Royal Oak PH",
        "naptan:Street": "Ashbourne Lane",
        "naptan:verified": "no",
        "public_transport": "platform",
        "source": "naptan_import"
      },
      "geometry": {
        "type": "Point",
        "coordinates": [
          -1.8376403,
          53.095381
        ]
      },
      "id": "node/533882252"
    },
    {
      "type": "Feature",
      "properties": {
        "@id": "node/533882287",
        "bench": "no",
        "bin": "no",
        "bus": "yes",
        "highway": "bus_stop",
        "lit": "no",
        "name": "Paddock Farm",
        "naptan:AtcoCode": "3800C815600",
        "naptan:Bearing": "N",
        "naptan:CommonName": "Paddock Farm",
        "naptan:Indicator": "Adj",
        "naptan:Landmark": "Paddock Farm",
        "naptan:Street": "Roaches Gate",
        "naptan:verified": "no",
        "public_transport": "platform",
        "shelter": "no",
        "source": "naptan_import",
        "tactile_paving": "no"
      },
      "geometry": {
        "type": "Point",
        "coordinates": [
          -1.9926497,
          53.1502446
        ]
      },
      "id": "node/533882287"
    },
    {
      "type": "Feature",
      "properties": {
        "@id": "node/533882289",
        "bus": "yes",
        "highway": "bus_stop",
        "name": "Winking Man PH",
        "naptan:AtcoCode": "3800C815800",
        "naptan:Bearing": "NE",
        "naptan:CommonName": "Winking Man PH",
        "naptan:Indicator": "Opp",
        "naptan:Landmark": "Winking Man PH",
        "naptan:Street": "Buxton Rd",
        "naptan:verified": "no",
        "public_transport": "platform",
        "source": "naptan_import",
        "toilets:wheelchair": "yes",
        "wheelchair": "yes"
      },
      "geometry": {
        "type": "Point",
        "coordinates": [
          -1.9628544,
          53.1709864
        ]
      },
      "id": "node/533882289"
    },
    {
      "type": "Feature",
      "properties": {
        "@id": "node/533882290",
        "bus": "yes",
        "highway": "bus_stop",
        "name": "Winking Man PH",
        "naptan:AtcoCode": "3800C815801",
        "naptan:Bearing": "SW",
        "naptan:CommonName": "Winking Man PH",
        "naptan:Indicator": "Adj",
        "naptan:Landmark": "Winking Man PH",
        "naptan:Street": "Buxton Road",
        "naptan:verified": "no",
        "public_transport": "platform",
        "source": "naptan_import"
      },
      "geometry": {
        "type": "Point",
        "coordinates": [
          -1.9626898,
          53.1710043
        ]
      },
      "id": "node/533882290"
    },
    {
      "type": "Feature",
      "properties": {
        "@id": "node/533882300",
        "bus": "yes",
        "highway": "bus_stop",
        "name": "Millway Lane",
        "naptan:AtcoCode": "3800C816400",
        "naptan:Bearing": "SW",
        "naptan:CommonName": "Millway Lane",
        "naptan:Indicator": "Opp",
        "naptan:Landmark": "Millway Lane",
        "naptan:Street": "Sunny Bank",
        "naptan:verified": "no",
        "public_transport": "platform",
        "source": "naptan_import"
      },
      "geometry": {
        "type": "Point",
        "coordinates": [
          -1.7936813,
          53.0894174
        ]
      },
      "id": "node/533882300"
    },
    {
      "type": "Feature",
      "properties": {
        "@id": "node/533882301",
        "bus": "yes",
        "highway": "bus_stop",
        "name": "The Weir",
        "naptan:AtcoCode": "3800C816401",
        "naptan:Bearing": "SE",
        "naptan:CommonName": "The Weir",
        "naptan:Indicator": "Adj",
        "naptan:Landmark": "The Weir",
        "naptan:Street": "Sunny Bank",
        "naptan:verified": "no",
        "public_transport": "platform",
        "source": "naptan_import"
      },
      "geometry": {
        "type": "Point",
        "coordinates": [
          -1.7941869,
          53.089543
        ]
      },
      "id": "node/533882301"
    },
    {
      "type": "Feature",
      "properties": {
        "@id": "node/533882378",
        "bench": "no",
        "bin": "no",
        "bus": "yes",
        "highway": "bus_stop",
        "lit": "no",
        "name": "Market Place",
        "naptan:AtcoCode": "3800C820401",
        "naptan:Bearing": "N",
        "naptan:CommonName": "Market Place",
        "naptan:Indicator": "Adj",
        "naptan:Landmark": "Market Place",
        "naptan:Street": "Warslow Rd",
        "naptan:verified": "no",
        "operator": "High Peak Buses",
        "public_transport": "platform",
        "shelter": "no",
        "source": "naptan_import",
        "tactile_paving": "no"
      },
      "geometry": {
        "type": "Point",
        "coordinates": [
          -1.8690262,
          53.1808773
        ]
      },
      "id": "node/533882378"
    },
    {
      "type": "Feature",
      "properties": {
        "@id": "node/533882474",
        "bus": "yes",
        "highway": "bus_stop",
        "name": "Village Hall",
        "naptan:AtcoCode": "3800C823501",
        "naptan:Bearing": "NE",
        "naptan:BusStopType": "CUS",
        "naptan:CommonName": "Village Hall",
        "naptan:Indicator": "Opp",
        "naptan:Landmark": "Village Hall",
        "naptan:Street": "Cheadle Rd",
        "naptan:verified": "no",
        "public_transport": "platform",
        "source": "naptan_import"
      },
      "geometry": {
        "type": "Point",
        "coordinates": [
          -1.8733822,
          53.1240642
        ]
      },
      "id": "node/533882474"
    },
    {
      "type": "Feature",
      "properties": {
        "@id": "node/533882475",
        "bus": "yes",
        "highway": "bus_stop",
        "name": "Village Hall",
        "naptan:AtcoCode": "3800C823502",
        "naptan:Bearing": "SW",
        "naptan:BusStopType": "CUS",
        "naptan:CommonName": "Village Hall",
        "naptan:Indicator": "Adj",
        "naptan:Landmark": "Village Hall",
        "naptan:Street": "Cheadle Rd",
        "naptan:verified": "no",
        "public_transport": "platform",
        "source": "naptan_import"
      },
      "geometry": {
        "type": "Point",
        "coordinates": [
          -1.8726646,
          53.1241623
        ]
      },
      "id": "node/533882475"
    },
    {
      "type": "Feature",
      "properties": {
        "@id": "node/533882592",
        "bus": "yes",
        "highway": "bus_stop",
        "name": "Lea Holme",
        "naptan:AtcoCode": "3800C842601",
        "naptan:Bearing": "S",
        "naptan:CommonName": "Lea Holme",
        "naptan:Indicator": "Adj",
        "naptan:Landmark": "Lea Holme",
        "naptan:Street": "B5053",
        "naptan:verified": "no",
        "public_transport": "platform",
        "source": "naptan_import"
      },
      "geometry": {
        "type": "Point",
        "coordinates": [
          -1.8712799,
          53.1550208
        ]
      },
      "id": "node/533882592"
    },
    {
      "type": "Feature",
      "properties": {
        "@id": "node/533882593",
        "bus": "yes",
        "highway": "bus_stop",
        "name": "Stanshope Hall",
        "naptan:AtcoCode": "3800C845401",
        "naptan:Bearing": "NE",
        "naptan:CommonName": "Stanshope Hall",
        "naptan:Indicator": "Adj",
        "naptan:Landmark": "Stanshope Hall",
        "naptan:Street": "Stanshope Ln",
        "naptan:verified": "no",
        "public_transport": "platform",
        "source": "naptan_import"
      },
      "geometry": {
        "type": "Point",
        "coordinates": [
          -1.8112768,
          53.0852841
        ]
      },
      "id": "node/533882593"
    },
    {
      "type": "Feature",
      "properties": {
        "@id": "node/533882594",
        "bus": "yes",
        "highway": "bus_stop",
        "name": "The Watts Russell",
        "naptan:AtcoCode": "3800C845601",
        "naptan:Bearing": "N",
        "naptan:CommonName": "The Watts Russell",
        "naptan:Indicator": "Adj",
        "naptan:Landmark": "The Watts Russell",
        "naptan:Street": "Main Rd",
        "naptan:verified": "no",
        "public_transport": "platform",
        "source": "naptan_import"
      },
      "geometry": {
        "type": "Point",
        "coordinates": [
          -1.818242,
          53.0916943
        ]
      },
      "id": "node/533882594"
    },
    {
      "type": "Feature",
      "properties": {
        "@id": "node/533882799",
        "bus": "yes",
        "highway": "bus_stop",
        "name": "Lode Mill",
        "naptan:AtcoCode": "3800C891100",
        "naptan:Bearing": "E",
        "naptan:CommonName": "Lode Mill",
        "naptan:Indicator": "Adj",
        "naptan:Landmark": "Lode Mill",
        "naptan:Street": "Lode Ln",
        "naptan:verified": "no",
        "public_transport": "platform",
        "source": "naptan_import"
      },
      "geometry": {
        "type": "Point",
        "coordinates": [
          -1.7843093,
          53.0929141
        ]
      },
      "id": "node/533882799"
    },
    {
      "type": "Feature",
      "properties": {
        "@id": "node/622633812",
        "alt_name": "Fairfield House",
        "bus": "yes",
        "highway": "bus_stop",
        "name": "Bakewell, Baslow Road",
        "naptan:AltCommonName": "Fairfield House",
        "naptan:AltIndicator": "opp",
        "naptan:AltLandmark": "Fairfield House",
        "naptan:AltStreet": "Baslow Road A619",
        "naptan:AtcoCode": "1000DBBR3214",
        "naptan:Bearing": "N",
        "naptan:CommonName": "Baslow Road",
        "naptan:Indicator": "N-bound",
        "naptan:Landmark": "Fairfield House",
        "naptan:LocalityName": "Bakewell",
        "naptan:NaptanCode": "dbsagjpw",
        "naptan:PlusbusZoneRef": "BUXTON",
        "naptan:Street": "Baslow Road A619",
        "public_transport": "platform",
        "source": "naptan_import"
      },
      "geometry": {
        "type": "Point",
        "coordinates": [
          -1.6724094,
          53.2241972
        ]
      },
      "id": "node/622633812"
    },
    {
      "type": "Feature",
      "properties": {
        "@id": "node/622633816",
        "bench": "no",
        "bin": "no",
        "bus": "yes",
        "highway": "bus_stop",
        "name": "Bakewell, Baslow Road / Higgenholes",
        "naptan:AtcoCode": "1000DBHH3453",
        "naptan:Bearing": "N",
        "naptan:CommonName": "Higgenholes",
        "naptan:Indicator": "Adj",
        "naptan:Landmark": "Hassop Road",
        "naptan:LocalityName": "Bakewell",
        "naptan:NaptanCode": "dbsgtagw",
        "naptan:PlusbusZoneRef": "BUXTON",
        "naptan:Street": "Baslow Road",
        "public_transport": "platform",
        "shelter": "no",
        "source": "naptan_import",
        "tactile_paving": "no"
      },
      "geometry": {
        "type": "Point",
        "coordinates": [
          -1.6721783,
          53.2225214
        ]
      },
      "id": "node/622633816"
    },
    {
      "type": "Feature",
      "properties": {
        "@id": "node/622633817",
        "bench": "no",
        "bin": "no",
        "bus": "yes",
        "highway": "bus_stop",
        "name": "Bakewell, Baslow Road / Higgenholes",
        "naptan:AtcoCode": "1000DBHH3454",
        "naptan:Bearing": "S",
        "naptan:CommonName": "Higgenholes",
        "naptan:Indicator": "Opp",
        "naptan:Landmark": "Hassop Road",
        "naptan:LocalityName": "Bakewell",
        "naptan:NaptanCode": "dbsgtaja",
        "naptan:PlusbusZoneRef": "BUXTON",
        "naptan:Street": "Baslow Road",
        "public_transport": "platform",
        "shelter": "no",
        "source": "naptan_import",
        "tactile_paving": "no"
      },
      "geometry": {
        "type": "Point",
        "coordinates": [
          -1.6719446,
          53.2226126
        ]
      },
      "id": "node/622633817"
    },
    {
      "type": "Feature",
      "properties": {
        "@id": "node/622633818",
        "alt_name": "Holme Lane",
        "bench": "no",
        "bin": "no",
        "bus": "yes",
        "highway": "bus_stop",
        "name": "Bakewell, Baslow Road / Newholme Hospital",
        "naptan:AltCommonName": "Holme Lane",
        "naptan:AltIndicator": "opp",
        "naptan:AltLandmark": "Holme Lane",
        "naptan:AltStreet": "Baslow Road",
        "naptan:AtcoCode": "1000DBBR3218",
        "naptan:Bearing": "S",
        "naptan:CommonName": "Newholme Hospital",
        "naptan:Indicator": "adj",
        "naptan:Landmark": "Newholme Hospital",
        "naptan:LocalityName": "Bakewell",
        "naptan:NaptanCode": "dbsjadaw",
        "naptan:PlusbusZoneRef": "BUXTON",
        "naptan:Street": "Baslow Road",
        "public_transport": "platform",
        "shelter": "no",
        "source": "naptan_import",
        "tactile_paving": "no"
      },
      "geometry": {
        "type": "Point",
        "coordinates": [
          -1.6732532,
          53.2187746
        ]
      },
      "id": "node/622633818"
    },
    {
      "type": "Feature",
      "properties": {
        "@id": "node/622633819",
        "alt_name": "Holme Lane",
        "bench": "no",
        "bin": "no",
        "bus": "yes",
        "highway": "bus_stop",
        "name": "Bakewell, Baslow Road / Newholme Hospital",
        "naptan:AltCommonName": "Holme Lane",
        "naptan:AltIndicator": "adj",
        "naptan:AltLandmark": "Holme Lane",
        "naptan:AltStreet": "Baslow Road",
        "naptan:AtcoCode": "1000DBBR3219",
        "naptan:Bearing": "N",
        "naptan:CommonName": "Newholme Hospital",
        "naptan:Indicator": "opp",
        "naptan:Landmark": "Newholme Hospital",
        "naptan:LocalityName": "Bakewell",
        "naptan:NaptanCode": "dbsjadga",
        "naptan:PlusbusZoneRef": "BUXTON",
        "naptan:Street": "Baslow Road",
        "public_transport": "platform",
        "shelter": "no",
        "source": "naptan_import",
        "tactile_paving": "no"
      },
      "geometry": {
        "type": "Point",
        "coordinates": [
          -1.673132,
          53.2192367
        ]
      },
      "id": "node/622633819"
    },
    {
      "type": "Feature",
      "properties": {
        "@id": "node/622633820",
        "bench": "yes",
        "bin": "yes",
        "bus": "yes",
        "departures_board": "realtime",
        "highway": "bus_stop",
        "lit": "yes",
        "local_ref": "A",
        "name": "Buxton Road (Stand A)",
        "naptan:AtcoCode": "1000DBBRSA98",
        "naptan:Bearing": "N",
        "naptan:CommonName": "Buxton Road",
        "naptan:Indicator": "Stand A",
        "naptan:NaptanCode": "dbsjadmd",
        "naptan:PlusbusZoneRef": "BUXTON",
        "naptan:Street": "Buxton Road",
        "naptan:verified": "no",
        "public_transport": "platform",
        "shelter": "yes",
        "tactile_paving": "no"
      },
      "geometry": {
        "type": "Point",
        "coordinates": [
          -1.6765572,
          53.2134619
        ]
      },
      "id": "node/622633820"
    },
    {
      "type": "Feature",
      "properties": {
        "@id": "node/622633821",
        "bench": "yes",
        "bin": "yes",
        "bus": "yes",
        "highway": "bus_stop",
        "lit": "yes",
        "local_ref": "E",
        "name": "Matlock Street (Stand E)",
        "naptan:AtcoCode": "1000DBMSS363",
        "naptan:Bearing": "SE",
        "naptan:CommonName": "Matlock Street",
        "naptan:Indicator": "Stand E",
        "naptan:NaptanCode": "dbsgmajd",
        "naptan:PlusbusZoneRef": "BUXTON",
        "naptan:Street": "Matlock Street",
        "naptan:verified": "no",
        "public_transport": "platform",
        "shelter": "yes",
        "tactile_paving": "no"
      },
      "geometry": {
        "type": "Point",
        "coordinates": [
          -1.6743654,
          53.2118075
        ]
      },
      "id": "node/622633821"
    },
    {
      "type": "Feature",
      "properties": {
        "@id": "node/622633822",
        "bench": "no",
        "bin": "no",
        "bus": "yes",
        "highway": "bus_stop",
        "lit": "yes",
        "name": "The Manners",
        "naptan:AtcoCode": "1000DBMS3185",
        "naptan:Bearing": "N",
        "naptan:CommonName": "The Manners",
        "naptan:Indicator": "adj",
        "naptan:NaptanCode": "dbsgmagj",
        "naptan:PlusbusZoneRef": "BUXTON",
        "naptan:Street": "Matlock Street",
        "naptan:verified": "no",
        "public_transport": "platform",
        "shelter": "no",
        "tactile_paving": "no"
      },
      "geometry": {
        "type": "Point",
        "coordinates": [
          -1.6746021,
          53.2119194
        ]
      },
      "id": "node/622633822"
    },
    {
      "type": "Feature",
      "properties": {
        "@id": "node/622633829",
        "bench": "yes",
        "bin": "yes",
        "bus": "yes",
        "highway": "bus_stop",
        "lit": "yes",
        "local_ref": "D",
        "name": "Square (Stand D)",
        "naptan:AtcoCode": "1000DBSS3103",
        "naptan:Bearing": "NE",
        "naptan:CommonName": "Square",
        "naptan:Indicator": "Stand D",
        "naptan:NaptanCode": "dbsajapg",
        "naptan:PlusbusZoneRef": "BUXTON",
        "naptan:Street": "Rutland Square",
        "naptan:verified": "no",
        "public_transport": "platform",
        "shelter": "yes",
        "tactile_paving": "no"
      },
      "geometry": {
        "type": "Point",
        "coordinates": [
          -1.6750872,
          53.2134199
        ]
      },
      "id": "node/622633829"
    },
    {
      "type": "Feature",
      "properties": {
        "@id": "node/624515469",
        "bus": "yes",
        "ele": "225.5533447",
        "highway": "bus_stop",
        "name": "Monsal Head (Hotel)",
        "naptan:AtcoCode": "100000018743",
        "naptan:Bearing": "S",
        "naptan:BusStopType": "CUS",
        "naptan:CommonName": "Hotel",
        "naptan:Indicator": "opp",
        "naptan:NaptanCode": "dbsgpmtg",
        "naptan:PlusbusZoneRef": "BUXTON",
        "naptan:Street": "Ashford Lane",
        "naptan:verified": "no",
        "public_transport": "platform"
      },
      "geometry": {
        "type": "Point",
        "coordinates": [
          -1.7241797,
          53.2409726
        ]
      },
      "id": "node/624515469"
    },
    {
      "type": "Feature",
      "properties": {
        "@id": "node/624515484",
        "bench": "no",
        "bin": "no",
        "bus": "yes",
        "highway": "bus_stop",
        "lit": "no",
        "name": "Monsal Head (Longstone Lane)",
        "naptan:AtcoCode": "1000DMHM3679",
        "naptan:Bearing": "W",
        "naptan:CommonName": "Ashford Lane",
        "naptan:Indicator": "adj",
        "naptan:NaptanCode": "dbsatgtg",
        "naptan:PlusbusZoneRef": "BUXTON",
        "naptan:Street": "Butts Road",
        "naptan:verified": "no",
        "public_transport": "platform",
        "shelter": "no",
        "tactile_paving": "no"
      },
      "geometry": {
        "type": "Point",
        "coordinates": [
          -1.7235739,
          53.2406073
        ]
      },
      "id": "node/624515484"
    },
    {
      "type": "Feature",
      "properties": {
        "@id": "node/624651392",
        "bench": "yes",
        "bin": "yes",
        "bus": "yes",
        "ele": "187.1008301",
        "highway": "bus_stop",
        "lit": "no",
        "name": "Great Longstone (Village Green)",
        "naptan:AtcoCode": "1000DGLM3674",
        "naptan:NaptanCode": "dbsgamdg",
        "public_transport": "platform",
        "shelter": "yes",
        "tactile_paving": "no"
      },
      "geometry": {
        "type": "Point",
        "coordinates": [
          -1.703328,
          53.2430996
        ]
      },
      "id": "node/624651392"
    },
    {
      "type": "Feature",
      "properties": {
        "@id": "node/699155834",
        "bus": "yes",
        "ele": "189.9848633",
        "highway": "bus_stop",
        "name": "Cratcliff View",
        "naptan:AtcoCode": "1000DBTM3143",
        "naptan:Bearing": "SE",
        "naptan:BusStopType": "CUS",
        "naptan:CommonName": "Cratcliff View",
        "naptan:Indicator": "Adj",
        "naptan:NaptanCode": "dbsgjptd",
        "naptan:PlusbusZoneRef": "BUXTON",
        "naptan:Street": "The Mires",
        "naptan:verified": "no",
        "public_transport": "platform"
      },
      "geometry": {
        "type": "Point",
        "coordinates": [
          -1.6506944,
          53.1590438
        ]
      },
      "id": "node/699155834"
    },
    {
      "type": "Feature",
      "properties": {
        "@id": "node/699172860",
        "bus": "yes",
        "highway": "bus_stop",
        "name": "Cratcliff View",
        "naptan:AtcoCode": "1000DBTM3144",
        "naptan:Bearing": "NW",
        "naptan:CommonName": "Cratcliff View",
        "naptan:Indicator": "Opp",
        "naptan:NaptanCode": "dbsgjptg",
        "naptan:PlusbusZoneRef": "BUXTON",
        "naptan:Street": "The Mires",
        "naptan:verified": "no",
        "public_transport": "platform"
      },
      "geometry": {
        "type": "Point",
        "coordinates": [
          -1.6508204,
          53.1589795
        ]
      },
      "id": "node/699172860"
    },
    {
      "type": "Feature",
      "properties": {
        "@id": "node/699210804",
        "bus": "yes",
        "ele": "269.0527344",
        "highway": "bus_stop",
        "naptan:AtcoCode": "1000DEEE3153",
        "naptan:NaptanCode": "dbsamjaj",
        "public_transport": "platform"
      },
      "geometry": {
        "type": "Point",
        "coordinates": [
          -1.6657189,
          53.1450828
        ]
      },
      "id": "node/699210804"
    },
    {
      "type": "Feature",
      "properties": {
        "@id": "node/699210821",
        "bench": "yes",
        "bus": "yes",
        "highway": "bus_stop",
        "naptan:AtcoCode": "1000DEEE3154",
        "naptan:NaptanCode": "dbsamjam",
        "public_transport": "platform",
        "shelter": "yes"
      },
      "geometry": {
        "type": "Point",
        "coordinates": [
          -1.6657765,
          53.1451536
        ]
      },
      "id": "node/699210821"
    },
    {
      "type": "Feature",
      "properties": {
        "@id": "node/756646507",
        "bench": "no",
        "bus": "yes",
        "highway": "bus_stop",
        "naptan:AtcoCode": "1000DTSLD841",
        "naptan:NaptanCode": "dbsdjtjg",
        "public_transport": "platform",
        "shelter": "no"
      },
      "geometry": {
        "type": "Point",
        "coordinates": [
          -1.7581514,
          53.0510344
        ]
      },
      "id": "node/756646507"
    },
    {
      "type": "Feature",
      "properties": {
        "@id": "node/756685375",
        "bus": "yes",
        "ele": "133.9884033",
        "highway": "bus_stop",
        "name": "Coach and Horses",
        "naptan:AtcoCode": "1000DFBA4467",
        "naptan:Bearing": "S",
        "naptan:CommonName": "Coach and Horses",
        "naptan:Indicator": "adj",
        "naptan:NaptanCode": "dbsamjdw",
        "naptan:PlusbusZoneRef": "BUXTON",
        "naptan:Street": "A515",
        "naptan:verified": "no",
        "public_transport": "platform"
      },
      "geometry": {
        "type": "Point",
        "coordinates": [
          -1.7395767,
          53.0475885
        ]
      },
      "id": "node/756685375"
    },
    {
      "type": "Feature",
      "properties": {
        "@id": "node/779114508",
        "bench": "yes",
        "bin": "no",
        "bus": "yes",
        "check_date:shelter": "2026-03-07",
        "highway": "bus_stop",
        "lit": "no",
        "name": "Blue John Cavern",
        "naptan:AtcoCode": "100053826",
        "naptan:NaptanCode": "dbsjgajm",
        "public_transport": "platform",
        "shelter": "yes",
        "tactile_paving": "no"
      },
      "geometry": {
        "type": "Point",
        "coordinates": [
          -1.8044151,
          53.3466065
        ]
      },
      "id": "node/779114508"
    },
    {
      "type": "Feature",
      "properties": {
        "@id": "node/779114668",
        "bus": "yes",
        "highway": "bus_stop",
        "name": "Mam Tor",
        "naptan:AtcoCode": "1000DMNM4485",
        "naptan:NaptanCode": "dbsapapt",
        "note": "Stops on both sides",
        "public_transport": "platform",
        "shelter": "no"
      },
      "geometry": {
        "type": "Point",
        "coordinates": [
          -1.8131128,
          53.348623
        ]
      },
      "id": "node/779114668"
    },
    {
      "type": "Feature",
      "properties": {
        "@id": "node/865438478",
        "bench": "no",
        "bin": "no",
        "bus": "yes",
        "highway": "bus_stop",
        "lit": "no",
        "name": "Froggatt (Flora Cottages)",
        "naptan:AtcoCode": "1000DSBB3314",
        "naptan:NaptanCode": "dbsdjwmp",
        "public_transport": "platform",
        "shelter": "no",
        "tactile_paving": "no"
      },
      "geometry": {
        "type": "Point",
        "coordinates": [
          -1.642287,
          53.2886529
        ]
      },
      "id": "node/865438478"
    },
    {
      "type": "Feature",
      "properties": {
        "@id": "node/865438488",
        "bench": "no",
        "bin": "no",
        "bus": "yes",
        "ele": "157.3002930",
        "highway": "bus_stop",
        "lit": "no",
        "name": "Froggatt (Flora Cottages)",
        "naptan:AtcoCode": "1000DSBB3243",
        "naptan:NaptanCode": "dbsdjwmg",
        "public_transport": "platform",
        "shelter": "no",
        "tactile_paving": "no"
      },
      "geometry": {
        "type": "Point",
        "coordinates": [
          -1.642161,
          53.2885785
        ]
      },
      "id": "node/865438488"
    },
    {
      "type": "Feature",
      "properties": {
        "@id": "node/889593088",
        "bus": "yes",
        "ele": "151.53",
        "highway": "bus_stop",
        "name": "Bamford Station Road",
        "naptan:AtcoCode": "1000DBSR3753",
        "naptan:NaptanCode": "dbsagpgd",
        "public_transport": "platform",
        "shelter": "no"
      },
      "geometry": {
        "type": "Point",
        "coordinates": [
          -1.6917356,
          53.342818
        ]
      },
      "id": "node/889593088"
    },
    {
      "type": "Feature",
      "properties": {
        "@id": "node/889593089",
        "bus": "yes",
        "highway": "bus_stop",
        "name": "Bamford Station Road",
        "naptan:AtcoCode": "1000DBSR3752",
        "naptan:NaptanCode": "dbsagpga",
        "public_transport": "platform",
        "shelter": "no"
      },
      "geometry": {
        "type": "Point",
        "coordinates": [
          -1.6918375,
          53.3427315
        ]
      },
      "id": "node/889593089"
    },
    {
      "type": "Feature",
      "properties": {
        "@id": "node/890303203",
        "bench": "yes",
        "bin": "no",
        "bus": "yes",
        "ele": "194.0704346",
        "highway": "bus_stop",
        "lit": "yes",
        "name": "Yorkshire Bridge/Lydgate Lane",
        "naptan:AtcoCode": "1000DYBA3765",
        "naptan:NaptanCode": "dbsdgawd",
        "public_transport": "platform",
        "ref": "1000DYBA3765",
        "shelter": "yes",
        "tactile_paving": "no",
        "wheelchair": "yes"
      },
      "geometry": {
        "type": "Point",
        "coordinates": [
          -1.6985327,
          53.360783
        ]
      },
      "id": "node/890303203"
    },
    {
      "type": "Feature",
      "properties": {
        "@id": "node/890303205",
        "bench": "yes",
        "bin": "no",
        "bus": "yes",
        "ele": "194.3107910",
        "highway": "bus_stop",
        "lit": "no",
        "name": "Yorkshire Bridge/Lydgate Lane",
        "naptan:AtcoCode": "1000DYBA3764",
        "naptan:Bearing": "N",
        "naptan:CommonName": "Lydgate Lane",
        "naptan:Indicator": "adj",
        "naptan:NaptanCode": "dbsdgawa",
        "naptan:Street": "Ashopton Road",
        "naptan:verified": "no",
        "public_transport": "platform",
        "ref": "1000DYBA3764",
        "shelter": "yes",
        "tactile_paving": "no",
        "wheelchair": "yes"
      },
      "geometry": {
        "type": "Point",
        "coordinates": [
          -1.6987044,
          53.3605222
        ]
      },
      "id": "node/890303205"
    },
    {
      "type": "Feature",
      "properties": {
        "@id": "node/894390297",
        "bus": "yes",
        "ele": "160.66",
        "highway": "bus_stop",
        "name": "Bamford (Victoria Road)",
        "naptan:AtcoCode": "1000DBMR3754",
        "naptan:NaptanCode": "dbsgjwmt",
        "public_transport": "platform"
      },
      "geometry": {
        "type": "Point",
        "coordinates": [
          -1.691235,
          53.345554
        ]
      },
      "id": "node/894390297"
    },
    {
      "type": "Feature",
      "properties": {
        "@id": "node/894391843",
        "bus": "yes",
        "ele": "149.6097412",
        "highway": "bus_stop",
        "name": "Bamford (Saltergate Lane)",
        "naptan:AtcoCode": "1000DBSR3751",
        "naptan:NaptanCode": "dbsagpdw",
        "public_transport": "platform",
        "shelter": "no"
      },
      "geometry": {
        "type": "Point",
        "coordinates": [
          -1.6906018,
          53.3407651
        ]
      },
      "id": "node/894391843"
    },
    {
      "type": "Feature",
      "properties": {
        "@id": "node/894391850",
        "bus": "yes",
        "highway": "bus_stop",
        "name": "Bamford (Saltergate Lane)",
        "naptan:AtcoCode": "1000DBSR3750",
        "naptan:Bearing": "NW",
        "naptan:CommonName": "Saltergate Lane",
        "naptan:Indicator": "Opp",
        "naptan:NaptanCode": "dbsagpdt",
        "naptan:PlusbusZoneRef": "BUXTON",
        "naptan:Street": "Station Road",
        "naptan:verified": "no",
        "public_transport": "platform",
        "shelter": "no"
      },
      "geometry": {
        "type": "Point",
        "coordinates": [
          -1.6908944,
          53.3408836
        ]
      },
      "id": "node/894391850"
    },
    {
      "type": "Feature",
      "properties": {
        "@id": "node/898166723",
        "bench": "no",
        "bin": "no",
        "bus": "yes",
        "ele": "147.4467773",
        "highway": "bus_stop",
        "lit": "no",
        "name": "Hathersage Bridge",
        "naptan:AtcoCode": "1000DHMR3735",
        "naptan:Bearing": "E",
        "naptan:CommonName": "Rail Bridge",
        "naptan:Indicator": "after",
        "naptan:NaptanCode": "dbsapgmp",
        "naptan:PlusbusZoneRef": "BUXTON",
        "naptan:Street": "Castleton Road",
        "naptan:verified": "no",
        "public_transport": "platform",
        "shelter": "no",
        "tactile_paving": "no"
      },
      "geometry": {
        "type": "Point",
        "coordinates": [
          -1.660399,
          53.3293535
        ]
      },
      "id": "node/898166723"
    },
    {
      "type": "Feature",
      "properties": {
        "@id": "node/898166734",
        "bench": "no",
        "bin": "no",
        "bus": "yes",
        "ele": "148.6484375",
        "highway": "bus_stop",
        "lit": "no",
        "name": "Hathersage Bridge",
        "naptan:AtcoCode": "1000DHMR3734",
        "naptan:NaptanCode": "dbsapgmj",
        "public_transport": "platform",
        "shelter": "no",
        "tactile_paving": "no"
      },
      "geometry": {
        "type": "Point",
        "coordinates": [
          -1.659545,
          53.32942
        ]
      },
      "id": "node/898166734"
    },
    {
      "type": "Feature",
      "properties": {
        "@id": "node/942946868",
        "bench": "no",
        "bin": "no",
        "bus": "yes",
        "direction": "40",
        "ele": "323.8474121",
        "highway": "bus_stop",
        "lit": "no",
        "name": "Longshaw (Lodge)",
        "public_transport": "platform",
        "shelter": "no",
        "tactile_paving": "no"
      },
      "geometry": {
        "type": "Point",
        "coordinates": [
          -1.6033271,
          53.3177298
        ]
      },
      "id": "node/942946868"
    },
    {
      "type": "Feature",
      "properties": {
        "@id": "node/942966526",
        "bench": "no",
        "bin": "no",
        "bus": "yes",
        "highway": "bus_stop",
        "lit": "no",
        "name": "Surprise View",
        "naptan:AtcoCode": "100052259",
        "naptan:Bearing": "SW",
        "naptan:BusStopType": "MKD",
        "naptan:CommonName": "Surprise View",
        "naptan:Indicator": "Opp",
        "naptan:Landmark": "Surprise View Car Park",
        "naptan:LocalityCode": "E0045047",
        "naptan:NaptanCode": "dbsjatjg",
        "naptan:Street": "A6187",
        "naptan:verified": "yes",
        "public_transport": "platform",
        "ref": "dbsjatjg",
        "shelter": "no",
        "tactile_paving": "no"
      },
      "geometry": {
        "type": "Point",
        "coordinates": [
          -1.6227799,
          53.3170651
        ]
      },
      "id": "node/942966526"
    },
    {
      "type": "Feature",
      "properties": {
        "@id": "node/942966533",
        "bench": "no",
        "bin": "no",
        "bus": "yes",
        "highway": "bus_stop",
        "lit": "no",
        "name": "Surprise View",
        "naptan:AtcoCode": "100000008386",
        "naptan:Bearing": "NE",
        "naptan:BusStopType": "MKD",
        "naptan:CommonName": "Surprise View",
        "naptan:Indicator": "Adj",
        "naptan:Landmark": "Surprise View Car Park",
        "naptan:LocalityCode": "E0045047",
        "naptan:NaptanCode": "dbsdwmda",
        "naptan:Street": "A6187",
        "naptan:verified": "yes",
        "public_transport": "platform",
        "ref": "dbsdwmda",
        "shelter": "no",
        "tactile_paving": "no"
      },
      "geometry": {
        "type": "Point",
        "coordinates": [
          -1.62295,
          53.3171
        ]
      },
      "id": "node/942966533"
    },
    {
      "type": "Feature",
      "properties": {
        "@id": "node/1004504017",
        "bus": "yes",
        "highway": "bus_stop",
        "name": "Railway Station",
        "naptan:AtcoCode": "1000DERS2147",
        "naptan:Bearing": "E",
        "naptan:CommonName": "Railway Station",
        "naptan:Indicator": "Adj",
        "naptan:NaptanCode": "dbsgatpt",
        "naptan:Street": "Station Approach",
        "naptan:verified": "no",
        "public_transport": "platform"
      },
      "geometry": {
        "type": "Point",
        "coordinates": [
          -1.8166871,
          53.3646997
        ]
      },
      "id": "node/1004504017"
    },
    {
      "type": "Feature",
      "properties": {
        "@id": "node/1036436216",
        "bench": "no",
        "bin": "no",
        "bus": "yes",
        "ele": "332.0185547",
        "highway": "bus_stop",
        "lit": "yes",
        "name": "Post Office",
        "naptan:AtcoCode": "1000DCMSP782",
        "naptan:Bearing": "NE",
        "naptan:CommonName": "Post Office",
        "naptan:Indicator": "Adj",
        "naptan:NaptanCode": "dbsgjawp",
        "naptan:PlusbusZoneRef": "BUXTON",
        "naptan:Street": "Main Street",
        "naptan:verified": "no",
        "public_transport": "platform",
        "shelter": "no",
        "tactile_paving": "no"
      },
      "geometry": {
        "type": "Point",
        "coordinates": [
          -1.8345635,
          53.2250085
        ]
      },
      "id": "node/1036436216"
    },
    {
      "type": "Feature",
      "properties": {
        "@id": "node/1036564924",
        "bus": "yes",
        "ele": "332.4992676",
        "highway": "bus_stop",
        "name": "The Ditch",
        "naptan:AtcoCode": "1000DCTDD820",
        "naptan:Bearing": "SE",
        "naptan:CommonName": "The Ditch",
        "naptan:Indicator": "E-bound",
        "naptan:NaptanCode": "dbsgdtaj",
        "naptan:PlusbusZoneRef": "BUXTON",
        "naptan:Street": "The Ditch",
        "naptan:verified": "no",
        "public_transport": "platform"
      },
      "geometry": {
        "type": "Point",
        "coordinates": [
          -1.8418122,
          53.2243936
        ]
      },
      "id": "node/1036564924"
    },
    {
      "type": "Feature",
      "properties": {
        "@id": "node/1125039210",
        "bus": "yes",
        "ele": "306.7840576",
        "highway": "bus_stop",
        "name": "Slack Hall Farm",
        "naptan:AtcoCode": "1000DSAC4473",
        "naptan:Bearing": "SW",
        "naptan:CommonName": "Slack Hall Farm",
        "naptan:Indicator": "opp",
        "naptan:NaptanCode": "dbsdagaj",
        "naptan:PlusbusZoneRef": "BUXTON",
        "naptan:Street": "Sheffield Road",
        "naptan:verified": "no",
        "public_transport": "platform"
      },
      "geometry": {
        "type": "Point",
        "coordinates": [
          -1.8875202,
          53.3340943
        ]
      },
      "id": "node/1125039210"
    },
    {
      "type": "Feature",
      "properties": {
        "@id": "node/1295400583",
        "bench": "no",
        "bin": "no",
        "bus": "yes",
        "highway": "bus_stop",
        "name": "Fennel Street",
        "naptan:AtcoCode": "1000DACC3402",
        "naptan:Bearing": "NE",
        "naptan:CommonName": "Fennel Street",
        "naptan:Indicator": "E-bound",
        "naptan:NaptanCode": "dbsadtja",
        "naptan:PlusbusZoneRef": "BUXTON",
        "naptan:Street": "Fennel Street",
        "naptan:verified": "no",
        "public_transport": "platform",
        "route_ref": "Transpeak",
        "shelter": "no",
        "source": "survey",
        "tactile_paving": "no"
      },
      "geometry": {
        "type": "Point",
        "coordinates": [
          -1.709503,
          53.2239593
        ]
      },
      "id": "node/1295400583"
    },
    {
      "type": "Feature",
      "properties": {
        "@id": "node/1842961832",
        "bench": "no",
        "bin": "no",
        "bus": "yes",
        "highway": "bus_stop",
        "lit": "no",
        "name": "Hope (College)",
        "naptan:AtcoCode": "1000DHHV1908",
        "naptan:NaptanCode": "dbsapdpd",
        "public_transport": "platform",
        "shelter": "no",
        "tactile_paving": "no"
      },
      "geometry": {
        "type": "Point",
        "coordinates": [
          -1.750006,
          53.3478171
        ]
      },
      "id": "node/1842961832"
    },
    {
      "type": "Feature",
      "properties": {
        "@id": "node/2060046617",
        "bus": "yes",
        "highway": "bus_stop",
        "naptan:AtcoCode": "1000DAAL3126",
        "naptan:NaptanCode": "dbsgwtdt",
        "public_transport": "platform",
        "shelter": "no"
      },
      "geometry": {
        "type": "Point",
        "coordinates": [
          -1.6710099,
          53.1779395
        ]
      },
      "id": "node/2060046617"
    },
    {
      "type": "Feature",
      "properties": {
        "@id": "node/2067228894",
        "bus": "yes",
        "highway": "bus_stop",
        "name": "Hall",
        "naptan:AtcoCode": "1000DWMS3156",
        "naptan:Bearing": "W",
        "naptan:CommonName": "Hall",
        "naptan:Indicator": "Opp",
        "naptan:NaptanCode": "dbsdmtgt",
        "naptan:PlusbusZoneRef": "BUXTON",
        "naptan:Street": "Main Street",
        "naptan:verified": "no",
        "public_transport": "platform",
        "shelter": "no",
        "source": "survey"
      },
      "geometry": {
        "type": "Point",
        "coordinates": [
          -1.6404503,
          53.1416092
        ]
      },
      "id": "node/2067228894"
    },
    {
      "type": "Feature",
      "properties": {
        "@id": "node/2172552523",
        "bus": "yes",
        "highway": "bus_stop",
        "naptan:AtcoCode": "1000DMNC1889",
        "naptan:NaptanCode": "dbsapapg",
        "public_transport": "platform"
      },
      "geometry": {
        "type": "Point",
        "coordinates": [
          -1.8154691,
          53.3454699
        ]
      },
      "id": "node/2172552523"
    },
    {
      "type": "Feature",
      "properties": {
        "@id": "node/2172552535",
        "bus": "yes",
        "highway": "bus_stop",
        "name": "Mam Nick Car Park",
        "naptan:AtcoCode": "1000DMNC4512",
        "naptan:Bearing": "W",
        "naptan:CommonName": "Mam Nick Car Park",
        "naptan:Indicator": "Opp",
        "naptan:NaptanCode": "dbsapapj",
        "naptan:PlusbusZoneRef": "BUXTON",
        "naptan:Street": "Chapel Road",
        "naptan:verified": "no",
        "public_transport": "platform"
      },
      "geometry": {
        "type": "Point",
        "coordinates": [
          -1.8154798,
          53.3454011
        ]
      },
      "id": "node/2172552535"
    },
    {
      "type": "Feature",
      "properties": {
        "@id": "node/2192565761",
        "bus": "yes",
        "departures_board": "timetable",
        "highway": "bus_stop",
        "name": "Main Road",
        "naptan:AtcoCode": "1000DESN1054",
        "naptan:Bearing": "SE",
        "naptan:CommonName": "Main Road",
        "naptan:Indicator": "SE-bound",
        "naptan:NaptanCode": "dbsgatwj",
        "naptan:PlusbusZoneRef": "BUXTON",
        "naptan:Street": "Main Road",
        "naptan:verified": "no",
        "operator": "High Peak Buses",
        "public_transport": "platform",
        "shelter": "yes"
      },
      "geometry": {
        "type": "Point",
        "coordinates": [
          -1.8677945,
          53.2008457
        ]
      },
      "id": "node/2192565761"
    },
    {
      "type": "Feature",
      "properties": {
        "@id": "node/2317656977",
        "bus": "yes",
        "highway": "bus_stop",
        "naptan:AtcoCode": "1000DBBC4477",
        "naptan:NaptanCode": "dbsgwjga",
        "public_transport": "platform"
      },
      "geometry": {
        "type": "Point",
        "coordinates": [
          -1.8307388,
          53.3594965
        ]
      },
      "id": "node/2317656977"
    },
    {
      "type": "Feature",
      "properties": {
        "@id": "node/2462685044",
        "bench": "yes",
        "bin": "no",
        "bus": "yes",
        "departures_board": "timetable",
        "highway": "bus_stop",
        "name": "Hathersage (George Hotel)",
        "naptan:AtcoCode": "1000DHMR3489",
        "naptan:Bearing": "W",
        "naptan:CommonName": "George Hotel",
        "naptan:Indicator": "opp",
        "naptan:NaptanCode": "dbsapgmg",
        "naptan:PlusbusZoneRef": "BUXTON",
        "naptan:Street": "Main Road",
        "naptan:verified": "no",
        "public_transport": "platform",
        "shelter": "yes",
        "source": "photo",
        "tactile_paving": "no",
        "wheelchair": "yes"
      },
      "geometry": {
        "type": "Point",
        "coordinates": [
          -1.6560572,
          53.3300628
        ]
      },
      "id": "node/2462685044"
    },
    {
      "type": "Feature",
      "properties": {
        "@id": "node/2462710470",
        "bench": "no",
        "bin": "no",
        "bus": "yes",
        "highway": "bus_stop",
        "lit": "yes",
        "name": "Hathersage (George Hotel)",
        "naptan:AtcoCode": "1000DHMRP857",
        "naptan:NaptanCode": "dbsdwpjt",
        "network": "Derbyshire County Council",
        "public_transport": "platform",
        "shelter": "yes",
        "source": "photo",
        "tactile_paving": "no",
        "website": "https://www.derbyshire.gov.uk/buses"
      },
      "geometry": {
        "type": "Point",
        "coordinates": [
          -1.6545227,
          53.3303663
        ]
      },
      "id": "node/2462710470"
    },
    {
      "type": "Feature",
      "properties": {
        "@id": "node/2462749725",
        "bench": "no",
        "bus": "yes",
        "highway": "bus_stop",
        "name": "Stanage Hook's Car",
        "network": "Derbyshire County Council",
        "public_transport": "platform",
        "shelter": "no",
        "source": "survey"
      },
      "geometry": {
        "type": "Point",
        "coordinates": [
          -1.6333256,
          53.3421147
        ]
      },
      "id": "node/2462749725"
    },
    {
      "type": "Feature",
      "properties": {
        "@id": "node/2573837377",
        "bus": "yes",
        "highway": "bus_stop",
        "name": "The Square",
        "naptan:AtcoCode": "1000DWBJ3159",
        "naptan:Bearing": "E",
        "naptan:CommonName": "The Square",
        "naptan:Indicator": "Opp",
        "naptan:NaptanCode": "dbsdgptg",
        "naptan:PlusbusZoneRef": "BUXTON",
        "naptan:Street": "Main Road",
        "naptan:verified": "no",
        "public_transport": "platform"
      },
      "geometry": {
        "type": "Point",
        "coordinates": [
          -1.6086922,
          53.1465049
        ]
      },
      "id": "node/2573837377"
    },
    {
      "type": "Feature",
      "properties": {
        "@id": "node/2573915771",
        "bus": "yes",
        "highway": "bus_stop",
        "name": "Oker Road",
        "naptan:AtcoCode": "1000DWBO3161",
        "naptan:Bearing": "NE",
        "naptan:CommonName": "Oker Road",
        "naptan:Indicator": "Opp",
        "naptan:NaptanCode": "dbsdmjmw",
        "naptan:PlusbusZoneRef": "BUXTON",
        "naptan:Street": "Main Road",
        "naptan:verified": "no",
        "public_transport": "platform"
      },
      "geometry": {
        "type": "Point",
        "coordinates": [
          -1.6033104,
          53.1485454
        ]
      },
      "id": "node/2573915771"
    },
    {
      "type": "Feature",
      "properties": {
        "@id": "node/2609828060",
        "bus": "yes",
        "departures_board": "timetable",
        "highway": "bus_stop",
        "name": "Bamford (Turnaround)",
        "naptan:AtcoCode": "1000DBSBT559",
        "naptan:Bearing": "N",
        "naptan:CommonName": "Bus Turnaround",
        "naptan:Indicator": "Adj",
        "naptan:NaptanCode": "dbsagwjp",
        "naptan:PlusbusZoneRef": "BUXTON",
        "naptan:Street": "Sickleholme",
        "naptan:verified": "no",
        "public_transport": "platform",
        "shelter": "yes",
        "wheelchair": "yes"
      },
      "geometry": {
        "type": "Point",
        "coordinates": [
          -1.6903394,
          53.3385852
        ]
      },
      "id": "node/2609828060"
    },
    {
      "type": "Feature",
      "properties": {
        "@id": "node/2609933039",
        "bench": "no",
        "bin": "no",
        "bus": "yes",
        "highway": "bus_stop",
        "lit": "no",
        "name": "Yorkshire Bridge Hotel",
        "naptan:AtcoCode": "1000DYBA3766",
        "naptan:NaptanCode": "dbsdgawg",
        "public_transport": "platform",
        "ref": "1000DYBA3766",
        "shelter": "no",
        "tactile_paving": "no",
        "wheelchair": "yes"
      },
      "geometry": {
        "type": "Point",
        "coordinates": [
          -1.6985435,
          53.3625487
        ]
      },
      "id": "node/2609933039"
    },
    {
      "type": "Feature",
      "properties": {
        "@id": "node/2609993132",
        "bench": "no",
        "bin": "no",
        "bus": "yes",
        "highway": "bus_stop",
        "lit": "no",
        "name": "Hathersage (Riverside Dairy)",
        "naptan:AtcoCode": "100000008373",
        "naptan:NaptanCode": "dbsgmgtg",
        "public_transport": "platform",
        "shelter": "no",
        "tactile_paving": "no"
      },
      "geometry": {
        "type": "Point",
        "coordinates": [
          -1.6819946,
          53.3351481
        ]
      },
      "id": "node/2609993132"
    },
    {
      "type": "Feature",
      "properties": {
        "@id": "node/2609993156",
        "bench": "no",
        "bin": "no",
        "bus": "yes",
        "departures_board": "timetable",
        "highway": "bus_stop",
        "lit": "no",
        "name": "Hathersage (Cunliffe House)",
        "naptan:AtcoCode": "100000008384",
        "naptan:Bearing": "SE",
        "naptan:CommonName": "Cunliffe House",
        "naptan:Indicator": "Adj",
        "naptan:NaptanCode": "dbsdwmaw",
        "naptan:PlusbusZoneRef": "BUXTON",
        "naptan:Street": "Castleton Road",
        "naptan:verified": "no",
        "public_transport": "platform",
        "shelter": "no",
        "tactile_paving": "no"
      },
      "geometry": {
        "type": "Point",
        "coordinates": [
          -1.6776838,
          53.3342367
        ]
      },
      "id": "node/2609993156"
    },
    {
      "type": "Feature",
      "properties": {
        "@id": "node/2638395935",
        "bench": "yes",
        "bin": "yes",
        "bus": "yes",
        "highway": "bus_stop",
        "lit": "yes",
        "name": "Eyam (The Square)",
        "naptan:AtcoCode": "1000DEPP3073",
        "public_transport": "platform",
        "shelter": "yes",
        "source": "survey",
        "tactile_paving": "no"
      },
      "geometry": {
        "type": "Point",
        "coordinates": [
          -1.6712257,
          53.2842244
        ]
      },
      "id": "node/2638395935"
    },
    {
      "type": "Feature",
      "properties": {
        "@id": "node/2638468442",
        "bench": "yes",
        "bin": "yes",
        "bus": "yes",
        "highway": "bus_stop",
        "lit": "yes",
        "name": "Eyam (The Square)",
        "naptan:AtcoCode": "1000DETS3775",
        "naptan:Bearing": "W",
        "naptan:CommonName": "The Square",
        "naptan:Indicator": "opp",
        "naptan:NaptanCode": "dbsgawad",
        "naptan:PlusbusZoneRef": "BUXTON",
        "naptan:Street": "The Square",
        "naptan:verified": "no",
        "public_transport": "platform",
        "shelter": "no",
        "source": "survey",
        "tactile_paving": "no"
      },
      "geometry": {
        "type": "Point",
        "coordinates": [
          -1.6713706,
          53.2840961
        ]
      },
      "id": "node/2638468442"
    },
    {
      "type": "Feature",
      "properties": {
        "@id": "node/2949244543",
        "bench": "no",
        "bin": "no",
        "bus": "yes",
        "highway": "bus_stop",
        "lit": "no",
        "name": "Middleton by Youlgrave, The Square",
        "naptan:AtcoCode": "1000DM000761",
        "naptan:Bearing": "N",
        "naptan:CommonName": "The Square",
        "naptan:Indicator": "on",
        "naptan:NaptanCode": "dbsatpdj",
        "naptan:PlusbusZoneRef": "BUXTON",
        "naptan:Street": "Weadow Lane",
        "naptan:verified": "no",
        "public_transport": "platform",
        "shelter": "no",
        "tactile_paving": "no"
      },
      "geometry": {
        "type": "Point",
        "coordinates": [
          -1.7086934,
          53.1658582
        ]
      },
      "id": "node/2949244543"
    },
    {
      "type": "Feature",
      "properties": {
        "@id": "node/3156187838",
        "bus": "yes",
        "highway": "bus_stop",
        "name": "Topley Pike",
        "naptan:AtcoCode": "1000DKSA3062",
        "naptan:Bearing": "E",
        "naptan:CommonName": "Topley Pike",
        "naptan:Indicator": "Opp",
        "naptan:NaptanCode": "dbsamwpw",
        "naptan:PlusbusZoneRef": "BUXTON",
        "naptan:Street": "A6",
        "naptan:verified": "no",
        "public_transport": "platform",
        "shelter": "no"
      },
      "geometry": {
        "type": "Point",
        "coordinates": [
          -1.8483727,
          53.2490049
        ]
      },
      "id": "node/3156187838"
    },
    {
      "type": "Feature",
      "properties": {
        "@id": "node/3223304759",
        "bench": "no",
        "bin": "no",
        "bus": "yes",
        "highway": "bus_stop",
        "lit": "no",
        "name": "Ashopton/Strines Turn",
        "naptan:AtcoCode": "100000008365",
        "naptan:Bearing": "E",
        "naptan:BusStopType": "CUS",
        "naptan:CommonName": "Strines Turn",
        "naptan:Indicator": "Adj",
        "naptan:NaptanCode": "dbsdpgtg",
        "naptan:Street": "A57",
        "naptan:verified": "no",
        "public_transport": "platform",
        "shelter": "no",
        "tactile_paving": "no"
      },
      "geometry": {
        "type": "Point",
        "coordinates": [
          -1.6631589,
          53.3855631
        ]
      },
      "id": "node/3223304759"
    },
    {
      "type": "Feature",
      "properties": {
        "@id": "node/3223304760",
        "bench": "no",
        "bin": "no",
        "bus": "yes",
        "highway": "bus_stop",
        "lit": "no",
        "name": "Ashopton/Strines Turn",
        "naptan:AtcoCode": "1000DAAS3966",
        "naptan:Bearing": "W",
        "naptan:CommonName": "Strines Turn",
        "naptan:Indicator": "Opp",
        "naptan:NaptanCode": "dbsadwtj",
        "naptan:Street": "A57",
        "naptan:verified": "no",
        "public_transport": "platform",
        "shelter": "no",
        "tactile_paving": "no"
      },
      "geometry": {
        "type": "Point",
        "coordinates": [
          -1.6631738,
          53.3854546
        ]
      },
      "id": "node/3223304760"
    },
    {
      "type": "Feature",
      "properties": {
        "@id": "node/3673716372",
        "bench": "yes",
        "bin": "yes",
        "bus": "yes",
        "highway": "bus_stop",
        "lit": "yes",
        "name": "Eyam Hall",
        "naptan:AtcoCode": "1000DEEH3070",
        "naptan:NaptanCode": "dbsamjat",
        "public_transport": "platform",
        "shelter": "yes",
        "source": "survey",
        "tactile_paving": "no"
      },
      "geometry": {
        "type": "Point",
        "coordinates": [
          -1.6773413,
          53.285259
        ]
      },
      "id": "node/3673716372"
    },
    {
      "type": "Feature",
      "properties": {
        "@id": "node/3731743681",
        "bench": "yes",
        "bin": "no",
        "bus": "yes",
        "highway": "bus_stop",
        "lit": "yes",
        "name": "Great Longstone (Village Green)",
        "naptan:AtcoCode": "1000DGLM3673",
        "naptan:NaptanCode": "dbsgamda",
        "public_transport": "platform",
        "shelter": "no",
        "tactile_paving": "no"
      },
      "geometry": {
        "type": "Point",
        "coordinates": [
          -1.7034354,
          53.2430601
        ]
      },
      "id": "node/3731743681"
    },
    {
      "type": "Feature",
      "properties": {
        "@id": "node/3773716631",
        "bus": "yes",
        "highway": "bus_stop",
        "naptan:AtcoCode": "100054606",
        "naptan:NaptanCode": "dbsjdtgj",
        "public_transport": "platform"
      },
      "geometry": {
        "type": "Point",
        "coordinates": [
          -1.7701041,
          53.0914785
        ]
      },
      "id": "node/3773716631"
    },
    {
      "type": "Feature",
      "properties": {
        "@id": "node/3791665086",
        "bench": "no",
        "bin": "no",
        "bus": "yes",
        "highway": "bus_stop",
        "name": "Foolow Bull's Head",
        "naptan:AtcoCode": "1000DFBHI259",
        "naptan:NaptanCode": "dbsamjgt",
        "public_transport": "platform",
        "shelter": "no",
        "source": "survey"
      },
      "geometry": {
        "type": "Point",
        "coordinates": [
          -1.7139433,
          53.2877401
        ]
      },
      "id": "node/3791665086"
    },
    {
      "type": "Feature",
      "properties": {
        "@id": "node/4013090738",
        "bench": "yes",
        "bus": "yes",
        "highway": "bus_stop",
        "name": "Brough (Travellers Rest)",
        "naptan:AtcoCode": "1000DBHR3773",
        "naptan:Bearing": "SE",
        "naptan:CommonName": "Travellers Rest",
        "naptan:Indicator": "outside",
        "naptan:NaptanCode": "dbsgtapm",
        "naptan:PlusbusZoneRef": "BUXTON",
        "naptan:Street": "Hope Road",
        "naptan:verified": "no",
        "public_transport": "platform",
        "shelter": "yes",
        "source": "map note"
      },
      "geometry": {
        "type": "Point",
        "coordinates": [
          -1.7239613,
          53.3414894
        ]
      },
      "id": "node/4013090738"
    },
    {
      "type": "Feature",
      "properties": {
        "@id": "node/4013090739",
        "bus": "yes",
        "highway": "bus_stop",
        "name": "Brough (Travellers Rest)",
        "public_transport": "platform",
        "source": "map note"
      },
      "geometry": {
        "type": "Point",
        "coordinates": [
          -1.72465,
          53.3415655
        ]
      },
      "id": "node/4013090739"
    },
    {
      "type": "Feature",
      "properties": {
        "@id": "node/4060222755",
        "bus": "yes",
        "highway": "bus_stop",
        "name": "Hathersage (Crossland Road)",
        "naptan:AtcoCode": "1000DHSR3491",
        "naptan:NaptanCode": "dbsapmjt",
        "public_transport": "platform",
        "shelter": "no"
      },
      "geometry": {
        "type": "Point",
        "coordinates": [
          -1.6503044,
          53.3299119
        ]
      },
      "id": "node/4060222755"
    },
    {
      "type": "Feature",
      "properties": {
        "@id": "node/4060256674",
        "bus": "yes",
        "highway": "bus_stop",
        "name": "Bradwell (Memorial Hall)",
        "naptan:AtcoCode": "1000DBNP1769",
        "naptan:NaptanCode": "dbsgmama",
        "public_transport": "platform"
      },
      "geometry": {
        "type": "Point",
        "coordinates": [
          -1.7419021,
          53.3289318
        ]
      },
      "id": "node/4060256674"
    },
    {
      "type": "Feature",
      "properties": {
        "@id": "node/4135760799",
        "bus": "yes",
        "highway": "bus_stop",
        "name": "Edensor, B6048 / Cuttings",
        "naptan:AtcoCode": "1000DCEC3429",
        "naptan:Bearing": "NW",
        "naptan:CommonName": "Cuttings",
        "naptan:Indicator": "Opp",
        "naptan:Landmark": "B6012",
        "naptan:LocalityName": "Edensor",
        "naptan:NaptanCode": "dbsgjmjt",
        "naptan:PlusbusZoneRef": "BUXTON",
        "naptan:Street": "B6048",
        "public_transport": "platform",
        "source": "naptan_import"
      },
      "geometry": {
        "type": "Point",
        "coordinates": [
          -1.6316106,
          53.2331824
        ]
      },
      "id": "node/4135760799"
    },
    {
      "type": "Feature",
      "properties": {
        "@id": "node/4441198090",
        "bench": "yes",
        "bin": "yes",
        "bus": "yes",
        "highway": "bus_stop",
        "name": "Eyam Little Edge",
        "naptan:AtcoCode": "1000DEHR3068",
        "naptan:NaptanCode": "dbsgatmp",
        "public_transport": "platform",
        "shelter": "yes"
      },
      "geometry": {
        "type": "Point",
        "coordinates": [
          -1.6793427,
          53.2869648
        ]
      },
      "id": "node/4441198090"
    },
    {
      "type": "Feature",
      "properties": {
        "@id": "node/4455508402",
        "bus": "yes",
        "highway": "bus_stop",
        "name": "Bamford (Greenhead Park)",
        "naptan:AtcoCode": "1000DTQS3058",
        "naptan:NaptanCode": "dbsdgmjd",
        "public_transport": "platform"
      },
      "geometry": {
        "type": "Point",
        "coordinates": [
          -1.6912017,
          53.3514792
        ]
      },
      "id": "node/4455508402"
    },
    {
      "type": "Feature",
      "properties": {
        "@id": "node/4626291637",
        "bench": "yes",
        "bin": "yes",
        "bus": "yes",
        "highway": "bus_stop",
        "lit": "yes",
        "name": "Ashford-in-the-Water (Ashford Arms)",
        "naptan:AtcoCode": "1000DANRP772",
        "naptan:NaptanCode": "dbsgwdtm",
        "public_transport": "platform",
        "shelter": "yes",
        "tactile_paving": "no"
      },
      "geometry": {
        "type": "Point",
        "coordinates": [
          -1.7065665,
          53.2244839
        ]
      },
      "id": "node/4626291637"
    },
    {
      "type": "Feature",
      "properties": {
        "@id": "node/4626291655",
        "bench": "no",
        "bus": "yes",
        "highway": "bus_stop",
        "name": "Ashford-in-the-Water (Ashford Arms)",
        "naptan:AtcoCode": "1000DANRO099",
        "naptan:NaptanCode": "dbsgwdtj",
        "public_transport": "platform",
        "shelter": "no"
      },
      "geometry": {
        "type": "Point",
        "coordinates": [
          -1.7062392,
          53.224333
        ]
      },
      "id": "node/4626291655"
    },
    {
      "type": "Feature",
      "properties": {
        "@id": "node/5117507032",
        "bench": "no",
        "bin": "no",
        "bus": "yes",
        "highway": "bus_stop",
        "lit": "no",
        "name": "Cressbrook (Phone Box)",
        "public_transport": "platform",
        "shelter": "no",
        "source": "survey",
        "tactile_paving": "no"
      },
      "geometry": {
        "type": "Point",
        "coordinates": [
          -1.7469441,
          53.2547042
        ]
      },
      "id": "node/5117507032"
    },
    {
      "type": "Feature",
      "properties": {
        "@id": "node/5821589835",
        "bench": "yes",
        "bin": "yes",
        "bus": "yes",
        "highway": "bus_stop",
        "lit": "yes",
        "name": "Bradwell Batham Gate",
        "naptan:AtcoCode": "1000DBSR3688",
        "naptan:NaptanCode": "dbsagpat",
        "public_transport": "platform",
        "shelter": "yes",
        "tactile_paving": "yes"
      },
      "geometry": {
        "type": "Point",
        "coordinates": [
          -1.7413176,
          53.3319808
        ]
      },
      "id": "node/5821589835"
    },
    {
      "type": "Feature",
      "properties": {
        "@id": "node/6168811287",
        "bench": "no",
        "bin": "no",
        "bus": "yes",
        "fixme": "Location approximate",
        "highway": "bus_stop",
        "lit": "no",
        "name": "Baslow (Bar Brook Bridge)",
        "naptan:AtcoCode": "1000DCCC3353",
        "naptan:Bearing": "SW",
        "naptan:BusStopType": "CUS",
        "naptan:CommonName": "Bar Brook Bridge",
        "naptan:Indicator": "opp",
        "naptan:NaptanCode": "dbsgjgad",
        "naptan:Street": "Sheffield Road",
        "naptan:verified": "no",
        "public_transport": "platform",
        "shelter": "no",
        "tactile_paving": "no"
      },
      "geometry": {
        "type": "Point",
        "coordinates": [
          -1.5852656,
          53.2619657
        ]
      },
      "id": "node/6168811287"
    },
    {
      "type": "Feature",
      "properties": {
        "@id": "node/6168811398",
        "bus": "yes",
        "highway": "bus_stop",
        "name": "Chatsworth Road",
        "naptan:AtcoCode": "1000DBCRC780",
        "naptan:Bearing": "S",
        "naptan:CommonName": "Chatsworth Road",
        "naptan:Indicator": "S-bound",
        "naptan:NaptanCode": "dbsagmjd",
        "naptan:PlusbusZoneRef": "BUXTON",
        "naptan:Street": "Chatsworth Road",
        "naptan:verified": "no",
        "public_transport": "platform"
      },
      "geometry": {
        "type": "Point",
        "coordinates": [
          -1.6052598,
          53.2034575
        ]
      },
      "id": "node/6168811398"
    },
    {
      "type": "Feature",
      "properties": {
        "@id": "node/6376832512",
        "bus": "yes",
        "highway": "bus_stop",
        "name": "Digmire Lane",
        "naptan:AtcoCode": "1000DTWLT297",
        "naptan:Bearing": "SE",
        "naptan:CommonName": "Digmire Lane",
        "naptan:Indicator": "Opp",
        "naptan:NaptanCode": "dbsdgmtd",
        "naptan:PlusbusZoneRef": "BUXTON",
        "naptan:Street": "Thorpe Road",
        "naptan:verified": "no",
        "public_transport": "platform"
      },
      "geometry": {
        "type": "Point",
        "coordinates": [
          -1.7694224,
          53.0513659
        ]
      },
      "id": "node/6376832512"
    },
    {
      "type": "Feature",
      "properties": {
        "@id": "node/6834173587",
        "bench": "no",
        "bus": "yes",
        "highway": "bus_stop",
        "name": "Baslow Nether End",
        "naptan:AtcoCode": "1000DBNE3204",
        "naptan:NaptanCode": "dbsgmajp",
        "public_transport": "platform",
        "shelter": "no"
      },
      "geometry": {
        "type": "Point",
        "coordinates": [
          -1.6144739,
          53.2458198
        ]
      },
      "id": "node/6834173587"
    },
    {
      "type": "Feature",
      "properties": {
        "@id": "node/6834173588",
        "bench": "yes",
        "bin": "no",
        "bus": "yes",
        "highway": "bus_stop",
        "lit": "yes",
        "name": "Baslow Nether End",
        "naptan:AtcoCode": "1000DBNE3205",
        "naptan:NaptanCode": "dbsgmajt",
        "public_transport": "platform",
        "shelter": "no",
        "tactile_paving": "no"
      },
      "geometry": {
        "type": "Point",
        "coordinates": [
          -1.6142188,
          53.2456621
        ]
      },
      "id": "node/6834173588"
    },
    {
      "type": "Feature",
      "properties": {
        "@id": "node/6835688367",
        "bus": "yes",
        "highway": "bus_stop",
        "naptan:AtcoCode": "1000DCAW3718",
        "naptan:NaptanCode": "dbsgwmwj",
        "public_transport": "platform"
      },
      "geometry": {
        "type": "Point",
        "coordinates": [
          -1.9497353,
          53.4224437
        ]
      },
      "id": "node/6835688367"
    },
    {
      "type": "Feature",
      "properties": {
        "@id": "node/6835688370",
        "bus": "yes",
        "highway": "bus_stop",
        "name": "Brookhouses",
        "naptan:AtcoCode": "1000DLHG3699",
        "naptan:Bearing": "NE",
        "naptan:CommonName": "Brookhouses",
        "naptan:Indicator": "Adj",
        "naptan:NaptanCode": "dbsdtwpa",
        "naptan:PlusbusZoneRef": "BUXTON",
        "naptan:Street": "Glossop Road",
        "naptan:verified": "no",
        "public_transport": "platform",
        "tactile_paving": "no",
        "wheelchair": "limited"
      },
      "geometry": {
        "type": "Point",
        "coordinates": [
          -1.952217,
          53.3983077
        ]
      },
      "id": "node/6835688370"
    },
    {
      "type": "Feature",
      "properties": {
        "@id": "node/6835688371",
        "bus": "yes",
        "highway": "bus_stop",
        "name": "Rhododendrons",
        "naptan:AtcoCode": "1000DLHG3727",
        "naptan:NaptanCode": "dbsdtwpw",
        "public_transport": "platform"
      },
      "geometry": {
        "type": "Point",
        "coordinates": [
          -1.9510697,
          53.3942842
        ]
      },
      "id": "node/6835688371"
    },
    {
      "type": "Feature",
      "properties": {
        "@id": "node/6835688372",
        "bus": "yes",
        "highway": "bus_stop",
        "name": "Little Hayfield Lyme View",
        "naptan:AtcoCode": "1000DLHG3733",
        "naptan:Bearing": "S",
        "naptan:CommonName": "Lyme View",
        "naptan:Indicator": "Adj",
        "naptan:NaptanCode": "dbsdtwtg",
        "naptan:PlusbusZoneRef": "BUXTON",
        "naptan:Street": "Glossop Road",
        "naptan:verified": "no",
        "public_transport": "platform"
      },
      "geometry": {
        "type": "Point",
        "coordinates": [
          -1.9490902,
          53.3871982
        ]
      },
      "id": "node/6835688372"
    },
    {
      "type": "Feature",
      "properties": {
        "@id": "node/6835688373",
        "bus": "yes",
        "highway": "bus_stop",
        "name": "Little Hayfield Lyme View",
        "naptan:AtcoCode": "1000DLHG3731",
        "naptan:NaptanCode": "dbsdtwtd",
        "public_transport": "platform"
      },
      "geometry": {
        "type": "Point",
        "coordinates": [
          -1.9491814,
          53.3880212
        ]
      },
      "id": "node/6835688373"
    },
    {
      "type": "Feature",
      "properties": {
        "@id": "node/6835688374",
        "bench": "no",
        "bin": "no",
        "bus": "yes",
        "covered": "no",
        "highway": "bus_stop",
        "name": "Hill Crest",
        "naptan:AtcoCode": "1000DHGR3732",
        "naptan:Bearing": "S",
        "naptan:CommonName": "Hill Crest",
        "naptan:Indicator": "S-bound",
        "naptan:NaptanCode": "dbsgadgp",
        "naptan:PlusbusZoneRef": "BUXTON",
        "naptan:Street": "Glossop Road",
        "naptan:verified": "no",
        "public_transport": "platform",
        "shelter": "no",
        "tactile_paving": "no",
        "wheelchair": "limited"
      },
      "geometry": {
        "type": "Point",
        "coordinates": [
          -1.9488058,
          53.3830828
        ]
      },
      "id": "node/6835688374"
    },
    {
      "type": "Feature",
      "properties": {
        "@id": "node/6835688375",
        "bench": "no",
        "bin": "no",
        "bus": "yes",
        "covered": "no",
        "highway": "bus_stop",
        "name": "Hill Crest",
        "public_transport": "platform",
        "shelter": "no",
        "tactile_paving": "no",
        "wheelchair": "limited"
      },
      "geometry": {
        "type": "Point",
        "coordinates": [
          -1.9489655,
          53.3831164
        ]
      },
      "id": "node/6835688375"
    },
    {
      "type": "Feature",
      "properties": {
        "@id": "node/6933056416",
        "bench": "yes",
        "bus": "yes",
        "highway": "bus_stop",
        "name": "Post Office",
        "public_transport": "platform",
        "shelter": "yes"
      },
      "geometry": {
        "type": "Point",
        "coordinates": [
          -1.7703505,
          53.1264404
        ]
      },
      "id": "node/6933056416"
    },
    {
      "type": "Feature",
      "properties": {
        "@id": "node/7369778900",
        "bench": "no",
        "bin": "no",
        "bus": "yes",
        "highway": "bus_stop",
        "name": "Baslow (Cupola Cottage)",
        "naptan:AtcoCode": "1000DBSR3357",
        "naptan:NaptanCode": "dbsgjpdt",
        "public_transport": "platform",
        "shelter": "no"
      },
      "geometry": {
        "type": "Point",
        "coordinates": [
          -1.6000594,
          53.2557878
        ]
      },
      "id": "node/7369778900"
    },
    {
      "type": "Feature",
      "properties": {
        "@id": "node/7369778901",
        "bench": "no",
        "bin": "no",
        "bus": "yes",
        "highway": "bus_stop",
        "name": "Baslow (Cupola Cottage)",
        "naptan:AtcoCode": "1000DBSR3358",
        "naptan:Bearing": "NE",
        "naptan:CommonName": "Cupola Cottage",
        "naptan:Indicator": "Opp",
        "naptan:NaptanCode": "dbsagpap",
        "naptan:Street": "Sheffield Road",
        "naptan:verified": "no",
        "public_transport": "platform",
        "shelter": "no"
      },
      "geometry": {
        "type": "Point",
        "coordinates": [
          -1.600146,
          53.2558445
        ]
      },
      "id": "node/7369778901"
    },
    {
      "type": "Feature",
      "properties": {
        "@id": "node/7369778904",
        "bus": "yes",
        "highway": "bus_stop",
        "name": "Baslow (Golden Gates)",
        "naptan:AtcoCode": "100000021969",
        "naptan:NaptanCode": "dbsgpdap",
        "public_transport": "platform"
      },
      "geometry": {
        "type": "Point",
        "coordinates": [
          -1.6097981,
          53.2471727
        ]
      },
      "id": "node/7369778904"
    },
    {
      "type": "Feature",
      "properties": {
        "@id": "node/7369778906",
        "bus": "yes",
        "highway": "bus_stop",
        "name": "Baslow (Golden Gates)",
        "naptan:AtcoCode": "100000021964",
        "naptan:NaptanCode": "dbsgpdaj",
        "public_transport": "platform"
      },
      "geometry": {
        "type": "Point",
        "coordinates": [
          -1.6097968,
          53.2472658
        ]
      },
      "id": "node/7369778906"
    },
    {
      "type": "Feature",
      "properties": {
        "@id": "node/7369778909",
        "bus": "yes",
        "highway": "bus_stop",
        "name": "Baslow (Devonshire Bridge)",
        "naptan:AtcoCode": "1000DBDB3356",
        "naptan:Bearing": "NE",
        "naptan:CommonName": "Devonshire Bridge",
        "naptan:Indicator": "Adj",
        "naptan:NaptanCode": "dbsagtaw",
        "naptan:PlusbusZoneRef": "BUXTON",
        "naptan:Street": "Bakewell Road",
        "naptan:verified": "no",
        "public_transport": "platform"
      },
      "geometry": {
        "type": "Point",
        "coordinates": [
          -1.6236766,
          53.2459349
        ]
      },
      "id": "node/7369778909"
    },
    {
      "type": "Feature",
      "properties": {
        "@id": "node/7369778910",
        "bus": "yes",
        "highway": "bus_stop",
        "name": "Baslow (Devonshire Bridge)",
        "naptan:AtcoCode": "1000DBDB3355",
        "naptan:NaptanCode": "dbsagtat",
        "public_transport": "platform"
      },
      "geometry": {
        "type": "Point",
        "coordinates": [
          -1.6240253,
          53.2456059
        ]
      },
      "id": "node/7369778910"
    },
    {
      "type": "Feature",
      "properties": {
        "@id": "node/7369778913",
        "bus": "yes",
        "highway": "bus_stop",
        "name": "Edensor, B6012 / Gates",
        "naptan:AtcoCode": "1000DEBE3352",
        "naptan:Bearing": "SE",
        "naptan:BusStopType": "CUS",
        "naptan:CommonName": "Gates",
        "naptan:Indicator": "Opp",
        "naptan:Landmark": "Edensor Gates",
        "naptan:LocalityName": "Edensor",
        "naptan:NaptanCode": "dbsampad",
        "naptan:PlusbusZoneRef": "BUXTON",
        "naptan:Street": "B6012",
        "public_transport": "platform",
        "source": "naptan_import"
      },
      "geometry": {
        "type": "Point",
        "coordinates": [
          -1.625138,
          53.2267507
        ]
      },
      "id": "node/7369778913"
    },
    {
      "type": "Feature",
      "properties": {
        "@id": "node/7369778914",
        "bus": "yes",
        "highway": "bus_stop",
        "name": "Edensor, B6012 / Gates",
        "naptan:AtcoCode": "1000DEBEG777",
        "naptan:Bearing": "NW",
        "naptan:CommonName": "Gates",
        "naptan:Indicator": "Adj",
        "naptan:Landmark": "Edensor Gates",
        "naptan:LocalityName": "Edensor",
        "naptan:NaptanCode": "dbsampag",
        "naptan:PlusbusZoneRef": "BUXTON",
        "naptan:Street": "B6012",
        "public_transport": "platform",
        "source": "naptan_import"
      },
      "geometry": {
        "type": "Point",
        "coordinates": [
          -1.6251645,
          53.2266692
        ]
      },
      "id": "node/7369778914"
    },
    {
      "type": "Feature",
      "properties": {
        "@id": "node/7369778917",
        "bench": "no",
        "bin": "yes",
        "bus": "yes",
        "highway": "bus_stop",
        "name": "Chatsworth House",
        "naptan:AtcoCode": "1000DCH01722",
        "naptan:Bearing": "NE",
        "naptan:CommonName": "Chatsworth House",
        "naptan:Indicator": "Adj",
        "naptan:Landmark": "Chatsworth House",
        "naptan:LocalityName": "Chatsworth",
        "naptan:NaptanCode": "dbsajpat",
        "naptan:PlusbusZoneRef": "BUXTON",
        "naptan:Street": "Driveway",
        "public_transport": "platform",
        "shelter": "no",
        "source": "naptan_import",
        "tactile_paving": "no"
      },
      "geometry": {
        "type": "Point",
        "coordinates": [
          -1.6109617,
          53.2293779
        ]
      },
      "id": "node/7369778917"
    },
    {
      "type": "Feature",
      "properties": {
        "@id": "node/7369778920",
        "bus": "yes",
        "highway": "bus_stop",
        "name": "Edensor, B6048 / Cuttings",
        "naptan:AtcoCode": "1000DCEC3428",
        "naptan:Bearing": "SE",
        "naptan:CommonName": "Cuttings",
        "naptan:Indicator": "Adj",
        "naptan:Landmark": "B6012",
        "naptan:LocalityName": "Edensor",
        "naptan:NaptanCode": "dbsgjmjp",
        "naptan:PlusbusZoneRef": "BUXTON",
        "naptan:Street": "B6048",
        "public_transport": "platform",
        "source": "naptan_import"
      },
      "geometry": {
        "type": "Point",
        "coordinates": [
          -1.6317407,
          53.2333024
        ]
      },
      "id": "node/7369778920"
    },
    {
      "type": "Feature",
      "properties": {
        "@id": "node/7369778923",
        "bus": "yes",
        "highway": "bus_stop",
        "name": "Pilsley, B6048 / School",
        "naptan:AtcoCode": "1000DPBS0097",
        "naptan:Bearing": "NE",
        "naptan:CommonName": "School",
        "naptan:Indicator": "Adj",
        "naptan:Landmark": "Pilsley C Of E School",
        "naptan:LocalityName": "Pilsley",
        "naptan:NaptanCode": "dbsdpawm",
        "naptan:PlusbusZoneRef": "BUXTON",
        "naptan:Street": "B6048",
        "public_transport": "platform",
        "source": "naptan_import"
      },
      "geometry": {
        "type": "Point",
        "coordinates": [
          -1.6402168,
          53.2345665
        ]
      },
      "id": "node/7369778923"
    },
    {
      "type": "Feature",
      "properties": {
        "@id": "node/7369778924",
        "bus": "yes",
        "highway": "bus_stop",
        "name": "Pilsley, B6048 / School",
        "naptan:AtcoCode": "1000DPBS3427",
        "naptan:Bearing": "SW",
        "naptan:CommonName": "School",
        "naptan:Indicator": "Opp",
        "naptan:Landmark": "Pilsley C Of E School",
        "naptan:LocalityName": "Pilsley",
        "naptan:NaptanCode": "dbsgtwgj",
        "naptan:PlusbusZoneRef": "BUXTON",
        "naptan:Street": "B6048",
        "public_transport": "platform",
        "source": "naptan_import"
      },
      "geometry": {
        "type": "Point",
        "coordinates": [
          -1.6400881,
          53.2345946
        ]
      },
      "id": "node/7369778924"
    },
    {
      "type": "Feature",
      "properties": {
        "@id": "node/7369778927",
        "bus": "yes",
        "highway": "bus_stop",
        "name": "Bakewell, Baslow Road / Birchills Lodge",
        "naptan:AtcoCode": "1000DBBR3215",
        "naptan:Bearing": "W",
        "naptan:CommonName": "Birchills Lodge",
        "naptan:Indicator": "Adj",
        "naptan:Landmark": "Birchills Lodge",
        "naptan:LocalityName": "Bakewell",
        "naptan:NaptanCode": "dbsagjta",
        "naptan:PlusbusZoneRef": "BUXTON",
        "naptan:Street": "Baslow Road",
        "public_transport": "platform",
        "source": "naptan_import"
      },
      "geometry": {
        "type": "Point",
        "coordinates": [
          -1.6592249,
          53.2294817
        ]
      },
      "id": "node/7369778927"
    },
    {
      "type": "Feature",
      "properties": {
        "@id": "node/7369778929",
        "bench": "no",
        "bin": "no",
        "bus": "yes",
        "highway": "bus_stop",
        "lit": "no",
        "name": "Bakewell, Baslow Road / Birchills Lodge",
        "naptan:AtcoCode": "1000DBPR3426",
        "naptan:Bearing": "E",
        "naptan:CommonName": "Birchills Lodge",
        "naptan:Indicator": "Opp",
        "naptan:Landmark": "Birchills Lodge",
        "naptan:LocalityName": "Bakewell",
        "naptan:NaptanCode": "dbsgmatj",
        "naptan:PlusbusZoneRef": "BUXTON",
        "naptan:Street": "Baslow Road",
        "public_transport": "platform",
        "shelter": "no",
        "source": "naptan_import",
        "tactile_paving": "no"
      },
      "geometry": {
        "type": "Point",
        "coordinates": [
          -1.6613808,
          53.2290929
        ]
      },
      "id": "node/7369778929"
    },
    {
      "type": "Feature",
      "properties": {
        "@id": "node/7369778936",
        "bus": "yes",
        "highway": "bus_stop",
        "name": "Bakewell, Baslow Road / Pineapple Farm",
        "naptan:AtcoCode": "1000DBBR3211",
        "naptan:Bearing": "SW",
        "naptan:BusStopType": "CUS",
        "naptan:CommonName": "Pineapple Farm",
        "naptan:Indicator": "Adj",
        "naptan:Landmark": "Pineapple House Farm",
        "naptan:LocalityName": "Bakewell",
        "naptan:NaptanCode": "dbsagjpj",
        "naptan:PlusbusZoneRef": "BUXTON",
        "naptan:Street": "Baslow Road",
        "public_transport": "platform",
        "source": "naptan_import"
      },
      "geometry": {
        "type": "Point",
        "coordinates": [
          -1.671544,
          53.2259639
        ]
      },
      "id": "node/7369778936"
    },
    {
      "type": "Feature",
      "properties": {
        "@id": "node/7369778938",
        "bus": "yes",
        "highway": "bus_stop",
        "name": "Bakewell, Baslow Road",
        "naptan:AtcoCode": "1000DBBR3213",
        "naptan:Bearing": "S",
        "naptan:CommonName": "Baslow Road",
        "naptan:Indicator": "S-bound",
        "naptan:Landmark": "Belvedere House",
        "naptan:LocalityName": "Bakewell",
        "naptan:NaptanCode": "dbsagjpt",
        "naptan:PlusbusZoneRef": "BUXTON",
        "naptan:Street": "Baslow Road A619",
        "public_transport": "platform",
        "source": "naptan_import"
      },
      "geometry": {
        "type": "Point",
        "coordinates": [
          -1.6722598,
          53.2243217
        ]
      },
      "id": "node/7369778938"
    },
    {
      "type": "Feature",
      "properties": {
        "@id": "node/7370255992",
        "bench": "no",
        "bin": "yes",
        "bus": "yes",
        "highway": "bus_stop",
        "name": "Owler Bar (Peacock Hotel)",
        "naptan:AtcoCode": "1000DOBTP186",
        "naptan:Bearing": "W",
        "naptan:CommonName": "Peacock Hotel",
        "naptan:Indicator": "Opp",
        "naptan:NaptanCode": "dbsdptjp",
        "naptan:Street": "A621",
        "naptan:verified": "no",
        "public_transport": "platform",
        "shelter": "no"
      },
      "geometry": {
        "type": "Point",
        "coordinates": [
          -1.5594955,
          53.2982259
        ]
      },
      "id": "node/7370255992"
    },
    {
      "type": "Feature",
      "properties": {
        "@id": "node/7370255994",
        "bus": "yes",
        "highway": "bus_stop",
        "name": "Owler Bar (Peacock Hotel)",
        "naptan:AtcoCode": "1000DOBTP693",
        "naptan:Bearing": "E",
        "naptan:CommonName": "Peacock Hotel",
        "naptan:Indicator": "Adj",
        "naptan:NaptanCode": "dbsdptjt",
        "naptan:Street": "A621",
        "naptan:verified": "no",
        "public_transport": "platform"
      },
      "geometry": {
        "type": "Point",
        "coordinates": [
          -1.5612424,
          53.2981407
        ]
      },
      "id": "node/7370255994"
    },
    {
      "type": "Feature",
      "properties": {
        "@id": "node/7370281372",
        "bus": "yes",
        "highway": "bus_stop",
        "name": "Baslow (Church)",
        "naptan:AtcoCode": "1000DBCR1771",
        "naptan:Bearing": "W",
        "naptan:CommonName": "Church",
        "naptan:Indicator": "Adj",
        "naptan:NaptanCode": "dbsjadtj",
        "naptan:PlusbusZoneRef": "BUXTON",
        "naptan:Street": "Church Street",
        "naptan:verified": "no",
        "public_transport": "platform"
      },
      "geometry": {
        "type": "Point",
        "coordinates": [
          -1.6244855,
          53.2478681
        ]
      },
      "id": "node/7370281372"
    },
    {
      "type": "Feature",
      "properties": {
        "@id": "node/7370281374",
        "bus": "yes",
        "highway": "bus_stop",
        "name": "Baslow (Church)",
        "naptan:AtcoCode": "1000DBCR3085",
        "naptan:Bearing": "E",
        "naptan:CommonName": "Church",
        "naptan:Indicator": "opp",
        "naptan:NaptanCode": "dbsjadtw",
        "naptan:PlusbusZoneRef": "BUXTON",
        "naptan:Street": "Church Street",
        "naptan:verified": "no",
        "public_transport": "platform"
      },
      "geometry": {
        "type": "Point",
        "coordinates": [
          -1.6239406,
          53.2478781
        ]
      },
      "id": "node/7370281374"
    },
    {
      "type": "Feature",
      "properties": {
        "@id": "node/7370281376",
        "bench": "no",
        "bus": "yes",
        "highway": "bus_stop",
        "name": "Baslow (Bubnell Bridge)",
        "naptan:AtcoCode": "1000DBBB3198",
        "naptan:NaptanCode": "dbsgwjaw",
        "public_transport": "platform",
        "shelter": "no"
      },
      "geometry": {
        "type": "Point",
        "coordinates": [
          -1.624963,
          53.2479058
        ]
      },
      "id": "node/7370281376"
    },
    {
      "type": "Feature",
      "properties": {
        "@id": "node/7370281378",
        "bus": "yes",
        "highway": "bus_stop",
        "name": "Baslow (Bubnell Lane)",
        "naptan:AtcoCode": "100000008424",
        "naptan:Bearing": "N",
        "naptan:BusStopType": "CUS",
        "naptan:CommonName": "Bubnell Lane",
        "naptan:Indicator": "Opp",
        "naptan:NaptanCode": "dbsdwmpd",
        "naptan:PlusbusZoneRef": "BUXTON",
        "naptan:Street": "Bubnell Road",
        "naptan:verified": "no",
        "public_transport": "platform"
      },
      "geometry": {
        "type": "Point",
        "coordinates": [
          -1.6251464,
          53.2468557
        ]
      },
      "id": "node/7370281378"
    },
    {
      "type": "Feature",
      "properties": {
        "@id": "node/7370281379",
        "bus": "yes",
        "highway": "bus_stop",
        "name": "Baslow (Bubnell Lane)",
        "naptan:AtcoCode": "1000DBBB3430",
        "naptan:Bearing": "S",
        "naptan:CommonName": "Bubnell Lane",
        "naptan:Indicator": "Adj",
        "naptan:NaptanCode": "dbsgwjdg",
        "naptan:PlusbusZoneRef": "BUXTON",
        "naptan:Street": "Bubnell Road",
        "naptan:verified": "no",
        "public_transport": "platform"
      },
      "geometry": {
        "type": "Point",
        "coordinates": [
          -1.6249126,
          53.2467444
        ]
      },
      "id": "node/7370281379"
    },
    {
      "type": "Feature",
      "properties": {
        "@id": "node/7371991056",
        "bus": "yes",
        "highway": "bus_stop",
        "name": "Baslow (White Lodge Lane)",
        "naptan:AtcoCode": "1000DBCR3199",
        "naptan:NaptanCode": "dbsagptm",
        "public_transport": "platform"
      },
      "geometry": {
        "type": "Point",
        "coordinates": [
          -1.6264898,
          53.2498807
        ]
      },
      "id": "node/7371991056"
    },
    {
      "type": "Feature",
      "properties": {
        "@id": "node/7371991058",
        "bus": "yes",
        "highway": "bus_stop",
        "name": "Baslow (White Lodge Lane)",
        "naptan:AtcoCode": "1000DBCR3084",
        "naptan:Bearing": "S",
        "naptan:CommonName": "White Lodge Lane",
        "naptan:Indicator": "Adj",
        "naptan:NaptanCode": "dbsjadtp",
        "naptan:PlusbusZoneRef": "BUXTON",
        "naptan:Street": "Calver Road",
        "naptan:verified": "no",
        "public_transport": "platform"
      },
      "geometry": {
        "type": "Point",
        "coordinates": [
          -1.6264755,
          53.2505144
        ]
      },
      "id": "node/7371991058"
    },
    {
      "type": "Feature",
      "properties": {
        "@id": "node/7371991060",
        "bus": "yes",
        "highway": "bus_stop",
        "name": "Baslow (Stanton Ford)",
        "naptan:AtcoCode": "1000DBBR3224",
        "naptan:NaptanCode": "dbsjadgd",
        "public_transport": "platform"
      },
      "geometry": {
        "type": "Point",
        "coordinates": [
          -1.627187,
          53.2577234
        ]
      },
      "id": "node/7371991060"
    },
    {
      "type": "Feature",
      "properties": {
        "@id": "node/7371991061",
        "bus": "yes",
        "highway": "bus_stop",
        "name": "Baslow (Stanton Ford)",
        "naptan:AtcoCode": "1000DCSB3083",
        "naptan:Bearing": "S",
        "naptan:CommonName": "Stanton Ford",
        "naptan:Indicator": "Adj",
        "naptan:NaptanCode": "dbsgdpjt",
        "naptan:PlusbusZoneRef": "BUXTON",
        "naptan:Street": "Calver Road",
        "naptan:verified": "no",
        "public_transport": "platform"
      },
      "geometry": {
        "type": "Point",
        "coordinates": [
          -1.6266986,
          53.2573971
        ]
      },
      "id": "node/7371991061"
    },
    {
      "type": "Feature",
      "properties": {
        "@id": "node/7371991063",
        "bus": "yes",
        "highway": "bus_stop",
        "name": "Calver (Cliff College)",
        "naptan:AtcoCode": "1000DCSB3203",
        "naptan:NaptanCode": "dbsgdpjw",
        "public_transport": "platform"
      },
      "geometry": {
        "type": "Point",
        "coordinates": [
          -1.629135,
          53.2608235
        ]
      },
      "id": "node/7371991063"
    },
    {
      "type": "Feature",
      "properties": {
        "@id": "node/7371991065",
        "bus": "yes",
        "highway": "bus_stop",
        "name": "Calver (Cliff College)",
        "naptan:AtcoCode": "1000DCSC3082",
        "naptan:NaptanCode": "dbsgdpmp",
        "public_transport": "platform"
      },
      "geometry": {
        "type": "Point",
        "coordinates": [
          -1.6291268,
          53.2616074
        ]
      },
      "id": "node/7371991065"
    },
    {
      "type": "Feature",
      "properties": {
        "@id": "node/7371991066",
        "bus": "yes",
        "highway": "bus_stop",
        "name": "Calver Bridge",
        "naptan:AtcoCode": "1000DCSB3081",
        "naptan:Bearing": "SE",
        "naptan:CommonName": "Bridge",
        "naptan:Indicator": "SE-bound",
        "naptan:NaptanCode": "dbsgdpjp",
        "naptan:PlusbusZoneRef": "BUXTON",
        "naptan:Street": "Baslow Road",
        "naptan:verified": "no",
        "public_transport": "platform"
      },
      "geometry": {
        "type": "Point",
        "coordinates": [
          -1.6323643,
          53.2664371
        ]
      },
      "id": "node/7371991066"
    },
    {
      "type": "Feature",
      "properties": {
        "@id": "node/7371991072",
        "bus": "yes",
        "highway": "bus_stop",
        "name": "Calver Hassop Road",
        "naptan:AtcoCode": "1000DCHR3747",
        "naptan:Bearing": "S",
        "naptan:CommonName": "Hassop Road",
        "naptan:Indicator": "S-bound",
        "naptan:NaptanCode": "dbsdpgam",
        "naptan:PlusbusZoneRef": "BUXTON",
        "naptan:Street": "Hassop Road",
        "naptan:verified": "no",
        "public_transport": "platform"
      },
      "geometry": {
        "type": "Point",
        "coordinates": [
          -1.6435052,
          53.2683744
        ]
      },
      "id": "node/7371991072"
    },
    {
      "type": "Feature",
      "properties": {
        "@id": "node/7371991074",
        "bus": "yes",
        "highway": "bus_stop",
        "name": "Calver Hassop Road",
        "naptan:AtcoCode": "1000DCHR3746",
        "naptan:NaptanCode": "dbsdpgaj",
        "public_transport": "platform"
      },
      "geometry": {
        "type": "Point",
        "coordinates": [
          -1.6443549,
          53.2672011
        ]
      },
      "id": "node/7371991074"
    },
    {
      "type": "Feature",
      "properties": {
        "@id": "node/7371991076",
        "bus": "yes",
        "highway": "bus_stop",
        "name": "Hassop (Bleaklow Mining)",
        "naptan:AtcoCode": "1000DCHR3744",
        "naptan:Bearing": "NE",
        "naptan:CommonName": "Bleaklow Mining",
        "naptan:Indicator": "Adj",
        "naptan:NaptanCode": "dbsajpgm",
        "naptan:PlusbusZoneRef": "BUXTON",
        "naptan:Street": "Hassop Road",
        "naptan:verified": "no",
        "public_transport": "platform",
        "shelter": "no"
      },
      "geometry": {
        "type": "Point",
        "coordinates": [
          -1.6513829,
          53.2571567
        ]
      },
      "id": "node/7371991076"
    },
    {
      "type": "Feature",
      "properties": {
        "@id": "node/7372033869",
        "bus": "yes",
        "highway": "bus_stop",
        "name": "Bakewell (Lady Manners School)",
        "naptan:AtcoCode": "1000DBSL3882",
        "naptan:NaptanCode": "dbsgjmwd",
        "public_transport": "platform"
      },
      "geometry": {
        "type": "Point",
        "coordinates": [
          -1.684398,
          53.2073453
        ]
      },
      "id": "node/7372033869"
    },
    {
      "type": "Feature",
      "properties": {
        "@id": "node/7372048891",
        "bus": "yes",
        "highway": "bus_stop",
        "name": "Hassop (Eyre Arms)",
        "naptan:AtcoCode": "1000DHBE3743",
        "naptan:NaptanCode": "dbsgtjwg",
        "public_transport": "platform"
      },
      "geometry": {
        "type": "Point",
        "coordinates": [
          -1.6652909,
          53.2475198
        ]
      },
      "id": "node/7372048891"
    },
    {
      "type": "Feature",
      "properties": {
        "@id": "node/7372048893",
        "bench": "no",
        "bin": "no",
        "bus": "yes",
        "highway": "bus_stop",
        "lit": "no",
        "name": "Hassop (Old Station)",
        "naptan:AtcoCode": "1000DBBH3739",
        "naptan:NaptanCode": "dbsagjgm",
        "public_transport": "platform",
        "shelter": "no",
        "tactile_paving": "no"
      },
      "geometry": {
        "type": "Point",
        "coordinates": [
          -1.675703,
          53.2324818
        ]
      },
      "id": "node/7372048893"
    },
    {
      "type": "Feature",
      "properties": {
        "@id": "node/7387413796",
        "bench": "no",
        "bin": "no",
        "bus": "yes",
        "direction": "240",
        "highway": "bus_stop",
        "lit": "no",
        "name": "Longshaw (Lodge)",
        "naptan:AtcoCode": "1000DFHBN679",
        "naptan:Bearing": "NE",
        "naptan:CommonName": "Lodge",
        "naptan:Indicator": "Opp",
        "naptan:NaptanCode": "dbsamjpa",
        "naptan:PlusbusZoneRef": "BUXTON",
        "naptan:Street": "B6521",
        "naptan:verified": "no",
        "public_transport": "platform",
        "shelter": "no",
        "tactile_paving": "no"
      },
      "geometry": {
        "type": "Point",
        "coordinates": [
          -1.6039014,
          53.3175381
        ]
      },
      "id": "node/7387413796"
    },
    {
      "type": "Feature",
      "properties": {
        "@id": "node/7391101491",
        "bench": "no",
        "bin": "no",
        "bus": "yes",
        "direction": "30",
        "highway": "bus_stop",
        "lit": "no",
        "name": "Longshaw (Granby Wood)",
        "naptan:AtcoCode": "1000DUPG3286",
        "naptan:NaptanCode": "dbsdjwda",
        "public_transport": "platform",
        "shelter": "no",
        "tactile_paving": "no"
      },
      "geometry": {
        "type": "Point",
        "coordinates": [
          -1.6140682,
          53.3158358
        ]
      },
      "id": "node/7391101491"
    },
    {
      "type": "Feature",
      "properties": {
        "@id": "node/7391101493",
        "bench": "no",
        "bin": "no",
        "bus": "yes",
        "direction": "40",
        "highway": "bus_stop",
        "lit": "no",
        "name": "Longshaw (Yarncliffe Lodge)",
        "naptan:AtcoCode": "1000DUPY3287",
        "naptan:NaptanCode": "dbsdjwdm",
        "public_transport": "platform",
        "shelter": "no",
        "tactile_paving": "no"
      },
      "geometry": {
        "type": "Point",
        "coordinates": [
          -1.6163095,
          53.3125634
        ]
      },
      "id": "node/7391101493"
    },
    {
      "type": "Feature",
      "properties": {
        "@id": "node/7391101494",
        "bench": "no",
        "bin": "no",
        "bus": "yes",
        "direction": "220",
        "highway": "bus_stop",
        "lit": "no",
        "name": "Longshaw (Yarncliffe Lodge)",
        "naptan:AtcoCode": "1000DUPY3284",
        "naptan:NaptanCode": "dbsdjwdj",
        "public_transport": "platform",
        "shelter": "no",
        "tactile_paving": "no"
      },
      "geometry": {
        "type": "Point",
        "coordinates": [
          -1.6162161,
          53.312795
        ]
      },
      "id": "node/7391101494"
    },
    {
      "type": "Feature",
      "properties": {
        "@id": "node/7391101497",
        "bus": "yes",
        "direction": "200",
        "highway": "bus_stop",
        "name": "Grindleford Padley Hill",
        "naptan:AtcoCode": "1000DUPN3285",
        "naptan:NaptanCode": "dbsdjwdg",
        "public_transport": "platform"
      },
      "geometry": {
        "type": "Point",
        "coordinates": [
          -1.6230802,
          53.3050002
        ]
      },
      "id": "node/7391101497"
    },
    {
      "type": "Feature",
      "properties": {
        "@id": "node/7391101499",
        "bus": "yes",
        "direction": "30",
        "highway": "bus_stop",
        "name": "Grindleford Padley Hill",
        "naptan:AtcoCode": "1000DGPH3238",
        "naptan:NaptanCode": "dbsgamjt",
        "public_transport": "platform",
        "shelter": "no"
      },
      "geometry": {
        "type": "Point",
        "coordinates": [
          -1.6255489,
          53.3032788
        ]
      },
      "id": "node/7391101499"
    },
    {
      "type": "Feature",
      "properties": {
        "@id": "node/7391101501",
        "bench": "no",
        "bus": "yes",
        "direction": "40",
        "highway": "bus_stop",
        "name": "Grindleford (Maynard Arms)",
        "naptan:AtcoCode": "1000DGPRM678",
        "naptan:NaptanCode": "dbsgtjgp",
        "public_transport": "platform",
        "shelter": "no"
      },
      "geometry": {
        "type": "Point",
        "coordinates": [
          -1.6278536,
          53.3018239
        ]
      },
      "id": "node/7391101501"
    },
    {
      "type": "Feature",
      "properties": {
        "@id": "node/7391101502",
        "bench": "no",
        "bus": "yes",
        "direction": "210",
        "highway": "bus_stop",
        "name": "Grindleford (Maynard Arms)",
        "naptan:AtcoCode": "1000DGPR3245",
        "naptan:NaptanCode": "dbsgampd",
        "public_transport": "platform",
        "shelter": "no"
      },
      "geometry": {
        "type": "Point",
        "coordinates": [
          -1.6279247,
          53.3018998
        ]
      },
      "id": "node/7391101502"
    },
    {
      "type": "Feature",
      "properties": {
        "@id": "node/7391101505",
        "bus": "yes",
        "direction": "210",
        "highway": "bus_stop",
        "name": "Grindleford (Padley Road)",
        "naptan:AtcoCode": "1000DGPR3311",
        "naptan:NaptanCode": "dbsgtjgm",
        "public_transport": "platform"
      },
      "geometry": {
        "type": "Point",
        "coordinates": [
          -1.6289867,
          53.2995345
        ]
      },
      "id": "node/7391101505"
    },
    {
      "type": "Feature",
      "properties": {
        "@id": "node/7391101507",
        "bus": "yes",
        "direction": "30",
        "highway": "bus_stop",
        "name": "Grindleford (Padley Road)",
        "naptan:AtcoCode": "1000DGPR3246",
        "naptan:NaptanCode": "dbsgampg",
        "public_transport": "platform"
      },
      "geometry": {
        "type": "Point",
        "coordinates": [
          -1.6290229,
          53.2993015
        ]
      },
      "id": "node/7391101507"
    },
    {
      "type": "Feature",
      "properties": {
        "@id": "node/7391101509",
        "bus": "yes",
        "highway": "bus_stop",
        "name": "Grindleford (Playing Field)",
        "naptan:AtcoCode": "1000DGMR3290",
        "naptan:NaptanCode": "dbsgtjdj",
        "public_transport": "platform"
      },
      "geometry": {
        "type": "Point",
        "coordinates": [
          -1.6351229,
          53.296466
        ]
      },
      "id": "node/7391101509"
    },
    {
      "type": "Feature",
      "properties": {
        "@id": "node/7391101510",
        "bus": "yes",
        "highway": "bus_stop",
        "name": "Grindleford (Playing Field)",
        "naptan:AtcoCode": "1000DGMR3291",
        "naptan:NaptanCode": "dbsgtjdm",
        "public_transport": "platform"
      },
      "geometry": {
        "type": "Point",
        "coordinates": [
          -1.6349287,
          53.2964375
        ]
      },
      "id": "node/7391101510"
    },
    {
      "type": "Feature",
      "properties": {
        "@id": "node/7391101512",
        "bus": "yes",
        "highway": "bus_stop",
        "name": "Grindleford (Mount Pleasant)",
        "naptan:AtcoCode": "1000DGMR3289",
        "public_transport": "platform",
        "ref": "dbsgtjd"
      },
      "geometry": {
        "type": "Point",
        "coordinates": [
          -1.6372983,
          53.294204
        ]
      },
      "id": "node/7391101512"
    },
    {
      "type": "Feature",
      "properties": {
        "@id": "node/7391101513",
        "bus": "yes",
        "highway": "bus_stop",
        "name": "Grindleford (Mount Pleasant)",
        "naptan:AtcoCode": "1000DGMR3292",
        "public_transport": "platform",
        "ref": "dbsgtjdp"
      },
      "geometry": {
        "type": "Point",
        "coordinates": [
          -1.637238,
          53.2940798
        ]
      },
      "id": "node/7391101513"
    },
    {
      "type": "Feature",
      "properties": {
        "@id": "node/7391101516",
        "bus": "yes",
        "highway": "bus_stop",
        "name": "Grindleford (Goatscliffe Cottages)",
        "naptan:AtcoCode": "1000DGMR3293",
        "naptan:NaptanCode": "dbsgtjdt",
        "public_transport": "platform"
      },
      "geometry": {
        "type": "Point",
        "coordinates": [
          -1.6382857,
          53.2924382
        ]
      },
      "id": "node/7391101516"
    },
    {
      "type": "Feature",
      "properties": {
        "@id": "node/7391101517",
        "bus": "yes",
        "highway": "bus_stop",
        "name": "Grindleford (Goatscliffe Cottages)",
        "naptan:AtcoCode": "1000DGMR3288",
        "naptan:NaptanCode": "dbsgtjda",
        "public_transport": "platform"
      },
      "geometry": {
        "type": "Point",
        "coordinates": [
          -1.6384679,
          53.2924089
        ]
      },
      "id": "node/7391101517"
    },
    {
      "type": "Feature",
      "properties": {
        "@id": "node/7391101521",
        "bench": "no",
        "bin": "no",
        "bus": "yes",
        "highway": "bus_stop",
        "lit": "no",
        "name": "Froggatt (Stoke Bar)",
        "naptan:AtcoCode": "1000DSBB3313",
        "naptan:Bearing": "S",
        "naptan:BusStopType": "CUS",
        "naptan:CommonName": "Stoke Bar",
        "naptan:Indicator": "Adj",
        "naptan:NaptanCode": "dbsdjwmj",
        "naptan:PlusbusZoneRef": "BUXTON",
        "naptan:Street": "B6001",
        "naptan:verified": "no",
        "public_transport": "platform",
        "shelter": "no",
        "tactile_paving": "no"
      },
      "geometry": {
        "type": "Point",
        "coordinates": [
          -1.6419667,
          53.2801928
        ]
      },
      "id": "node/7391101521"
    },
    {
      "type": "Feature",
      "properties": {
        "@id": "node/7391101522",
        "bench": "no",
        "bin": "no",
        "bus": "yes",
        "highway": "bus_stop",
        "lit": "no",
        "name": "Froggatt (Stoke Bar)",
        "naptan:AtcoCode": "1000DSBB3242",
        "naptan:NaptanCode": "dbsdjwmd",
        "public_transport": "platform",
        "shelter": "no",
        "tactile_paving": "no"
      },
      "geometry": {
        "type": "Point",
        "coordinates": [
          -1.6420683,
          53.2800637
        ]
      },
      "id": "node/7391101522"
    },
    {
      "type": "Feature",
      "properties": {
        "@id": "node/7391101525",
        "bench": "no",
        "bin": "no",
        "bus": "yes",
        "highway": "bus_stop",
        "lit": "no",
        "name": "Calver (Shaldon)",
        "naptan:AtcoCode": "1000DCSB3247",
        "naptan:Bearing": "S",
        "naptan:CommonName": "Shaldon",
        "naptan:Indicator": "Adj",
        "naptan:NaptanCode": "dbsgdpmd",
        "naptan:PlusbusZoneRef": "BUXTON",
        "naptan:Street": "Main Road",
        "naptan:verified": "no",
        "public_transport": "platform",
        "shelter": "no",
        "tactile_paving": "no"
      },
      "geometry": {
        "type": "Point",
        "coordinates": [
          -1.6433448,
          53.2723671
        ]
      },
      "id": "node/7391101525"
    },
    {
      "type": "Feature",
      "properties": {
        "@id": "node/7391101526",
        "bench": "no",
        "bin": "no",
        "bus": "yes",
        "highway": "bus_stop",
        "lit": "no",
        "name": "Calver (Shaldon)",
        "naptan:AtcoCode": "1000DCSB3220",
        "naptan:Bearing": "N",
        "naptan:CommonName": "Shaldon",
        "naptan:Indicator": "Opp",
        "naptan:NaptanCode": "dbsgdpma",
        "naptan:PlusbusZoneRef": "BUXTON",
        "naptan:Street": "Main Road",
        "naptan:verified": "no",
        "public_transport": "platform",
        "shelter": "no",
        "tactile_paving": "no"
      },
      "geometry": {
        "type": "Point",
        "coordinates": [
          -1.6436139,
          53.2720274
        ]
      },
      "id": "node/7391101526"
    },
    {
      "type": "Feature",
      "properties": {
        "@id": "node/7391101527",
        "bench": "yes",
        "bin": "yes",
        "bus": "yes",
        "highway": "bus_stop",
        "lit": "no",
        "name": "Calver Sough",
        "naptan:AtcoCode": "1000DCSG3244",
        "naptan:NaptanCode": "dbsajtpj",
        "public_transport": "platform",
        "shelter": "yes",
        "tactile_paving": "no"
      },
      "geometry": {
        "type": "Point",
        "coordinates": [
          -1.6435716,
          53.2706103
        ]
      },
      "id": "node/7391101527"
    },
    {
      "type": "Feature",
      "properties": {
        "@id": "node/7391101528",
        "bench": "no",
        "bin": "no",
        "bus": "yes",
        "highway": "bus_stop",
        "lit": "no",
        "name": "Calver Sough",
        "naptan:AtcoCode": "1000DCSG3312",
        "naptan:NaptanCode": "dbsajtpm",
        "public_transport": "platform",
        "shelter": "no",
        "tactile_paving": "no"
      },
      "geometry": {
        "type": "Point",
        "coordinates": [
          -1.6433255,
          53.2706299
        ]
      },
      "id": "node/7391101528"
    },
    {
      "type": "Feature",
      "properties": {
        "@id": "node/7391101531",
        "bench": "no",
        "bin": "yes",
        "bus": "yes",
        "highway": "bus_stop",
        "name": "Calver Crossroads",
        "naptan:AtcoCode": "1000DCSG3193",
        "naptan:Bearing": "NW",
        "naptan:CommonName": "Crossroads",
        "naptan:Indicator": "NW-bound",
        "naptan:NaptanCode": "dbsajtpg",
        "naptan:PlusbusZoneRef": "BUXTON",
        "naptan:Street": "A623",
        "naptan:verified": "no",
        "public_transport": "platform",
        "shelter": "no",
        "tactile_paving": "no"
      },
      "geometry": {
        "type": "Point",
        "coordinates": [
          -1.6437771,
          53.2700525
        ]
      },
      "id": "node/7391101531"
    },
    {
      "type": "Feature",
      "properties": {
        "@id": "node/7391101533",
        "bench": "yes",
        "bin": "yes",
        "bus": "yes",
        "highway": "bus_stop",
        "name": "Calver Crossroads",
        "naptan:AtcoCode": "1000DCSG3080",
        "naptan:NaptanCode": "dbsajtpd",
        "public_transport": "platform",
        "shelter": "no"
      },
      "geometry": {
        "type": "Point",
        "coordinates": [
          -1.6441289,
          53.2703202
        ]
      },
      "id": "node/7391101533"
    },
    {
      "type": "Feature",
      "properties": {
        "@id": "node/7391101535",
        "bus": "yes",
        "highway": "bus_stop",
        "name": "Stoney Middleton (Ferndale House)",
        "naptan:AtcoCode": "1000DSMF3236",
        "naptan:Bearing": "SE",
        "naptan:CommonName": "Ferndale House",
        "naptan:Indicator": "Opp",
        "naptan:NaptanCode": "dbsdamtd",
        "naptan:PlusbusZoneRef": "BUXTON",
        "naptan:Street": "The Avenue",
        "naptan:verified": "no",
        "public_transport": "platform"
      },
      "geometry": {
        "type": "Point",
        "coordinates": [
          -1.650745,
          53.2734293
        ]
      },
      "id": "node/7391101535"
    },
    {
      "type": "Feature",
      "properties": {
        "@id": "node/7391101536",
        "bus": "yes",
        "highway": "bus_stop",
        "name": "Stoney Middleton (Ferndale House)",
        "naptan:AtcoCode": "1000DSMF3210",
        "naptan:Bearing": "NW",
        "naptan:CommonName": "Ferndale House",
        "naptan:Indicator": "Adj",
        "naptan:NaptanCode": "dbsdamta",
        "naptan:PlusbusZoneRef": "BUXTON",
        "naptan:Street": "The Avenue",
        "naptan:verified": "no",
        "public_transport": "platform"
      },
      "geometry": {
        "type": "Point",
        "coordinates": [
          -1.650602,
          53.2732677
        ]
      },
      "id": "node/7391101536"
    },
    {
      "type": "Feature",
      "properties": {
        "@id": "node/7391101539",
        "bus": "yes",
        "highway": "bus_stop",
        "name": "Stoney Middleton (Toll Bar)",
        "naptan:AtcoCode": "1000DSMM3074",
        "naptan:Bearing": "SE",
        "naptan:CommonName": "Toll Bar",
        "naptan:Indicator": "Adj",
        "naptan:NaptanCode": "dbsdamtw",
        "naptan:PlusbusZoneRef": "BUXTON",
        "naptan:Street": "The Avenue",
        "naptan:verified": "no",
        "public_transport": "platform"
      },
      "geometry": {
        "type": "Point",
        "coordinates": [
          -1.656785,
          53.2758904
        ]
      },
      "id": "node/7391101539"
    },
    {
      "type": "Feature",
      "properties": {
        "@id": "node/7391101540",
        "bus": "yes",
        "highway": "bus_stop",
        "name": "Stoney Middleton (Toll Bar)",
        "naptan:AtcoCode": "1000DSMM3221",
        "naptan:Bearing": "NW",
        "naptan:CommonName": "Toll Bar",
        "naptan:Indicator": "Opp",
        "naptan:NaptanCode": "dbsdamwa",
        "naptan:PlusbusZoneRef": "BUXTON",
        "naptan:Street": "The Avenue",
        "naptan:verified": "no",
        "public_transport": "platform"
      },
      "geometry": {
        "type": "Point",
        "coordinates": [
          -1.6566893,
          53.2757592
        ]
      },
      "id": "node/7391101540"
    },
    {
      "type": "Feature",
      "properties": {
        "@id": "node/7391101543",
        "bench": "no",
        "bus": "yes",
        "highway": "bus_stop",
        "name": "Stoney Middleton The Dale",
        "naptan:AtcoCode": "1000DSMT3222",
        "naptan:NaptanCode": "dbsdapdt",
        "public_transport": "platform",
        "shelter": "no"
      },
      "geometry": {
        "type": "Point",
        "coordinates": [
          -1.6740997,
          53.2786279
        ]
      },
      "id": "node/7391101543"
    },
    {
      "type": "Feature",
      "properties": {
        "@id": "node/7391101544",
        "bench": "no",
        "bus": "yes",
        "highway": "bus_stop",
        "name": "Stoney Middleton The Dale",
        "naptan:AtcoCode": "100000008398",
        "naptan:NaptanCode": "dbsdwmgp",
        "public_transport": "platform",
        "shelter": "no"
      },
      "geometry": {
        "type": "Point",
        "coordinates": [
          -1.6740794,
          53.2785581
        ]
      },
      "id": "node/7391101544"
    },
    {
      "type": "Feature",
      "properties": {
        "@id": "node/7395646212",
        "bench": "no",
        "bin": "no",
        "bus": "yes",
        "highway": "bus_stop",
        "lit": "no",
        "name": "Hathersage (The Millstone)",
        "naptan:AtcoCode": "1000DHSM3496",
        "naptan:NaptanCode": "dbsapjmw",
        "public_transport": "platform",
        "shelter": "no",
        "tactile_paving": "no"
      },
      "geometry": {
        "type": "Point",
        "coordinates": [
          -1.6395515,
          53.3232045
        ]
      },
      "id": "node/7395646212"
    },
    {
      "type": "Feature",
      "properties": {
        "@id": "node/7395646213",
        "bench": "no",
        "bin": "no",
        "bus": "yes",
        "check_date:shelter": "2025-07-25",
        "highway": "bus_stop",
        "lit": "no",
        "name": "Hathersage (The Millstone)",
        "public_transport": "platform",
        "shelter": "no",
        "tactile_paving": "no"
      },
      "geometry": {
        "type": "Point",
        "coordinates": [
          -1.6399631,
          53.3236173
        ]
      },
      "id": "node/7395646213"
    },
    {
      "type": "Feature",
      "properties": {
        "@id": "node/7395646214",
        "bus": "yes",
        "highway": "bus_stop",
        "name": "Hathersage (The Dale)",
        "naptan:AtcoCode": "1000DHSR3494",
        "naptan:NaptanCode": "dbsapmpd",
        "public_transport": "platform"
      },
      "geometry": {
        "type": "Point",
        "coordinates": [
          -1.6467006,
          53.3259102
        ]
      },
      "id": "node/7395646214"
    },
    {
      "type": "Feature",
      "properties": {
        "@id": "node/7395646215",
        "bus": "yes",
        "highway": "bus_stop",
        "name": "Hathersage (The Dale)",
        "naptan:AtcoCode": "1000DHSR3495",
        "naptan:NaptanCode": "dbsapmpg",
        "public_transport": "platform",
        "shelter": "no"
      },
      "geometry": {
        "type": "Point",
        "coordinates": [
          -1.6468414,
          53.3258766
        ]
      },
      "id": "node/7395646215"
    },
    {
      "type": "Feature",
      "properties": {
        "@id": "node/7395646217",
        "bus": "yes",
        "highway": "bus_stop",
        "name": "Hathersage (High Leigh)",
        "naptan:AtcoCode": "1000DHSR3492",
        "naptan:NaptanCode": "dbsapmjw",
        "public_transport": "platform",
        "shelter": "no"
      },
      "geometry": {
        "type": "Point",
        "coordinates": [
          -1.6492556,
          53.3277474
        ]
      },
      "id": "node/7395646217"
    },
    {
      "type": "Feature",
      "properties": {
        "@id": "node/7395646218",
        "bench": "no",
        "bus": "yes",
        "highway": "bus_stop",
        "name": "Hathersage (High Leigh)",
        "naptan:AtcoCode": "1000DHSR3493",
        "naptan:NaptanCode": "dbsapmpa",
        "public_transport": "platform",
        "shelter": "no"
      },
      "geometry": {
        "type": "Point",
        "coordinates": [
          -1.6492414,
          53.3273723
        ]
      },
      "id": "node/7395646218"
    },
    {
      "type": "Feature",
      "properties": {
        "@id": "node/7395646220",
        "bus": "yes",
        "highway": "bus_stop",
        "name": "Hathersage (Crossland Road)",
        "naptan:AtcoCode": "1000DHSR3490",
        "naptan:NaptanCode": "dbsapmjp",
        "public_transport": "platform",
        "shelter": "no"
      },
      "geometry": {
        "type": "Point",
        "coordinates": [
          -1.6501315,
          53.3302332
        ]
      },
      "id": "node/7395646220"
    },
    {
      "type": "Feature",
      "properties": {
        "@id": "node/7395682902",
        "bus": "yes",
        "departures_board": "timetable",
        "highway": "bus_stop",
        "name": "Hathersage (Hill Foot)",
        "naptan:AtcoCode": "1000DHCR3736",
        "naptan:Bearing": "SE",
        "naptan:CommonName": "Hill Foot",
        "naptan:Indicator": "Adj",
        "naptan:NaptanCode": "dbsgapta",
        "naptan:PlusbusZoneRef": "BUXTON",
        "naptan:Street": "CASTLETON ROAD",
        "naptan:verified": "no",
        "public_transport": "platform",
        "shelter": "no"
      },
      "geometry": {
        "type": "Point",
        "coordinates": [
          -1.6713342,
          53.3324675
        ]
      },
      "id": "node/7395682902"
    },
    {
      "type": "Feature",
      "properties": {
        "@id": "node/7395682903",
        "bus": "yes",
        "departures_board": "timetable",
        "highway": "bus_stop",
        "name": "Hathersage (Hill Foot)",
        "naptan:AtcoCode": "1000DHCR3737",
        "naptan:Bearing": "NW",
        "naptan:BusStopType": "CUS",
        "naptan:CommonName": "Hill Foot",
        "naptan:Indicator": "Opp",
        "naptan:NaptanCode": "dbsgaptd",
        "naptan:PlusbusZoneRef": "BUXTON",
        "naptan:Street": "Castleton Road",
        "naptan:verified": "no",
        "public_transport": "platform",
        "shelter": "no"
      },
      "geometry": {
        "type": "Point",
        "coordinates": [
          -1.6713369,
          53.3323202
        ]
      },
      "id": "node/7395682903"
    },
    {
      "type": "Feature",
      "properties": {
        "@id": "node/7395682906",
        "bench": "no",
        "bin": "no",
        "bus": "yes",
        "highway": "bus_stop",
        "lit": "no",
        "name": "Hathersage (Cunliffe House)",
        "naptan:AtcoCode": "1000DHHR3748",
        "naptan:Bearing": "NW",
        "naptan:BusStopType": "CUS",
        "naptan:CommonName": "Cunliffe House",
        "naptan:Indicator": "Opp",
        "naptan:NaptanCode": "dbsapdjw",
        "naptan:PlusbusZoneRef": "BUXTON",
        "naptan:Street": "Hathersage Road",
        "naptan:verified": "no",
        "public_transport": "platform",
        "shelter": "no",
        "tactile_paving": "no"
      },
      "geometry": {
        "type": "Point",
        "coordinates": [
          -1.6777132,
          53.3341288
        ]
      },
      "id": "node/7395682906"
    },
    {
      "type": "Feature",
      "properties": {
        "@id": "node/7395682909",
        "bench": "no",
        "bin": "no",
        "bus": "yes",
        "highway": "bus_stop",
        "lit": "no",
        "name": "Hathersage (Riverside Dairy)",
        "naptan:AtcoCode": "1000DHHR3749",
        "naptan:NaptanCode": "dbsapdma",
        "public_transport": "platform",
        "shelter": "no",
        "tactile_paving": "no"
      },
      "geometry": {
        "type": "Point",
        "coordinates": [
          -1.6813589,
          53.3350972
        ]
      },
      "id": "node/7395682909"
    },
    {
      "type": "Feature",
      "properties": {
        "@id": "node/7395682916",
        "bus": "yes",
        "highway": "bus_stop",
        "name": "Bamford (Shatton Lane)",
        "naptan:AtcoCode": "1000DBHR3767",
        "naptan:NaptanCode": "dbsgtamt",
        "public_transport": "platform"
      },
      "geometry": {
        "type": "Point",
        "coordinates": [
          -1.6966338,
          53.3400398
        ]
      },
      "id": "node/7395682916"
    },
    {
      "type": "Feature",
      "properties": {
        "@id": "node/7395682918",
        "bus": "yes",
        "highway": "bus_stop",
        "name": "Bamford (Shatton Lane)",
        "naptan:AtcoCode": "1000DBHR3768",
        "naptan:NaptanCode": "dbsgtamw",
        "public_transport": "platform"
      },
      "geometry": {
        "type": "Point",
        "coordinates": [
          -1.6982055,
          53.3405863
        ]
      },
      "id": "node/7395682918"
    },
    {
      "type": "Feature",
      "properties": {
        "@id": "node/7395938187",
        "bench": "no",
        "bin": "no",
        "bus": "yes",
        "highway": "bus_stop",
        "lit": "yes",
        "name": "Eyam (Church)",
        "naptan:AtcoCode": "1000DECS3225",
        "naptan:NaptanCode": "dbsgatga",
        "public_transport": "platform",
        "shelter": "no",
        "tactile_paving": "no"
      },
      "geometry": {
        "type": "Point",
        "coordinates": [
          -1.6748955,
          53.2839061
        ]
      },
      "id": "node/7395938187"
    },
    {
      "type": "Feature",
      "properties": {
        "@id": "node/7395938188",
        "bench": "no",
        "bin": "yes",
        "bus": "yes",
        "highway": "bus_stop",
        "lit": "yes",
        "name": "Eyam (Church)",
        "naptan:AtcoCode": "100000008399",
        "naptan:Bearing": "E",
        "naptan:CommonName": "Parish Church",
        "naptan:Indicator": "adj",
        "naptan:NaptanCode": "dbsgmgwj",
        "naptan:PlusbusZoneRef": "BUXTON",
        "naptan:Street": "Church Street",
        "naptan:verified": "no",
        "public_transport": "platform",
        "shelter": "no",
        "tactile_paving": "no"
      },
      "geometry": {
        "type": "Point",
        "coordinates": [
          -1.6747482,
          53.2839366
        ]
      },
      "id": "node/7395938188"
    },
    {
      "type": "Feature",
      "properties": {
        "@id": "node/7395938191",
        "bench": "no",
        "bin": "no",
        "bus": "yes",
        "highway": "bus_stop",
        "lit": "yes",
        "name": "Eyam Hall",
        "naptan:AtcoCode": "1000DECS3226",
        "naptan:NaptanCode": "dbsgatgd",
        "public_transport": "platform",
        "shelter": "no",
        "tactile_paving": "no"
      },
      "geometry": {
        "type": "Point",
        "coordinates": [
          -1.6774792,
          53.2853012
        ]
      },
      "id": "node/7395938191"
    },
    {
      "type": "Feature",
      "properties": {
        "@id": "node/7395938196",
        "bus": "yes",
        "highway": "bus_stop",
        "name": "Eyam Little Edge",
        "naptan:AtcoCode": "1000DEHRB120",
        "naptan:NaptanCode": "dbsgatpd",
        "public_transport": "platform"
      },
      "geometry": {
        "type": "Point",
        "coordinates": [
          -1.6794674,
          53.2868965
        ]
      },
      "id": "node/7395938196"
    },
    {
      "type": "Feature",
      "properties": {
        "@id": "node/7395938199",
        "bench": "no",
        "bin": "no",
        "bus": "yes",
        "highway": "bus_stop",
        "lit": "no",
        "name": "Eyam (Town Head)",
        "naptan:AtcoCode": "1000DEFR3067",
        "naptan:NaptanCode": "dbsgatmg",
        "public_transport": "platform",
        "shelter": "no",
        "tactile_paving": "no"
      },
      "geometry": {
        "type": "Point",
        "coordinates": [
          -1.6876736,
          53.2888288
        ]
      },
      "id": "node/7395938199"
    },
    {
      "type": "Feature",
      "properties": {
        "@id": "node/7395938200",
        "bench": "no",
        "bin": "no",
        "bus": "yes",
        "highway": "bus_stop",
        "lit": "no",
        "name": "Eyam (Town Head)",
        "naptan:AtcoCode": "1000DEFR3066",
        "naptan:NaptanCode": "dbsgatmd",
        "public_transport": "platform",
        "shelter": "no",
        "tactile_paving": "no"
      },
      "geometry": {
        "type": "Point",
        "coordinates": [
          -1.6877069,
          53.2888815
        ]
      },
      "id": "node/7395938200"
    },
    {
      "type": "Feature",
      "properties": {
        "@id": "node/7395938203",
        "bench": "no",
        "bus": "yes",
        "highway": "bus_stop",
        "name": "Foolow Bull's Head",
        "naptan:AtcoCode": "1000DFBH3079",
        "naptan:NaptanCode": "dbsamjgp",
        "public_transport": "platform",
        "shelter": "no"
      },
      "geometry": {
        "type": "Point",
        "coordinates": [
          -1.7140402,
          53.2878004
        ]
      },
      "id": "node/7395938203"
    },
    {
      "type": "Feature",
      "properties": {
        "@id": "node/7396129913",
        "bus": "yes",
        "highway": "bus_stop",
        "name": "Great Hucklow Lane End",
        "naptan:AtcoCode": "1000DGHG3065",
        "naptan:NaptanCode": "dbsgtgtp",
        "public_transport": "platform"
      },
      "geometry": {
        "type": "Point",
        "coordinates": [
          -1.7353128,
          53.2933814
        ]
      },
      "id": "node/7396129913"
    },
    {
      "type": "Feature",
      "properties": {
        "@id": "node/7396129914",
        "bus": "yes",
        "highway": "bus_stop",
        "name": "Great Hucklow Lane End",
        "naptan:AtcoCode": "1000DGHG3227",
        "naptan:NaptanCode": "dbsgtgtw",
        "public_transport": "platform"
      },
      "geometry": {
        "type": "Point",
        "coordinates": [
          -1.7354449,
          53.293348
        ]
      },
      "id": "node/7396129914"
    },
    {
      "type": "Feature",
      "properties": {
        "@id": "node/7396129917",
        "bus": "yes",
        "departures_board": "timetable",
        "highway": "bus_stop",
        "name": "Great Hucklow (Old Chapel)",
        "naptan:AtcoCode": "1000DGHO3308",
        "naptan:Bearing": "S",
        "naptan:BusStopType": "CUS",
        "naptan:CommonName": "Old Chapel",
        "naptan:Indicator": "Opp",
        "naptan:NaptanCode": "dbsgtgwd",
        "naptan:PlusbusZoneRef": "BUXTON",
        "naptan:Street": "Main Street",
        "naptan:verified": "no",
        "public_transport": "platform",
        "shelter": "no"
      },
      "geometry": {
        "type": "Point",
        "coordinates": [
          -1.7339299,
          53.2972945
        ]
      },
      "id": "node/7396129917"
    },
    {
      "type": "Feature",
      "properties": {
        "@id": "node/7412623964",
        "bus": "yes",
        "highway": "bus_stop",
        "name": "Bamford (Thornhill Lane)",
        "naptan:AtcoCode": "1000DBHR3769",
        "naptan:Bearing": "E",
        "naptan:CommonName": "Thornhill Lane",
        "naptan:Indicator": "Adj",
        "naptan:NaptanCode": "dbsgtapa",
        "naptan:PlusbusZoneRef": "BUXTON",
        "naptan:Street": "Hope Road",
        "naptan:verified": "no",
        "public_transport": "platform"
      },
      "geometry": {
        "type": "Point",
        "coordinates": [
          -1.7036401,
          53.3418003
        ]
      },
      "id": "node/7412623964"
    },
    {
      "type": "Feature",
      "properties": {
        "@id": "node/7412623965",
        "bus": "yes",
        "highway": "bus_stop",
        "name": "Bamford (Thornhill Lane)",
        "naptan:AtcoCode": "1000DBHR3770",
        "naptan:NaptanCode": "dbsgtapd",
        "public_transport": "platform"
      },
      "geometry": {
        "type": "Point",
        "coordinates": [
          -1.7035638,
          53.3417166
        ]
      },
      "id": "node/7412623965"
    },
    {
      "type": "Feature",
      "properties": {
        "@id": "node/7412623968",
        "bus": "yes",
        "highway": "bus_stop",
        "name": "Bamford (The Rising Sun)",
        "naptan:AtcoCode": "1000DBHR3771",
        "naptan:Bearing": "E",
        "naptan:CommonName": "Glenbrook",
        "naptan:Indicator": "Adj",
        "naptan:NaptanCode": "dbsgtapg",
        "naptan:PlusbusZoneRef": "BUXTON",
        "naptan:Street": "Hope Road",
        "naptan:verified": "no",
        "public_transport": "platform"
      },
      "geometry": {
        "type": "Point",
        "coordinates": [
          -1.7087077,
          53.3416887
        ]
      },
      "id": "node/7412623968"
    },
    {
      "type": "Feature",
      "properties": {
        "@id": "node/7412623969",
        "bus": "yes",
        "highway": "bus_stop",
        "name": "Bamford (The Rising Sun)",
        "naptan:AtcoCode": "1000DBHR3772",
        "naptan:Bearing": "W",
        "naptan:CommonName": "Glenbrook",
        "naptan:Indicator": "Opp",
        "naptan:NaptanCode": "dbsgtapj",
        "naptan:PlusbusZoneRef": "BUXTON",
        "naptan:Street": "Hope Road",
        "naptan:verified": "no",
        "public_transport": "platform"
      },
      "geometry": {
        "type": "Point",
        "coordinates": [
          -1.7088804,
          53.3416128
        ]
      },
      "id": "node/7412623969"
    },
    {
      "type": "Feature",
      "properties": {
        "@id": "node/7412623975",
        "bus": "yes",
        "highway": "bus_stop",
        "name": "Brough (Mill)",
        "naptan:AtcoCode": "1000DBSR3693",
        "naptan:NaptanCode": "dbsagpdm",
        "public_transport": "platform"
      },
      "geometry": {
        "type": "Point",
        "coordinates": [
          -1.7308003,
          53.3384849
        ]
      },
      "id": "node/7412623975"
    },
    {
      "type": "Feature",
      "properties": {
        "@id": "node/7412623976",
        "bench": "yes",
        "bus": "yes",
        "highway": "bus_stop",
        "name": "Brough (Mill)",
        "naptan:AtcoCode": "1000DBSR3692",
        "naptan:NaptanCode": "dbsagpdj",
        "public_transport": "platform",
        "shelter": "no"
      },
      "geometry": {
        "type": "Point",
        "coordinates": [
          -1.7316284,
          53.3381922
        ]
      },
      "id": "node/7412623976"
    },
    {
      "type": "Feature",
      "properties": {
        "@id": "node/7412623979",
        "bench": "no",
        "bus": "yes",
        "highway": "bus_stop",
        "name": "Bradwell (Stretfield Cottages)",
        "naptan:AtcoCode": "1000DBSR3690",
        "naptan:Bearing": "NE",
        "naptan:CommonName": "Stretfield Cottages",
        "naptan:Indicator": "Opp",
        "naptan:NaptanCode": "dbsagpda",
        "naptan:PlusbusZoneRef": "BUXTON",
        "naptan:Street": "Stretfield Road",
        "naptan:verified": "no",
        "public_transport": "platform",
        "shelter": "no"
      },
      "geometry": {
        "type": "Point",
        "coordinates": [
          -1.7362938,
          53.3352795
        ]
      },
      "id": "node/7412623979"
    },
    {
      "type": "Feature",
      "properties": {
        "@id": "node/7412623980",
        "bench": "no",
        "bus": "yes",
        "highway": "bus_stop",
        "name": "Bradwell (Stretfield Cottages)",
        "naptan:AtcoCode": "1000DBSR3691",
        "naptan:Bearing": "SW",
        "naptan:CommonName": "Stretfield Cottages",
        "naptan:Indicator": "Adj",
        "naptan:NaptanCode": "dbsagpdg",
        "naptan:PlusbusZoneRef": "BUXTON",
        "naptan:Street": "Stretfield Road",
        "naptan:verified": "no",
        "public_transport": "platform",
        "shelter": "no"
      },
      "geometry": {
        "type": "Point",
        "coordinates": [
          -1.7363498,
          53.3351052
        ]
      },
      "id": "node/7412623980"
    },
    {
      "type": "Feature",
      "properties": {
        "@id": "node/7412628392",
        "bench": "no",
        "bin": "no",
        "bus": "yes",
        "highway": "bus_stop",
        "name": "Bradwell Batham Gate",
        "naptan:AtcoCode": "1000DBSR3689",
        "naptan:NaptanCode": "dbsagpaw",
        "public_transport": "platform",
        "shelter": "no"
      },
      "geometry": {
        "type": "Point",
        "coordinates": [
          -1.7412819,
          53.3316029
        ]
      },
      "id": "node/7412628392"
    },
    {
      "type": "Feature",
      "properties": {
        "@id": "node/7412628393",
        "bench": "yes",
        "bin": "yes",
        "bus": "yes",
        "highway": "bus_stop",
        "name": "Bradwell (Memorial Hall)",
        "naptan:AtcoCode": "1000DBNMH246",
        "naptan:NaptanCode": "dbsgmajw",
        "public_transport": "platform",
        "shelter": "yes"
      },
      "geometry": {
        "type": "Point",
        "coordinates": [
          -1.7416346,
          53.3288821
        ]
      },
      "id": "node/7412628393"
    },
    {
      "type": "Feature",
      "properties": {
        "@id": "node/7412628395",
        "bus": "yes",
        "highway": "bus_stop",
        "name": "Bradwell (Towngate)",
        "naptan:AtcoCode": "1000DBBS3934",
        "naptan:NaptanCode": "dbsjadpa",
        "public_transport": "platform"
      },
      "geometry": {
        "type": "Point",
        "coordinates": [
          -1.740844,
          53.326775
        ]
      },
      "id": "node/7412628395"
    },
    {
      "type": "Feature",
      "properties": {
        "@id": "node/7412628397",
        "bus": "yes",
        "highway": "bus_stop",
        "name": "Bradwell (Church)",
        "naptan:AtcoCode": "1000DBCS3686",
        "naptan:NaptanCode": "dbsjagag",
        "public_transport": "platform"
      },
      "geometry": {
        "type": "Point",
        "coordinates": [
          -1.7394285,
          53.3255661
        ]
      },
      "id": "node/7412628397"
    },
    {
      "type": "Feature",
      "properties": {
        "@id": "node/7412628398",
        "bus": "yes",
        "highway": "bus_stop",
        "name": "Bradwell (Church)",
        "naptan:AtcoCode": "1000DBCS3687",
        "naptan:Bearing": "S",
        "naptan:CommonName": "Church",
        "naptan:Indicator": "Adj",
        "naptan:NaptanCode": "dbsjagaj",
        "naptan:PlusbusZoneRef": "BUXTON",
        "naptan:Street": "B6049",
        "naptan:verified": "no",
        "public_transport": "platform"
      },
      "geometry": {
        "type": "Point",
        "coordinates": [
          -1.7393212,
          53.3255372
        ]
      },
      "id": "node/7412628398"
    },
    {
      "type": "Feature",
      "properties": {
        "@id": "node/7435495091",
        "bench": "no",
        "bin": "no",
        "bus": "yes",
        "highway": "bus_stop",
        "lit": "no",
        "name": "Little Hucklow (Cop Low)",
        "naptan:AtcoCode": "1000DCDB5929",
        "naptan:Bearing": "S",
        "naptan:BusStopType": "CUS",
        "naptan:CommonName": "Cop Low",
        "naptan:Indicator": "opp",
        "naptan:NaptanCode": "dbsgjmdp",
        "naptan:PlusbusZoneRef": "BUXTON",
        "naptan:Street": "B6049",
        "naptan:verified": "no",
        "public_transport": "platform",
        "shelter": "no",
        "tactile_paving": "no"
      },
      "geometry": {
        "type": "Point",
        "coordinates": [
          -1.7486527,
          53.3086393
        ]
      },
      "id": "node/7435495091"
    },
    {
      "type": "Feature",
      "properties": {
        "@id": "node/7435495092",
        "bench": "no",
        "bin": "no",
        "bus": "yes",
        "highway": "bus_stop",
        "lit": "no",
        "name": "Little Hucklow (Cop Low)",
        "naptan:AtcoCode": "1000DCDB5928",
        "naptan:Bearing": "N",
        "naptan:BusStopType": "CUS",
        "naptan:CommonName": "Cop Low",
        "naptan:Indicator": "adj",
        "naptan:NaptanCode": "dbsgjmdm",
        "naptan:PlusbusZoneRef": "BUXTON",
        "naptan:Street": "B6049",
        "naptan:verified": "no",
        "public_transport": "platform",
        "shelter": "no",
        "tactile_paving": "no"
      },
      "geometry": {
        "type": "Point",
        "coordinates": [
          -1.7487913,
          53.3086614
        ]
      },
      "id": "node/7435495092"
    },
    {
      "type": "Feature",
      "properties": {
        "@id": "node/7435704621",
        "bench": "no",
        "bin": "no",
        "bus": "yes",
        "highway": "bus_stop",
        "lit": "no",
        "name": "Hathersage (Little John)",
        "naptan:AtcoCode": "1000DHSR3488",
        "naptan:NaptanCode": "dbsapmjm",
        "public_transport": "platform",
        "shelter": "no",
        "tactile_paving": "no"
      },
      "geometry": {
        "type": "Point",
        "coordinates": [
          -1.6557274,
          53.3294536
        ]
      },
      "id": "node/7435704621"
    },
    {
      "type": "Feature",
      "properties": {
        "@id": "node/7435704622",
        "bench": "no",
        "bin": "no",
        "bus": "yes",
        "highway": "bus_stop",
        "lit": "no",
        "name": "Hathersage (Little John)",
        "naptan:AtcoCode": "1000DHSR3487",
        "naptan:NaptanCode": "dbsapmjg",
        "public_transport": "platform",
        "shelter": "no",
        "tactile_paving": "no"
      },
      "geometry": {
        "type": "Point",
        "coordinates": [
          -1.6558645,
          53.3294683
        ]
      },
      "id": "node/7435704622"
    },
    {
      "type": "Feature",
      "properties": {
        "@id": "node/7435704624",
        "bench": "no",
        "bin": "no",
        "bus": "yes",
        "highway": "bus_stop",
        "lit": "no",
        "name": "Hathersage (Railway Station)",
        "naptan:AtcoCode": "100052479",
        "naptan:Bearing": "S",
        "naptan:BusStopType": "CUS",
        "naptan:CommonName": "Dore Lane",
        "naptan:Indicator": "opp",
        "naptan:NaptanCode": "dbsjawgw",
        "naptan:PlusbusZoneRef": "BUXTON",
        "naptan:Street": "Station Road",
        "naptan:verified": "no",
        "public_transport": "platform",
        "shelter": "no",
        "tactile_paving": "no"
      },
      "geometry": {
        "type": "Point",
        "coordinates": [
          -1.6533922,
          53.3270697
        ]
      },
      "id": "node/7435704624"
    },
    {
      "type": "Feature",
      "properties": {
        "@id": "node/7435704625",
        "bench": "yes",
        "bin": "yes",
        "bus": "yes",
        "highway": "bus_stop",
        "lit": "no",
        "name": "Hathersage (Railway Station)",
        "naptan:AtcoCode": "100053522",
        "naptan:Bearing": "N",
        "naptan:CommonName": "Dore Lane",
        "naptan:Indicator": "adj",
        "naptan:NaptanCode": "dbsjdjtj",
        "naptan:PlusbusZoneRef": "BUXTON",
        "naptan:Street": "Station Road",
        "naptan:verified": "no",
        "public_transport": "platform",
        "shelter": "no",
        "tactile_paving": "no"
      },
      "geometry": {
        "type": "Point",
        "coordinates": [
          -1.6535183,
          53.3269848
        ]
      },
      "id": "node/7435704625"
    },
    {
      "type": "Feature",
      "properties": {
        "@id": "node/7435704632",
        "bus": "yes",
        "highway": "bus_stop",
        "name": "Leadmill (The Plough)",
        "naptan:AtcoCode": "100000015674",
        "naptan:NaptanCode": "dbsgdmpm",
        "public_transport": "platform",
        "shelter": "no"
      },
      "geometry": {
        "type": "Point",
        "coordinates": [
          -1.6500572,
          53.3205031
        ]
      },
      "id": "node/7435704632"
    },
    {
      "type": "Feature",
      "properties": {
        "@id": "node/7435704634",
        "bus": "yes",
        "highway": "bus_stop",
        "name": "Leadmill (The Plough)",
        "naptan:AtcoCode": "1000DBMR3757",
        "naptan:NaptanCode": "dbsgjwpd",
        "public_transport": "platform",
        "shelter": "no"
      },
      "geometry": {
        "type": "Point",
        "coordinates": [
          -1.6496628,
          53.3203215
        ]
      },
      "id": "node/7435704634"
    },
    {
      "type": "Feature",
      "properties": {
        "@id": "node/7435727937",
        "bench": "no",
        "bin": "no",
        "bus": "yes",
        "highway": "bus_stop",
        "lit": "no",
        "name": "Hope (Aston Lane)",
        "naptan:AtcoCode": "1000DHCR3696",
        "naptan:Bearing": "SE",
        "naptan:CommonName": "Aston Lane",
        "naptan:Indicator": "adj",
        "naptan:NaptanCode": "dbsdpgmg",
        "naptan:PlusbusZoneRef": "BUXTON",
        "naptan:Street": "Station Road",
        "naptan:verified": "no",
        "public_transport": "platform",
        "shelter": "no",
        "tactile_paving": "no"
      },
      "geometry": {
        "type": "Point",
        "coordinates": [
          -1.7367299,
          53.3462785
        ]
      },
      "id": "node/7435727937"
    },
    {
      "type": "Feature",
      "properties": {
        "@id": "node/7435727938",
        "bench": "no",
        "bin": "no",
        "bus": "yes",
        "highway": "bus_stop",
        "lit": "no",
        "name": "Hope (Aston Lane)",
        "naptan:AtcoCode": "1000DHCR3695",
        "naptan:Bearing": "NW",
        "naptan:CommonName": "Aston Lane",
        "naptan:Indicator": "opp",
        "naptan:NaptanCode": "dbsdpgmd",
        "naptan:PlusbusZoneRef": "BUXTON",
        "naptan:Street": "Station Road",
        "naptan:verified": "no",
        "public_transport": "platform",
        "shelter": "no",
        "tactile_paving": "no"
      },
      "geometry": {
        "type": "Point",
        "coordinates": [
          -1.7368651,
          53.346228
        ]
      },
      "id": "node/7435727938"
    },
    {
      "type": "Feature",
      "properties": {
        "@id": "node/7435727939",
        "bench": "no",
        "bin": "no",
        "bus": "yes",
        "highway": "bus_stop",
        "lit": "no",
        "name": "Hope (Church)",
        "public_transport": "platform",
        "shelter": "no",
        "tactile_paving": "no"
      },
      "geometry": {
        "type": "Point",
        "coordinates": [
          -1.7397549,
          53.3472483
        ]
      },
      "id": "node/7435727939"
    },
    {
      "type": "Feature",
      "properties": {
        "@id": "node/7435727941",
        "bus": "yes",
        "highway": "bus_stop",
        "name": "Hope (Post Office)",
        "naptan:AtcoCode": "1000DHCRP239",
        "naptan:NaptanCode": "dbsgapwm",
        "public_transport": "platform"
      },
      "geometry": {
        "type": "Point",
        "coordinates": [
          -1.7427343,
          53.348234
        ]
      },
      "id": "node/7435727941"
    },
    {
      "type": "Feature",
      "properties": {
        "@id": "node/7435727942",
        "bus": "yes",
        "highway": "bus_stop",
        "name": "Hope (Post Office)",
        "naptan:AtcoCode": "1000DHCRC774",
        "naptan:NaptanCode": "dbsgapwj",
        "public_transport": "platform"
      },
      "geometry": {
        "type": "Point",
        "coordinates": [
          -1.7448885,
          53.3482252
        ]
      },
      "id": "node/7435727942"
    },
    {
      "type": "Feature",
      "properties": {
        "@id": "node/7435727944",
        "bus": "yes",
        "highway": "bus_stop",
        "name": "Hope (College)",
        "naptan:AtcoCode": "1000DHHV3700",
        "naptan:Bearing": "E",
        "naptan:CommonName": "College",
        "naptan:Indicator": "Opp",
        "naptan:NaptanCode": "dbsapdpg",
        "naptan:PlusbusZoneRef": "BUXTON",
        "naptan:Street": "Castleton Road",
        "naptan:verified": "no",
        "public_transport": "platform"
      },
      "geometry": {
        "type": "Point",
        "coordinates": [
          -1.7485673,
          53.3480507
        ]
      },
      "id": "node/7435727944"
    },
    {
      "type": "Feature",
      "properties": {
        "@id": "node/7435727947",
        "bus": "yes",
        "highway": "bus_stop",
        "name": "Hope (The Marshes)",
        "naptan:AtcoCode": "1000DHCR3701",
        "naptan:Bearing": "E",
        "naptan:CommonName": "The Marshes",
        "naptan:Indicator": "Adj",
        "naptan:NaptanCode": "dbsdpgmp",
        "naptan:PlusbusZoneRef": "BUXTON",
        "naptan:Street": "Castleton Road",
        "naptan:verified": "no",
        "public_transport": "platform"
      },
      "geometry": {
        "type": "Point",
        "coordinates": [
          -1.7568352,
          53.3478822
        ]
      },
      "id": "node/7435727947"
    },
    {
      "type": "Feature",
      "properties": {
        "@id": "node/7435727948",
        "bus": "yes",
        "highway": "bus_stop",
        "name": "Hope (Warehouse Lane)",
        "naptan:AtcoCode": "1000DHCR3704",
        "naptan:Bearing": "E",
        "naptan:BusStopType": "CUS",
        "naptan:CommonName": "Warehouse Lane",
        "naptan:Indicator": "Adj",
        "naptan:NaptanCode": "dbsgapmw",
        "naptan:PlusbusZoneRef": "BUXTON",
        "naptan:Street": "Castleton Road",
        "naptan:verified": "no",
        "public_transport": "platform"
      },
      "geometry": {
        "type": "Point",
        "coordinates": [
          -1.7627792,
          53.3474788
        ]
      },
      "id": "node/7435727948"
    },
    {
      "type": "Feature",
      "properties": {
        "@id": "node/7435727949",
        "bus": "yes",
        "highway": "bus_stop",
        "name": "Hope (Warehouse Lane)",
        "naptan:AtcoCode": "1000DHCR3702",
        "naptan:Bearing": "W",
        "naptan:CommonName": "Warehouse Lane",
        "naptan:Indicator": "Opp",
        "naptan:NaptanCode": "dbsdpgmt",
        "naptan:PlusbusZoneRef": "BUXTON",
        "naptan:Street": "Castleton Road",
        "naptan:verified": "no",
        "public_transport": "platform"
      },
      "geometry": {
        "type": "Point",
        "coordinates": [
          -1.7628771,
          53.3474084
        ]
      },
      "id": "node/7435727949"
    },
    {
      "type": "Feature",
      "properties": {
        "@id": "node/7435727952",
        "bus": "yes",
        "highway": "bus_stop",
        "name": "Castleton (Losehill Hall)",
        "naptan:AtcoCode": "1000DCCR3705",
        "naptan:NaptanCode": "dbsgjgtj",
        "public_transport": "platform"
      },
      "geometry": {
        "type": "Point",
        "coordinates": [
          -1.7675101,
          53.3470105
        ]
      },
      "id": "node/7435727952"
    },
    {
      "type": "Feature",
      "properties": {
        "@id": "node/7435727953",
        "bench": "no",
        "bin": "no",
        "bus": "yes",
        "highway": "bus_stop",
        "lit": "no",
        "name": "Castleton (Losehill Hall)",
        "naptan:AtcoCode": "1000DCCR3703",
        "naptan:NaptanCode": "dbsgjgtg",
        "public_transport": "platform",
        "shelter": "no",
        "tactile_paving": "no"
      },
      "geometry": {
        "type": "Point",
        "coordinates": [
          -1.7687661,
          53.3468324
        ]
      },
      "id": "node/7435727953"
    },
    {
      "type": "Feature",
      "properties": {
        "@id": "node/7435727955",
        "bench": "no",
        "bin": "no",
        "bus": "yes",
        "highway": "bus_stop",
        "lit": "yes",
        "name": "Castleton (How Lane)",
        "naptan:AtcoCode": "1000DCHL3707",
        "naptan:NaptanCode": "dbsajpdt",
        "public_transport": "platform",
        "shelter": "no",
        "tactile_paving": "no"
      },
      "geometry": {
        "type": "Point",
        "coordinates": [
          -1.7719562,
          53.3443614
        ]
      },
      "id": "node/7435727955"
    },
    {
      "type": "Feature",
      "properties": {
        "@id": "node/7443488426",
        "bus": "yes",
        "highway": "bus_stop",
        "name": "Tideswell (Anchor Inn)",
        "naptan:AtcoCode": "100000008396",
        "naptan:Bearing": "NE",
        "naptan:CommonName": "Anchor Inn",
        "naptan:Indicator": "Adj",
        "naptan:NaptanCode": "dbsdwmgj",
        "naptan:PlusbusZoneRef": "BUXTON",
        "naptan:Street": "B6049",
        "naptan:verified": "no",
        "public_transport": "platform",
        "wheelchair": "yes"
      },
      "geometry": {
        "type": "Point",
        "coordinates": [
          -1.7616372,
          53.2835049
        ]
      },
      "id": "node/7443488426"
    },
    {
      "type": "Feature",
      "properties": {
        "@id": "node/7443488427",
        "bus": "yes",
        "highway": "bus_stop",
        "name": "Tideswell (Anchor Inn)",
        "naptan:AtcoCode": "100000008397",
        "naptan:Bearing": "SW",
        "naptan:BusStopType": "CUS",
        "naptan:CommonName": "Anchor Inn",
        "naptan:Indicator": "Opp",
        "naptan:NaptanCode": "dbsdwmgm",
        "naptan:PlusbusZoneRef": "BUXTON",
        "naptan:Street": "B6049",
        "naptan:verified": "no",
        "public_transport": "platform"
      },
      "geometry": {
        "type": "Point",
        "coordinates": [
          -1.7615061,
          53.2834903
        ]
      },
      "id": "node/7443488427"
    },
    {
      "type": "Feature",
      "properties": {
        "@id": "node/7443488430",
        "bus": "yes",
        "highway": "bus_stop",
        "name": "Tideswell (Anchor Cross Roads)",
        "naptan:AtcoCode": "1000DTWR3060",
        "naptan:NaptanCode": "dbsdgmtm",
        "public_transport": "platform"
      },
      "geometry": {
        "type": "Point",
        "coordinates": [
          -1.7627272,
          53.2830803
        ]
      },
      "id": "node/7443488430"
    },
    {
      "type": "Feature",
      "properties": {
        "@id": "node/7443488431",
        "bus": "yes",
        "highway": "bus_stop",
        "name": "Tideswell (Anchor Cross Roads)",
        "naptan:AtcoCode": "1000DTWR3061",
        "naptan:Bearing": "SW",
        "naptan:CommonName": "Anchor Cross Roads",
        "naptan:Indicator": "opp",
        "naptan:NaptanCode": "dbsdgmtp",
        "naptan:PlusbusZoneRef": "BUXTON",
        "naptan:Street": "Whitecross Road",
        "naptan:verified": "no",
        "public_transport": "platform"
      },
      "geometry": {
        "type": "Point",
        "coordinates": [
          -1.7626703,
          53.2829685
        ]
      },
      "id": "node/7443488431"
    },
    {
      "type": "Feature",
      "properties": {
        "@id": "node/7443488444",
        "bench": "no",
        "bin": "no",
        "bus": "yes",
        "highway": "bus_stop",
        "name": "Wardlow Mires",
        "naptan:AtcoCode": "100000018745",
        "naptan:NaptanCode": "dbsgpmtm",
        "public_transport": "platform",
        "shelter": "no"
      },
      "geometry": {
        "type": "Point",
        "coordinates": [
          -1.7306681,
          53.2768042
        ]
      },
      "id": "node/7443488444"
    },
    {
      "type": "Feature",
      "properties": {
        "@id": "node/7443488445",
        "bench": "no",
        "bin": "no",
        "bus": "yes",
        "highway": "bus_stop",
        "name": "Wardlow Mires",
        "naptan:AtcoCode": "100000018744",
        "naptan:Bearing": "SE",
        "naptan:BusStopType": "CUS",
        "naptan:CommonName": "Wardlow Mires",
        "naptan:Indicator": "SE-bound",
        "naptan:NaptanCode": "dbsgpmtj",
        "naptan:PlusbusZoneRef": "BUXTON",
        "naptan:Street": "B6465",
        "naptan:verified": "no",
        "public_transport": "platform",
        "shelter": "no"
      },
      "geometry": {
        "type": "Point",
        "coordinates": [
          -1.7304247,
          53.2767701
        ]
      },
      "id": "node/7443488445"
    },
    {
      "type": "Feature",
      "properties": {
        "@id": "node/7443488448",
        "bench": "no",
        "bin": "no",
        "bus": "yes",
        "highway": "bus_stop",
        "lit": "no",
        "name": "Wardlow Mires",
        "naptan:AtcoCode": "1000DWMA3076",
        "naptan:NaptanCode": "dbsdmpwm",
        "public_transport": "platform",
        "shelter": "no",
        "tactile_paving": "no"
      },
      "geometry": {
        "type": "Point",
        "coordinates": [
          -1.7291906,
          53.2771954
        ]
      },
      "id": "node/7443488448"
    },
    {
      "type": "Feature",
      "properties": {
        "@id": "node/7443488449",
        "bench": "no",
        "bin": "no",
        "bus": "yes",
        "highway": "bus_stop",
        "lit": "no",
        "name": "Wardlow Mires",
        "naptan:AtcoCode": "1000DWMA3075",
        "naptan:Bearing": "W",
        "naptan:BusStopType": "CUS",
        "naptan:CommonName": "Wardlow Mires",
        "naptan:Indicator": "W-bound",
        "naptan:NaptanCode": "dbsdmpwj",
        "naptan:PlusbusZoneRef": "BUXTON",
        "naptan:Street": "A623",
        "naptan:verified": "no",
        "public_transport": "platform",
        "shelter": "no",
        "tactile_paving": "no"
      },
      "geometry": {
        "type": "Point",
        "coordinates": [
          -1.7290057,
          53.2771245
        ]
      },
      "id": "node/7443488449"
    },
    {
      "type": "Feature",
      "properties": {
        "@id": "node/7443512939",
        "bus": "yes",
        "highway": "bus_stop",
        "name": "Litton (School)",
        "naptan:AtcoCode": "1000DLSP3054",
        "naptan:NaptanCode": "dbsatpat",
        "public_transport": "platform"
      },
      "geometry": {
        "type": "Point",
        "coordinates": [
          -1.7554585,
          53.2731233
        ]
      },
      "id": "node/7443512939"
    },
    {
      "type": "Feature",
      "properties": {
        "@id": "node/7443512942",
        "bench": "no",
        "bin": "no",
        "bus": "yes",
        "highway": "bus_stop",
        "lit": "yes",
        "name": "Litton (Dale View)",
        "naptan:AtcoCode": "1000DLML3682",
        "naptan:NaptanCode": "dbsdtjgj",
        "public_transport": "platform",
        "shelter": "no",
        "tactile_paving": "no"
      },
      "geometry": {
        "type": "Point",
        "coordinates": [
          -1.7587773,
          53.2724734
        ]
      },
      "id": "node/7443512942"
    },
    {
      "type": "Feature",
      "properties": {
        "@id": "node/7443512943",
        "bench": "yes",
        "bin": "no",
        "bus": "yes",
        "highway": "bus_stop",
        "lit": "no",
        "name": "Litton (Dale View)",
        "naptan:AtcoCode": "1000DLML3683",
        "naptan:NaptanCode": "dbsdtjgm",
        "public_transport": "platform",
        "shelter": "no",
        "tactile_paving": "no"
      },
      "geometry": {
        "type": "Point",
        "coordinates": [
          -1.7588728,
          53.2725378
        ]
      },
      "id": "node/7443512943"
    },
    {
      "type": "Feature",
      "properties": {
        "@id": "node/7448533198",
        "bus": "yes",
        "highway": "bus_stop",
        "name": "Tideswell (Whitecross Road)",
        "naptan:AtcoCode": "1000DTWW3192",
        "naptan:NaptanCode": "dbsdjtpj",
        "public_transport": "platform"
      },
      "geometry": {
        "type": "Point",
        "coordinates": [
          -1.7684607,
          53.280008
        ]
      },
      "id": "node/7448533198"
    },
    {
      "type": "Feature",
      "properties": {
        "@id": "node/7448533199",
        "bus": "yes",
        "highway": "bus_stop",
        "name": "Tideswell (Whitecross Road)",
        "naptan:AtcoCode": "1000DTWR3059",
        "naptan:NaptanCode": "dbsdgmtj",
        "public_transport": "platform"
      },
      "geometry": {
        "type": "Point",
        "coordinates": [
          -1.7681131,
          53.2802892
        ]
      },
      "id": "node/7448533199"
    },
    {
      "type": "Feature",
      "properties": {
        "@id": "node/7448533201",
        "bench": "yes",
        "bin": "yes",
        "bus": "yes",
        "highway": "bus_stop",
        "lit": "yes",
        "name": "Tideswell (Fountain Square)",
        "naptan:AtcoCode": "1000DTFST123",
        "naptan:NaptanCode": "dbsdgwpj",
        "public_transport": "platform",
        "shelter": "yes",
        "tactile_paving": "no"
      },
      "geometry": {
        "type": "Point",
        "coordinates": [
          -1.7746542,
          53.2768692
        ]
      },
      "id": "node/7448533201"
    },
    {
      "type": "Feature",
      "properties": {
        "@id": "node/7448533203",
        "bus": "yes",
        "highway": "bus_stop",
        "name": "Tideswell (Fountain Square)",
        "naptan:AtcoCode": "1000DTFS3309",
        "naptan:Bearing": "S",
        "naptan:BusStopType": "CUS",
        "naptan:CommonName": "Fountain Square",
        "naptan:Indicator": "Opp",
        "naptan:NaptanCode": "dbsdgwpg",
        "naptan:PlusbusZoneRef": "BUXTON",
        "naptan:Street": "Queen Street",
        "naptan:verified": "no",
        "public_transport": "platform"
      },
      "geometry": {
        "type": "Point",
        "coordinates": [
          -1.7744626,
          53.2767619
        ]
      },
      "id": "node/7448533203"
    },
    {
      "type": "Feature",
      "properties": {
        "@id": "node/7448533205",
        "bus": "yes",
        "highway": "bus_stop",
        "name": "Tideswell (Buxton Road)",
        "naptan:AtcoCode": "1000DTBR3056",
        "naptan:NaptanCode": "dbsdjpta",
        "public_transport": "platform"
      },
      "geometry": {
        "type": "Point",
        "coordinates": [
          -1.7729365,
          53.2734484
        ]
      },
      "id": "node/7448533205"
    },
    {
      "type": "Feature",
      "properties": {
        "@id": "node/7448533206",
        "bus": "yes",
        "highway": "bus_stop",
        "name": "Tideswell (Buxton Road)",
        "naptan:AtcoCode": "1000DTBR3684",
        "naptan:NaptanCode": "dbsdjptd",
        "public_transport": "platform"
      },
      "geometry": {
        "type": "Point",
        "coordinates": [
          -1.7727955,
          53.2734194
        ]
      },
      "id": "node/7448533206"
    },
    {
      "type": "Feature",
      "properties": {
        "@id": "node/7448533208",
        "bus": "yes",
        "highway": "bus_stop",
        "name": "Tideswell (Dale Car Park)",
        "naptan:AtcoCode": "1000DTDC3233",
        "naptan:NaptanCode": "dbsdgwjt",
        "public_transport": "platform"
      },
      "geometry": {
        "type": "Point",
        "coordinates": [
          -1.7715,
          53.2649982
        ]
      },
      "id": "node/7448533208"
    },
    {
      "type": "Feature",
      "properties": {
        "@id": "node/7448533209",
        "bench": "no",
        "bin": "no",
        "bus": "yes",
        "highway": "bus_stop",
        "lit": "no",
        "name": "Tideswell (Dale Car Park)",
        "naptan:AtcoCode": "1000DTDC3051",
        "naptan:NaptanCode": "dbsdgwjp",
        "public_transport": "platform",
        "shelter": "no",
        "tactile_paving": "no"
      },
      "geometry": {
        "type": "Point",
        "coordinates": [
          -1.771557,
          53.2647908
        ]
      },
      "id": "node/7448533209"
    },
    {
      "type": "Feature",
      "properties": {
        "@id": "node/7448533211",
        "bus": "yes",
        "highway": "bus_stop",
        "name": "Miller’s Dale (Ravenstor Youth Hostel)",
        "naptan:AtcoCode": "1000DMDR3063",
        "naptan:NaptanCode": "dbsatgmd",
        "public_transport": "platform"
      },
      "geometry": {
        "type": "Point",
        "coordinates": [
          -1.7731731,
          53.2586416
        ]
      },
      "id": "node/7448533211"
    },
    {
      "type": "Feature",
      "properties": {
        "@id": "node/7448533212",
        "bus": "yes",
        "highway": "bus_stop",
        "name": "Miller’s Dale (Ravenstor Youth Hostel)",
        "naptan:AtcoCode": "1000DMDR3234",
        "naptan:NaptanCode": "dbsatgmg",
        "public_transport": "platform",
        "shelter": "no"
      },
      "geometry": {
        "type": "Point",
        "coordinates": [
          -1.7730095,
          53.2586857
        ]
      },
      "id": "node/7448533212"
    },
    {
      "type": "Feature",
      "properties": {
        "@id": "node/7448533217",
        "bench": "no",
        "bin": "no",
        "bus": "yes",
        "highway": "bus_stop",
        "lit": "no",
        "name": "Miller’s Dale (Wormhill Road)",
        "naptan:AtcoCode": "1000DMDD3049",
        "naptan:NaptanCode": "dbsdtatj",
        "public_transport": "platform",
        "shelter": "no",
        "tactile_paving": "no"
      },
      "geometry": {
        "type": "Point",
        "coordinates": [
          -1.795166,
          53.2552137
        ]
      },
      "id": "node/7448533217"
    },
    {
      "type": "Feature",
      "properties": {
        "@id": "node/7504585397",
        "bench": "no",
        "bin": "no",
        "bus": "yes",
        "highway": "bus_stop",
        "lit": "no",
        "name": "Wardlow (Church)",
        "naptan:AtcoCode": "1000DWBBH770",
        "public_transport": "platform",
        "shelter": "no",
        "tactile_paving": "no"
      },
      "geometry": {
        "type": "Point",
        "coordinates": [
          -1.7294694,
          53.2688718
        ]
      },
      "id": "node/7504585397"
    },
    {
      "type": "Feature",
      "properties": {
        "@id": "node/7504585398",
        "bench": "no",
        "bin": "no",
        "bus": "yes",
        "highway": "bus_stop",
        "lit": "no",
        "name": "Wardlow (Church)",
        "naptan:AtcoCode": "1000DWBB3681",
        "public_transport": "platform",
        "shelter": "no",
        "tactile_paving": "no"
      },
      "geometry": {
        "type": "Point",
        "coordinates": [
          -1.7293827,
          53.2689036
        ]
      },
      "id": "node/7504585398"
    },
    {
      "type": "Feature",
      "properties": {
        "@id": "node/7504585404",
        "bus": "yes",
        "highway": "bus_stop",
        "name": "Little Longstone (Packhorse Inn)",
        "naptan:AtcoCode": "1000DLLP3678",
        "naptan:NaptanCode": "dbsdtjdp",
        "public_transport": "platform"
      },
      "geometry": {
        "type": "Point",
        "coordinates": [
          -1.7159813,
          53.2423221
        ]
      },
      "id": "node/7504585404"
    },
    {
      "type": "Feature",
      "properties": {
        "@id": "node/7504585405",
        "bus": "yes",
        "highway": "bus_stop",
        "name": "Little Longstone (Packhorse Inn)",
        "naptan:AtcoCode": "1000DLLP3677",
        "naptan:Bearing": "SW",
        "naptan:CommonName": "Packhorse Inn",
        "naptan:Indicator": "Opp",
        "naptan:NaptanCode": "dbsdtjdm",
        "naptan:PlusbusZoneRef": "BUXTON",
        "naptan:Street": "Butts Road",
        "naptan:verified": "no",
        "public_transport": "platform"
      },
      "geometry": {
        "type": "Point",
        "coordinates": [
          -1.7158712,
          53.2422737
        ]
      },
      "id": "node/7504585405"
    },
    {
      "type": "Feature",
      "properties": {
        "@id": "node/7504585408",
        "bus": "yes",
        "highway": "bus_stop",
        "name": "Great Longstone (Moor Road)",
        "naptan:AtcoCode": "1000DGLM3676",
        "naptan:NaptanCode": "dbsgamdm",
        "public_transport": "platform"
      },
      "geometry": {
        "type": "Point",
        "coordinates": [
          -1.706122,
          53.2439659
        ]
      },
      "id": "node/7504585408"
    },
    {
      "type": "Feature",
      "properties": {
        "@id": "node/7504585409",
        "bus": "yes",
        "highway": "bus_stop",
        "name": "Great Longstone (Moor Road)",
        "naptan:AtcoCode": "1000DGLM3675",
        "naptan:NaptanCode": "dbsgamdj",
        "public_transport": "platform"
      },
      "geometry": {
        "type": "Point",
        "coordinates": [
          -1.7060371,
          53.2439035
        ]
      },
      "id": "node/7504585409"
    },
    {
      "type": "Feature",
      "properties": {
        "@id": "node/7504585414",
        "bus": "yes",
        "highway": "bus_stop",
        "name": "Great Longstone (Croft Road)",
        "naptan:AtcoCode": "1000DGLM3671",
        "naptan:Bearing": "W",
        "naptan:CommonName": "Croft Road",
        "naptan:Indicator": "Adj",
        "naptan:NaptanCode": "dbsgamat",
        "naptan:PlusbusZoneRef": "BUXTON",
        "naptan:Street": "Main Street",
        "naptan:verified": "no",
        "public_transport": "platform"
      },
      "geometry": {
        "type": "Point",
        "coordinates": [
          -1.698836,
          53.2418793
        ]
      },
      "id": "node/7504585414"
    },
    {
      "type": "Feature",
      "properties": {
        "@id": "node/7504585418",
        "bus": "yes",
        "highway": "bus_stop",
        "name": "Ashford-in-the-Water (New Road)",
        "naptan:AtcoCode": "1000DABC3670",
        "naptan:Bearing": "N",
        "naptan:CommonName": "New Road",
        "naptan:Indicator": "Adj",
        "naptan:NaptanCode": "dbsadtdp",
        "naptan:PlusbusZoneRef": "BUXTON",
        "naptan:Street": "Baslow Road",
        "naptan:verified": "no",
        "public_transport": "platform"
      },
      "geometry": {
        "type": "Point",
        "coordinates": [
          -1.7052418,
          53.2246217
        ]
      },
      "id": "node/7504585418"
    },
    {
      "type": "Feature",
      "properties": {
        "@id": "node/7504585420",
        "bench": "no",
        "bin": "no",
        "bus": "yes",
        "highway": "bus_stop",
        "lit": "yes",
        "name": "Ashford-in-the-Water (Ashford Mill)",
        "naptan:AtcoCode": "1000DAAA3383",
        "naptan:NaptanCode": "dbsadwpj",
        "public_transport": "platform",
        "shelter": "no",
        "tactile_paving": "no"
      },
      "geometry": {
        "type": "Point",
        "coordinates": [
          -1.7042434,
          53.2219596
        ]
      },
      "id": "node/7504585420"
    },
    {
      "type": "Feature",
      "properties": {
        "@id": "node/7504585422",
        "bench": "no",
        "bin": "no",
        "bus": "yes",
        "highway": "bus_stop",
        "lit": "yes",
        "name": "Ashford-in-the-Water (Ashford Mill)",
        "naptan:AtcoCode": "1000DAAM3384",
        "naptan:NaptanCode": "dbsgwtjd",
        "public_transport": "platform",
        "shelter": "no",
        "tactile_paving": "no"
      },
      "geometry": {
        "type": "Point",
        "coordinates": [
          -1.7025209,
          53.2220821
        ]
      },
      "id": "node/7504585422"
    },
    {
      "type": "Feature",
      "properties": {
        "@id": "node/7504585424",
        "bench": "no",
        "bin": "no",
        "bus": "yes",
        "highway": "bus_stop",
        "lit": "yes",
        "name": "Bakewell (Lakeside)",
        "naptan:AtcoCode": "1000DBBR3382",
        "naptan:NaptanCode": "dbsjadgt",
        "public_transport": "platform",
        "shelter": "no",
        "tactile_paving": "no"
      },
      "geometry": {
        "type": "Point",
        "coordinates": [
          -1.6916676,
          53.2188044
        ]
      },
      "id": "node/7504585424"
    },
    {
      "type": "Feature",
      "properties": {
        "@id": "node/7504585426",
        "bench": "no",
        "bin": "no",
        "bus": "yes",
        "highway": "bus_stop",
        "lit": "yes",
        "name": "Bakewell (Lakeside)",
        "naptan:AtcoCode": "1000DBBR3381",
        "naptan:NaptanCode": "dbsjadgp",
        "public_transport": "platform",
        "shelter": "no",
        "tactile_paving": "no"
      },
      "geometry": {
        "type": "Point",
        "coordinates": [
          -1.6890459,
          53.2185887
        ]
      },
      "id": "node/7504585426"
    },
    {
      "type": "Feature",
      "properties": {
        "@id": "node/7504585428",
        "bench": "no",
        "bin": "no",
        "bus": "yes",
        "highway": "bus_stop",
        "lit": "no",
        "name": "Bakewell (Lumford Mill)",
        "naptan:AtcoCode": "1000DBBR3379",
        "naptan:NaptanCode": "dbsjadgj",
        "public_transport": "platform",
        "shelter": "no",
        "tactile_paving": "no"
      },
      "geometry": {
        "type": "Point",
        "coordinates": [
          -1.6829653,
          53.2173893
        ]
      },
      "id": "node/7504585428"
    },
    {
      "type": "Feature",
      "properties": {
        "@id": "node/7504585430",
        "bench": "no",
        "bin": "no",
        "bus": "yes",
        "highway": "bus_stop",
        "lit": "yes",
        "name": "Bakewell (Lumford Mill)",
        "naptan:AtcoCode": "1000DBBR3380",
        "naptan:NaptanCode": "dbsjadgm",
        "public_transport": "platform",
        "shelter": "no",
        "tactile_paving": "no"
      },
      "geometry": {
        "type": "Point",
        "coordinates": [
          -1.6823555,
          53.2174835
        ]
      },
      "id": "node/7504585430"
    },
    {
      "type": "Feature",
      "properties": {
        "@id": "node/7504585432",
        "bench": "no",
        "bin": "no",
        "bus": "yes",
        "highway": "bus_stop",
        "name": "Bakewell (Fire Station)",
        "naptan:AtcoCode": "100050950",
        "naptan:NaptanCode": "dbsgmtgj",
        "public_transport": "platform",
        "shelter": "no",
        "tactile_paving": "no"
      },
      "geometry": {
        "type": "Point",
        "coordinates": [
          -1.6779327,
          53.2160275
        ]
      },
      "id": "node/7504585432"
    },
    {
      "type": "Feature",
      "properties": {
        "@id": "node/7504675390",
        "bus": "yes",
        "highway": "bus_stop",
        "name": "Bamford (Greenhead Park)",
        "naptan:AtcoCode": "1000DBAR3759",
        "naptan:NaptanCode": "dbsgwgpa",
        "public_transport": "platform"
      },
      "geometry": {
        "type": "Point",
        "coordinates": [
          -1.6903727,
          53.3506551
        ]
      },
      "id": "node/7504675390"
    },
    {
      "type": "Feature",
      "properties": {
        "@id": "node/7504675391",
        "bench": "no",
        "bin": "no",
        "bus": "yes",
        "highway": "bus_stop",
        "lit": "yes",
        "name": "Bamford (Institute)",
        "naptan:AtcoCode": "1000DBAR5853",
        "naptan:NaptanCode": "dbsgwjag",
        "public_transport": "platform",
        "shelter": "no",
        "tactile_paving": "no"
      },
      "geometry": {
        "type": "Point",
        "coordinates": [
          -1.6895092,
          53.349421
        ]
      },
      "id": "node/7504675391"
    },
    {
      "type": "Feature",
      "properties": {
        "@id": "node/7504675392",
        "bus": "yes",
        "highway": "bus_stop",
        "name": "Bamford (Derwent Hotel)",
        "naptan:AtcoCode": "1000DBMR5918",
        "naptan:NaptanCode": "dbsagmwm",
        "public_transport": "platform"
      },
      "geometry": {
        "type": "Point",
        "coordinates": [
          -1.6894232,
          53.3477788
        ]
      },
      "id": "node/7504675392"
    },
    {
      "type": "Feature",
      "properties": {
        "@id": "node/7504675393",
        "bus": "yes",
        "highway": "bus_stop",
        "name": "Bamford (Victoria Road)",
        "naptan:AtcoCode": "1000DBMR3755",
        "naptan:Bearing": "S",
        "naptan:CommonName": "Victoria Road",
        "naptan:Indicator": "Opp",
        "naptan:NaptanCode": "dbsgjwmw",
        "naptan:PlusbusZoneRef": "BUXTON",
        "naptan:Street": "Main Road",
        "naptan:verified": "no",
        "public_transport": "platform"
      },
      "geometry": {
        "type": "Point",
        "coordinates": [
          -1.690771,
          53.3460334
        ]
      },
      "id": "node/7504675393"
    },
    {
      "type": "Feature",
      "properties": {
        "@id": "node/7512054032",
        "bench": "no",
        "bin": "yes",
        "bus": "yes",
        "highway": "bus_stop",
        "lit": "yes",
        "name": "Eyam (Coach Park)",
        "naptan:AtcoCode": "100053730",
        "naptan:Bearing": "SW",
        "naptan:BusStopType": "CUS",
        "naptan:CommonName": "Eyam Museum",
        "naptan:Indicator": "opp",
        "naptan:NaptanCode": "dbsjdmat",
        "naptan:PlusbusZoneRef": "BUXTON",
        "naptan:Street": "Hawkhill Road",
        "naptan:verified": "no",
        "public_transport": "platform",
        "ref": "100053730",
        "shelter": "no",
        "tactile_paving": "no"
      },
      "geometry": {
        "type": "Point",
        "coordinates": [
          -1.6774478,
          53.2868546
        ]
      },
      "id": "node/7512054032"
    },
    {
      "type": "Feature",
      "properties": {
        "@id": "node/7784741014",
        "bench": "no",
        "bin": "no",
        "bus": "yes",
        "highway": "bus_stop",
        "lit": "no",
        "name": "Holywell",
        "naptan:AtcoCode": "1000DBMS3116",
        "naptan:Bearing": "NW",
        "naptan:CommonName": "Holywell",
        "naptan:Indicator": "Adj",
        "naptan:NaptanCode": "dbsgmadm",
        "naptan:PlusbusZoneRef": "BUXTON",
        "naptan:Street": "Haddon Road",
        "naptan:verified": "no",
        "public_transport": "platform",
        "shelter": "no",
        "tactile_paving": "no"
      },
      "geometry": {
        "type": "Point",
        "coordinates": [
          -1.6716492,
          53.2092715
        ]
      },
      "id": "node/7784741014"
    },
    {
      "type": "Feature",
      "properties": {
        "@id": "node/7784741015",
        "bench": "no",
        "bin": "no",
        "bus": "yes",
        "check_date:bench": "2023-08-15",
        "highway": "bus_stop",
        "lit": "yes",
        "name": "Burton Close Drive",
        "naptan:AtcoCode": "1000DBMS3117",
        "naptan:NaptanCode": "dbsgmadp",
        "public_transport": "platform",
        "shelter": "no",
        "tactile_paving": "no"
      },
      "geometry": {
        "type": "Point",
        "coordinates": [
          -1.6688709,
          53.2071437
        ]
      },
      "id": "node/7784741015"
    },
    {
      "type": "Feature",
      "properties": {
        "@id": "node/7784741016",
        "bench": "no",
        "bin": "no",
        "bus": "yes",
        "highway": "bus_stop",
        "lit": "yes",
        "name": "Burton Close Drive",
        "naptan:AtcoCode": "1000DBMS3118",
        "naptan:NaptanCode": "dbsgmadt",
        "public_transport": "platform",
        "shelter": "no",
        "tactile_paving": "no"
      },
      "geometry": {
        "type": "Point",
        "coordinates": [
          -1.669026,
          53.2071466
        ]
      },
      "id": "node/7784741016"
    },
    {
      "type": "Feature",
      "properties": {
        "@id": "node/7784741017",
        "bench": "no",
        "bin": "no",
        "bus": "yes",
        "direction": "330",
        "highway": "bus_stop",
        "lit": "yes",
        "name": "Haddon House Farm",
        "naptan:AtcoCode": "100000008459",
        "naptan:NaptanCode": "dbsdpgwd",
        "public_transport": "platform",
        "shelter": "no",
        "tactile_paving": "no"
      },
      "geometry": {
        "type": "Point",
        "coordinates": [
          -1.6647631,
          53.2035361
        ]
      },
      "id": "node/7784741017"
    },
    {
      "type": "Feature",
      "properties": {
        "@id": "node/7784741018",
        "bench": "no",
        "bin": "no",
        "bus": "yes",
        "direction": "150",
        "highway": "bus_stop",
        "lit": "yes",
        "name": "Haddon House Farm",
        "naptan:AtcoCode": "100000008460",
        "naptan:NaptanCode": "dbsdpgwg",
        "public_transport": "platform",
        "shelter": "no",
        "tactile_paving": "no"
      },
      "geometry": {
        "type": "Point",
        "coordinates": [
          -1.6650178,
          53.2036489
        ]
      },
      "id": "node/7784741018"
    },
    {
      "type": "Feature",
      "properties": {
        "@id": "node/7784741019",
        "bench": "no",
        "bin": "no",
        "bus": "yes",
        "direction": "140",
        "highway": "bus_stop",
        "lit": "no",
        "name": "Haddon Hall",
        "naptan:AtcoCode": "1000DHHA3119",
        "naptan:Bearing": "NW",
        "naptan:CommonName": "Haddon Hall",
        "naptan:Indicator": "Opp",
        "naptan:NaptanCode": "dbsgadjd",
        "naptan:PlusbusZoneRef": "BUXTON",
        "naptan:Street": "Haddon Road",
        "naptan:verified": "no",
        "public_transport": "platform",
        "shelter": "no",
        "tactile_paving": "no"
      },
      "geometry": {
        "type": "Point",
        "coordinates": [
          -1.6520118,
          53.1921765
        ]
      },
      "id": "node/7784741019"
    },
    {
      "type": "Feature",
      "properties": {
        "@id": "node/7784741020",
        "bench": "no",
        "bin": "no",
        "bus": "yes",
        "direction": "320",
        "highway": "bus_stop",
        "lit": "no",
        "name": "Haddon Hall",
        "naptan:AtcoCode": "1000DHHA2085",
        "naptan:Bearing": "SE",
        "naptan:CommonName": "Haddon Hall",
        "naptan:Indicator": "Adj",
        "naptan:NaptanCode": "dbsgadgw",
        "naptan:PlusbusZoneRef": "BUXTON",
        "naptan:Street": "Haddon Road",
        "naptan:verified": "no",
        "public_transport": "platform",
        "shelter": "no",
        "tactile_paving": "no"
      },
      "geometry": {
        "type": "Point",
        "coordinates": [
          -1.6512125,
          53.1919039
        ]
      },
      "id": "node/7784741020"
    },
    {
      "type": "Feature",
      "properties": {
        "@id": "node/7784741021",
        "bench": "no",
        "bin": "no",
        "bus": "yes",
        "direction": "100",
        "highway": "bus_stop",
        "lit": "no",
        "name": "Picory Corner",
        "naptan:AtcoCode": "1000DHHA3122",
        "naptan:NaptanCode": "dbsgadjg",
        "public_transport": "platform",
        "shelter": "no",
        "tactile_paving": "no"
      },
      "geometry": {
        "type": "Point",
        "coordinates": [
          -1.6442075,
          53.1890302
        ]
      },
      "id": "node/7784741021"
    },
    {
      "type": "Feature",
      "properties": {
        "@id": "node/7784741022",
        "bench": "no",
        "bin": "no",
        "bus": "yes",
        "highway": "bus_stop",
        "lit": "no",
        "name": "Picory Corner",
        "naptan:AtcoCode": "1000DHHA3123",
        "naptan:Bearing": "E",
        "naptan:CommonName": "Picory Corner",
        "naptan:Indicator": "E-bound",
        "naptan:NaptanCode": "dbsgadjm",
        "naptan:PlusbusZoneRef": "BUXTON",
        "naptan:Street": "A6",
        "naptan:verified": "no",
        "public_transport": "platform",
        "shelter": "no",
        "tactile_paving": "no"
      },
      "geometry": {
        "type": "Point",
        "coordinates": [
          -1.6423541,
          53.1891274
        ]
      },
      "id": "node/7784741022"
    },
    {
      "type": "Feature",
      "properties": {
        "@id": "node/7784741023",
        "bus": "yes",
        "direction": "280",
        "highway": "bus_stop",
        "name": "Wye Farm",
        "naptan:AtcoCode": "1000DRDR3378",
        "naptan:NaptanCode": "dbsdmgam",
        "public_transport": "platform"
      },
      "geometry": {
        "type": "Point",
        "coordinates": [
          -1.6248421,
          53.1892365
        ]
      },
      "id": "node/7784741023"
    },
    {
      "type": "Feature",
      "properties": {
        "@id": "node/7784741024",
        "bus": "yes",
        "direction": "100",
        "highway": "bus_stop",
        "name": "Wye Farm",
        "naptan:AtcoCode": "1000DRDR3377",
        "naptan:NaptanCode": "dbsdmgaj",
        "public_transport": "platform"
      },
      "geometry": {
        "type": "Point",
        "coordinates": [
          -1.6248795,
          53.1891483
        ]
      },
      "id": "node/7784741024"
    },
    {
      "type": "Feature",
      "properties": {
        "@id": "node/7784741025",
        "bus": "yes",
        "direction": "70",
        "highway": "bus_stop",
        "name": "Peacock Hotel",
        "naptan:AtcoCode": "1000DRDR3376",
        "naptan:Bearing": "W",
        "naptan:CommonName": "Peacock Hotel",
        "naptan:Indicator": "opp",
        "naptan:NaptanCode": "dbsdmgag",
        "naptan:PlusbusZoneRef": "BUXTON",
        "naptan:Street": "Dale Road North",
        "naptan:verified": "no",
        "public_transport": "platform"
      },
      "geometry": {
        "type": "Point",
        "coordinates": [
          -1.6180553,
          53.1889298
        ]
      },
      "id": "node/7784741025"
    },
    {
      "type": "Feature",
      "properties": {
        "@id": "node/7784741026",
        "bus": "yes",
        "direction": "250",
        "highway": "bus_stop",
        "name": "Peacock Hotel",
        "naptan:AtcoCode": "1000DRDRP534",
        "naptan:NaptanCode": "dbsdadgw",
        "public_transport": "platform",
        "shelter": "no"
      },
      "geometry": {
        "type": "Point",
        "coordinates": [
          -1.6180678,
          53.1890866
        ]
      },
      "id": "node/7784741026"
    },
    {
      "type": "Feature",
      "properties": {
        "@id": "node/8038138721",
        "bus": "yes",
        "highway": "bus_stop",
        "name": "Visitor Centre",
        "naptan:AtcoCode": "3800C812001",
        "naptan:Bearing": "E",
        "naptan:CommonName": "Visitor Centre",
        "naptan:Indicator": "opp",
        "naptan:Street": "New Road",
        "naptan:verified": "no",
        "public_transport": "platform"
      },
      "geometry": {
        "type": "Point",
        "coordinates": [
          -1.848494,
          53.1312331
        ]
      },
      "id": "node/8038138721"
    },
    {
      "type": "Feature",
      "properties": {
        "@id": "node/8038138723",
        "alt_name": "Monyash, Church Street / The Square",
        "bus": "yes",
        "highway": "bus_stop",
        "name": "Monyash, Church Street / Bulls Head",
        "naptan:AltCommonName": "The Square",
        "naptan:AltIndicator": "adj",
        "naptan:AltLandmark": "The Square",
        "naptan:AltStreet": "Church street",
        "naptan:AtcoCode": "1000DMCSS785",
        "naptan:Bearing": "E",
        "naptan:CommonName": "Bulls Head",
        "naptan:Indicator": "Adj",
        "naptan:Landmark": "Bulls Head",
        "naptan:LocalityName": "Monyash",
        "naptan:NaptanCode": "dbsdtapw",
        "naptan:PlusbusZoneRef": "BUXTON",
        "naptan:Street": "Church Street",
        "public_transport": "platform",
        "source": "naptan_import"
      },
      "geometry": {
        "type": "Point",
        "coordinates": [
          -1.7768803,
          53.1957579
        ]
      },
      "id": "node/8038138723"
    },
    {
      "type": "Feature",
      "properties": {
        "@id": "node/8038138724",
        "bench": "no",
        "bin": "no",
        "bus": "yes",
        "highway": "bus_stop",
        "lit": "yes",
        "name": "Bakewell, Baslow Road / Castle Mount Crescent",
        "naptan:AtcoCode": "100054972",
        "naptan:Bearing": "S",
        "naptan:CommonName": "Castle Mount Crescent",
        "naptan:Indicator": "Adj",
        "naptan:Landmark": "Castle Mount Crescent",
        "naptan:LocalityName": "Bakewell",
        "naptan:NaptanCode": "dbsjdwdg",
        "naptan:Street": "Baslow Road",
        "public_transport": "platform",
        "shelter": "no",
        "source": "naptan_import",
        "tactile_paving": "no"
      },
      "geometry": {
        "type": "Point",
        "coordinates": [
          -1.6735375,
          53.2175318
        ]
      },
      "id": "node/8038138724"
    },
    {
      "type": "Feature",
      "properties": {
        "@id": "node/8038138725",
        "bench": "no",
        "bin": "no",
        "bus": "yes",
        "highway": "bus_stop",
        "lit": "yes",
        "name": "Bakewell, Baslow Road / Castle Mount Crescent",
        "naptan:AtcoCode": "100054970",
        "naptan:Bearing": "N",
        "naptan:CommonName": "Castle Mount Crescent",
        "naptan:Indicator": "Opp",
        "naptan:Landmark": "Castle Mount Crescent",
        "naptan:LocalityName": "Bakewell",
        "naptan:NaptanCode": "dbsjdwda",
        "naptan:Street": "Baslow Road",
        "public_transport": "platform",
        "shelter": "no",
        "source": "naptan_import",
        "tactile_paving": "no"
      },
      "geometry": {
        "type": "Point",
        "coordinates": [
          -1.6737655,
          53.217262
        ]
      },
      "id": "node/8038138725"
    },
    {
      "type": "Feature",
      "properties": {
        "@id": "node/8038138726",
        "bench": "no",
        "bin": "no",
        "bus": "yes",
        "highway": "bus_stop",
        "lit": "no",
        "name": "Robin Hood",
        "naptan:AtcoCode": "1000DRHB3206",
        "naptan:Bearing": "E",
        "naptan:CommonName": "Robin Hood",
        "naptan:Indicator": "Adj",
        "naptan:NaptanCode": "dbsdadjt",
        "naptan:PlusbusZoneRef": "BUXTON",
        "naptan:Street": "Chesterfield Road",
        "naptan:verified": "no",
        "public_transport": "platform",
        "shelter": "no",
        "tactile_paving": "no"
      },
      "geometry": {
        "type": "Point",
        "coordinates": [
          -1.5840054,
          53.2454503
        ]
      },
      "id": "node/8038138726"
    },
    {
      "type": "Feature",
      "properties": {
        "@id": "node/8038138727",
        "bench": "no",
        "bin": "no",
        "bus": "yes",
        "highway": "bus_stop",
        "lit": "no",
        "name": "Robin Hood",
        "public_transport": "platform",
        "shelter": "no",
        "tactile_paving": "no"
      },
      "geometry": {
        "type": "Point",
        "coordinates": [
          -1.5845391,
          53.2454174
        ]
      },
      "id": "node/8038138727"
    },
    {
      "type": "Feature",
      "properties": {
        "@id": "node/8038138728",
        "bus": "yes",
        "highway": "bus_stop",
        "name": "Northend Farm",
        "naptan:AtcoCode": "1000DEMB3087",
        "naptan:Bearing": "E",
        "naptan:CommonName": "Northend Farm",
        "naptan:Indicator": "Opp",
        "naptan:NaptanCode": "dbsampgd",
        "naptan:Street": "Baslow Road",
        "naptan:verified": "no",
        "public_transport": "platform"
      },
      "geometry": {
        "type": "Point",
        "coordinates": [
          -1.5468594,
          53.2381301
        ]
      },
      "id": "node/8038138728"
    },
    {
      "type": "Feature",
      "properties": {
        "@id": "node/8038138729",
        "bus": "yes",
        "highway": "bus_stop",
        "name": "Northend Farm",
        "naptan:AtcoCode": "1000DEMB3208",
        "naptan:Bearing": "W",
        "naptan:CommonName": "Northend Farm",
        "naptan:Indicator": "Adj",
        "naptan:NaptanCode": "dbsampgp",
        "naptan:Street": "Baslow Road",
        "naptan:verified": "no",
        "public_transport": "platform"
      },
      "geometry": {
        "type": "Point",
        "coordinates": [
          -1.5469882,
          53.2380442
        ]
      },
      "id": "node/8038138729"
    },
    {
      "type": "Feature",
      "properties": {
        "@id": "node/8038138731",
        "bus": "yes",
        "highway": "bus_stop",
        "name": "The Highwayman",
        "naptan:AtcoCode": "1000DEMB3088",
        "naptan:Bearing": "E",
        "naptan:CommonName": "The Highwayman",
        "naptan:Indicator": "Opp",
        "naptan:NaptanCode": "dbsampgj",
        "naptan:Street": "Baslow Road",
        "naptan:verified": "no",
        "public_transport": "platform",
        "shelter": "no"
      },
      "geometry": {
        "type": "Point",
        "coordinates": [
          -1.5418236,
          53.2383147
        ]
      },
      "id": "node/8038138731"
    },
    {
      "type": "Feature",
      "properties": {
        "@id": "node/8040467379",
        "bus": "yes",
        "highway": "bus_stop",
        "name": "Sheeplea Cottage",
        "naptan:AtcoCode": "100051938",
        "naptan:NaptanCode": "dbsjapjm",
        "public_transport": "platform"
      },
      "geometry": {
        "type": "Point",
        "coordinates": [
          -1.5499266,
          53.237992
        ]
      },
      "id": "node/8040467379"
    },
    {
      "type": "Feature",
      "properties": {
        "@id": "node/8040467380",
        "bus": "yes",
        "highway": "bus_stop",
        "name": "Sheeplea Cottage",
        "naptan:AtcoCode": "100051940",
        "naptan:Bearing": "W",
        "naptan:CommonName": "Sheeplea Cottage",
        "naptan:Indicator": "Opp",
        "naptan:NaptanCode": "dbsjapjp",
        "naptan:Street": "Baslow Road",
        "naptan:verified": "no",
        "public_transport": "platform"
      },
      "geometry": {
        "type": "Point",
        "coordinates": [
          -1.5500687,
          53.2379069
        ]
      },
      "id": "node/8040467380"
    },
    {
      "type": "Feature",
      "properties": {
        "@id": "node/8258344919",
        "bench": "no",
        "bin": "no",
        "bus": "yes",
        "departures_board": "timetable",
        "highway": "bus_stop",
        "lit": "no",
        "name": "Hagg Farm",
        "note": "Location approximate",
        "public_transport": "platform",
        "ref": "100053801",
        "shelter": "no",
        "tactile_paving": "no",
        "wheelchair": "yes"
      },
      "geometry": {
        "type": "Point",
        "coordinates": [
          -1.7568519,
          53.3939808
        ]
      },
      "id": "node/8258344919"
    },
    {
      "type": "Feature",
      "properties": {
        "@id": "node/8258344934",
        "bus": "yes",
        "departures_board": "timetable",
        "highway": "bus_stop",
        "name": "Snake Pass Inn",
        "naptan:AtcoCode": "100000008360",
        "naptan:NaptanCode": "dbsdpgpm",
        "note": "Location approximate",
        "public_transport": "platform",
        "ref": "100000008360",
        "shelter": "no",
        "tactile_paving": "no",
        "wheelchair": "yes"
      },
      "geometry": {
        "type": "Point",
        "coordinates": [
          -1.8324578,
          53.4116001
        ]
      },
      "id": "node/8258344934"
    },
    {
      "type": "Feature",
      "properties": {
        "@id": "node/8258344935",
        "bus": "yes",
        "departures_board": "timetable",
        "highway": "bus_stop",
        "name": "Snake Pass Inn",
        "naptan:AtcoCode": "100000015749",
        "naptan:Bearing": "NW",
        "naptan:BusStopType": "CUS",
        "naptan:CommonName": "Snake Pass Inn",
        "naptan:Indicator": "Opp",
        "naptan:NaptanCode": "dbsgdmtp",
        "naptan:Street": "Snake Road",
        "naptan:verified": "no",
        "note": "Location approximate",
        "public_transport": "platform",
        "ref": "100000015749",
        "shelter": "no",
        "tactile_paving": "no",
        "wheelchair": "yes"
      },
      "geometry": {
        "type": "Point",
        "coordinates": [
          -1.8324525,
          53.4115399
        ]
      },
      "id": "node/8258344935"
    },
    {
      "type": "Feature",
      "properties": {
        "@id": "node/8258344950",
        "bus": "yes",
        "departures_board": "timetable",
        "highway": "bus_stop",
        "name": "Snake Woodlands",
        "naptan:AtcoCode": "100053802",
        "naptan:NaptanCode": "dbsjdwtw",
        "public_transport": "platform",
        "ref": "100053802",
        "shelter": "no",
        "tactile_paving": "no",
        "wheelchair": "yes"
      },
      "geometry": {
        "type": "Point",
        "coordinates": [
          -1.8368956,
          53.4193834
        ]
      },
      "id": "node/8258344950"
    },
    {
      "type": "Feature",
      "properties": {
        "@id": "node/8258344993",
        "bench": "no",
        "bin": "no",
        "bus": "yes",
        "departures_board": "timetable",
        "highway": "bus_stop",
        "lit": "no",
        "name": "Pennine Way",
        "naptan:AtcoCode": "100000008359",
        "naptan:NaptanCode": "dbsdpgpj",
        "public_transport": "platform",
        "shelter": "no",
        "tactile_paving": "no",
        "wheelchair": "limited",
        "wheelchair:description:en": "High level platform with ramp for boarding/alighting. However, ramp ends in gravel at side of road. Not advised without offroad wheelchair/significant assistance."
      },
      "geometry": {
        "type": "Point",
        "coordinates": [
          -1.8687671,
          53.4329526
        ]
      },
      "id": "node/8258344993"
    },
    {
      "type": "Feature",
      "properties": {
        "@id": "node/8258344994",
        "bench": "no",
        "bin": "no",
        "bus": "yes",
        "departures_board": "timetable",
        "highway": "bus_stop",
        "lit": "no",
        "name": "Pennine Way",
        "naptan:AtcoCode": "100000015750",
        "naptan:Bearing": "W",
        "naptan:CommonName": "Pennine Way",
        "naptan:Indicator": "W-bound",
        "naptan:NaptanCode": "dbsgdmtw",
        "naptan:Street": "Snake Road",
        "naptan:verified": "no",
        "public_transport": "platform",
        "shelter": "no",
        "tactile_paving": "no",
        "wheelchair": "limited",
        "wheelchair:description:en": "High level platform with ramp for boarding/alighting. However, ramp ends in grass at side of road. Not advised without offroad wheelchair/significant assistance."
      },
      "geometry": {
        "type": "Point",
        "coordinates": [
          -1.8693652,
          53.4328672
        ]
      },
      "id": "node/8258344994"
    },
    {
      "type": "Feature",
      "properties": {
        "@id": "node/8262856263",
        "bench": "no",
        "bin": "no",
        "bus": "yes",
        "highway": "bus_stop",
        "lit": "no",
        "name": "Ashopton/Cutthroat Bridge",
        "naptan:AtcoCode": "1000DACB3964",
        "naptan:Bearing": "SW",
        "naptan:CommonName": "Cutthroat Bridge",
        "naptan:Indicator": "Opp",
        "naptan:NaptanCode": "dbsadtgw",
        "naptan:Street": "A57",
        "naptan:verified": "no",
        "public_transport": "platform",
        "ref": "1000DACB3964",
        "shelter": "no",
        "tactile_paving": "no"
      },
      "geometry": {
        "type": "Point",
        "coordinates": [
          -1.6777426,
          53.3833154
        ]
      },
      "id": "node/8262856263"
    },
    {
      "type": "Feature",
      "properties": {
        "@id": "node/8262856264",
        "bench": "no",
        "bin": "no",
        "bus": "yes",
        "highway": "bus_stop",
        "lit": "no",
        "name": "Ashopton/Cutthroat Bridge",
        "naptan:AtcoCode": "1000DACB3963",
        "naptan:NaptanCode": "dbsadtgt",
        "public_transport": "platform",
        "ref": "1000DACB3963",
        "shelter": "no",
        "tactile_paving": "no"
      },
      "geometry": {
        "type": "Point",
        "coordinates": [
          -1.6781892,
          53.3833594
        ]
      },
      "id": "node/8262856264"
    },
    {
      "type": "Feature",
      "properties": {
        "@id": "node/8262856267",
        "bench": "no",
        "bin": "no",
        "bus": "yes",
        "highway": "bus_stop",
        "lit": "no",
        "name": "Ashopton/Ladybower Inn",
        "naptan:AtcoCode": "1000DAAL3961",
        "naptan:NaptanCode": "dbsgwtdw",
        "public_transport": "platform",
        "ref": "1000DAAL3961",
        "shelter": "no",
        "tactile_paving": "no"
      },
      "geometry": {
        "type": "Point",
        "coordinates": [
          -1.6940302,
          53.3749849
        ]
      },
      "id": "node/8262856267"
    },
    {
      "type": "Feature",
      "properties": {
        "@id": "node/8262856268",
        "bench": "no",
        "bin": "no",
        "bus": "yes",
        "highway": "bus_stop",
        "lit": "no",
        "name": "Ashopton/Ladybower Inn",
        "naptan:AtcoCode": "1000DAAL3962",
        "naptan:Bearing": "W",
        "naptan:CommonName": "Ladybower Inn",
        "naptan:Indicator": "Opp",
        "naptan:NaptanCode": "dbsgwtga",
        "naptan:Street": "A57",
        "naptan:verified": "no",
        "public_transport": "platform",
        "ref": "1000DAAL3962",
        "shelter": "no",
        "tactile_paving": "no"
      },
      "geometry": {
        "type": "Point",
        "coordinates": [
          -1.6939011,
          53.3749278
        ]
      },
      "id": "node/8262856268"
    },
    {
      "type": "Feature",
      "properties": {
        "@id": "node/8263797535",
        "bench": "no",
        "bin": "yes",
        "bus": "yes",
        "highway": "bus_stop",
        "lit": "no",
        "name": "Ashopton/Heatherdene",
        "naptan:AtcoCode": "1000DAAF3807",
        "naptan:NaptanCode": "dbsgwtda",
        "public_transport": "platform",
        "ref": "1000DAAF3807",
        "shelter": "no",
        "tactile_paving": "no"
      },
      "geometry": {
        "type": "Point",
        "coordinates": [
          -1.6973313,
          53.3710432
        ]
      },
      "id": "node/8263797535"
    },
    {
      "type": "Feature",
      "properties": {
        "@id": "node/8263797536",
        "bench": "no",
        "bin": "no",
        "bus": "yes",
        "highway": "bus_stop",
        "lit": "no",
        "name": "Ashopton/Heatherdene",
        "naptan:AtcoCode": "1000DAAF3808",
        "naptan:NaptanCode": "dbsgwtdg",
        "public_transport": "platform",
        "ref": "1000DAAF3808",
        "shelter": "no",
        "tactile_paving": "no"
      },
      "geometry": {
        "type": "Point",
        "coordinates": [
          -1.6972368,
          53.3709571
        ]
      },
      "id": "node/8263797536"
    },
    {
      "type": "Feature",
      "properties": {
        "@id": "node/8263797539",
        "bench": "no",
        "bin": "no",
        "bus": "yes",
        "highway": "bus_stop",
        "lit": "yes",
        "name": "Yorkshire Bridge Hotel",
        "naptan:AtcoCode": "1000DYBAR241",
        "naptan:NaptanCode": "dbsdgawj",
        "public_transport": "platform",
        "ref": "1000DYBAR241",
        "shelter": "no",
        "tactile_paving": "no"
      },
      "geometry": {
        "type": "Point",
        "coordinates": [
          -1.6986749,
          53.3625801
        ]
      },
      "id": "node/8263797539"
    },
    {
      "type": "Feature",
      "properties": {
        "@id": "node/8263797546",
        "bus": "yes",
        "highway": "bus_stop",
        "name": "Yorkshire Bridge/Lydgate Cottages",
        "naptan:AtcoCode": "1000DBAR3763",
        "naptan:NaptanCode": "dbsgwgpj",
        "public_transport": "platform",
        "ref": "1000DBAR3763"
      },
      "geometry": {
        "type": "Point",
        "coordinates": [
          -1.6988391,
          53.3586309
        ]
      },
      "id": "node/8263797546"
    },
    {
      "type": "Feature",
      "properties": {
        "@id": "node/8263797547",
        "bus": "yes",
        "highway": "bus_stop",
        "name": "Yorkshire Bridge/Lydgate Cottages",
        "naptan:AtcoCode": "1000DBAR3762",
        "naptan:NaptanCode": "dbsgwgpg",
        "public_transport": "platform",
        "ref": "1000DBAR3762"
      },
      "geometry": {
        "type": "Point",
        "coordinates": [
          -1.6989879,
          53.3586701
        ]
      },
      "id": "node/8263797547"
    },
    {
      "type": "Feature",
      "properties": {
        "@id": "node/8263797554",
        "bus": "yes",
        "highway": "bus_stop",
        "name": "Bamford/Old Road",
        "naptan:AtcoCode": "1000DBAR3758",
        "naptan:Bearing": "N",
        "naptan:CommonName": "Old Road",
        "naptan:Indicator": "Opp",
        "naptan:NaptanCode": "dbsgwgmw",
        "naptan:Street": "Ashopton Road",
        "naptan:verified": "no",
        "public_transport": "platform",
        "ref": "1000DBAR3758"
      },
      "geometry": {
        "type": "Point",
        "coordinates": [
          -1.6960649,
          53.3544507
        ]
      },
      "id": "node/8263797554"
    },
    {
      "type": "Feature",
      "properties": {
        "@id": "node/8263797555",
        "bus": "yes",
        "highway": "bus_stop",
        "name": "Bamford/Old Road",
        "naptan:AtcoCode": "1000DBAR3761",
        "naptan:Bearing": "SE",
        "naptan:CommonName": "Old Road",
        "naptan:Indicator": "Adj",
        "naptan:NaptanCode": "dbsgwgpd",
        "naptan:Street": "Ashopton Road",
        "naptan:verified": "no",
        "public_transport": "platform",
        "ref": "1000DBAR3761"
      },
      "geometry": {
        "type": "Point",
        "coordinates": [
          -1.6961352,
          53.3547593
        ]
      },
      "id": "node/8263797555"
    },
    {
      "type": "Feature",
      "properties": {
        "@id": "node/8931181154",
        "bus": "yes",
        "highway": "bus_stop",
        "name": "Fairholmes",
        "naptan:AtcoCode": "100000008362",
        "naptan:Bearing": "S",
        "naptan:CommonName": "Fairholmes",
        "naptan:Indicator": "Adj",
        "naptan:NaptanCode": "dbsdpgpw",
        "naptan:Street": "Access Road",
        "naptan:verified": "no",
        "public_transport": "platform",
        "shelter": "yes"
      },
      "geometry": {
        "type": "Point",
        "coordinates": [
          -1.7430759,
          53.4003057
        ]
      },
      "id": "node/8931181154"
    },
    {
      "type": "Feature",
      "properties": {
        "@id": "node/9077573030",
        "bench": "no",
        "bin": "no",
        "bus": "yes",
        "highway": "bus_stop",
        "lit": "no",
        "name": "Arden Villas",
        "naptan:AtcoCode": "100053064",
        "naptan:Bearing": "SW",
        "naptan:CommonName": "Arden Villas",
        "naptan:Indicator": "Opp",
        "naptan:NaptanCode": "dbsjdgma",
        "naptan:PlusbusZoneRef": "BUXTON",
        "naptan:Street": "Old Coalpit Lane",
        "naptan:verified": "no",
        "public_transport": "platform",
        "shelter": "no",
        "tactile_paving": "no"
      },
      "geometry": {
        "type": "Point",
        "coordinates": [
          -1.837104,
          53.2341207
        ]
      },
      "id": "node/9077573030"
    },
    {
      "type": "Feature",
      "properties": {
        "@id": "node/9077573031",
        "bench": "no",
        "bin": "no",
        "bus": "yes",
        "highway": "bus_stop",
        "naptan:AtcoCode": "100053062",
        "naptan:NaptanCode": "dbsjdgjw",
        "public_transport": "platform",
        "shelter": "no",
        "tactile_paving": "no"
      },
      "geometry": {
        "type": "Point",
        "coordinates": [
          -1.8371844,
          53.234156
        ]
      },
      "id": "node/9077573031"
    },
    {
      "type": "Feature",
      "properties": {
        "@id": "node/9077573032",
        "bench": "no",
        "bin": "no",
        "bus": "yes",
        "highway": "bus_stop",
        "naptan:AtcoCode": "1000DADR5901",
        "naptan:NaptanCode": "dbsagagw",
        "public_transport": "platform",
        "shelter": "no",
        "tactile_paving": "no"
      },
      "geometry": {
        "type": "Point",
        "coordinates": [
          -1.8413118,
          53.2308321
        ]
      },
      "id": "node/9077573032"
    },
    {
      "type": "Feature",
      "properties": {
        "@id": "node/9077573033",
        "bench": "no",
        "bin": "no",
        "bus": "yes",
        "highway": "bus_stop",
        "name": "Old Coalpit Lane",
        "naptan:AtcoCode": "1000DCMD1206",
        "naptan:Bearing": "NE",
        "naptan:CommonName": "Old Coalpit Lane",
        "naptan:Indicator": "NE-bound",
        "naptan:NaptanCode": "dbsajpjw",
        "naptan:PlusbusZoneRef": "BUXTON",
        "naptan:Street": "Old Coalpit Lane",
        "naptan:verified": "no",
        "public_transport": "platform",
        "shelter": "no",
        "tactile_paving": "no"
      },
      "geometry": {
        "type": "Point",
        "coordinates": [
          -1.8414052,
          53.2308527
        ]
      },
      "id": "node/9077573033"
    },
    {
      "type": "Feature",
      "properties": {
        "@id": "node/9178203472",
        "bench": "no",
        "bus": "yes",
        "highway": "bus_stop",
        "name": "Dove Holes, Buxton Road / adjacent Barmoor Clough",
        "naptan:AtcoCode": "1000DDHA2973",
        "naptan:NaptanCode": "dbsgdajt",
        "network": "Derbyshire County Council",
        "operator": "Derbyshire County Council",
        "public_transport": "platform",
        "shelter": "yes"
      },
      "geometry": {
        "type": "Point",
        "coordinates": [
          -1.8870305,
          53.3122496
        ]
      },
      "id": "node/9178203472"
    },
    {
      "type": "Feature",
      "properties": {
        "@id": "node/9261268114",
        "bus": "yes",
        "highway": "bus_stop",
        "name": "Fairholmes",
        "naptan:AtcoCode": "1000DDFRD242",
        "naptan:Bearing": "N",
        "naptan:CommonName": "Fairholmes",
        "naptan:Indicator": "Opp",
        "naptan:NaptanCode": "dbsgdaja",
        "naptan:Street": "Access Road",
        "naptan:verified": "no",
        "public_transport": "platform",
        "shelter": "no"
      },
      "geometry": {
        "type": "Point",
        "coordinates": [
          -1.7433539,
          53.4002574
        ]
      },
      "id": "node/9261268114"
    },
    {
      "type": "Feature",
      "properties": {
        "@id": "node/9353889160",
        "bus": "yes",
        "highway": "bus_stop",
        "name": "Brookhouses",
        "naptan:AtcoCode": "1000DLHG3698",
        "naptan:Bearing": "SW",
        "naptan:CommonName": "Brookhouses",
        "naptan:Indicator": "Opp",
        "naptan:NaptanCode": "dbsdtwmw",
        "naptan:PlusbusZoneRef": "BUXTON",
        "naptan:Street": "Glossop Road",
        "naptan:verified": "no",
        "public_transport": "platform",
        "tactile_paving": "no"
      },
      "geometry": {
        "type": "Point",
        "coordinates": [
          -1.9509423,
          53.39935
        ]
      },
      "id": "node/9353889160"
    },
    {
      "type": "Feature",
      "properties": {
        "@id": "node/9355827210",
        "bench": "no",
        "bin": "no",
        "bus": "yes",
        "covered": "no",
        "highway": "bus_stop",
        "name": "Carr Meadow",
        "naptan:AtcoCode": "1000DLHG3725",
        "naptan:Bearing": "S",
        "naptan:CommonName": "Carr Meadow",
        "naptan:Indicator": "Opp",
        "naptan:NaptanCode": "dbsdtwpm",
        "naptan:PlusbusZoneRef": "BUXTON",
        "naptan:Street": "Glossop Road",
        "naptan:verified": "no",
        "public_transport": "platform",
        "shelter": "no",
        "tactile_paving": "no",
        "wheelchair": "no"
      },
      "geometry": {
        "type": "Point",
        "coordinates": [
          -1.9499813,
          53.4011584
        ]
      },
      "id": "node/9355827210"
    },
    {
      "type": "Feature",
      "properties": {
        "@id": "node/9355827211",
        "bench": "no",
        "bin": "no",
        "bus": "yes",
        "covered": "no",
        "highway": "bus_stop",
        "name": "Carr Meadow",
        "naptan:AtcoCode": "1000DLHG3726",
        "naptan:Bearing": "N",
        "naptan:CommonName": "Carr Meadow",
        "naptan:Indicator": "Adj",
        "naptan:NaptanCode": "dbsdtwpt",
        "naptan:PlusbusZoneRef": "BUXTON",
        "naptan:Street": "Glossop Road",
        "naptan:verified": "no",
        "public_transport": "platform",
        "shelter": "no",
        "tactile_paving": "no",
        "wheelchair": "no"
      },
      "geometry": {
        "type": "Point",
        "coordinates": [
          -1.9500772,
          53.4011828
        ]
      },
      "id": "node/9355827211"
    },
    {
      "type": "Feature",
      "properties": {
        "@id": "node/9360547782",
        "bench": "no",
        "bin": "no",
        "bus": "yes",
        "covered": "no",
        "highway": "bus_stop",
        "name": "Monks Road",
        "naptan:AtcoCode": "1000DCGR3721",
        "naptan:Bearing": "SW",
        "naptan:CommonName": "Monks Road",
        "naptan:Indicator": "Opp",
        "naptan:NaptanCode": "dbsgdwtj",
        "naptan:PlusbusZoneRef": "BUXTON",
        "naptan:Street": "A624",
        "naptan:verified": "no",
        "public_transport": "platform",
        "shelter": "no",
        "tactile_paving": "no",
        "wheelchair": "limited"
      },
      "geometry": {
        "type": "Point",
        "coordinates": [
          -1.9522244,
          53.4091449
        ]
      },
      "id": "node/9360547782"
    },
    {
      "type": "Feature",
      "properties": {
        "@id": "node/9360547783",
        "bench": "no",
        "bin": "no",
        "bus": "yes",
        "covered": "no",
        "highway": "bus_stop",
        "name": "Monks Road",
        "naptan:AtcoCode": "1000DCGR3722",
        "naptan:Bearing": "NE",
        "naptan:CommonName": "Monks Road",
        "naptan:Indicator": "Adj",
        "naptan:NaptanCode": "dbsgdwtm",
        "naptan:PlusbusZoneRef": "BUXTON",
        "naptan:Street": "A624",
        "naptan:verified": "no",
        "public_transport": "platform",
        "ref": "dbsgdwtm",
        "shelter": "no",
        "tactile_paving": "no",
        "wheelchair": "limited"
      },
      "geometry": {
        "type": "Point",
        "coordinates": [
          -1.9523193,
          53.4092367
        ]
      },
      "id": "node/9360547783"
    },
    {
      "type": "Feature",
      "properties": {
        "@id": "node/9458331473",
        "bench": "no",
        "bus": "yes",
        "departures_board": "no",
        "highway": "bus_stop",
        "name": "Torside",
        "naptan:AtcoCode": "1000DTAV4585",
        "naptan:NaptanCode": "dbsdjpma",
        "public_transport": "platform",
        "shelter": "no"
      },
      "geometry": {
        "type": "Point",
        "coordinates": [
          -1.8996602,
          53.4818652
        ]
      },
      "id": "node/9458331473"
    },
    {
      "type": "Feature",
      "properties": {
        "@id": "node/9470003840",
        "bus": "yes",
        "highway": "bus_stop",
        "name": "Main Road",
        "naptan:AtcoCode": "100000008419",
        "naptan:Bearing": "NW",
        "naptan:BusStopType": "CUS",
        "naptan:CommonName": "Main Road",
        "naptan:Indicator": "NW-bound",
        "naptan:NaptanCode": "dbsdwmjm",
        "naptan:PlusbusZoneRef": "BUXTON",
        "naptan:Street": "Main Road",
        "naptan:verified": "no",
        "public_transport": "platform"
      },
      "geometry": {
        "type": "Point",
        "coordinates": [
          -1.7931855,
          53.237927
        ]
      },
      "id": "node/9470003840"
    },
    {
      "type": "Feature",
      "properties": {
        "@id": "node/9470003841",
        "bus": "yes",
        "highway": "bus_stop",
        "name": "Main Road",
        "naptan:AtcoCode": "1000DTMR3394",
        "naptan:Bearing": "SE",
        "naptan:CommonName": "Main Road",
        "naptan:Indicator": "SE-bound",
        "naptan:NaptanCode": "dbsdjtat",
        "naptan:PlusbusZoneRef": "BUXTON",
        "naptan:Street": "Main Road",
        "naptan:verified": "no",
        "public_transport": "platform"
      },
      "geometry": {
        "type": "Point",
        "coordinates": [
          -1.7931479,
          53.2380169
        ]
      },
      "id": "node/9470003841"
    },
    {
      "type": "Feature",
      "properties": {
        "@id": "node/9470003842",
        "bench": "no",
        "bin": "no",
        "bus": "yes",
        "check_date:shelter": "2023-08-17",
        "highway": "bus_stop",
        "name": "Marlborough House",
        "naptan:AtcoCode": "1000DTMR3392",
        "naptan:Bearing": "E",
        "naptan:CommonName": "Marlborough House",
        "naptan:Indicator": "Opp",
        "naptan:NaptanCode": "dbsdjtap",
        "naptan:PlusbusZoneRef": "BUXTON",
        "naptan:Street": "Main Road",
        "naptan:verified": "no",
        "public_transport": "platform",
        "shelter": "no"
      },
      "geometry": {
        "type": "Point",
        "coordinates": [
          -1.7906642,
          53.2364966
        ]
      },
      "id": "node/9470003842"
    },
    {
      "type": "Feature",
      "properties": {
        "@id": "node/9470003843",
        "bench": "yes",
        "bus": "yes",
        "highway": "bus_stop",
        "name": "Marlborough House",
        "naptan:AtcoCode": "1000DTMR3391",
        "naptan:Bearing": "W",
        "naptan:BusStopType": "CUS",
        "naptan:CommonName": "Marlborough House",
        "naptan:Indicator": "Adj",
        "naptan:NaptanCode": "dbsdjtam",
        "naptan:PlusbusZoneRef": "BUXTON",
        "naptan:Street": "Main Road",
        "naptan:verified": "no",
        "public_transport": "platform",
        "shelter": "yes"
      },
      "geometry": {
        "type": "Point",
        "coordinates": [
          -1.790245,
          53.2364249
        ]
      },
      "id": "node/9470003843"
    },
    {
      "type": "Feature",
      "properties": {
        "@id": "node/9470003844",
        "bus": "yes",
        "highway": "bus_stop",
        "naptan:AtcoCode": "1000DTMR3387",
        "naptan:NaptanCode": "dbsdatjw",
        "public_transport": "platform"
      },
      "geometry": {
        "type": "Point",
        "coordinates": [
          -1.7836422,
          53.2361407
        ]
      },
      "id": "node/9470003844"
    },
    {
      "type": "Feature",
      "properties": {
        "@id": "node/9470003845",
        "bus": "yes",
        "highway": "bus_stop",
        "naptan:AtcoCode": "1000DTMR3388",
        "naptan:NaptanCode": "dbsdatma",
        "public_transport": "platform"
      },
      "geometry": {
        "type": "Point",
        "coordinates": [
          -1.7836341,
          53.2361896
        ]
      },
      "id": "node/9470003845"
    },
    {
      "type": "Feature",
      "properties": {
        "@id": "node/9470003846",
        "bus": "yes",
        "highway": "bus_stop",
        "naptan:AtcoCode": "1000DTMR3385",
        "naptan:NaptanCode": "dbsdatjp",
        "public_transport": "platform"
      },
      "geometry": {
        "type": "Point",
        "coordinates": [
          -1.7806374,
          53.2357614
        ]
      },
      "id": "node/9470003846"
    },
    {
      "type": "Feature",
      "properties": {
        "@id": "node/9470003847",
        "bus": "yes",
        "highway": "bus_stop",
        "naptan:AtcoCode": "1000DTMR3386",
        "naptan:NaptanCode": "dbsdatjt",
        "public_transport": "platform"
      },
      "geometry": {
        "type": "Point",
        "coordinates": [
          -1.7806488,
          53.2358088
        ]
      },
      "id": "node/9470003847"
    },
    {
      "type": "Feature",
      "properties": {
        "@id": "node/9470003848",
        "bus": "yes",
        "highway": "bus_stop",
        "naptan:AtcoCode": "1000DTMR3390",
        "naptan:NaptanCode": "dbsdjtaj",
        "public_transport": "platform"
      },
      "geometry": {
        "type": "Point",
        "coordinates": [
          -1.7873725,
          53.2364437
        ]
      },
      "id": "node/9470003848"
    },
    {
      "type": "Feature",
      "properties": {
        "@id": "node/9470003849",
        "bus": "yes",
        "highway": "bus_stop",
        "naptan:AtcoCode": "1000DTMR3389",
        "naptan:NaptanCode": "dbsdatmd",
        "public_transport": "platform"
      },
      "geometry": {
        "type": "Point",
        "coordinates": [
          -1.7873523,
          53.2363903
        ]
      },
      "id": "node/9470003849"
    },
    {
      "type": "Feature",
      "properties": {
        "@id": "node/9808580009",
        "bus": "yes",
        "departures_board": "no",
        "highway": "bus_stop",
        "name": "Diggle, Huddersfield Road / at Brun Clough",
        "naptan:AtcoCode": "1800ED15341",
        "naptan:Bearing": "W",
        "naptan:CommonName": "Brun Clough",
        "naptan:Indicator": "o/s",
        "naptan:NaptanCode": "MANTPMPM",
        "naptan:Street": "Huddersfield Road",
        "naptan:verified": "yes",
        "network": "TfGM",
        "operator": "TfGM",
        "public_transport": "platform",
        "shelter": "no",
        "source": "naptan;bing;naptan_compare_tool"
      },
      "geometry": {
        "type": "Point",
        "coordinates": [
          -1.9747443,
          53.5817102
        ]
      },
      "id": "node/9808580009"
    },
    {
      "type": "Feature",
      "properties": {
        "@id": "node/9939537739",
        "bus": "yes",
        "highway": "bus_stop",
        "name": "Upperdale",
        "naptan:AtcoCode": "100000008421",
        "naptan:Bearing": "NW",
        "naptan:CommonName": "Upperdale",
        "naptan:Indicator": "Adj",
        "naptan:NaptanCode": "dbsdwmjt",
        "naptan:PlusbusZoneRef": "BUXTON",
        "naptan:Street": "Bottomhill Road",
        "naptan:verified": "no",
        "public_transport": "platform"
      },
      "geometry": {
        "type": "Point",
        "coordinates": [
          -1.7364282,
          53.2463375
        ]
      },
      "id": "node/9939537739"
    },
    {
      "type": "Feature",
      "properties": {
        "@id": "node/10825103377",
        "bus": "yes",
        "highway": "bus_stop",
        "name": "Wincle, Grounds / Primary School",
        "naptan:AtcoCode": "0600MA5129",
        "naptan:Bearing": "E",
        "naptan:BusStopType": "CUS",
        "naptan:CommonName": "Primary School",
        "naptan:Indicator": "o/s",
        "naptan:Landmark": "School",
        "naptan:LocalityName": "Wincle",
        "naptan:NaptanCode": "cheadama",
        "naptan:ShortCommonName": "Wincle Primary Sch",
        "naptan:Street": "Grounds",
        "network": "Cheshire East Council",
        "operator": "Ansa Transport",
        "public_transport": "platform",
        "source": "naptan_import"
      },
      "geometry": {
        "type": "Point",
        "coordinates": [
          -2.062925,
          53.191702
        ]
      },
      "id": "node/10825103377"
    },
    {
      "type": "Feature",
      "properties": {
        "@id": "node/10825103378",
        "bus": "yes",
        "highway": "bus_stop",
        "name": "Wildboarclough, Nabs Road / Lower Nabs Farm",
        "naptan:AtcoCode": "0600MAIM002",
        "naptan:Bearing": "SE",
        "naptan:BusStopType": "CUS",
        "naptan:CommonName": "Lower Nabs Farm",
        "naptan:Indicator": "o/s",
        "naptan:Landmark": "Lower Nabs Farm",
        "naptan:LocalityName": "Wildboarclough",
        "naptan:NaptanCode": "cheadadg",
        "naptan:ShortCommonName": "Lower Nabs Farm",
        "naptan:Street": "Nabs Road",
        "network": "Cheshire East Council",
        "operator": "Ansa Transport",
        "public_transport": "platform",
        "source": "naptan_import"
      },
      "geometry": {
        "type": "Point",
        "coordinates": [
          -2.0496599,
          53.209813
        ]
      },
      "id": "node/10825103378"
    },
    {
      "type": "Feature",
      "properties": {
        "@id": "node/10825584464",
        "bus": "yes",
        "highway": "bus_stop",
        "name": "Rainow, Church Lane / The Robin Hood",
        "naptan:AtcoCode": "0600MA19034",
        "naptan:Bearing": "SW",
        "naptan:BusStopType": "CUS",
        "naptan:CommonName": "The Robin Hood",
        "naptan:Crossing": "Smithy Lane",
        "naptan:Indicator": "opp",
        "naptan:Landmark": "The Robin Hood",
        "naptan:LocalityName": "Rainow",
        "naptan:NaptanCode": "chetwtd",
        "naptan:ShortCommonName": "The Robin Hood",
        "naptan:Street": "Church Lane",
        "network": "Cheshire East Council",
        "operator": "Ansa Transport",
        "public_transport": "platform",
        "source": "naptan_import"
      },
      "geometry": {
        "type": "Point",
        "coordinates": [
          -2.0727726,
          53.2828341
        ]
      },
      "id": "node/10825584464"
    },
    {
      "type": "Feature",
      "properties": {
        "@id": "node/10825600061",
        "bus": "yes",
        "highway": "bus_stop",
        "name": "Rainow, Macclesfield Road / The Highwayman",
        "naptan:AtcoCode": "0600MA6068",
        "naptan:Bearing": "NE",
        "naptan:BusStopType": "CUS",
        "naptan:CommonName": "The Highwayman",
        "naptan:Crossing": "Blaze Hill",
        "naptan:Indicator": "opp",
        "naptan:Landmark": "The Highwayman",
        "naptan:LocalityName": "Rainow",
        "naptan:NaptanCode": "chegjmd",
        "naptan:ShortCommonName": "The Highwayman",
        "naptan:Street": "Macclesfield Road",
        "network": "Cheshire East Council",
        "operator": "Ansa Transport",
        "public_transport": "platform",
        "source": "naptan_import"
      },
      "geometry": {
        "type": "Point",
        "coordinates": [
          -2.057568,
          53.292415
        ]
      },
      "id": "node/10825600061"
    },
    {
      "type": "Feature",
      "properties": {
        "@id": "node/10825600062",
        "bus": "yes",
        "highway": "bus_stop",
        "name": "Kettleshulme, Macclesfield Road / Bull's Head",
        "naptan:AtcoCode": "0600MA6063",
        "naptan:Bearing": "NE",
        "naptan:BusStopType": "CUS",
        "naptan:CommonName": "Bull's Head",
        "naptan:Indicator": "opp",
        "naptan:Landmark": "Bull's Head",
        "naptan:LocalityName": "Kettleshulme",
        "naptan:NaptanCode": "chegjgd",
        "naptan:ShortCommonName": "Bull's Head",
        "naptan:Street": "Macclesfield Road",
        "network": "Cheshire East Council",
        "operator": "Ansa Transport",
        "public_transport": "platform",
        "source": "naptan_import"
      },
      "geometry": {
        "type": "Point",
        "coordinates": [
          -2.0190653,
          53.3145581
        ]
      },
      "id": "node/10825600062"
    },
    {
      "type": "Feature",
      "properties": {
        "@id": "node/10825600063",
        "bus": "yes",
        "highway": "bus_stop",
        "name": "Rainow, Macclesfield Road / Charles Head",
        "naptan:AtcoCode": "0600MA19092",
        "naptan:Bearing": "N",
        "naptan:BusStopType": "CUS",
        "naptan:CommonName": "Charles Head",
        "naptan:Indicator": "N-bound",
        "naptan:Landmark": "Charles Head",
        "naptan:LocalityName": "Rainow",
        "naptan:NaptanCode": "chewpdg",
        "naptan:ShortCommonName": "Charles Head",
        "naptan:Street": "Macclesfield Road",
        "network": "Cheshire East Council",
        "operator": "Ansa Transport",
        "public_transport": "platform",
        "source": "naptan_import"
      },
      "geometry": {
        "type": "Point",
        "coordinates": [
          -2.0398244,
          53.3068055
        ]
      },
      "id": "node/10825600063"
    },
    {
      "type": "Feature",
      "properties": {
        "@id": "node/10826385581",
        "bus": "yes",
        "highway": "bus_stop",
        "name": "Pott Shrigley, Shrigley Road / Spuley Lane",
        "naptan:AtcoCode": "0600MA0441",
        "naptan:Bearing": "N",
        "naptan:BusStopType": "CUS",
        "naptan:CommonName": "Spuley Lane",
        "naptan:Indicator": "opp",
        "naptan:Landmark": "Barristall Hall Farm",
        "naptan:LocalityName": "Pott Shrigley",
        "naptan:NaptanCode": "chepadj",
        "naptan:ShortCommonName": "Barristall Hall Fm",
        "naptan:Street": "Shrigley Road",
        "network": "Cheshire East Council",
        "operator": "Ansa Transport",
        "public_transport": "platform",
        "source": "naptan_import"
      },
      "geometry": {
        "type": "Point",
        "coordinates": [
          -2.0829729,
          53.3075062
        ]
      },
      "id": "node/10826385581"
    },
    {
      "type": "Feature",
      "properties": {
        "@id": "node/10826385583",
        "bus": "yes",
        "highway": "bus_stop",
        "name": "Pott Shrigley, Shrigley Road / Spuley Lane",
        "naptan:AtcoCode": "0600MA0442",
        "naptan:Bearing": "S",
        "naptan:CommonName": "Spuley Lane",
        "naptan:Indicator": "nr",
        "naptan:Landmark": "Spuley Lane",
        "naptan:LocalityName": "Pott Shrigley",
        "naptan:NaptanCode": "chepadm",
        "naptan:ShortCommonName": "Spuley Lane",
        "naptan:Street": "Shrigley Road",
        "network": "Cheshire East Council",
        "operator": "Ansa Transport",
        "public_transport": "platform",
        "source": "naptan_import"
      },
      "geometry": {
        "type": "Point",
        "coordinates": [
          -2.0829279,
          53.3074902
        ]
      },
      "id": "node/10826385583"
    },
    {
      "type": "Feature",
      "properties": {
        "@id": "node/10845642803",
        "alt_name": "Street Farm Nursery",
        "bus": "yes",
        "highway": "bus_stop",
        "name": "Pomeroy, A515 / Duke of York",
        "naptan:AltCommonName": "Street Farm Nursery",
        "naptan:AltIndicator": "opp",
        "naptan:AltLandmark": "Street Farm Nursery",
        "naptan:AltStreet": "A515",
        "naptan:AtcoCode": "1000DPAN5915",
        "naptan:Bearing": "SE",
        "naptan:BusStopType": "CUS",
        "naptan:CommonName": "Duke of York",
        "naptan:Indicator": "adj",
        "naptan:Landmark": "Duke of York",
        "naptan:LocalityName": "Pomeroy",
        "naptan:NaptanCode": "dbsdpapt",
        "naptan:PlusbusZoneRef": "BUXTON",
        "naptan:Street": "A515",
        "public_transport": "platform",
        "source": "naptan_import"
      },
      "geometry": {
        "type": "Point",
        "coordinates": [
          -1.8232195,
          53.2044033
        ]
      },
      "id": "node/10845642803"
    },
    {
      "type": "Feature",
      "properties": {
        "@id": "node/10845686806",
        "alt_name": "Nursery",
        "bus": "yes",
        "highway": "bus_stop",
        "name": "Pomeroy, A515 / Duke of York",
        "naptan:AltCommonName": "Nursery",
        "naptan:AltIndicator": "adj",
        "naptan:AltLandmark": "Street Farm Nursery",
        "naptan:AltStreet": "A515",
        "naptan:AtcoCode": "100000008454",
        "naptan:Bearing": "NW",
        "naptan:CommonName": "Duke of York",
        "naptan:Indicator": "opp",
        "naptan:Landmark": "Duke of York",
        "naptan:LocalityName": "Pomeroy",
        "naptan:NaptanCode": "dbsgmjpt",
        "naptan:PlusbusZoneRef": "BUXTON",
        "naptan:Street": "A515",
        "public_transport": "platform",
        "source": "naptan_import"
      },
      "geometry": {
        "type": "Point",
        "coordinates": [
          -1.8232629,
          53.204242
        ]
      },
      "id": "node/10845686806"
    },
    {
      "type": "Feature",
      "properties": {
        "@id": "node/10845686807",
        "bus": "yes",
        "highway": "bus_stop",
        "name": "Sparklow, Tagg Lane",
        "naptan:AtcoCode": "1000DSET4380",
        "naptan:Bearing": "E",
        "naptan:BusStopType": "CUS",
        "naptan:CommonName": "Tagg Lane",
        "naptan:Indicator": "E-bound",
        "naptan:Landmark": "A515",
        "naptan:LocalityName": "Sparklow",
        "naptan:NaptanCode": "dbsdjgjg",
        "naptan:PlusbusZoneRef": "BUXTON",
        "naptan:Street": "(Endmoor) Tagg Lane",
        "public_transport": "platform",
        "source": "naptan_import"
      },
      "geometry": {
        "type": "Point",
        "coordinates": [
          -1.8038461,
          53.1903589
        ]
      },
      "id": "node/10845686807"
    },
    {
      "type": "Feature",
      "properties": {
        "@id": "node/10845686808",
        "bench": "no",
        "bin": "no",
        "bus": "yes",
        "highway": "bus_stop",
        "name": "Pomeroy, A515 / Bull in the Thorn",
        "naptan:AtcoCode": "1000DPBT2273",
        "naptan:Bearing": "SE",
        "naptan:BusStopType": "CUS",
        "naptan:CommonName": "Bull in the Thorn",
        "naptan:Indicator": "Adj",
        "naptan:Landmark": "Bull - i' - th' - Thorn",
        "naptan:LocalityName": "Pomeroy",
        "naptan:NaptanCode": "dbsgtwgp",
        "naptan:PlusbusZoneRef": "BUXTON",
        "naptan:Street": "A515",
        "public_transport": "platform",
        "shelter": "no",
        "source": "naptan_import",
        "tactile_paving": "no"
      },
      "geometry": {
        "type": "Point",
        "coordinates": [
          -1.8103649,
          53.1957061
        ]
      },
      "id": "node/10845686808"
    },
    {
      "type": "Feature",
      "properties": {
        "@id": "node/10845686809",
        "alt_name": "Bull in the Thorn",
        "bench": "no",
        "bin": "no",
        "bus": "yes",
        "highway": "bus_stop",
        "name": "Pomeroy, A515 / Bull in the Thorn",
        "naptan:AltCommonName": "Bull in the Thorn",
        "naptan:AltIndicator": "opp",
        "naptan:AltLandmark": "Bull-i-th-thorn",
        "naptan:AltStreet": "A515",
        "naptan:AtcoCode": "100000018746",
        "naptan:Bearing": "NW",
        "naptan:BusStopType": "CUS",
        "naptan:CommonName": "Bull in the Thorn",
        "naptan:Indicator": "opp",
        "naptan:Landmark": "Bull-i-th-thorn pub",
        "naptan:LocalityName": "Pomeroy",
        "naptan:NaptanCode": "dbsgpmtp",
        "naptan:PlusbusZoneRef": "BUXTON",
        "naptan:Street": "A515",
        "public_transport": "platform",
        "shelter": "no",
        "source": "naptan_import",
        "tactile_paving": "no"
      },
      "geometry": {
        "type": "Point",
        "coordinates": [
          -1.8103959,
          53.1955171
        ]
      },
      "id": "node/10845686809"
    },
    {
      "type": "Feature",
      "properties": {
        "@id": "node/10845686810",
        "bus": "yes",
        "highway": "bus_stop",
        "name": "Sparklow, Tagg Lane",
        "naptan:AtcoCode": "1000DSET4379",
        "naptan:Bearing": "W",
        "naptan:BusStopType": "CUS",
        "naptan:CommonName": "Tagg Lane",
        "naptan:Indicator": "W-bound",
        "naptan:Landmark": "A515",
        "naptan:LocalityName": "Sparklow",
        "naptan:NaptanCode": "dbsdjgjd",
        "naptan:PlusbusZoneRef": "BUXTON",
        "naptan:Street": "(Endmoor) Tagg Lane",
        "public_transport": "platform",
        "source": "naptan_import"
      },
      "geometry": {
        "type": "Point",
        "coordinates": [
          -1.8038471,
          53.1901799
        ]
      },
      "id": "node/10845686810"
    },
    {
      "type": "Feature",
      "properties": {
        "@id": "node/10845686811",
        "bench": "yes",
        "bin": "no",
        "bus": "yes",
        "highway": "bus_stop",
        "name": "Monyash, Chapel Street",
        "naptan:AtcoCode": "1000DMCSB881",
        "naptan:Bearing": "N",
        "naptan:CommonName": "Chapel Street",
        "naptan:Indicator": "N-bound",
        "naptan:Landmark": "The Square",
        "naptan:LocalityName": "Monyash",
        "naptan:NaptanCode": "dbsdtmwd",
        "naptan:PlusbusZoneRef": "BUXTON",
        "naptan:Street": "Chapel Street",
        "public_transport": "platform",
        "shelter": "no",
        "source": "naptan_import",
        "tactile_paving": "no"
      },
      "geometry": {
        "type": "Point",
        "coordinates": [
          -1.777277,
          53.1959048
        ]
      },
      "id": "node/10845686811"
    },
    {
      "type": "Feature",
      "properties": {
        "@id": "node/10845686812",
        "bus": "yes",
        "highway": "bus_stop",
        "name": "Monyash, Church Street / Bulls Head",
        "naptan:AtcoCode": "100053825",
        "naptan:Bearing": "W",
        "naptan:BusStopType": "CUS",
        "naptan:CommonName": "Bulls Head",
        "naptan:Indicator": "opp",
        "naptan:LocalityName": "Monyash",
        "naptan:NaptanCode": "dbsjgajg",
        "naptan:Street": "Church Street",
        "public_transport": "platform",
        "source": "naptan_import"
      },
      "geometry": {
        "type": "Point",
        "coordinates": [
          -1.7766211,
          53.1957174
        ]
      },
      "id": "node/10845686812"
    },
    {
      "type": "Feature",
      "properties": {
        "@id": "node/10845686813",
        "bus": "yes",
        "highway": "bus_stop",
        "name": "Bakewell, Monyash Road / Pickford Villas (Hail & Ride)",
        "naptan:AtcoCode": "1000DBMR3883",
        "naptan:Bearing": "SW",
        "naptan:BusStopType": "HAR",
        "naptan:CommonName": "Pickford Villas",
        "naptan:Indicator": "W-bound",
        "naptan:Landmark": "Pickford Villas",
        "naptan:LocalityName": "Bakewell",
        "naptan:NaptanCode": "dbsgjwpg",
        "naptan:PlusbusZoneRef": "BUXTON",
        "naptan:Street": "Monyash Road",
        "public_transport": "platform",
        "source": "naptan_import"
      },
      "geometry": {
        "type": "Point",
        "coordinates": [
          -1.6836711,
          53.2107576
        ]
      },
      "id": "node/10845686813"
    },
    {
      "type": "Feature",
      "properties": {
        "@id": "node/10845686814",
        "bus": "yes",
        "highway": "bus_stop",
        "name": "Bakewell, Monyash Road / Pickford Villas (Hail & Ride)",
        "naptan:AtcoCode": "100000011766",
        "naptan:Bearing": "NE",
        "naptan:BusStopType": "HAR",
        "naptan:CommonName": "Pickford Villas",
        "naptan:Indicator": "E-bound",
        "naptan:Landmark": "Pickford Villas",
        "naptan:LocalityName": "Bakewell",
        "naptan:NaptanCode": "dbsgdmdg",
        "naptan:PlusbusZoneRef": "BUXTON",
        "naptan:Street": "Monyash Road",
        "public_transport": "platform",
        "source": "naptan_import"
      },
      "geometry": {
        "type": "Point",
        "coordinates": [
          -1.6838201,
          53.2107766
        ]
      },
      "id": "node/10845686814"
    },
    {
      "type": "Feature",
      "properties": {
        "@id": "node/11215926075",
        "bus": "yes",
        "highway": "bus_stop",
        "name": "White Lodge Car Park",
        "naptan:AtcoCode": "1000DTAT5985",
        "naptan:Bearing": "NW",
        "naptan:CommonName": "White Lodge Car Park",
        "naptan:Indicator": "Adj",
        "naptan:NaptanCode": "dbsdjpjt",
        "naptan:PlusbusZoneRef": "BUXTON",
        "naptan:Street": "A6",
        "naptan:verified": "no",
        "public_transport": "platform"
      },
      "geometry": {
        "type": "Point",
        "coordinates": [
          -1.7487922,
          53.2331269
        ]
      },
      "id": "node/11215926075"
    },
    {
      "type": "Feature",
      "properties": {
        "@id": "node/11215926076",
        "bench": "no",
        "bin": "no",
        "bus": "yes",
        "highway": "bus_stop",
        "lit": "no",
        "name": "White Lodge Car Park",
        "naptan:AtcoCode": "100000008420",
        "naptan:Bearing": "SE",
        "naptan:CommonName": "White Lodge Car Park",
        "naptan:Indicator": "Opp",
        "naptan:NaptanCode": "dbsdwmjp",
        "naptan:PlusbusZoneRef": "BUXTON",
        "naptan:Street": "A6",
        "naptan:verified": "no",
        "public_transport": "platform",
        "shelter": "no",
        "tactile_paving": "no"
      },
      "geometry": {
        "type": "Point",
        "coordinates": [
          -1.7462549,
          53.2326372
        ]
      },
      "id": "node/11215926076"
    },
    {
      "type": "Feature",
      "properties": {
        "@id": "node/12138313455",
        "bus": "yes",
        "highway": "bus_stop",
        "name": "Hollow O The Moor",
        "naptan:AtcoCode": "1000DTAH1892",
        "naptan:Bearing": "E",
        "naptan:CommonName": "Hollow O The Moor",
        "naptan:Indicator": "E-bound",
        "naptan:NaptanCode": "dbsdjpja",
        "naptan:PlusbusZoneRef": "BUXTON",
        "naptan:Street": "A6",
        "naptan:verified": "no",
        "public_transport": "platform"
      },
      "geometry": {
        "type": "Point",
        "coordinates": [
          -1.7977048,
          53.2387584
        ]
      },
      "id": "node/12138313455"
    },
    {
      "type": "Feature",
      "properties": {
        "@id": "node/12285368604",
        "bench": "no",
        "bin": "no",
        "bus": "yes",
        "departures_board": "timetable",
        "highway": "bus_stop",
        "lit": "no",
        "name": "Main Road",
        "naptan:AtcoCode": "1000DESN4127",
        "naptan:Bearing": "NW",
        "naptan:BusStopType": "CUS",
        "naptan:CommonName": "Main Road",
        "naptan:Indicator": "NW-bound",
        "naptan:NaptanCode": "dbsgatwm",
        "naptan:PlusbusZoneRef": "BUXTON",
        "naptan:Street": "Main Road",
        "naptan:verified": "no",
        "operator": "High Peak Buses",
        "public_transport": "platform",
        "shelter": "no",
        "tactile_paving": "no"
      },
      "geometry": {
        "type": "Point",
        "coordinates": [
          -1.8675763,
          53.2006096
        ]
      },
      "id": "node/12285368604"
    },
    {
      "type": "Feature",
      "properties": {
        "@id": "node/12285368605",
        "bus": "yes",
        "highway": "bus_stop",
        "name": "Church",
        "naptan:AtcoCode": "1000DBCD4126",
        "naptan:Bearing": "SE",
        "naptan:CommonName": "Church",
        "naptan:Indicator": "Opp",
        "naptan:NaptanCode": "dbsagpjp",
        "naptan:PlusbusZoneRef": "BUXTON",
        "naptan:Street": "Main Street",
        "naptan:verified": "no",
        "public_transport": "platform"
      },
      "geometry": {
        "type": "Point",
        "coordinates": [
          -1.7701862,
          53.1312441
        ]
      },
      "id": "node/12285368605"
    },
    {
      "type": "Feature",
      "properties": {
        "@id": "node/12285368606",
        "bus": "yes",
        "highway": "bus_stop",
        "name": "Church",
        "naptan:AtcoCode": "1000DBCD1017",
        "naptan:Bearing": "W",
        "naptan:BusStopType": "CUS",
        "naptan:CommonName": "Church",
        "naptan:Indicator": "Adj",
        "naptan:NaptanCode": "dbsagpjm",
        "naptan:PlusbusZoneRef": "BUXTON",
        "naptan:Street": "Main Street",
        "naptan:verified": "no",
        "public_transport": "platform"
      },
      "geometry": {
        "type": "Point",
        "coordinates": [
          -1.7703126,
          53.131197
        ]
      },
      "id": "node/12285368606"
    },
    {
      "type": "Feature",
      "properties": {
        "@id": "node/12285368607",
        "bus": "yes",
        "highway": "bus_stop",
        "name": "The Green",
        "naptan:AtcoCode": "100052910",
        "naptan:Bearing": "S",
        "naptan:CommonName": "The Green",
        "naptan:Indicator": "Adj",
        "naptan:NaptanCode": "dbsjdawm",
        "naptan:PlusbusZoneRef": "BUXTON",
        "naptan:Street": "The Avenue",
        "naptan:verified": "no",
        "public_transport": "platform"
      },
      "geometry": {
        "type": "Point",
        "coordinates": [
          -1.7387916,
          53.0669256
        ]
      },
      "id": "node/12285368607"
    },
    {
      "type": "Feature",
      "properties": {
        "@id": "node/12285543803",
        "bench": "no",
        "bin": "no",
        "bus": "yes",
        "highway": "bus_stop",
        "lit": "yes",
        "name": "Pack Horse",
        "naptan:AtcoCode": "1000DCRC4131",
        "naptan:Bearing": "S",
        "naptan:BusStopType": "CUS",
        "naptan:CommonName": "Pack Horse",
        "naptan:Indicator": "Adj",
        "naptan:NaptanCode": "dbsgjdjw",
        "naptan:PlusbusZoneRef": "BUXTON",
        "naptan:Street": "Main Street",
        "naptan:verified": "no",
        "public_transport": "platform",
        "shelter": "no",
        "tactile_paving": "no"
      },
      "geometry": {
        "type": "Point",
        "coordinates": [
          -1.8505399,
          53.1835927
        ]
      },
      "id": "node/12285543803"
    },
    {
      "type": "Feature",
      "properties": {
        "@id": "node/12285543804",
        "bench": "no",
        "bin": "no",
        "bus": "yes",
        "highway": "bus_stop",
        "lit": "yes",
        "name:signed": "no",
        "public_transport": "platform",
        "shelter": "no",
        "tactile_paving": "no"
      },
      "geometry": {
        "type": "Point",
        "coordinates": [
          -1.8688657,
          53.18122
        ]
      },
      "id": "node/12285543804"
    },
    {
      "type": "Feature",
      "properties": {
        "@id": "node/12285543806",
        "bus": "yes",
        "highway": "bus_stop",
        "name": "Heathcote Mere",
        "naptan:AtcoCode": "1000DHHL1019",
        "naptan:Bearing": "SE",
        "naptan:BusStopType": "CUS",
        "naptan:CommonName": "Mere Crossroads",
        "naptan:Indicator": "SE-bound",
        "naptan:NaptanCode": "dbsapajt",
        "naptan:PlusbusZoneRef": "BUXTON",
        "naptan:Street": "Hardings Lane",
        "naptan:verified": "no",
        "public_transport": "platform"
      },
      "geometry": {
        "type": "Point",
        "coordinates": [
          -1.7874967,
          53.138301
        ]
      },
      "id": "node/12285543806"
    },
    {
      "type": "Feature",
      "properties": {
        "@id": "node/12285543807",
        "bus": "yes",
        "highway": "bus_stop",
        "name": "Woollaton Lane",
        "naptan:AtcoCode": "100000011780",
        "naptan:Bearing": "S",
        "naptan:CommonName": "Woollaton Lane",
        "naptan:Indicator": "adj",
        "naptan:NaptanCode": "dbsgdmdj",
        "naptan:PlusbusZoneRef": "BUXTON",
        "naptan:Street": "Drury Lane",
        "naptan:verified": "no",
        "public_transport": "platform"
      },
      "geometry": {
        "type": "Point",
        "coordinates": [
          -1.7702941,
          53.1273122
        ]
      },
      "id": "node/12285543807"
    },
    {
      "type": "Feature",
      "properties": {
        "@id": "node/12285543808",
        "bus": "yes",
        "highway": "bus_stop",
        "name": "Coldeaton",
        "naptan:AtcoCode": "100054760",
        "naptan:Bearing": "S",
        "naptan:BusStopType": "CUS",
        "naptan:CommonName": "Coldeaton",
        "naptan:Indicator": "Opp",
        "naptan:NaptanCode": "dbsjdtpd",
        "naptan:Street": "Liffs Road",
        "naptan:verified": "no",
        "public_transport": "platform"
      },
      "geometry": {
        "type": "Point",
        "coordinates": [
          -1.7682065,
          53.1097816
        ]
      },
      "id": "node/12285543808"
    },
    {
      "type": "Feature",
      "properties": {
        "@id": "node/12285543811",
        "bus": "yes",
        "highway": "bus_stop",
        "name": "Newton House",
        "naptan:AtcoCode": "1000DNGN1045",
        "naptan:Bearing": "S",
        "naptan:BusStopType": "CUS",
        "naptan:CommonName": "Newton House",
        "naptan:Indicator": "adj",
        "naptan:NaptanCode": "dbsdptwt",
        "naptan:PlusbusZoneRef": "BUXTON",
        "naptan:Street": "A515",
        "naptan:verified": "no",
        "public_transport": "platform"
      },
      "geometry": {
        "type": "Point",
        "coordinates": [
          -1.7584881,
          53.078587
        ]
      },
      "id": "node/12285543811"
    },
    {
      "type": "Feature",
      "properties": {
        "@id": "node/12285543812",
        "bus": "yes",
        "highway": "bus_stop",
        "name": "Rakes Lane",
        "naptan:AtcoCode": "1000DTRL1041",
        "naptan:Bearing": "SE",
        "naptan:BusStopType": "CUS",
        "naptan:CommonName": "Rakes Lane",
        "naptan:Indicator": "SE-bound",
        "naptan:NaptanCode": "dbsdgmjg",
        "naptan:PlusbusZoneRef": "BUXTON",
        "naptan:Street": "Rakes Lane",
        "naptan:verified": "no",
        "public_transport": "platform"
      },
      "geometry": {
        "type": "Point",
        "coordinates": [
          -1.7418592,
          53.0694711
        ]
      },
      "id": "node/12285543812"
    },
    {
      "type": "Feature",
      "properties": {
        "@id": "node/12285543813",
        "bus": "yes",
        "highway": "bus_stop",
        "name": "Gates",
        "naptan:AtcoCode": "100052916",
        "naptan:Bearing": "NE",
        "naptan:BusStopType": "CUS",
        "naptan:CommonName": "Gates",
        "naptan:Indicator": "Opp",
        "naptan:NaptanCode": "dbsjdgad",
        "naptan:PlusbusZoneRef": "BUXTON",
        "naptan:Street": "The Avenue",
        "naptan:verified": "no",
        "public_transport": "platform"
      },
      "geometry": {
        "type": "Point",
        "coordinates": [
          -1.7457901,
          53.063346
        ]
      },
      "id": "node/12285543813"
    },
    {
      "type": "Feature",
      "properties": {
        "@id": "node/12285543814",
        "bus": "yes",
        "highway": "bus_stop",
        "name": "Fanny Bentley Corner",
        "naptan:AtcoCode": "1000DFBC4453",
        "naptan:Bearing": "S",
        "naptan:BusStopType": "CUS",
        "naptan:CommonName": "Fenny Bentley Corner",
        "naptan:Indicator": "Adj",
        "naptan:NaptanCode": "dbsamjgm",
        "naptan:PlusbusZoneRef": "BUXTON",
        "naptan:Street": "A515",
        "naptan:verified": "no",
        "public_transport": "platform"
      },
      "geometry": {
        "type": "Point",
        "coordinates": [
          -1.7365662,
          53.0422743
        ]
      },
      "id": "node/12285543814"
    },
    {
      "type": "Feature",
      "properties": {
        "@id": "node/12779171415",
        "bus": "yes",
        "highway": "bus_stop",
        "name": "Calver Bridge",
        "naptan:AtcoCode": "1000DCSK3194",
        "naptan:NaptanCode": "dbsajtpt",
        "public_transport": "platform"
      },
      "geometry": {
        "type": "Point",
        "coordinates": [
          -1.6339414,
          53.2667554
        ]
      },
      "id": "node/12779171415"
    }
  ]
}