{
  "type": "FeatureCollection",
  "generator": "overpass-turbo",
  "copyright": "The data included in this document is from www.openstreetmap.org. The data is made available under ODbL.",
  "timestamp": "2026-03-14T19:21:00Z",
  "features": [
    {
      "type": "Feature",
      "properties": {
        "@id": "way/28090828",
        "addr:city": "Leeds",
        "addr:housename": "Crown Point Retail Park",
        "addr:postcode": "LS10 1ET",
        "addr:street": "Junction Street",
        "addr:suburb": "Hunslet",
        "addr:unit": "13",
        "amenity": "cafe",
        "brand": "Starbucks",
        "brand:wikidata": "Q37158",
        "building": "retail",
        "cuisine": "coffee_shop",
        "fhrs:id": "1544460",
        "name": "Starbucks",
        "official_name": "Starbucks Coffee",
        "source:addr": "FHRS Open Data",
        "takeaway": "yes",
        "toilets": "customers"
      },
      "geometry": {
        "type": "Polygon",
        "coordinates": [
          [
            [
              -1.540721,
              53.788659
            ],
            [
              -1.5403671,
              53.7886606
            ],
            [
              -1.5403671,
              53.7888675
            ],
            [
              -1.5407191,
              53.7888684
            ],
            [
              -1.540721,
              53.788659
            ]
          ]
        ]
      },
      "id": "way/28090828"
    },
    {
      "type": "Feature",
      "properties": {
        "@id": "way/30041452",
        "addr:city": "Leeds",
        "addr:postcode": "LS26 0DY",
        "addr:street": "Oulton Lane",
        "amenity": "cafe",
        "building": "yes",
        "fhrs:id": "1364034",
        "name": "Springhead Park Cafe",
        "ref:GB:uprn": "72556009"
      },
      "geometry": {
        "type": "Polygon",
        "coordinates": [
          [
            [
              -1.4715336,
              53.7492281
            ],
            [
              -1.4714073,
              53.7492629
            ],
            [
              -1.4715266,
              53.7494115
            ],
            [
              -1.4716543,
              53.7493758
            ],
            [
              -1.4715336,
              53.7492281
            ]
          ]
        ]
      },
      "id": "way/30041452"
    },
    {
      "type": "Feature",
      "properties": {
        "@id": "way/53537786",
        "addr:city": "Sheffield",
        "addr:housename": "Endcliffe Park",
        "addr:postcode": "S11 8TA",
        "addr:street": "Rustlings Road",
        "amenity": "cafe",
        "building": "yes",
        "fhrs:id": "435517",
        "name": "Endcliffe Park Cafe",
        "ref:GB:uprn": "10013334978",
        "source:addr": "FHRS Open Data"
      },
      "geometry": {
        "type": "Polygon",
        "coordinates": [
          [
            [
              -1.5076601,
              53.3687003
            ],
            [
              -1.5078553,
              53.3686468
            ],
            [
              -1.5078026,
              53.3685783
            ],
            [
              -1.5077046,
              53.3686052
            ],
            [
              -1.5076074,
              53.3686318
            ],
            [
              -1.5076173,
              53.3686447
            ],
            [
              -1.5076601,
              53.3687003
            ]
          ]
        ]
      },
      "id": "way/53537786"
    },
    {
      "type": "Feature",
      "properties": {
        "@id": "way/60355945",
        "addr:city": "Wakefield",
        "addr:housename": "Newmillerdam Boat House",
        "addr:postcode": "WF2 6QG",
        "addr:street": "Barnsley Road",
        "addr:suburb": "Newmillerdam",
        "amenity": "cafe",
        "building": "yes",
        "fhrs:id": "1255953",
        "name": "The Boathouse",
        "opening_hours": "Mo-Su 10:00-16:00",
        "wikidata": "Q26428975"
      },
      "geometry": {
        "type": "Polygon",
        "coordinates": [
          [
            [
              -1.4946718,
              53.6356308
            ],
            [
              -1.4945592,
              53.6357421
            ],
            [
              -1.494636,
              53.6357695
            ],
            [
              -1.4947486,
              53.6356581
            ],
            [
              -1.4946718,
              53.6356308
            ]
          ]
        ]
      },
      "id": "way/60355945"
    },
    {
      "type": "Feature",
      "properties": {
        "@id": "way/61012239",
        "addr:city": "Wakefield",
        "addr:housenumber": "86",
        "addr:postcode": "WF1 5RS",
        "addr:street": "Thornes Lane",
        "amenity": "cafe",
        "building": "yes",
        "fhrs:id": "1471217",
        "name": "Thornes Lane Cafe",
        "ref:GB:uprn": "10092043608;63143427;63113024",
        "source": "OS_OpenData_StreetView"
      },
      "geometry": {
        "type": "Polygon",
        "coordinates": [
          [
            [
              -1.4970956,
              53.674071
            ],
            [
              -1.4968735,
              53.6741794
            ],
            [
              -1.4972686,
              53.6744674
            ],
            [
              -1.4973667,
              53.6744189
            ],
            [
              -1.4973192,
              53.6743293
            ],
            [
              -1.4973594,
              53.6743102
            ],
            [
              -1.4972974,
              53.6741744
            ],
            [
              -1.4970956,
              53.674071
            ]
          ]
        ]
      },
      "id": "way/61012239"
    },
    {
      "type": "Feature",
      "properties": {
        "@id": "way/61509538",
        "addr:city": "Wakefield",
        "addr:housenumber": "448",
        "addr:postcode": "WF1 2JB",
        "addr:street": "Leeds Road",
        "amenity": "cafe",
        "building": "yes",
        "building:levels": "2",
        "building:material": "brick",
        "check_date:opening_hours": "2025-04-01",
        "fhrs:id": "877493",
        "name": "Jack In A Box",
        "opening_hours": "Mo-Sa 07:30-13:00",
        "roof:material": "slate",
        "roof:shape": "pitched",
        "source": "survey;OS_OpenData_StreetView"
      },
      "geometry": {
        "type": "Polygon",
        "coordinates": [
          [
            [
              -1.5049698,
              53.7068216
            ],
            [
              -1.5048684,
              53.7067908
            ],
            [
              -1.5048129,
              53.7068556
            ],
            [
              -1.5049411,
              53.7068546
            ],
            [
              -1.5049698,
              53.7068216
            ]
          ]
        ]
      },
      "id": "way/61509538"
    },
    {
      "type": "Feature",
      "properties": {
        "@id": "way/61509564",
        "addr:city": "Wakefield",
        "addr:housenumber": "509",
        "addr:postcode": "WF1 2PN",
        "addr:street": "Leeds Road",
        "amenity": "cafe",
        "building": "yes",
        "fhrs:id": "1224983",
        "name": "Cafe 509",
        "old_name": "Home Delights Cafe",
        "opening_hours": "Mo-Fr 08:00-14:00; Sa 08:30-13:00; Su 09:00-12:00"
      },
      "geometry": {
        "type": "Polygon",
        "coordinates": [
          [
            [
              -1.5044974,
              53.7078048
            ],
            [
              -1.5043953,
              53.7077675
            ],
            [
              -1.5043599,
              53.7078014
            ],
            [
              -1.504462,
              53.7078387
            ],
            [
              -1.5044974,
              53.7078048
            ]
          ]
        ]
      },
      "id": "way/61509564"
    },
    {
      "type": "Feature",
      "properties": {
        "@id": "way/65624074",
        "addr:city": "Salford",
        "addr:postcode": "M50 3WL",
        "addr:street": "Capital Quay",
        "addr:unit": "2",
        "amenity": "cafe",
        "brand": "Starbucks",
        "brand:wikidata": "Q37158",
        "building": "retail",
        "contact:website": "https://www.starbucks.co.uk/store-locator/70490",
        "cuisine": "coffee_shop",
        "drive_through": "yes",
        "internet_access": "wlan",
        "internet_access:fee": "no",
        "name": "Starbucks",
        "official_name": "Starbucks Coffee",
        "opening_hours": "Mo-Fr 06:00-20:30; Sa-Su 07:00-20:30",
        "phone": "+44 161 669 3086",
        "takeaway": "yes",
        "website": "https://www.starbucks.co.uk/"
      },
      "geometry": {
        "type": "Polygon",
        "coordinates": [
          [
            [
              -2.2833944,
              53.4702455
            ],
            [
              -2.2834468,
              53.4702508
            ],
            [
              -2.2834552,
              53.4702214
            ],
            [
              -2.2834053,
              53.4702163
            ],
            [
              -2.2834326,
              53.4701214
            ],
            [
              -2.283151,
              53.4700927
            ],
            [
              -2.2831058,
              53.4702502
            ],
            [
              -2.2831368,
              53.4702534
            ],
            [
              -2.2833849,
              53.4702787
            ],
            [
              -2.2833944,
              53.4702455
            ]
          ]
        ]
      },
      "id": "way/65624074"
    },
    {
      "type": "Feature",
      "properties": {
        "@id": "way/67392567",
        "amenity": "cafe",
        "building": "yes",
        "name": "Pavillion Cafe (Friends of Buile Hill Park)",
        "ref:GB:uprn": "10090622799"
      },
      "geometry": {
        "type": "Polygon",
        "coordinates": [
          [
            [
              -2.3018466,
              53.4884861
            ],
            [
              -2.3018368,
              53.4884644
            ],
            [
              -2.3018692,
              53.4884592
            ],
            [
              -2.3018321,
              53.4883764
            ],
            [
              -2.3017936,
              53.4883825
            ],
            [
              -2.3017854,
              53.4883643
            ],
            [
              -2.3017121,
              53.4883759
            ],
            [
              -2.3017201,
              53.4883938
            ],
            [
              -2.3016885,
              53.4883988
            ],
            [
              -2.3017262,
              53.488483
            ],
            [
              -2.3017601,
              53.4884777
            ],
            [
              -2.3017694,
              53.4884984
            ],
            [
              -2.3018466,
              53.4884861
            ]
          ]
        ]
      },
      "id": "way/67392567"
    },
    {
      "type": "Feature",
      "properties": {
        "@id": "way/74350613",
        "addr:city": "Wakefield",
        "addr:housenumber": "80",
        "addr:postcode": "WF3 4DF",
        "addr:street": "Lime Pit Lane",
        "amenity": "cafe",
        "building": "yes",
        "name": "Ma B's Kitchen",
        "old_name": "Lisa's Cafe and Bistro",
        "ref:GB:uprn": "63182368;63182349",
        "source": "OS_OpenData_StreetView"
      },
      "geometry": {
        "type": "Polygon",
        "coordinates": [
          [
            [
              -1.4776059,
              53.7091551
            ],
            [
              -1.4775411,
              53.7090381
            ],
            [
              -1.4774098,
              53.7090636
            ],
            [
              -1.4774747,
              53.7091806
            ],
            [
              -1.4776059,
              53.7091551
            ]
          ]
        ]
      },
      "id": "way/74350613"
    },
    {
      "type": "Feature",
      "properties": {
        "@id": "way/76864421",
        "amenity": "cafe",
        "building": "yes",
        "check_date": "2023-11-19",
        "name": "Adventure Centre",
        "ref:GB:uprn": "100032199277",
        "source": "OS_OpenData_StreetView"
      },
      "geometry": {
        "type": "Polygon",
        "coordinates": [
          [
            [
              -2.0754631,
              53.1223358
            ],
            [
              -2.0754932,
              53.1221716
            ],
            [
              -2.0754301,
              53.1221675
            ],
            [
              -2.0754394,
              53.1221168
            ],
            [
              -2.0753569,
              53.1221114
            ],
            [
              -2.0753496,
              53.1221509
            ],
            [
              -2.0753468,
              53.1221666
            ],
            [
              -2.0752817,
              53.1221623
            ],
            [
              -2.0752716,
              53.1222175
            ],
            [
              -2.0753258,
              53.122221
            ],
            [
              -2.0753067,
              53.1223255
            ],
            [
              -2.0754631,
              53.1223358
            ]
          ]
        ]
      },
      "id": "way/76864421"
    },
    {
      "type": "Feature",
      "properties": {
        "@id": "way/78502229",
        "addr:city": "Leeds",
        "addr:housenumber": "2",
        "addr:postcode": "LS10 2LA",
        "addr:street": "Sussex Gardens",
        "addr:suburb": "Hunslet",
        "amenity": "cafe",
        "building": "yes",
        "name": "The Pow Wow",
        "ref:GB:uprn": "72258215",
        "source": "OS OpenData StreetView"
      },
      "geometry": {
        "type": "Polygon",
        "coordinates": [
          [
            [
              -1.5175761,
              53.7764992
            ],
            [
              -1.5176026,
              53.776476
            ],
            [
              -1.5175169,
              53.7764419
            ],
            [
              -1.5174316,
              53.776517
            ],
            [
              -1.5175453,
              53.7765622
            ],
            [
              -1.5176042,
              53.7765104
            ],
            [
              -1.5175761,
              53.7764992
            ]
          ]
        ]
      },
      "id": "way/78502229"
    },
    {
      "type": "Feature",
      "properties": {
        "@id": "way/80501569",
        "addr:city": "Matlock",
        "addr:county": "Derbyshire",
        "addr:housename": "Forest Nurseries Limited",
        "addr:postcode": "DE4 2EX",
        "addr:street": "Oddford Lane",
        "addr:town": "Darley Dale",
        "alt_name": "Tall Trees",
        "amenity": "cafe",
        "building": "yes",
        "cuisine": "regional",
        "fhrs:id": "1799685",
        "name": "Garden Centre Cafe",
        "ref:GB:uprn": "10070093846",
        "source": "OS_OpenData_StreetView"
      },
      "geometry": {
        "type": "Polygon",
        "coordinates": [
          [
            [
              -1.5855305,
              53.1603127
            ],
            [
              -1.5855392,
              53.1602906
            ],
            [
              -1.5855202,
              53.1602644
            ],
            [
              -1.5854769,
              53.1602561
            ],
            [
              -1.5854327,
              53.1602699
            ],
            [
              -1.5854262,
              53.1602952
            ],
            [
              -1.5854463,
              53.1603216
            ],
            [
              -1.5854809,
              53.1603274
            ],
            [
              -1.5855305,
              53.1603127
            ]
          ]
        ]
      },
      "id": "way/80501569"
    },
    {
      "type": "Feature",
      "properties": {
        "@id": "way/84812664",
        "addr:city": "Leeds",
        "addr:housenumber": "10",
        "addr:postcode": "LS10 3DJ",
        "addr:street": "Wakefield Road",
        "amenity": "cafe",
        "building": "yes",
        "fhrs:id": "322059",
        "name": "Bangers & Baps",
        "opening_hours": "Mo-Fr 07:30-14:00; Sa 07:00-12:00"
      },
      "geometry": {
        "type": "Polygon",
        "coordinates": [
          [
            [
              -1.5159154,
              53.7728242
            ],
            [
              -1.5159402,
              53.7727636
            ],
            [
              -1.5158953,
              53.7727572
            ],
            [
              -1.5158704,
              53.7728177
            ],
            [
              -1.5159154,
              53.7728242
            ]
          ]
        ]
      },
      "id": "way/84812664"
    },
    {
      "type": "Feature",
      "properties": {
        "@id": "way/86623479",
        "addr:city": "Sheffield",
        "addr:housename": "Heeley City Farm",
        "addr:postcode": "S2 3DT",
        "addr:street": "Richards Road",
        "amenity": "cafe",
        "building": "yes",
        "cuisine": "coffee_shop",
        "diet:vegetarian": "yes",
        "fhrs:id": "437886",
        "internet_access": "wlan",
        "name": "Heeley City Farm - Farm Kitchen",
        "opening_hours": "09:30-16:00",
        "smoking": "no",
        "source": "OS OpenData StreetView",
        "wheelchair": "limited"
      },
      "geometry": {
        "type": "Polygon",
        "coordinates": [
          [
            [
              -1.4671887,
              53.3627381
            ],
            [
              -1.46707,
              53.362782
            ],
            [
              -1.4671357,
              53.3628454
            ],
            [
              -1.4672545,
              53.3628015
            ],
            [
              -1.4671887,
              53.3627381
            ]
          ]
        ]
      },
      "id": "way/86623479"
    },
    {
      "type": "Feature",
      "properties": {
        "@id": "way/90008726",
        "addr:postcode": "HX7 6AA",
        "amenity": "cafe",
        "building": "yes",
        "name": "Oregano",
        "ref:GB:uprn": "100051348719",
        "source:addr:postcode": "ONSUD;OS Open UPRN"
      },
      "geometry": {
        "type": "Polygon",
        "coordinates": [
          [
            [
              -2.0152443,
              53.7415068
            ],
            [
              -2.0152333,
              53.7414386
            ],
            [
              -2.0151223,
              53.7414449
            ],
            [
              -2.0151331,
              53.7415112
            ],
            [
              -2.0151405,
              53.7415574
            ],
            [
              -2.0152302,
              53.7415523
            ],
            [
              -2.0152231,
              53.741508
            ],
            [
              -2.0152443,
              53.7415068
            ]
          ]
        ]
      },
      "id": "way/90008726"
    },
    {
      "type": "Feature",
      "properties": {
        "@id": "way/90431705",
        "addr:city": "Sheffield",
        "addr:housenumber": "282",
        "addr:postcode": "S6 3TB",
        "addr:street": "South Road",
        "addr:suburb": "Walkley",
        "amenity": "cafe",
        "area": "yes",
        "building": "yes",
        "fhrs:id": "522171",
        "name": "Turquoise",
        "opening_hours": "Su-Th 16:00-23:00; Fr,Sa 16:00-23:30"
      },
      "geometry": {
        "type": "Polygon",
        "coordinates": [
          [
            [
              -1.5000573,
              53.3927765
            ],
            [
              -1.5000685,
              53.392791
            ],
            [
              -1.5000894,
              53.3927873
            ],
            [
              -1.5001376,
              53.3928299
            ],
            [
              -1.5001193,
              53.3928333
            ],
            [
              -1.5001601,
              53.3928807
            ],
            [
              -1.500191,
              53.3928723
            ],
            [
              -1.5003036,
              53.3928454
            ],
            [
              -1.5003086,
              53.3928252
            ],
            [
              -1.500205,
              53.3927358
            ],
            [
              -1.500197,
              53.3927385
            ],
            [
              -1.5000573,
              53.3927765
            ]
          ]
        ]
      },
      "id": "way/90431705"
    },
    {
      "type": "Feature",
      "properties": {
        "@id": "way/91081649",
        "amenity": "cafe",
        "building": "yes",
        "name": "Lake Cafe",
        "outdoor_seating": "yes",
        "phone": "+44 161 798 5158;+44 7779 897 093",
        "ref:GB:uprn": "10090425112"
      },
      "geometry": {
        "type": "Polygon",
        "coordinates": [
          [
            [
              -2.2572575,
              53.530697
            ],
            [
              -2.2571363,
              53.5307954
            ],
            [
              -2.2570262,
              53.5309004
            ],
            [
              -2.2571709,
              53.5309586
            ],
            [
              -2.2574023,
              53.5307551
            ],
            [
              -2.2572575,
              53.530697
            ]
          ]
        ]
      },
      "id": "way/91081649"
    },
    {
      "type": "Feature",
      "properties": {
        "@id": "way/91745187",
        "amenity": "cafe",
        "building": "yes",
        "name": "Barton Flying Club"
      },
      "geometry": {
        "type": "Polygon",
        "coordinates": [
          [
            [
              -2.3876142,
              53.4700471
            ],
            [
              -2.3876591,
              53.4700145
            ],
            [
              -2.3877274,
              53.4699628
            ],
            [
              -2.3877116,
              53.4699057
            ],
            [
              -2.3875208,
              53.4698127
            ],
            [
              -2.3873312,
              53.4699519
            ],
            [
              -2.3874616,
              53.4700154
            ],
            [
              -2.3874953,
              53.4699883
            ],
            [
              -2.3876142,
              53.4700471
            ]
          ]
        ]
      },
      "id": "way/91745187"
    },
    {
      "type": "Feature",
      "properties": {
        "@id": "way/91855838",
        "amenity": "cafe",
        "brand": "Starbucks",
        "brand:wikidata": "Q37158",
        "brand:wikipedia": "en:Starbucks",
        "building": "retail",
        "cuisine": "coffee_shop",
        "name": "Starbucks",
        "official_name": "Starbucks Coffee",
        "source": "yes",
        "takeaway": "yes",
        "website": "https://www.starbucks.com/store-locator/store/1018213/harshead-moor-w-dt-welcome-b-c-o-welcome-break-brighouse-eng-hd-6-4-jx-gb"
      },
      "geometry": {
        "type": "Polygon",
        "coordinates": [
          [
            [
              -1.7430319,
              53.7135001
            ],
            [
              -1.7430491,
              53.7135897
            ],
            [
              -1.7432947,
              53.7135732
            ],
            [
              -1.74328,
              53.7134962
            ],
            [
              -1.7431558,
              53.7135045
            ],
            [
              -1.7431534,
              53.713492
            ],
            [
              -1.7430319,
              53.7135001
            ]
          ]
        ]
      },
      "id": "way/91855838"
    },
    {
      "type": "Feature",
      "properties": {
        "@id": "way/93519373",
        "addr:city": "Sheffield",
        "addr:housenumber": "3",
        "addr:postcode": "S10 5BL",
        "addr:street": "Spooner Road",
        "amenity": "cafe",
        "building": "yes",
        "fhrs:id": "437501",
        "name": "The Steel Cauldron"
      },
      "geometry": {
        "type": "Polygon",
        "coordinates": [
          [
            [
              -1.5012989,
              53.3779482
            ],
            [
              -1.5014795,
              53.377968
            ],
            [
              -1.5014831,
              53.3779492
            ],
            [
              -1.5015767,
              53.3779585
            ],
            [
              -1.5016063,
              53.3778374
            ],
            [
              -1.5014095,
              53.3778092
            ],
            [
              -1.5013101,
              53.3778419
            ],
            [
              -1.5012833,
              53.3778513
            ],
            [
              -1.5013177,
              53.3778886
            ],
            [
              -1.5012989,
              53.3779482
            ]
          ]
        ]
      },
      "id": "way/93519373"
    },
    {
      "type": "Feature",
      "properties": {
        "@id": "way/94151005",
        "addr:city": "Sheffield",
        "addr:housenumber": "575",
        "addr:postcode": "S9 3RB",
        "addr:street": "Attercliffe Road",
        "amenity": "cafe",
        "building": "yes",
        "fhrs:id": "1076793",
        "name": "Warty Lounge",
        "phone": "+44 7455 992030",
        "source": "Bing",
        "website": "http://wartylounge.com/"
      },
      "geometry": {
        "type": "Polygon",
        "coordinates": [
          [
            [
              -1.4344917,
              53.3927464
            ],
            [
              -1.4342244,
              53.3925957
            ],
            [
              -1.4340862,
              53.392683
            ],
            [
              -1.4340677,
              53.3926725
            ],
            [
              -1.4340125,
              53.3927074
            ],
            [
              -1.4341052,
              53.3927597
            ],
            [
              -1.4341495,
              53.3927317
            ],
            [
              -1.4342916,
              53.3928119
            ],
            [
              -1.4344917,
              53.3927464
            ]
          ]
        ]
      },
      "id": "way/94151005"
    },
    {
      "type": "Feature",
      "properties": {
        "@id": "way/94176155",
        "amenity": "cafe",
        "building": "yes",
        "check_date": "2024-08-16",
        "cuisine": "sandwich;burger;coffee_shop",
        "name": "Cafe on't Front",
        "outdoor_seating": "no",
        "payment:american_express": "yes",
        "payment:cash": "yes",
        "payment:credit_cards": "yes",
        "payment:debit_cards": "yes",
        "ref:GB:uprn": "100052044181"
      },
      "geometry": {
        "type": "Polygon",
        "coordinates": [
          [
            [
              -2.0129468,
              53.7409502
            ],
            [
              -2.0129191,
              53.740991
            ],
            [
              -2.0130357,
              53.7410186
            ],
            [
              -2.0130615,
              53.7409774
            ],
            [
              -2.0129468,
              53.7409502
            ]
          ]
        ]
      },
      "id": "way/94176155"
    },
    {
      "type": "Feature",
      "properties": {
        "@id": "way/95851303",
        "addr:city": "Hebden Bridge",
        "addr:housename": "Calder Holmes Park",
        "addr:postcode": "HX7 8EE",
        "addr:street": "New Road",
        "amenity": "cafe",
        "building": "yes",
        "check_date": "2024-08-16",
        "contact:facebook": "parklifecafehebden",
        "contact:phone": "+44 7463 280725",
        "contact:website": "https://www.parklifecafe.co.uk",
        "email": "cafeparklife@gmail.com",
        "fhrs:id": "1546599",
        "name": "Park Life Cafe",
        "opening_hours": "Mo-We off; Th-Su 11:00-16:00",
        "ref:GB:uprn": "10035038862"
      },
      "geometry": {
        "type": "Polygon",
        "coordinates": [
          [
            [
              -2.0130079,
              53.7397534
            ],
            [
              -2.0131527,
              53.7395861
            ],
            [
              -2.0130843,
              53.7395654
            ],
            [
              -2.0129395,
              53.7397327
            ],
            [
              -2.0130079,
              53.7397534
            ]
          ]
        ]
      },
      "id": "way/95851303"
    },
    {
      "type": "Feature",
      "properties": {
        "@id": "way/96852759",
        "addr:city": "Sheffield",
        "addr:country": "GB",
        "addr:housenumber": "7",
        "addr:postcode": "S3 8LT",
        "addr:street": "Castle Street",
        "amenity": "cafe",
        "building": "yes",
        "cuisine": "coffee_shop",
        "fhrs:id": "1097638",
        "name": "D Cups",
        "source": "Bing",
        "source:addr": "FHRS Open Data"
      },
      "geometry": {
        "type": "Polygon",
        "coordinates": [
          [
            [
              -1.4657089,
              53.3844139
            ],
            [
              -1.4656985,
              53.3844036
            ],
            [
              -1.4656926,
              53.3844006
            ],
            [
              -1.4656831,
              53.3843958
            ],
            [
              -1.4656643,
              53.3843913
            ],
            [
              -1.4656441,
              53.3843908
            ],
            [
              -1.4656247,
              53.3843941
            ],
            [
              -1.4656081,
              53.3844009
            ],
            [
              -1.4655961,
              53.3844106
            ],
            [
              -1.4655899,
              53.3844221
            ],
            [
              -1.4655903,
              53.3844341
            ],
            [
              -1.4655963,
              53.3844446
            ],
            [
              -1.4656019,
              53.3844492
            ],
            [
              -1.4656073,
              53.3844536
            ],
            [
              -1.4656222,
              53.3844601
            ],
            [
              -1.4656398,
              53.3844638
            ],
            [
              -1.4656583,
              53.3844642
            ],
            [
              -1.4656763,
              53.3844613
            ],
            [
              -1.4656919,
              53.3844553
            ],
            [
              -1.465704,
              53.3844469
            ],
            [
              -1.4657112,
              53.3844367
            ],
            [
              -1.4657131,
              53.3844257
            ],
            [
              -1.4657089,
              53.3844139
            ]
          ]
        ]
      },
      "id": "way/96852759"
    },
    {
      "type": "Feature",
      "properties": {
        "@id": "way/99835932",
        "amenity": "cafe",
        "building": "yes",
        "capacity": "15",
        "check_date": "2024-08-10",
        "cuisine": "coffee_shop",
        "name": "Coffee Station",
        "opening_hours": "Mo 05:45-14:00; Tu-Fr 05:45-13:00; Sa 08:00-14:00; Su off",
        "outdoor_seating": "yes",
        "payment:card": "yes",
        "payment:cards": "yes",
        "payment:cash": "yes",
        "payment:coins": "yes",
        "payment:contactless": "yes",
        "payment:credit_card": "yes",
        "payment:credit_cards": "yes",
        "wheelchair": "yes"
      },
      "geometry": {
        "type": "Polygon",
        "coordinates": [
          [
            [
              -2.0088559,
              53.7378116
            ],
            [
              -2.0089556,
              53.7378435
            ],
            [
              -2.0090039,
              53.7377901
            ],
            [
              -2.0089026,
              53.7377566
            ],
            [
              -2.0088559,
              53.7378116
            ]
          ]
        ]
      },
      "id": "way/99835932"
    },
    {
      "type": "Feature",
      "properties": {
        "@id": "way/100482368",
        "addr:city": "Sheffield",
        "addr:housenumber": "846",
        "addr:postcode": "S11 8TE",
        "addr:street": "Ecclesall Road",
        "amenity": "cafe",
        "building": "yes",
        "diet:vegan": "yes",
        "diet:vegetarian": "yes",
        "disused:amenity": "post_depot",
        "disused:operator": "Royal Mail",
        "fhrs:id": "1361354",
        "name": "Marmadukes - The Sorting Office",
        "old_name": "Sheffield South West Delivery Office",
        "opening_hours": "Mo-Su 08:30-16:00",
        "payment:credit_cards": "yes",
        "payment:debit_cards": "yes",
        "source:addr": "FHRS Open Data"
      },
      "geometry": {
        "type": "Polygon",
        "coordinates": [
          [
            [
              -1.5085305,
              53.3634832
            ],
            [
              -1.5082883,
              53.3634725
            ],
            [
              -1.5082749,
              53.3635796
            ],
            [
              -1.5086016,
              53.3635941
            ],
            [
              -1.5086149,
              53.363487
            ],
            [
              -1.5085305,
              53.3634832
            ]
          ]
        ]
      },
      "id": "way/100482368"
    },
    {
      "type": "Feature",
      "properties": {
        "@id": "way/102326767",
        "addr:city": "Sheffield",
        "addr:housenumber": "75",
        "addr:postcode": "S9 3TG",
        "addr:street": "Worksop Road",
        "amenity": "cafe",
        "building": "yes",
        "fhrs:id": "437036",
        "name": "Cafe 313",
        "source": "Bing"
      },
      "geometry": {
        "type": "Polygon",
        "coordinates": [
          [
            [
              -1.428062,
              53.3949998
            ],
            [
              -1.4279939,
              53.3949853
            ],
            [
              -1.4279441,
              53.3949817
            ],
            [
              -1.4279054,
              53.3949877
            ],
            [
              -1.4278831,
              53.394998
            ],
            [
              -1.4278658,
              53.3950162
            ],
            [
              -1.4278668,
              53.3950435
            ],
            [
              -1.4278851,
              53.3951186
            ],
            [
              -1.4279573,
              53.3951089
            ],
            [
              -1.4279451,
              53.3950605
            ],
            [
              -1.4280162,
              53.3950744
            ],
            [
              -1.4280561,
              53.3950095
            ],
            [
              -1.428062,
              53.3949998
            ]
          ]
        ]
      },
      "id": "way/102326767"
    },
    {
      "type": "Feature",
      "properties": {
        "@id": "way/103025066",
        "addr:city": "Sheffield",
        "addr:housenumber": "2",
        "addr:postcode": "S1 2GE",
        "addr:street": "High Street",
        "amenity": "cafe",
        "brand": "Caffè Nero",
        "brand:wikidata": "Q675808",
        "brand:wikipedia": "en:Caffè Nero",
        "building": "yes",
        "check_date": "2024-08-22",
        "check_date:opening_hours": "2024-08-22",
        "cuisine": "coffee_shop",
        "fhrs:id": "437255",
        "listed_status": "Grade II",
        "name": "Caffè Nero",
        "opening_hours": "Mo-Fr 06:30-18:30; Sa 07:30-18:30; Su 08:00-18:00",
        "takeaway": "yes",
        "website": "https://www.caffenero.com/uk/stores/sheffield-high-st",
        "wheelchair": "yes"
      },
      "geometry": {
        "type": "Polygon",
        "coordinates": [
          [
            [
              -1.4682828,
              53.3823389
            ],
            [
              -1.468358,
              53.3822581
            ],
            [
              -1.4680079,
              53.3821749
            ],
            [
              -1.4679546,
              53.3822342
            ],
            [
              -1.4682828,
              53.3823389
            ]
          ]
        ]
      },
      "id": "way/103025066"
    },
    {
      "type": "Feature",
      "properties": {
        "@id": "way/103059125",
        "addr:city": "Sheffield",
        "addr:housenumber": "22",
        "addr:postcode": "S1 2PA",
        "addr:street": "Norfolk Row",
        "amenity": "cafe",
        "building": "yes",
        "fhrs:id": "522172",
        "listed_status": "Grade II",
        "name": "Marmadukes",
        "wikidata": "Q26561155"
      },
      "geometry": {
        "type": "Polygon",
        "coordinates": [
          [
            [
              -1.4683001,
              53.3811024
            ],
            [
              -1.4683327,
              53.3810448
            ],
            [
              -1.4683472,
              53.3810477
            ],
            [
              -1.4683644,
              53.3810173
            ],
            [
              -1.4682425,
              53.3809928
            ],
            [
              -1.4682028,
              53.3809848
            ],
            [
              -1.468178,
              53.3810287
            ],
            [
              -1.46819,
              53.3810311
            ],
            [
              -1.468164,
              53.3810776
            ],
            [
              -1.4683001,
              53.3811024
            ]
          ]
        ]
      },
      "id": "way/103059125"
    },
    {
      "type": "Feature",
      "properties": {
        "@id": "way/103059849",
        "addr:city": "Sheffield",
        "addr:housenumber": "39",
        "addr:postcode": "S1 2LG",
        "addr:street": "Surrey Street",
        "amenity": "cafe",
        "building": "yes",
        "fhrs:id": "438328",
        "name": "Coffee Lab",
        "source:addr": "FHRS Open Data"
      },
      "geometry": {
        "type": "Polygon",
        "coordinates": [
          [
            [
              -1.4690584,
              53.3806795
            ],
            [
              -1.4689631,
              53.3806583
            ],
            [
              -1.4688984,
              53.3807638
            ],
            [
              -1.46899,
              53.3807852
            ],
            [
              -1.4690584,
              53.3806795
            ]
          ]
        ]
      },
      "id": "way/103059849"
    },
    {
      "type": "Feature",
      "properties": {
        "@id": "way/103114998",
        "addr:city": "Sheffield",
        "addr:housenumber": "2-3",
        "addr:postcode": "S1 2FB",
        "addr:street": "Orchard Square",
        "amenity": "cafe",
        "brand": "Costa",
        "brand:wikidata": "Q608845",
        "brand:wikipedia": "en:Costa Coffee",
        "building:part": "yes",
        "check_date": "2025-04-29",
        "cuisine": "coffee_shop",
        "fhrs:id": "914917",
        "name": "Costa",
        "source:addr": "FHRS Open Data",
        "takeaway": "yes"
      },
      "geometry": {
        "type": "Polygon",
        "coordinates": [
          [
            [
              -1.470052,
              53.3817302
            ],
            [
              -1.4700849,
              53.3818273
            ],
            [
              -1.4703717,
              53.3817861
            ],
            [
              -1.470365,
              53.3817473
            ],
            [
              -1.4703969,
              53.3817446
            ],
            [
              -1.4703901,
              53.3816873
            ],
            [
              -1.470052,
              53.3817302
            ]
          ]
        ]
      },
      "id": "way/103114998"
    },
    {
      "type": "Feature",
      "properties": {
        "@id": "way/103117905",
        "addr:city": "Sheffield",
        "addr:housenumber": "14",
        "addr:postcode": "S1 2FB",
        "addr:street": "Orchard Square",
        "amenity": "cafe",
        "building:part": "yes",
        "check_date": "2025-04-29",
        "cuisine": "bubble_tea",
        "fhrs:id": "1016553",
        "name": "Cuppacha Bubble Tea"
      },
      "geometry": {
        "type": "Polygon",
        "coordinates": [
          [
            [
              -1.4704559,
              53.3814627
            ],
            [
              -1.4705949,
              53.3814212
            ],
            [
              -1.4705595,
              53.3813876
            ],
            [
              -1.470425,
              53.381429
            ],
            [
              -1.4704559,
              53.3814627
            ]
          ]
        ]
      },
      "id": "way/103117905"
    },
    {
      "type": "Feature",
      "properties": {
        "@id": "way/103443862",
        "addr:city": "Sheffield",
        "addr:housenumber": "401",
        "addr:postcode": "S10 2PR",
        "addr:street": "Glossop Road",
        "addr:suburb": "Broomhill",
        "amenity": "cafe",
        "building": "yes",
        "contact:instagram": "https://www.instagram.com/joeanddoughuk",
        "cuisine": "donut",
        "fhrs:id": "436248",
        "internet_access": "wlan",
        "name": "Joe and Dough",
        "opening_hours": "Tu-Sa 10:00-16:00",
        "outdoor_seating": "yes",
        "source": "Bing"
      },
      "geometry": {
        "type": "Polygon",
        "coordinates": [
          [
            [
              -1.4924244,
              53.377189
            ],
            [
              -1.4923381,
              53.377231
            ],
            [
              -1.4923996,
              53.377276
            ],
            [
              -1.4923828,
              53.3772842
            ],
            [
              -1.4924417,
              53.3773273
            ],
            [
              -1.4924135,
              53.377341
            ],
            [
              -1.4924581,
              53.3773736
            ],
            [
              -1.4925141,
              53.3773463
            ],
            [
              -1.4925242,
              53.3773537
            ],
            [
              -1.4925692,
              53.3773318
            ],
            [
              -1.4925759,
              53.3773367
            ],
            [
              -1.4926021,
              53.3773239
            ],
            [
              -1.4925697,
              53.3773002
            ],
            [
              -1.4925486,
              53.3773105
            ],
            [
              -1.4925054,
              53.3772789
            ],
            [
              -1.4925306,
              53.3772667
            ],
            [
              -1.4924244,
              53.377189
            ]
          ]
        ]
      },
      "id": "way/103443862"
    },
    {
      "type": "Feature",
      "properties": {
        "@id": "way/103568745",
        "addr:city": "Sheffield",
        "addr:housenumber": "2-3",
        "addr:postcode": "S1 2ET",
        "addr:street": "East Parade",
        "amenity": "cafe",
        "building": "yes",
        "contact:email": "build@buildersbrewcafe.com",
        "contact:facebook": "https://www.facebook.com/BuildersBrewCafe",
        "contact:instagram": "https://www.instagram.com/buildersbrewcafe",
        "contact:phone": "+44 114 312 4335",
        "contact:tiktok": "https://tiktok.com/@buildersbrewcafe",
        "fhrs:id": "1379706",
        "listed_status": "Grade II",
        "name": "Builder's Brew",
        "opening_hours": "Tu-Fr 15:00-21:00; Sa-Su 10:00-21:00",
        "reservation": "recommended",
        "website": "https://buildersbrewcafe.com/",
        "wikidata": "Q26560829"
      },
      "geometry": {
        "type": "Polygon",
        "coordinates": [
          [
            [
              -1.4685997,
              53.3830638
            ],
            [
              -1.4685983,
              53.3829022
            ],
            [
              -1.4683705,
              53.3829009
            ],
            [
              -1.4683711,
              53.3830606
            ],
            [
              -1.4685997,
              53.3830638
            ]
          ]
        ]
      },
      "id": "way/103568745"
    },
    {
      "type": "Feature",
      "properties": {
        "@id": "way/103834232",
        "addr:city": "Sheffield",
        "addr:housenumber": "25",
        "addr:postcode": "S1 2GU",
        "addr:street": "High Street",
        "amenity": "cafe",
        "building": "yes",
        "check_date": "2025-05-29",
        "contact:facebook": "100063540011588",
        "cuisine": "breakfast;cake;coffee_shop;sandwich;tea",
        "fhrs:id": "436102",
        "internet_access": "wlan",
        "name": "Sarni's",
        "opening_hours": "Mo-Sa 08:00-14:30",
        "phone": "+441142701750",
        "source:addr": "FHRS Open Data"
      },
      "geometry": {
        "type": "Polygon",
        "coordinates": [
          [
            [
              -1.4676947,
              53.3831449
            ],
            [
              -1.4676986,
              53.3830157
            ],
            [
              -1.4676131,
              53.3829055
            ],
            [
              -1.4676026,
              53.3829079
            ],
            [
              -1.4676222,
              53.3830142
            ],
            [
              -1.4676179,
              53.3830387
            ],
            [
              -1.4676006,
              53.3831363
            ],
            [
              -1.4676947,
              53.3831449
            ]
          ]
        ]
      },
      "id": "way/103834232"
    },
    {
      "type": "Feature",
      "properties": {
        "@id": "way/104312092",
        "addr:city": "Sheffield",
        "addr:postcode": "S8 8JW",
        "addr:street": "Graves Park",
        "addr:suburb": "Bunting Nook",
        "amenity": "cafe",
        "building": "yes",
        "cuisine": "breakfast;coffee_shop;ice_cream",
        "diet:vegetarian": "yes",
        "fhrs:id": "438319",
        "name": "Rose Garden Cafe",
        "note": "may need GPS fix",
        "opening_hours": "Mo-Fr 09:00-17:00; Sa,Su 09:00-18:00",
        "outdoor_seating": "yes",
        "phone": "+44114 2582705",
        "source": "Bing",
        "website": "https://www.rosegardencafe.co.uk/",
        "wheelchair": "yes",
        "wheelchair:description": "ramps on main entrance"
      },
      "geometry": {
        "type": "Polygon",
        "coordinates": [
          [
            [
              -1.4674259,
              53.3380578
            ],
            [
              -1.4672875,
              53.3380813
            ],
            [
              -1.4669849,
              53.3381382
            ],
            [
              -1.4669947,
              53.3381549
            ],
            [
              -1.467029,
              53.3382138
            ],
            [
              -1.4674675,
              53.3381402
            ],
            [
              -1.4674259,
              53.3380578
            ]
          ]
        ]
      },
      "id": "way/104312092"
    },
    {
      "type": "Feature",
      "properties": {
        "@id": "way/104592820",
        "addr:city": "Sheffield",
        "addr:housename": "Weston Villa",
        "addr:housenumber": "295",
        "addr:postcode": "S10 2TJ",
        "addr:street": "Western Bank",
        "amenity": "cafe",
        "brand": "Starbucks",
        "brand:wikidata": "Q37158",
        "brand:wikipedia": "en:Starbucks",
        "building": "yes",
        "cuisine": "coffee_shop",
        "fhrs:id": "436279",
        "name": "Starbucks",
        "official_name": "Starbucks Coffee",
        "opening_hours": "Mo-Fr 06:30-18:00; Sa,Su 08:30-17:00; PH 09:00-17:00",
        "source": "Bing",
        "takeaway": "yes",
        "website": "https://www.starbucks.com/store-locator/store/1012639/sheffield-broomhill-295-western-bank-sheffield-eng-s-10-2-tj-gb",
        "wheelchair": "yes"
      },
      "geometry": {
        "type": "Polygon",
        "coordinates": [
          [
            [
              -1.4919407,
              53.3808658
            ],
            [
              -1.491921,
              53.3808968
            ],
            [
              -1.4919298,
              53.3809931
            ],
            [
              -1.4919328,
              53.3810264
            ],
            [
              -1.4920183,
              53.3810274
            ],
            [
              -1.4920966,
              53.3810284
            ],
            [
              -1.4920965,
              53.3809913
            ],
            [
              -1.4921385,
              53.3809917
            ],
            [
              -1.4921535,
              53.3809253
            ],
            [
              -1.4921499,
              53.3808601
            ],
            [
              -1.4920488,
              53.3808629
            ],
            [
              -1.4919407,
              53.3808658
            ]
          ]
        ]
      },
      "id": "way/104592820"
    },
    {
      "type": "Feature",
      "properties": {
        "@id": "way/106123844",
        "addr:city": "Sheffield",
        "addr:housenumber": "261",
        "addr:postcode": "S9 3FP",
        "addr:street": "Staniforth Road",
        "amenity": "cafe",
        "building": "yes",
        "fhrs:id": "1519839",
        "name": "Chaska Chai",
        "source": "Bing"
      },
      "geometry": {
        "type": "Polygon",
        "coordinates": [
          [
            [
              -1.4281628,
              53.3902187
            ],
            [
              -1.4283489,
              53.3899793
            ],
            [
              -1.4283321,
              53.3899746
            ],
            [
              -1.4283441,
              53.3899592
            ],
            [
              -1.4281008,
              53.389892
            ],
            [
              -1.42809,
              53.3899059
            ],
            [
              -1.4280751,
              53.3899018
            ],
            [
              -1.4278233,
              53.3902258
            ],
            [
              -1.4280346,
              53.3902842
            ],
            [
              -1.428055,
              53.3902579
            ],
            [
              -1.4279759,
              53.3902361
            ],
            [
              -1.4280201,
              53.3901792
            ],
            [
              -1.4281628,
              53.3902187
            ]
          ]
        ]
      },
      "id": "way/106123844"
    },
    {
      "type": "Feature",
      "properties": {
        "@id": "way/106555011",
        "addr:city": "Sheffield",
        "addr:housenumber": "537",
        "addr:postcode": "S9 2FJ",
        "addr:street": "Attercliffe Common",
        "amenity": "cafe",
        "brand": "Starbucks",
        "brand:wikidata": "Q37158",
        "brand:wikipedia": "en:Starbucks",
        "building": "yes",
        "cuisine": "coffee_shop",
        "fhrs:id": "1175419",
        "listed_status": "Grade II",
        "name": "Starbucks",
        "official_name": "Starbucks Coffee",
        "old_name": "Carbrook Hall",
        "source": "Bing",
        "takeaway": "yes",
        "website": "https://www.starbucks.com/store-locator/store/1023413/sheffield-carbrook-hall-dt-carbrook-hall-537-attercliffe-comman-sheffield-eng",
        "wikidata": "Q5038096"
      },
      "geometry": {
        "type": "Polygon",
        "coordinates": [
          [
            [
              -1.4165665,
              53.4054422
            ],
            [
              -1.4164855,
              53.4054854
            ],
            [
              -1.4166367,
              53.4055796
            ],
            [
              -1.4166246,
              53.4055867
            ],
            [
              -1.4166488,
              53.4056048
            ],
            [
              -1.4166652,
              53.4056003
            ],
            [
              -1.416714,
              53.4056485
            ],
            [
              -1.4168969,
              53.4055801
            ],
            [
              -1.4168352,
              53.40552
            ],
            [
              -1.4168196,
              53.4055265
            ],
            [
              -1.4167925,
              53.4054987
            ],
            [
              -1.4167138,
              53.405532
            ],
            [
              -1.4165665,
              53.4054422
            ]
          ]
        ]
      },
      "id": "way/106555011"
    },
    {
      "type": "Feature",
      "properties": {
        "@id": "way/110234092",
        "addr:city": "Hope Valley",
        "addr:postcode": "S33 8WR",
        "addr:street": "Millbridge",
        "addr:suburb": "Castleton",
        "amenity": "cafe",
        "building": "house",
        "email": "info@ramblersrest-castleton.co.uk",
        "fhrs:id": "1260429",
        "guest_house": "bed_and_breakfast",
        "name": "Ramblers Rest",
        "nohousenumber": "yes",
        "phone": "+44 1433 620125",
        "source": "survey;Bing",
        "source:addr": "FHRS Open Data",
        "tourism": "guest_house",
        "website": "https://ramblersrest-castleton.co.uk/"
      },
      "geometry": {
        "type": "Polygon",
        "coordinates": [
          [
            [
              -1.7756175,
              53.3443704
            ],
            [
              -1.7755671,
              53.3442377
            ],
            [
              -1.7755062,
              53.3442459
            ],
            [
              -1.7755129,
              53.3442635
            ],
            [
              -1.7754482,
              53.3442723
            ],
            [
              -1.7754674,
              53.344323
            ],
            [
              -1.7754451,
              53.344326
            ],
            [
              -1.7754589,
              53.3443929
            ],
            [
              -1.7756175,
              53.3443704
            ]
          ]
        ]
      },
      "id": "way/110234092"
    },
    {
      "type": "Feature",
      "properties": {
        "@id": "way/110568397",
        "addr:city": "Sheffield",
        "addr:housenumber": "350",
        "addr:postcode": "S9 2SP",
        "addr:street": "Brightside Lane",
        "amenity": "cafe",
        "building": "yes",
        "fhrs:id": "993342",
        "name": "La Piazza",
        "opening_hours": "Mo-Sa 06:00-22:00; Su 08:00-22:00",
        "source": "Bing"
      },
      "geometry": {
        "type": "Polygon",
        "coordinates": [
          [
            [
              -1.4368352,
              53.3997986
            ],
            [
              -1.4367762,
              53.3997682
            ],
            [
              -1.4366153,
              53.3997778
            ],
            [
              -1.4364304,
              53.3997981
            ],
            [
              -1.4366624,
              53.3999329
            ],
            [
              -1.4367494,
              53.3998657
            ],
            [
              -1.4368352,
              53.3997986
            ]
          ]
        ]
      },
      "id": "way/110568397"
    },
    {
      "type": "Feature",
      "properties": {
        "@id": "way/113486294",
        "addr:city": "Sheffield",
        "addr:country": "GB",
        "addr:housenumber": "238",
        "addr:postcode": "S10 1TH",
        "addr:street": "Crookes",
        "amenity": "cafe",
        "building": "apartments",
        "building:levels": "2",
        "cuisine": "portuguese",
        "fhrs:id": "1401519",
        "name": "Lisboa",
        "outdoor_seating": "yes",
        "roof:levels": "1",
        "roof:shape": "gabled",
        "shop": "bakery",
        "source": "Bing",
        "website": "https://www.lisboapatisserie.co.uk/"
      },
      "geometry": {
        "type": "Polygon",
        "coordinates": [
          [
            [
              -1.5072667,
              53.3865974
            ],
            [
              -1.5072392,
              53.3866699
            ],
            [
              -1.5072312,
              53.3866951
            ],
            [
              -1.5072581,
              53.3866982
            ],
            [
              -1.5073653,
              53.3867055
            ],
            [
              -1.5073941,
              53.3866622
            ],
            [
              -1.507427,
              53.3866127
            ],
            [
              -1.5073045,
              53.386601
            ],
            [
              -1.5072667,
              53.3865974
            ]
          ]
        ]
      },
      "id": "way/113486294"
    },
    {
      "type": "Feature",
      "properties": {
        "@id": "way/114322401",
        "addr:city": "Bakewell",
        "addr:postcode": "DE45 1NL",
        "addr:village": "Monsal Head",
        "amenity": "cafe",
        "building": "yes",
        "fhrs:id": "1627124",
        "name": "Hobb's Cafe and Craft Centre",
        "source": "Bing;survey"
      },
      "geometry": {
        "type": "Polygon",
        "coordinates": [
          [
            [
              -1.724959,
              53.2405113
            ],
            [
              -1.7249374,
              53.240468
            ],
            [
              -1.7250634,
              53.2404327
            ],
            [
              -1.7250507,
              53.2404175
            ],
            [
              -1.725099,
              53.2403982
            ],
            [
              -1.7250768,
              53.2403746
            ],
            [
              -1.7248777,
              53.2404291
            ],
            [
              -1.7248918,
              53.24045
            ],
            [
              -1.7248685,
              53.2404547
            ],
            [
              -1.7248609,
              53.2404428
            ],
            [
              -1.7248361,
              53.2404476
            ],
            [
              -1.7248442,
              53.2404616
            ],
            [
              -1.724692,
              53.2404927
            ],
            [
              -1.7245972,
              53.2405096
            ],
            [
              -1.724617,
              53.2405494
            ],
            [
              -1.724689,
              53.2405365
            ],
            [
              -1.7246997,
              53.2405577
            ],
            [
              -1.724959,
              53.2405113
            ]
          ]
        ]
      },
      "id": "way/114322401"
    },
    {
      "type": "Feature",
      "properties": {
        "@id": "way/114424803",
        "addr:city": "Sheffield",
        "addr:postcode": "S10 3TE",
        "addr:street": "Brookhouse Hill",
        "amenity": "cafe",
        "building": "yes",
        "cuisine": "regional",
        "fhrs:id": "582975",
        "name": "Forge Dam Cafe",
        "ref:GB:uprn": "10013335081",
        "source": "Bing",
        "source:addr": "FHRS Open Data",
        "wifi": "no"
      },
      "geometry": {
        "type": "Polygon",
        "coordinates": [
          [
            [
              -1.5461162,
              53.3605527
            ],
            [
              -1.5459207,
              53.3605785
            ],
            [
              -1.5459286,
              53.3605998
            ],
            [
              -1.5458064,
              53.3606159
            ],
            [
              -1.5458284,
              53.3606751
            ],
            [
              -1.5460126,
              53.3606507
            ],
            [
              -1.5460041,
              53.360628
            ],
            [
              -1.5461376,
              53.3606103
            ],
            [
              -1.5461162,
              53.3605527
            ]
          ]
        ]
      },
      "id": "way/114424803"
    },
    {
      "type": "Feature",
      "properties": {
        "@id": "way/115559376",
        "addr:city": "Brighouse",
        "addr:country": "GB",
        "addr:housenumber": "31",
        "addr:postcode": "HD6 1AF",
        "addr:street": "Commercial Street",
        "amenity": "cafe",
        "building": "yes",
        "fhrs:id": "346947",
        "name": "Merrie England",
        "phone": "+44 1484 715767",
        "source": "survey",
        "source:details": "http://www.openstreetmap.org/browse/changeset/10255982",
        "website": "https://merrie-england.com/"
      },
      "geometry": {
        "type": "Polygon",
        "coordinates": [
          [
            [
              -1.7810203,
              53.7021678
            ],
            [
              -1.7809675,
              53.7020356
            ],
            [
              -1.7808822,
              53.7020476
            ],
            [
              -1.780935,
              53.7021797
            ],
            [
              -1.7810203,
              53.7021678
            ]
          ]
        ]
      },
      "id": "way/115559376"
    },
    {
      "type": "Feature",
      "properties": {
        "@id": "way/116307143",
        "addr:city": "Alfreton",
        "addr:housenumber": "3",
        "addr:postcode": "DE55 7BQ",
        "addr:street": "Institute Lane",
        "amenity": "cafe",
        "area": "yes",
        "fhrs:id": "594",
        "name": "Naughty But Nice",
        "source": "photographic_survey;Bing"
      },
      "geometry": {
        "type": "Polygon",
        "coordinates": [
          [
            [
              -1.3880588,
              53.0961484
            ],
            [
              -1.3880329,
              53.0959091
            ],
            [
              -1.3879393,
              53.0959117
            ],
            [
              -1.3879633,
              53.0961507
            ],
            [
              -1.3880076,
              53.0961496
            ],
            [
              -1.3880588,
              53.0961484
            ]
          ]
        ]
      },
      "id": "way/116307143"
    },
    {
      "type": "Feature",
      "properties": {
        "@id": "way/116320122",
        "addr:city": "Alfreton",
        "addr:housenumber": "69-71",
        "addr:postcode": "DE55 7DP",
        "addr:street": "High Street",
        "amenity": "cafe",
        "brand": "Costa",
        "brand:wikidata": "Q608845",
        "brand:wikipedia": "en:Costa Coffee",
        "building": "yes",
        "cuisine": "coffee_shop",
        "fhrs:id": "699250",
        "name": "Costa",
        "old_name": "Chiltern Mills",
        "opening_hours": "Mo-Sa 07:00-17:30; Su 08:00-16:30",
        "source": "survey",
        "takeaway": "yes",
        "wheelchair": "yes"
      },
      "geometry": {
        "type": "Polygon",
        "coordinates": [
          [
            [
              -1.3875018,
              53.0976387
            ],
            [
              -1.387564,
              53.0978619
            ],
            [
              -1.3875888,
              53.0979505
            ],
            [
              -1.387777,
              53.0979316
            ],
            [
              -1.3877275,
              53.0977543
            ],
            [
              -1.38769,
              53.0976197
            ],
            [
              -1.3875018,
              53.0976387
            ]
          ]
        ]
      },
      "id": "way/116320122"
    },
    {
      "type": "Feature",
      "properties": {
        "@id": "way/116320127",
        "addr:city": "Alfreton",
        "addr:housename": "The Lodge",
        "addr:postcode": "DE55 7BH",
        "addr:street": "Central Road",
        "amenity": "cafe",
        "building": "yes",
        "fhrs:id": "7489",
        "name": "Lotus Lounge",
        "source": "Bing;photographic_survey",
        "wheelchair": "yes"
      },
      "geometry": {
        "type": "Polygon",
        "coordinates": [
          [
            [
              -1.3864485,
              53.0973337
            ],
            [
              -1.386443,
              53.0972387
            ],
            [
              -1.386306,
              53.0972415
            ],
            [
              -1.3863116,
              53.0973366
            ],
            [
              -1.3864485,
              53.0973337
            ]
          ]
        ]
      },
      "id": "way/116320127"
    },
    {
      "type": "Feature",
      "properties": {
        "@id": "way/116338599",
        "addr:city": "Alfreton",
        "addr:housenumber": "68",
        "addr:postcode": "DE55 7BE",
        "addr:street": "High Street",
        "amenity": "cafe",
        "building": "retail",
        "fhrs:id": "575",
        "name": "Star Cafe",
        "wheelchair": "yes"
      },
      "geometry": {
        "type": "Polygon",
        "coordinates": [
          [
            [
              -1.3869663,
              53.0975331
            ],
            [
              -1.3870322,
              53.0975293
            ],
            [
              -1.3870003,
              53.097329
            ],
            [
              -1.3869781,
              53.0973303
            ],
            [
              -1.3869916,
              53.0974154
            ],
            [
              -1.386948,
              53.0974179
            ],
            [
              -1.3869663,
              53.0975331
            ]
          ]
        ]
      },
      "id": "way/116338599"
    },
    {
      "type": "Feature",
      "properties": {
        "@id": "way/117705020",
        "addr:city": "Sheffield",
        "addr:postcode": "S7 2QQ",
        "addr:street": "Abbeydale Road South",
        "amenity": "cafe",
        "building": "retail",
        "cuisine": "breakfast;coffee_shop;ice_cream",
        "fhrs:id": "435710",
        "ice_cream": "yes",
        "internet_access": "yes",
        "internet_access:fee": "no",
        "name": "Millhouses Park Cafe",
        "outdoor_seating": "yes",
        "payment:cards": "only",
        "ref:GB:uprn": "100052109907",
        "source": "Bing",
        "source:addr": "fhrs opendata"
      },
      "geometry": {
        "type": "Polygon",
        "coordinates": [
          [
            [
              -1.5020978,
              53.3418632
            ],
            [
              -1.5022761,
              53.3416956
            ],
            [
              -1.5021497,
              53.3416476
            ],
            [
              -1.5020032,
              53.341801
            ],
            [
              -1.5019858,
              53.3418235
            ],
            [
              -1.5020978,
              53.3418632
            ]
          ]
        ]
      },
      "id": "way/117705020"
    },
    {
      "type": "Feature",
      "properties": {
        "@id": "way/117981185",
        "addr:city": "Sheffield",
        "addr:housename": "Stone Masons Yard",
        "addr:postcode": "S9 1FT",
        "addr:street": "Weedon Street",
        "amenity": "cafe",
        "building": "yes",
        "building:levels": "2",
        "description": "Coffee shop with crafts and antiques",
        "fhrs:id": "1559214",
        "name": "Rag n Bone",
        "shop": "antiques"
      },
      "geometry": {
        "type": "Polygon",
        "coordinates": [
          [
            [
              -1.4203832,
              53.4100447
            ],
            [
              -1.4201771,
              53.4100911
            ],
            [
              -1.420206,
              53.4101368
            ],
            [
              -1.4204121,
              53.4100904
            ],
            [
              -1.4203832,
              53.4100447
            ]
          ]
        ]
      },
      "id": "way/117981185"
    },
    {
      "type": "Feature",
      "properties": {
        "@id": "way/117990928",
        "addr:city": "Buxton",
        "addr:postcode": "SK17 9TB",
        "addr:street": "Bakewell Road",
        "amenity": "cafe",
        "brand": "Morrisons",
        "brand:wikidata": "Q922344",
        "cuisine": "coffee_shop",
        "name": "Morrisons Cafe",
        "takeaway": "yes",
        "wheelchair": "yes"
      },
      "geometry": {
        "type": "Polygon",
        "coordinates": [
          [
            [
              -1.903149,
              53.2537427
            ],
            [
              -1.9032476,
              53.2537673
            ],
            [
              -1.9033494,
              53.253621
            ],
            [
              -1.9032508,
              53.2535965
            ],
            [
              -1.903149,
              53.2537427
            ]
          ]
        ]
      },
      "id": "way/117990928"
    },
    {
      "type": "Feature",
      "properties": {
        "@id": "way/118035636",
        "amenity": "cafe",
        "building": "yes",
        "gluten_free": "yes",
        "name": "Peak View Cafe",
        "old_name": "Stonyway Bar",
        "source": "survey",
        "source:building": "Bing"
      },
      "geometry": {
        "type": "Polygon",
        "coordinates": [
          [
            [
              -2.0050388,
              53.2500847
            ],
            [
              -2.0049287,
              53.2500482
            ],
            [
              -2.0048945,
              53.2500369
            ],
            [
              -2.0047878,
              53.250152
            ],
            [
              -2.0049854,
              53.2502176
            ],
            [
              -2.0049979,
              53.2502041
            ],
            [
              -2.0050267,
              53.2502137
            ],
            [
              -2.0050728,
              53.250164
            ],
            [
              -2.0049906,
              53.2501367
            ],
            [
              -2.0050388,
              53.2500847
            ]
          ]
        ]
      },
      "id": "way/118035636"
    },
    {
      "type": "Feature",
      "properties": {
        "@id": "way/118075405",
        "addr:city": "Sheffield",
        "addr:housenumber": "26",
        "addr:postcode": "S8 0EX",
        "addr:street": "Hutcliffe Wood Road",
        "amenity": "cafe",
        "building": "yes",
        "fhrs:id": "436737",
        "name": "Handsome Hare",
        "shop": "hairdresser",
        "source": "Bing"
      },
      "geometry": {
        "type": "Polygon",
        "coordinates": [
          [
            [
              -1.4935714,
              53.3373466
            ],
            [
              -1.493714,
              53.3373123
            ],
            [
              -1.4936715,
              53.3372493
            ],
            [
              -1.4935289,
              53.3372836
            ],
            [
              -1.4935714,
              53.3373466
            ]
          ]
        ]
      },
      "id": "way/118075405"
    },
    {
      "type": "Feature",
      "properties": {
        "@id": "way/119255820",
        "addr:city": "Sheffield",
        "addr:postcode": "S6 5FE",
        "addr:street": "Rivelin Valley Road",
        "amenity": "cafe",
        "building": "retail",
        "fhrs:id": "436423",
        "name": "Rivelin Park Cafe",
        "opening_hours": "Mo-Su 10:00-17:00",
        "ref:GB:uprn": "10013335107",
        "source": "Bing",
        "source:addr": "FHRS Open Data"
      },
      "geometry": {
        "type": "Polygon",
        "coordinates": [
          [
            [
              -1.5184391,
              53.3912768
            ],
            [
              -1.5184107,
              53.3911455
            ],
            [
              -1.5183,
              53.391154
            ],
            [
              -1.5183083,
              53.3911923
            ],
            [
              -1.5183232,
              53.3912611
            ],
            [
              -1.5183284,
              53.3912853
            ],
            [
              -1.5184391,
              53.3912768
            ]
          ]
        ]
      },
      "id": "way/119255820"
    },
    {
      "type": "Feature",
      "properties": {
        "@id": "way/121659928",
        "addr:city": "Sheffield",
        "addr:country": "GB",
        "addr:housenumber": "907",
        "addr:postcode": "S6 2DD",
        "addr:street": "Penistone Road",
        "addr:suburb": "Owlerton",
        "amenity": "cafe",
        "building": "yes",
        "cuisine": "sandwich",
        "fhrs:id": "435396",
        "name": "Lily’s",
        "opening_hours": "Mo-Fr 06:00-14:00; Sa 06:00-13:30",
        "source": "Bing",
        "takeaway": "yes"
      },
      "geometry": {
        "type": "Polygon",
        "coordinates": [
          [
            [
              -1.4971206,
              53.4066624
            ],
            [
              -1.4970645,
              53.4064618
            ],
            [
              -1.4968867,
              53.4064795
            ],
            [
              -1.4969427,
              53.4066801
            ],
            [
              -1.4971206,
              53.4066624
            ]
          ]
        ]
      },
      "id": "way/121659928"
    },
    {
      "type": "Feature",
      "properties": {
        "@id": "way/123826538",
        "addr:city": "Sheffield",
        "addr:housename": "Parkway Retail Park",
        "addr:postcode": "S2 5AU",
        "addr:street": "Cricket Inn Road",
        "addr:unit": "4",
        "amenity": "cafe",
        "brand": "Starbucks",
        "brand:wikidata": "Q37158",
        "building": "yes",
        "building:levels": "4",
        "cuisine": "coffee_shop",
        "drive_through": "yes",
        "fhrs:id": "1592351",
        "name": "Starbucks",
        "official_name": "Starbucks Coffee",
        "source": "OS OpenData StreetView",
        "takeaway": "yes",
        "website": "https://www.starbucks.com/store-locator/store/1045086/sheffield-parkway-central-reta-cricket-inn-road-sheffield-eng-s-2-5-au-gb"
      },
      "geometry": {
        "type": "Polygon",
        "coordinates": [
          [
            [
              -1.4432923,
              53.3840759
            ],
            [
              -1.4432931,
              53.3839988
            ],
            [
              -1.4432934,
              53.3839688
            ],
            [
              -1.4430252,
              53.3839678
            ],
            [
              -1.4430235,
              53.384026
            ],
            [
              -1.4430226,
              53.384074
            ],
            [
              -1.4432923,
              53.3840759
            ]
          ]
        ]
      },
      "id": "way/123826538"
    },
    {
      "type": "Feature",
      "properties": {
        "@id": "way/123873505",
        "amenity": "cafe",
        "building": "retail",
        "name": "The Penny Pot",
        "outdoor_seating": "yes",
        "website": "https://pennypotcafe.com/"
      },
      "geometry": {
        "type": "Polygon",
        "coordinates": [
          [
            [
              -1.8163121,
              53.3648596
            ],
            [
              -1.8165171,
              53.3648077
            ],
            [
              -1.8164683,
              53.3647391
            ],
            [
              -1.8162633,
              53.3647909
            ],
            [
              -1.8163121,
              53.3648596
            ]
          ]
        ]
      },
      "id": "way/123873505"
    },
    {
      "type": "Feature",
      "properties": {
        "@id": "way/129961944",
        "amenity": "cafe",
        "building": "yes",
        "name": "The Depot Bakery",
        "opening_hours": "Mo-Su 09:00-16:00",
        "outdoor_seating": "yes"
      },
      "geometry": {
        "type": "Polygon",
        "coordinates": [
          [
            [
              -1.5030675,
              53.4073173
            ],
            [
              -1.5030805,
              53.4073141
            ],
            [
              -1.5031211,
              53.4073687
            ],
            [
              -1.5032355,
              53.4073377
            ],
            [
              -1.503197,
              53.407284
            ],
            [
              -1.5030845,
              53.4071479
            ],
            [
              -1.5030343,
              53.4070884
            ],
            [
              -1.5029749,
              53.4071076
            ],
            [
              -1.5029827,
              53.407117
            ],
            [
              -1.5030226,
              53.4071653
            ],
            [
              -1.5029547,
              53.4071861
            ],
            [
              -1.5030261,
              53.4072691
            ],
            [
              -1.5030675,
              53.4073173
            ]
          ]
        ]
      },
      "id": "way/129961944"
    },
    {
      "type": "Feature",
      "properties": {
        "@id": "way/130746692",
        "amenity": "cafe",
        "building": "yes",
        "cuisine": "sandwich",
        "name": "La Munch"
      },
      "geometry": {
        "type": "Polygon",
        "coordinates": [
          [
            [
              -2.3269153,
              53.4255971
            ],
            [
              -2.3269458,
              53.4255699
            ],
            [
              -2.326884,
              53.4255453
            ],
            [
              -2.3268535,
              53.4255725
            ],
            [
              -2.3269153,
              53.4255971
            ]
          ]
        ]
      },
      "id": "way/130746692"
    },
    {
      "type": "Feature",
      "properties": {
        "@id": "way/131973526",
        "addr:city": "Sheffield",
        "addr:housenumber": "989",
        "addr:postcode": "S7 2QD",
        "addr:street": "Abbeydale Road",
        "amenity": "cafe",
        "building": "yes",
        "fhrs:id": "1093015",
        "name": "The Brook",
        "source": "Bing;survey",
        "source:addr": "FHRS Open Data"
      },
      "geometry": {
        "type": "Polygon",
        "coordinates": [
          [
            [
              -1.4961885,
              53.3461571
            ],
            [
              -1.4962892,
              53.346196
            ],
            [
              -1.4963582,
              53.3461328
            ],
            [
              -1.4962568,
              53.3460934
            ],
            [
              -1.496163,
              53.346057
            ],
            [
              -1.4961135,
              53.3461024
            ],
            [
              -1.4962081,
              53.3461391
            ],
            [
              -1.4961885,
              53.3461571
            ]
          ]
        ]
      },
      "id": "way/131973526"
    },
    {
      "type": "Feature",
      "properties": {
        "@id": "way/132977010",
        "addr:city": "Sheffield",
        "addr:country": "GB",
        "addr:housenumber": "7",
        "addr:postcode": "S5 8BA",
        "addr:street": "Southey Hill",
        "amenity": "cafe",
        "building": "yes",
        "fhrs:id": "1280605",
        "name": "Cafe Express",
        "outdoor_seating": "yes",
        "source": "Bing"
      },
      "geometry": {
        "type": "Polygon",
        "coordinates": [
          [
            [
              -1.4807702,
              53.4189257
            ],
            [
              -1.4807556,
              53.418992
            ],
            [
              -1.4809624,
              53.4190076
            ],
            [
              -1.4809597,
              53.419022
            ],
            [
              -1.4810507,
              53.4190279
            ],
            [
              -1.4810533,
              53.4190137
            ],
            [
              -1.4812305,
              53.4190254
            ],
            [
              -1.4812427,
              53.4189591
            ],
            [
              -1.4809873,
              53.4189423
            ],
            [
              -1.4809806,
              53.4189785
            ],
            [
              -1.4809279,
              53.4189751
            ],
            [
              -1.4809312,
              53.4189572
            ],
            [
              -1.4808807,
              53.4189539
            ],
            [
              -1.4808846,
              53.4189324
            ],
            [
              -1.4807702,
              53.4189257
            ]
          ]
        ]
      },
      "id": "way/132977010"
    },
    {
      "type": "Feature",
      "properties": {
        "@id": "way/132977015",
        "addr:city": "Sheffield",
        "addr:country": "GB",
        "addr:housenumber": "250",
        "addr:postcode": "S5 7QA",
        "addr:street": "Southey Green Road",
        "amenity": "cafe",
        "building": "yes",
        "fhrs:id": "1409533",
        "name": "Bean n Gone",
        "source": "Bing"
      },
      "geometry": {
        "type": "Polygon",
        "coordinates": [
          [
            [
              -1.4800046,
              53.4183393
            ],
            [
              -1.4801212,
              53.4183225
            ],
            [
              -1.4800916,
              53.418249
            ],
            [
              -1.4799749,
              53.4182657
            ],
            [
              -1.4800046,
              53.4183393
            ]
          ]
        ]
      },
      "id": "way/132977015"
    },
    {
      "type": "Feature",
      "properties": {
        "@id": "way/134374543",
        "amenity": "cafe",
        "building": "yes"
      },
      "geometry": {
        "type": "Polygon",
        "coordinates": [
          [
            [
              -1.4752904,
              53.4715853
            ],
            [
              -1.4753464,
              53.4715477
            ],
            [
              -1.4755465,
              53.4714135
            ],
            [
              -1.4753732,
              53.4713219
            ],
            [
              -1.4751779,
              53.4714528
            ],
            [
              -1.4752275,
              53.471479
            ],
            [
              -1.4751666,
              53.4715199
            ],
            [
              -1.4752904,
              53.4715853
            ]
          ]
        ]
      },
      "id": "way/134374543"
    },
    {
      "type": "Feature",
      "properties": {
        "@id": "way/134378926",
        "addr:city": "Sheffield",
        "addr:postcode": "S1 2BP",
        "addr:street": "Sheaf Street",
        "amenity": "cafe",
        "building": "yes",
        "cuisine": "coffee_shop",
        "fhrs:id": "436232",
        "name": "Café Local",
        "opening_hours": "Mo-Sa 06:00-20:00; Su 08:00-19:00"
      },
      "geometry": {
        "type": "Polygon",
        "coordinates": [
          [
            [
              -1.4621222,
              53.3779456
            ],
            [
              -1.4621068,
              53.3780686
            ],
            [
              -1.4621186,
              53.3780694
            ],
            [
              -1.462149,
              53.3780713
            ],
            [
              -1.4622205,
              53.3780737
            ],
            [
              -1.4622364,
              53.3780744
            ],
            [
              -1.4622517,
              53.3779514
            ],
            [
              -1.4621867,
              53.3779485
            ],
            [
              -1.4621222,
              53.3779456
            ]
          ]
        ]
      },
      "id": "way/134378926"
    },
    {
      "type": "Feature",
      "properties": {
        "@id": "way/135634556",
        "amenity": "cafe",
        "building": "yes",
        "name": "Pool Cafe"
      },
      "geometry": {
        "type": "Polygon",
        "coordinates": [
          [
            [
              -1.6529887,
              53.328878
            ],
            [
              -1.6530594,
              53.328895
            ],
            [
              -1.6531926,
              53.3286869
            ],
            [
              -1.6531236,
              53.3286726
            ],
            [
              -1.6529887,
              53.328878
            ]
          ]
        ]
      },
      "id": "way/135634556"
    },
    {
      "type": "Feature",
      "properties": {
        "@id": "way/136890507",
        "addr:city": "Sheffield",
        "addr:housenumber": "840a",
        "addr:postcode": "S5 0QG",
        "addr:street": "Barnsley Road",
        "amenity": "cafe",
        "building": "yes",
        "fhrs:id": "1730680",
        "name": "Nikki's",
        "ref:GB:uprn": "10013162493",
        "source": "Bing"
      },
      "geometry": {
        "type": "Polygon",
        "coordinates": [
          [
            [
              -1.4548779,
              53.4231247
            ],
            [
              -1.4550304,
              53.4230697
            ],
            [
              -1.4549873,
              53.4230272
            ],
            [
              -1.4548348,
              53.4230822
            ],
            [
              -1.4548779,
              53.4231247
            ]
          ]
        ]
      },
      "id": "way/136890507"
    },
    {
      "type": "Feature",
      "properties": {
        "@id": "way/137002084",
        "addr:city": "Stockport",
        "addr:country": "GB",
        "addr:housename": "Peel Centre",
        "addr:housenumber": "Unit 10",
        "addr:postcode": "SK1 2HH",
        "addr:street": "Great Portwood Street",
        "addr:unit": "10",
        "amenity": "cafe",
        "brand": "Tim Hortons",
        "brand:wikidata": "Q175106",
        "building": "yes",
        "check_date": "2023-09-17",
        "cuisine": "coffee_shop",
        "drive_through": "yes",
        "height": "4",
        "name": "Tim Hortons",
        "outdoor_seating": "no",
        "takeaway": "yes"
      },
      "geometry": {
        "type": "Polygon",
        "coordinates": [
          [
            [
              -2.1519146,
              53.4142665
            ],
            [
              -2.1518072,
              53.4141659
            ],
            [
              -2.1514747,
              53.4142919
            ],
            [
              -2.1515821,
              53.4143926
            ],
            [
              -2.1519146,
              53.4142665
            ]
          ]
        ]
      },
      "id": "way/137002084"
    },
    {
      "type": "Feature",
      "properties": {
        "@id": "way/137519104",
        "amenity": "cafe",
        "building": "retail",
        "name": "Hagglers Corner"
      },
      "geometry": {
        "type": "Polygon",
        "coordinates": [
          [
            [
              -1.4713662,
              53.3647093
            ],
            [
              -1.4714773,
              53.3646327
            ],
            [
              -1.471643,
              53.3647183
            ],
            [
              -1.4715103,
              53.364779
            ],
            [
              -1.4715661,
              53.3648265
            ],
            [
              -1.4717668,
              53.364736
            ],
            [
              -1.4716955,
              53.3646821
            ],
            [
              -1.471429,
              53.3645445
            ],
            [
              -1.4712655,
              53.3646573
            ],
            [
              -1.4713662,
              53.3647093
            ]
          ]
        ]
      },
      "id": "way/137519104"
    },
    {
      "type": "Feature",
      "properties": {
        "@id": "way/137971315",
        "addr:city": "Sheffield",
        "addr:housenumber": "304-306",
        "addr:postcode": "S17 4QH",
        "addr:street": "Twentywell Lane",
        "addr:unit": "5",
        "amenity": "cafe",
        "building": "yes",
        "cuisine": "coffee_shop",
        "fhrs:id": "862463",
        "name": "Tillys",
        "ref:GB:uprn": "100052087700"
      },
      "geometry": {
        "type": "Polygon",
        "coordinates": [
          [
            [
              -1.5047587,
              53.3183865
            ],
            [
              -1.5049794,
              53.3183008
            ],
            [
              -1.504946,
              53.3182701
            ],
            [
              -1.5047253,
              53.3183559
            ],
            [
              -1.5047587,
              53.3183865
            ]
          ]
        ]
      },
      "id": "way/137971315"
    },
    {
      "type": "Feature",
      "properties": {
        "@id": "way/140464271",
        "amenity": "cafe"
      },
      "geometry": {
        "type": "Polygon",
        "coordinates": [
          [
            [
              -1.792641,
              53.6482214
            ],
            [
              -1.7927119,
              53.6481685
            ],
            [
              -1.7927434,
              53.6481833
            ],
            [
              -1.7928199,
              53.6481263
            ],
            [
              -1.792789,
              53.6481117
            ],
            [
              -1.7928655,
              53.6480546
            ],
            [
              -1.7927787,
              53.6480137
            ],
            [
              -1.792823,
              53.6479807
            ],
            [
              -1.7927689,
              53.6479552
            ],
            [
              -1.7927845,
              53.6479436
            ],
            [
              -1.7927079,
              53.6479074
            ],
            [
              -1.792679,
              53.6479289
            ],
            [
              -1.7926039,
              53.6478935
            ],
            [
              -1.7924192,
              53.648031
            ],
            [
              -1.7923724,
              53.6480659
            ],
            [
              -1.7924812,
              53.6481172
            ],
            [
              -1.7924574,
              53.6481349
            ],
            [
              -1.792641,
              53.6482214
            ]
          ]
        ]
      },
      "id": "way/140464271"
    },
    {
      "type": "Feature",
      "properties": {
        "@id": "way/144594347",
        "amenity": "cafe",
        "building": "yes",
        "name": "Coco's"
      },
      "geometry": {
        "type": "Polygon",
        "coordinates": [
          [
            [
              -2.1900962,
              53.3771862
            ],
            [
              -2.1899392,
              53.3772365
            ],
            [
              -2.1899752,
              53.3772764
            ],
            [
              -2.1901321,
              53.3772261
            ],
            [
              -2.1900962,
              53.3771862
            ]
          ]
        ]
      },
      "id": "way/144594347"
    },
    {
      "type": "Feature",
      "properties": {
        "@id": "way/146935855",
        "addr:city": "Mirfield",
        "addr:postcode": "WF14 0BY",
        "addr:street": "Leeds Road",
        "amenity": "cafe",
        "brand": "Starbucks",
        "brand:wikidata": "Q37158",
        "brand:wikipedia": "en:Starbucks",
        "building": "yes",
        "cuisine": "coffee_shop",
        "fhrs:id": "1673365",
        "name": "Starbucks",
        "official_name": "Starbucks Coffee",
        "source": "Bing;",
        "source:addr": "FHRS Open Data",
        "takeaway": "yes",
        "website": "https://www.starbucks.com/store-locator/store/1006098/mirfield-a-62-leeds-road-mirfield-west-yorkshire-mirfield-eng-wf-14-0-by-gb"
      },
      "geometry": {
        "type": "Polygon",
        "coordinates": [
          [
            [
              -1.7240585,
              53.6863622
            ],
            [
              -1.7240234,
              53.6862487
            ],
            [
              -1.7237764,
              53.6862755
            ],
            [
              -1.7238114,
              53.686389
            ],
            [
              -1.7240585,
              53.6863622
            ]
          ]
        ]
      },
      "id": "way/146935855"
    },
    {
      "type": "Feature",
      "properties": {
        "@id": "way/146988084",
        "addr:city": "Bingley",
        "addr:postcode": "BD16 1BL",
        "addr:street": "Harden Lane",
        "addr:village": "Wilsden",
        "amenity": "cafe",
        "building": "commercial",
        "fhrs:id": "327910",
        "name": "Hatties Restaurant",
        "source": "Bing;local_knowledge"
      },
      "geometry": {
        "type": "Polygon",
        "coordinates": [
          [
            [
              -1.8678489,
              53.8343589
            ],
            [
              -1.8678458,
              53.8341171
            ],
            [
              -1.8676994,
              53.8341177
            ],
            [
              -1.8677029,
              53.8343597
            ],
            [
              -1.8678489,
              53.8343589
            ]
          ]
        ]
      },
      "id": "way/146988084"
    },
    {
      "type": "Feature",
      "properties": {
        "@id": "way/147094747",
        "amenity": "cafe",
        "building": "yes"
      },
      "geometry": {
        "type": "Polygon",
        "coordinates": [
          [
            [
              -1.5199183,
              53.8068647
            ],
            [
              -1.5200304,
              53.8067774
            ],
            [
              -1.5198718,
              53.8067064
            ],
            [
              -1.5197597,
              53.8067936
            ],
            [
              -1.5199183,
              53.8068647
            ]
          ]
        ]
      },
      "id": "way/147094747"
    },
    {
      "type": "Feature",
      "properties": {
        "@id": "way/148376472",
        "amenity": "cafe",
        "building": "yes",
        "source": "Bing"
      },
      "geometry": {
        "type": "Polygon",
        "coordinates": [
          [
            [
              -1.9244621,
              53.0611348
            ],
            [
              -1.9244746,
              53.0610966
            ],
            [
              -1.9245004,
              53.0610987
            ],
            [
              -1.9245119,
              53.0610533
            ],
            [
              -1.9243097,
              53.0610309
            ],
            [
              -1.9242959,
              53.0610772
            ],
            [
              -1.9242864,
              53.0610788
            ],
            [
              -1.9242767,
              53.0611174
            ],
            [
              -1.9244621,
              53.0611348
            ]
          ]
        ]
      },
      "id": "way/148376472"
    },
    {
      "type": "Feature",
      "properties": {
        "@id": "way/148510962",
        "addr:city": "Batley",
        "addr:postcode": "WF17 9LG",
        "addr:street": "Nutter Lane",
        "amenity": "cafe",
        "building": "yes",
        "name": "Countryside cafe and icecream",
        "ref:GB:uprn": "83242145"
      },
      "geometry": {
        "type": "Polygon",
        "coordinates": [
          [
            [
              -1.6782329,
              53.737936
            ],
            [
              -1.6782879,
              53.7380072
            ],
            [
              -1.6784047,
              53.7379757
            ],
            [
              -1.6783497,
              53.7379044
            ],
            [
              -1.6782329,
              53.737936
            ]
          ]
        ]
      },
      "id": "way/148510962"
    },
    {
      "type": "Feature",
      "properties": {
        "@id": "way/149638330",
        "addr:city": "Brighouse",
        "addr:country": "GB",
        "addr:housenumber": "11",
        "addr:postcode": "HD6 1EJ",
        "addr:street": "Owler Ings Road",
        "amenity": "cafe",
        "bar": "yes",
        "building": "yes",
        "cuisine": "coffee_shop;sandwich;brunch;cake",
        "fhrs:id": "1547192",
        "name": "Mamil Cafe Bar Brighouse",
        "opening_hours": "Mo-Th 09:30-18:00; Fr-Sa 09:30-22:00; Su 10:00-20:00",
        "outdoor_seating": "yes",
        "phone": "+44 1484 794605",
        "website": "https://www.mamilcafebar.com/",
        "website:menu": "https://www.mamilcafebar.com/_files/ugd/6e2ad7_11cf9d61802b4267af44bfa8e40cd8af.pdf"
      },
      "geometry": {
        "type": "Polygon",
        "coordinates": [
          [
            [
              -1.7828831,
              53.7009962
            ],
            [
              -1.7829421,
              53.7009949
            ],
            [
              -1.7829482,
              53.7010236
            ],
            [
              -1.7831453,
              53.7010571
            ],
            [
              -1.7831125,
              53.7007709
            ],
            [
              -1.7829319,
              53.7007937
            ],
            [
              -1.7828776,
              53.7007957
            ],
            [
              -1.7828831,
              53.7009962
            ]
          ]
        ]
      },
      "id": "way/149638330"
    },
    {
      "type": "Feature",
      "properties": {
        "@id": "way/150004143",
        "addr:city": "Castleford",
        "addr:postcode": "WF10 5QH",
        "addr:street": "California Drive",
        "addr:suburb": "Whitwood",
        "amenity": "cafe",
        "building": "yes",
        "fhrs:id": "760962",
        "name": "Whitwood Cafe"
      },
      "geometry": {
        "type": "Polygon",
        "coordinates": [
          [
            [
              -1.4000549,
              53.7130187
            ],
            [
              -1.3998175,
              53.7128565
            ],
            [
              -1.3998514,
              53.7128389
            ],
            [
              -1.3998061,
              53.7128082
            ],
            [
              -1.3997724,
              53.7128257
            ],
            [
              -1.3997126,
              53.7127848
            ],
            [
              -1.3995728,
              53.7128571
            ],
            [
              -1.3996429,
              53.712905
            ],
            [
              -1.3996049,
              53.7129246
            ],
            [
              -1.3996719,
              53.71297
            ],
            [
              -1.3997095,
              53.7129505
            ],
            [
              -1.3998887,
              53.7130729
            ],
            [
              -1.3999129,
              53.7130603
            ],
            [
              -1.3999396,
              53.7130784
            ],
            [
              -1.4000549,
              53.7130187
            ]
          ]
        ]
      },
      "id": "way/150004143"
    },
    {
      "type": "Feature",
      "properties": {
        "@id": "way/151290706",
        "addr:city": "Matlock",
        "addr:postcode": "DE4 5DP",
        "addr:village": "Crich",
        "amenity": "cafe",
        "building": "yes",
        "level": "0",
        "name": "Rita's Tearoom"
      },
      "geometry": {
        "type": "Polygon",
        "coordinates": [
          [
            [
              -1.4857533,
              53.0902892
            ],
            [
              -1.4859383,
              53.0902237
            ],
            [
              -1.4858441,
              53.0901277
            ],
            [
              -1.4857012,
              53.0901782
            ],
            [
              -1.4857425,
              53.0902203
            ],
            [
              -1.4857003,
              53.0902352
            ],
            [
              -1.4857533,
              53.0902892
            ]
          ]
        ]
      },
      "id": "way/151290706"
    },
    {
      "type": "Feature",
      "properties": {
        "@id": "way/151292658",
        "addr:city": "Matlock",
        "addr:postcode": "DE4 5DP",
        "addr:village": "Crich",
        "amenity": "cafe",
        "building": "yes"
      },
      "geometry": {
        "type": "Polygon",
        "coordinates": [
          [
            [
              -1.4860752,
              53.0931001
            ],
            [
              -1.4861556,
              53.0930607
            ],
            [
              -1.4860917,
              53.0930136
            ],
            [
              -1.4860112,
              53.093053
            ],
            [
              -1.4860752,
              53.0931001
            ]
          ]
        ]
      },
      "id": "way/151292658"
    },
    {
      "type": "Feature",
      "properties": {
        "@id": "way/152198639",
        "addr:city": "Hope Valley",
        "addr:postcode": "S32 2JA",
        "addr:street": "Station Approach",
        "addr:suburb": "Grindleford",
        "amenity": "cafe",
        "building": "public",
        "fhrs:id": "1627041",
        "name": "Grindleford Station Cafe",
        "source": "Bing Trace, Local Knowledge",
        "source:wifi": "node 1650339784",
        "wifi": "no"
      },
      "geometry": {
        "type": "Polygon",
        "coordinates": [
          [
            [
              -1.6244515,
              53.3052435
            ],
            [
              -1.6243798,
              53.3052392
            ],
            [
              -1.6243856,
              53.3052043
            ],
            [
              -1.6242415,
              53.3051958
            ],
            [
              -1.6242323,
              53.3052513
            ],
            [
              -1.6241718,
              53.3052477
            ],
            [
              -1.6241537,
              53.3053568
            ],
            [
              -1.6241401,
              53.3054395
            ],
            [
              -1.6242005,
              53.3054431
            ],
            [
              -1.6242121,
              53.3053732
            ],
            [
              -1.6243435,
              53.305381
            ],
            [
              -1.624346,
              53.3053656
            ],
            [
              -1.6244305,
              53.3053706
            ],
            [
              -1.6244515,
              53.3052435
            ]
          ]
        ]
      },
      "id": "way/152198639"
    },
    {
      "type": "Feature",
      "properties": {
        "@id": "way/152336089",
        "addr:city": "Leeds",
        "addr:housenumber": "137",
        "addr:postcode": "LS5 3LF",
        "addr:street": "Kirkstall Lane",
        "addr:suburb": "Kirkstall",
        "amenity": "cafe",
        "building": "retail",
        "fhrs:id": "1909587",
        "name": "Station Diner",
        "old_name": "Fayre by Alley",
        "ref:GB:uprn": "72112385"
      },
      "geometry": {
        "type": "Polygon",
        "coordinates": [
          [
            [
              -1.5925899,
              53.8168946
            ],
            [
              -1.5925226,
              53.8168924
            ],
            [
              -1.592517,
              53.816959
            ],
            [
              -1.5925837,
              53.8169612
            ],
            [
              -1.5925899,
              53.8168946
            ]
          ]
        ]
      },
      "id": "way/152336089"
    },
    {
      "type": "Feature",
      "properties": {
        "@id": "way/155642957",
        "amenity": "cafe",
        "building": "yes"
      },
      "geometry": {
        "type": "Polygon",
        "coordinates": [
          [
            [
              -1.736504,
              53.0655443
            ],
            [
              -1.7364586,
              53.0654939
            ],
            [
              -1.7363872,
              53.0655171
            ],
            [
              -1.7364326,
              53.0655674
            ],
            [
              -1.736504,
              53.0655443
            ]
          ]
        ]
      },
      "id": "way/155642957"
    },
    {
      "type": "Feature",
      "properties": {
        "@id": "way/158416009",
        "amenity": "cafe",
        "building": "yes",
        "name": "The Hollow Dining Rooms",
        "phone": "+44 1629 640746"
      },
      "geometry": {
        "type": "Polygon",
        "coordinates": [
          [
            [
              -1.7155472,
              53.2423833
            ],
            [
              -1.7154906,
              53.242328
            ],
            [
              -1.7154552,
              53.2422935
            ],
            [
              -1.7153208,
              53.2423428
            ],
            [
              -1.7153014,
              53.2423238
            ],
            [
              -1.7151842,
              53.2423668
            ],
            [
              -1.715236,
              53.2424173
            ],
            [
              -1.715321,
              53.2423861
            ],
            [
              -1.7153806,
              53.2424444
            ],
            [
              -1.7155472,
              53.2423833
            ]
          ]
        ]
      },
      "id": "way/158416009"
    },
    {
      "type": "Feature",
      "properties": {
        "@id": "way/160136448",
        "addr:city": "Sheffield",
        "addr:country": "GB",
        "addr:postcode": "S36 9PA",
        "addr:street": "Whitley Road",
        "addr:village": "Millhouse Green",
        "amenity": "cafe",
        "building": "yes",
        "name": "Windmill Cafe",
        "opening_hours": "Mo-Tu 09:00-17:00; Th-Sa 09:00-17:00; Su 10:00-16:00",
        "outdoor_seating": "yes",
        "phone": "+44 1226 765599",
        "source": "Bing;survey"
      },
      "geometry": {
        "type": "Polygon",
        "coordinates": [
          [
            [
              -1.6811121,
              53.5348122
            ],
            [
              -1.6809329,
              53.5347257
            ],
            [
              -1.6808355,
              53.534797
            ],
            [
              -1.6810147,
              53.5348835
            ],
            [
              -1.6811121,
              53.5348122
            ]
          ]
        ]
      },
      "id": "way/160136448"
    },
    {
      "type": "Feature",
      "properties": {
        "@id": "way/160282628",
        "addr:city": "Matlock",
        "addr:housenumber": "25",
        "addr:postcode": "DE4 4ET",
        "addr:street": "Market Place",
        "addr:town": "Wirksworth",
        "amenity": "cafe",
        "building": "yes",
        "fhrs:id": "1626605",
        "name": "Sizzling Pig",
        "old_name": "Manna",
        "ref:GB:uprn": "10070108244;10070075639",
        "takeaway": "yes",
        "wikidata": "Q26405595"
      },
      "geometry": {
        "type": "Polygon",
        "coordinates": [
          [
            [
              -1.5735624,
              53.082111
            ],
            [
              -1.5733694,
              53.0821236
            ],
            [
              -1.5733958,
              53.0821573
            ],
            [
              -1.5735624,
              53.0821456
            ],
            [
              -1.5735624,
              53.082111
            ]
          ]
        ]
      },
      "id": "way/160282628"
    },
    {
      "type": "Feature",
      "properties": {
        "@id": "way/162234881",
        "addr:city": "Sheffield",
        "addr:housenumber": "1",
        "addr:postcode": "S2 3PF",
        "addr:street": "Madehurst Road",
        "amenity": "cafe",
        "building": "yes",
        "fhrs:id": "1872344",
        "name": "Cup & Crumb",
        "source": "Bing"
      },
      "geometry": {
        "type": "Polygon",
        "coordinates": [
          [
            [
              -1.4613419,
              53.3637227
            ],
            [
              -1.4612543,
              53.363664
            ],
            [
              -1.4611751,
              53.3637106
            ],
            [
              -1.4612661,
              53.3637656
            ],
            [
              -1.4613419,
              53.3637227
            ]
          ]
        ]
      },
      "id": "way/162234881"
    },
    {
      "type": "Feature",
      "properties": {
        "@id": "way/164246822",
        "addr:city": "Matlock",
        "addr:county": "Derbyshire",
        "addr:housename": "Cromford Mill",
        "addr:postcode": "DE4 3RQ",
        "addr:street": "Mill Road",
        "addr:village": "Cromford",
        "amenity": "cafe",
        "building": "yes",
        "cuisine": "coffee_shop",
        "name": "Wheatcroft's Wharf",
        "phone": "+44 1629823256",
        "source": "Bing",
        "source:addr": "FHRS Open Data",
        "toilets:wheelchair": "no",
        "wheelchair": "limited"
      },
      "geometry": {
        "type": "Polygon",
        "coordinates": [
          [
            [
              -1.5539132,
              53.1095812
            ],
            [
              -1.5539719,
              53.109506
            ],
            [
              -1.5537757,
              53.1094509
            ],
            [
              -1.553717,
              53.1095261
            ],
            [
              -1.5539132,
              53.1095812
            ]
          ]
        ]
      },
      "id": "way/164246822"
    },
    {
      "type": "Feature",
      "properties": {
        "@id": "way/165697243",
        "addr:city": "Manchester",
        "addr:housenumber": "282-286",
        "addr:postcode": "M7 2YJ",
        "addr:street": "Bury New Road",
        "amenity": "cafe",
        "brand": "Tim Hortons",
        "brand:wikidata": "Q175106",
        "brand:wikipedia": "en:Tim Hortons",
        "building": "yes",
        "cuisine": "coffee_shop",
        "fhrs:id": "1048990",
        "name": "Tim Hortons",
        "opening_hours": "24/7",
        "ref:GB:uprn": "10004678945",
        "takeaway": "yes",
        "website": "https://www.timhortons.co.uk/"
      },
      "geometry": {
        "type": "Polygon",
        "coordinates": [
          [
            [
              -2.2567706,
              53.5010229
            ],
            [
              -2.2564943,
              53.5011123
            ],
            [
              -2.2566606,
              53.5012957
            ],
            [
              -2.2569324,
              53.5012062
            ],
            [
              -2.2567706,
              53.5010229
            ]
          ]
        ]
      },
      "id": "way/165697243"
    },
    {
      "type": "Feature",
      "properties": {
        "@id": "way/166285378",
        "addr:city": "Ashbourne",
        "addr:postcode": "DE6 2AG",
        "addr:street": "Wettonmill Road",
        "addr:village": "Wetton",
        "amenity": "cafe",
        "building": "yes",
        "fhrs:id": "1259913",
        "name": "Wetton Mill Cafe",
        "operator": "National Trust",
        "ref:GB:uprn": "10002953716",
        "source:addr": "FHRS Open Data"
      },
      "geometry": {
        "type": "Polygon",
        "coordinates": [
          [
            [
              -1.85875,
              53.1021535
            ],
            [
              -1.8587753,
              53.1020894
            ],
            [
              -1.8587387,
              53.1020842
            ],
            [
              -1.8587018,
              53.102079
            ],
            [
              -1.8586974,
              53.1020903
            ],
            [
              -1.8586766,
              53.1021431
            ],
            [
              -1.85875,
              53.1021535
            ]
          ]
        ]
      },
      "id": "way/166285378"
    },
    {
      "type": "Feature",
      "properties": {
        "@id": "way/166417083",
        "amenity": "cafe",
        "building": "yes",
        "name": "John's Diner",
        "source": "Bing"
      },
      "geometry": {
        "type": "Polygon",
        "coordinates": [
          [
            [
              -2.3342877,
              53.473409
            ],
            [
              -2.3341045,
              53.473338
            ],
            [
              -2.3340125,
              53.4734222
            ],
            [
              -2.33402,
              53.4734251
            ],
            [
              -2.334001,
              53.4734425
            ],
            [
              -2.3340688,
              53.4734688
            ],
            [
              -2.3340873,
              53.473452
            ],
            [
              -2.334195,
              53.4734937
            ],
            [
              -2.3342877,
              53.473409
            ]
          ]
        ]
      },
      "id": "way/166417083"
    },
    {
      "type": "Feature",
      "properties": {
        "@id": "way/166682892",
        "addr:city": "Shipley",
        "addr:postcode": "BD18 3PY",
        "amenity": "cafe",
        "building": "retail",
        "building:levels": "1",
        "fhrs:id": "406925",
        "name": "The Bothy",
        "old_name": "Caffe Piccolo",
        "outdoor_seating": "yes",
        "source": "survey",
        "source:postcode": "FHRS rating",
        "website": "https://www.thebothyshipley.co.uk/"
      },
      "geometry": {
        "type": "Polygon",
        "coordinates": [
          [
            [
              -1.7759205,
              53.8334111
            ],
            [
              -1.7760506,
              53.8333932
            ],
            [
              -1.7760184,
              53.8333117
            ],
            [
              -1.7758884,
              53.8333296
            ],
            [
              -1.7759205,
              53.8334111
            ]
          ]
        ]
      },
      "id": "way/166682892"
    },
    {
      "type": "Feature",
      "properties": {
        "@id": "way/169825513",
        "amenity": "cafe",
        "building": "yes",
        "craft": "handicraft",
        "name": "Kiln & Cloud",
        "source": "survey"
      },
      "geometry": {
        "type": "Polygon",
        "coordinates": [
          [
            [
              -1.49641,
              53.3464911
            ],
            [
              -1.49633,
              53.3465552
            ],
            [
              -1.4964342,
              53.3466015
            ],
            [
              -1.4965141,
              53.3465375
            ],
            [
              -1.49641,
              53.3464911
            ]
          ]
        ]
      },
      "id": "way/169825513"
    },
    {
      "type": "Feature",
      "properties": {
        "@id": "way/169825538",
        "addr:city": "Sheffield",
        "addr:housenumber": "984",
        "addr:postcode": "S7 2QF",
        "addr:street": "Abbeydale Road",
        "amenity": "cafe",
        "building": "yes",
        "fhrs:id": "1909851",
        "name": "Coffee and...?",
        "source": "Bing;survey"
      },
      "geometry": {
        "type": "Polygon",
        "coordinates": [
          [
            [
              -1.4965302,
              53.3463949
            ],
            [
              -1.4966343,
              53.3464413
            ],
            [
              -1.4966541,
              53.3464254
            ],
            [
              -1.4966773,
              53.3464357
            ],
            [
              -1.4966972,
              53.3464198
            ],
            [
              -1.4966859,
              53.3464147
            ],
            [
              -1.4965699,
              53.3463631
            ],
            [
              -1.4965302,
              53.3463949
            ]
          ]
        ]
      },
      "id": "way/169825538"
    },
    {
      "type": "Feature",
      "properties": {
        "@id": "way/170183815",
        "amenity": "cafe",
        "bar": "no",
        "building": "retail",
        "building:levels": "2",
        "building:material": "brick",
        "changing_table": "yes",
        "changing_table:fee": "no",
        "check_date": "2025-06-21",
        "check_date:opening_hours": "2025-04-10",
        "indoor_seating": "yes",
        "level": "0",
        "name": "Pavilion Tearoom",
        "nohousenumber": "yes",
        "opening_hours": "We-Sa 10:30-18:00; Su 09:00-16:00",
        "outdoor_seating": "yes",
        "payment:cash": "yes",
        "payment:credit_cards": "yes",
        "payment:debit_cards": "yes",
        "toilets": "yes",
        "toilets:access": "yes",
        "toilets:changing_table": "yes",
        "toilets:fee": "no",
        "toilets:wheelchair": "yes",
        "wheelchair": "yes"
      },
      "geometry": {
        "type": "Polygon",
        "coordinates": [
          [
            [
              -2.1886185,
              53.048778
            ],
            [
              -2.1886092,
              53.0487692
            ],
            [
              -2.1884723,
              53.0486401
            ],
            [
              -2.188345,
              53.0486908
            ],
            [
              -2.1884284,
              53.0487646
            ],
            [
              -2.1884436,
              53.0487774
            ],
            [
              -2.1884797,
              53.0488069
            ],
            [
              -2.1884953,
              53.0488008
            ],
            [
              -2.1885147,
              53.0488157
            ],
            [
              -2.1885645,
              53.0487973
            ],
            [
              -2.1886185,
              53.048778
            ]
          ]
        ]
      },
      "id": "way/170183815"
    },
    {
      "type": "Feature",
      "properties": {
        "@id": "way/170654908",
        "addr:housename": "Junction 1 Retail Park",
        "addr:postcode": "LS11 0BD",
        "addr:street": "Ring Road Beeston",
        "addr:suburb": "Beeston",
        "addr:unit": "5",
        "amenity": "cafe",
        "brand:wikidata": "Q37158",
        "building": "retail",
        "fhrs:id": "1675922",
        "name": "Starbucks",
        "old_name": "Paw Prints",
        "opening_hours": "Mo-Su 06:00-22:00",
        "source:addr": "FHRS Open Data"
      },
      "geometry": {
        "type": "Polygon",
        "coordinates": [
          [
            [
              -1.5826433,
              53.7740344
            ],
            [
              -1.5825638,
              53.7738874
            ],
            [
              -1.5822201,
              53.773951
            ],
            [
              -1.5823133,
              53.7741338
            ],
            [
              -1.582429,
              53.7741122
            ],
            [
              -1.5824073,
              53.7740772
            ],
            [
              -1.5826433,
              53.7740344
            ]
          ]
        ]
      },
      "id": "way/170654908"
    },
    {
      "type": "Feature",
      "properties": {
        "@id": "way/172149046",
        "addr:postcode": "SK17 8DL",
        "addr:street": "Buxton Road",
        "amenity": "cafe",
        "building": "yes",
        "fhrs:id": "1258642",
        "name": "Katy's Diner",
        "note": "In a portakabin/container",
        "source": "Bing;survey",
        "source:addr": "FHRS Open Data"
      },
      "geometry": {
        "type": "Polygon",
        "coordinates": [
          [
            [
              -1.8893094,
              53.2921657
            ],
            [
              -1.8892613,
              53.2921611
            ],
            [
              -1.8892364,
              53.2922533
            ],
            [
              -1.8892845,
              53.292258
            ],
            [
              -1.8893094,
              53.2921657
            ]
          ]
        ]
      },
      "id": "way/172149046"
    },
    {
      "type": "Feature",
      "properties": {
        "@id": "way/172149052",
        "amenity": "cafe",
        "building": "yes",
        "check_date": "2026-03-07",
        "food": "yes",
        "indoor_seating": "yes",
        "name": "The Olive Tree",
        "opening_hours": "10:00-16:00; Fr 10:00-20:00",
        "outdoor_seating": "yes"
      },
      "geometry": {
        "type": "Polygon",
        "coordinates": [
          [
            [
              -1.8654517,
              53.32319
            ],
            [
              -1.8652325,
              53.3231068
            ],
            [
              -1.8651449,
              53.3231891
            ],
            [
              -1.8652183,
              53.323217
            ],
            [
              -1.8651917,
              53.323242
            ],
            [
              -1.8652238,
              53.3232542
            ],
            [
              -1.8651748,
              53.3233002
            ],
            [
              -1.8652884,
              53.3233434
            ],
            [
              -1.8654517,
              53.32319
            ]
          ]
        ]
      },
      "id": "way/172149052"
    },
    {
      "type": "Feature",
      "properties": {
        "@id": "way/172324040",
        "amenity": "cafe",
        "building": "yes",
        "cuisine": "tea_shop",
        "name": "The Dunham Barn",
        "opening_hours": "We-Fr 10:00-16:00; Sa-Su 10:00-17:00",
        "outdoor_seating": "yes",
        "phone": "+44 161 941 6889",
        "website": "https://thedunhambarn.co.uk/"
      },
      "geometry": {
        "type": "Polygon",
        "coordinates": [
          [
            [
              -2.3924685,
              53.3851239
            ],
            [
              -2.3924024,
              53.3851698
            ],
            [
              -2.3927343,
              53.3853387
            ],
            [
              -2.3928122,
              53.3852843
            ],
            [
              -2.3925746,
              53.3851641
            ],
            [
              -2.3924685,
              53.3851239
            ]
          ]
        ]
      },
      "id": "way/172324040"
    },
    {
      "type": "Feature",
      "properties": {
        "@id": "way/172386303",
        "addr:city": "Stockport",
        "addr:housenumber": "72",
        "addr:postcode": "SK4 4NZ",
        "addr:street": "Heaton Moor Road",
        "amenity": "cafe",
        "building": "yes",
        "cuisine": "coffee_shop",
        "name": "Mouro",
        "opening_hours": "Mo-Sa 08:00-16:00,Su 09:00-16:00",
        "outdoor_seating": "yes",
        "website": "https://www.mourocoffeebar.com/"
      },
      "geometry": {
        "type": "Polygon",
        "coordinates": [
          [
            [
              -2.182821,
              53.4235164
            ],
            [
              -2.1829147,
              53.4235962
            ],
            [
              -2.1829681,
              53.4236436
            ],
            [
              -2.1830234,
              53.4236206
            ],
            [
              -2.1828734,
              53.4234926
            ],
            [
              -2.182821,
              53.4235164
            ]
          ]
        ]
      },
      "id": "way/172386303"
    },
    {
      "type": "Feature",
      "properties": {
        "@id": "way/172987594",
        "addr:city": "Leeds",
        "addr:housename": "St Johns House",
        "addr:postcode": "LS11 5SE",
        "addr:street": "Westland Road",
        "addr:suburb": "Beeston",
        "addr:unit": "2 Park Farm Industrial Estate",
        "amenity": "cafe",
        "building": "industrial",
        "fhrs:id": "639144",
        "name": "Flapjacks",
        "takeaway": "yes"
      },
      "geometry": {
        "type": "Polygon",
        "coordinates": [
          [
            [
              -1.551269,
              53.7639098
            ],
            [
              -1.5509703,
              53.7640412
            ],
            [
              -1.5510721,
              53.7641221
            ],
            [
              -1.5513708,
              53.7639906
            ],
            [
              -1.551269,
              53.7639098
            ]
          ]
        ]
      },
      "id": "way/172987594"
    },
    {
      "type": "Feature",
      "properties": {
        "@id": "way/173301643",
        "addr:city": "Sheffield",
        "addr:housenumber": "557",
        "addr:postcode": "S7 1TA",
        "addr:street": "Abbeydale Road",
        "amenity": "cafe",
        "building": "yes",
        "fhrs:id": "696762",
        "internet_access": "no",
        "name": "Tea with Percie",
        "smoking": "no",
        "source": "survey",
        "wheelchair": "no"
      },
      "geometry": {
        "type": "Polygon",
        "coordinates": [
          [
            [
              -1.4827333,
              53.3574865
            ],
            [
              -1.4827212,
              53.3575019
            ],
            [
              -1.4826786,
              53.3574899
            ],
            [
              -1.4826617,
              53.3575115
            ],
            [
              -1.4828126,
              53.3575538
            ],
            [
              -1.4828417,
              53.3575168
            ],
            [
              -1.4827333,
              53.3574865
            ]
          ]
        ]
      },
      "id": "way/173301643"
    },
    {
      "type": "Feature",
      "properties": {
        "@id": "way/173524216",
        "addr:city": "Wakefield",
        "addr:housenumber": "228",
        "addr:postcode": "WF4 5PT",
        "addr:street": "Bridge Road",
        "amenity": "cafe",
        "building": "yes",
        "fhrs:id": "283810",
        "name": "Connies Diner",
        "not:addr:postcode": "WF4",
        "phone": "+44 1924 283700",
        "wheelchair": "limited"
      },
      "geometry": {
        "type": "Polygon",
        "coordinates": [
          [
            [
              -1.5797039,
              53.6564811
            ],
            [
              -1.5796081,
              53.6564956
            ],
            [
              -1.5796375,
              53.6565638
            ],
            [
              -1.5797322,
              53.6565495
            ],
            [
              -1.5797394,
              53.6565664
            ],
            [
              -1.5797921,
              53.6565584
            ],
            [
              -1.5797488,
              53.656458
            ],
            [
              -1.5796973,
              53.6564658
            ],
            [
              -1.5797039,
              53.6564811
            ]
          ]
        ]
      },
      "id": "way/173524216"
    },
    {
      "type": "Feature",
      "properties": {
        "@id": "way/173933783",
        "addr:city": "Sheffield",
        "addr:housenumber": "68",
        "addr:postcode": "S1 4GF",
        "addr:street": "Division Street",
        "amenity": "cafe",
        "fhrs:id": "1016509",
        "name": "Copper Pot",
        "old_name": "Divi Brunch"
      },
      "geometry": {
        "type": "Polygon",
        "coordinates": [
          [
            [
              -1.475837,
              53.3798898
            ],
            [
              -1.475779,
              53.3797693
            ],
            [
              -1.4756465,
              53.3797921
            ],
            [
              -1.4756663,
              53.3798333
            ],
            [
              -1.4756988,
              53.3799007
            ],
            [
              -1.4757719,
              53.3798878
            ],
            [
              -1.4757779,
              53.3799001
            ],
            [
              -1.475837,
              53.3798898
            ]
          ]
        ]
      },
      "id": "way/173933783"
    },
    {
      "type": "Feature",
      "properties": {
        "@id": "way/173933787",
        "addr:city": "Sheffield",
        "addr:housenumber": "9",
        "addr:postcode": "S1 4GH",
        "addr:street": "Westfield Terrace",
        "amenity": "cafe",
        "building": "yes",
        "cuisine": "coffee_shop",
        "fhrs:id": "437532",
        "internet_access": "yes",
        "name": "Honey & Fig",
        "website": "https://tampercoffee.co.uk"
      },
      "geometry": {
        "type": "Polygon",
        "coordinates": [
          [
            [
              -1.4767754,
              53.3804498
            ],
            [
              -1.4766455,
              53.3804712
            ],
            [
              -1.4766617,
              53.3805064
            ],
            [
              -1.4767917,
              53.380485
            ],
            [
              -1.4767754,
              53.3804498
            ]
          ]
        ]
      },
      "id": "way/173933787"
    },
    {
      "type": "Feature",
      "properties": {
        "@id": "way/174191838",
        "addr:housename": "Slattery's",
        "addr:housenumber": "197",
        "addr:postcode": "M45 6GE",
        "addr:street": "Bury New Road",
        "amenity": "cafe",
        "building": "retail",
        "check_date": "2025-05-25",
        "fhrs:id": "129353",
        "name": "Slattery's",
        "ref:GB:uprn": "100012436551",
        "shop": "confectionery",
        "source:addr": "FHRS Open Data",
        "website": "https://slattery.co.uk/"
      },
      "geometry": {
        "type": "Polygon",
        "coordinates": [
          [
            [
              -2.2946068,
              53.5483141
            ],
            [
              -2.2944712,
              53.5481474
            ],
            [
              -2.2941311,
              53.5482451
            ],
            [
              -2.2942579,
              53.5484142
            ],
            [
              -2.2944421,
              53.5483667
            ],
            [
              -2.2944949,
              53.5484389
            ],
            [
              -2.2946735,
              53.5483929
            ],
            [
              -2.2946068,
              53.5483141
            ]
          ]
        ]
      },
      "id": "way/174191838"
    },
    {
      "type": "Feature",
      "properties": {
        "@id": "way/174658255",
        "addr:city": "Halifax",
        "addr:country": "GB",
        "addr:housenumber": "14",
        "addr:postcode": "HX4 8AL",
        "addr:street": "Rochdale Road",
        "addr:suburb": "West Vale",
        "amenity": "cafe",
        "building": "yes",
        "fhrs:id": "1547339",
        "name": "Brow Bridge Cafe & Takeaway",
        "ref:GB:uprn": "10035032005",
        "source": "survey",
        "source:addr": "FHRS Open Data",
        "website": "https://www.facebook.com/pg/browbridgecafe/"
      },
      "geometry": {
        "type": "Polygon",
        "coordinates": [
          [
            [
              -1.8550453,
              53.6879873
            ],
            [
              -1.8550989,
              53.6879587
            ],
            [
              -1.8551231,
              53.6879714
            ],
            [
              -1.8551767,
              53.6879317
            ],
            [
              -1.8550527,
              53.6878688
            ],
            [
              -1.8549434,
              53.6879301
            ],
            [
              -1.8550453,
              53.6879873
            ]
          ]
        ]
      },
      "id": "way/174658255"
    },
    {
      "type": "Feature",
      "properties": {
        "@id": "way/174658323",
        "addr:city": "Halifax",
        "addr:country": "GB",
        "addr:housenumber": "3",
        "addr:postcode": "HX4 8AB",
        "addr:street": "Green Lane",
        "addr:suburb": "West Vale",
        "amenity": "cafe",
        "building": "yes",
        "cuisine": "sandwich",
        "fhrs:id": "348690;698994",
        "name": "Bev's Baps",
        "phone": "+44 1422 378516",
        "shop": "bakery",
        "source": "survey",
        "website": "http://bevsbapshalifax.co.uk/"
      },
      "geometry": {
        "type": "Polygon",
        "coordinates": [
          [
            [
              -1.8551311,
              53.6872614
            ],
            [
              -1.8550419,
              53.6872748
            ],
            [
              -1.8550533,
              53.6873075
            ],
            [
              -1.8551392,
              53.6872954
            ],
            [
              -1.8551311,
              53.6872614
            ]
          ]
        ]
      },
      "id": "way/174658323"
    },
    {
      "type": "Feature",
      "properties": {
        "@id": "way/174658334",
        "addr:city": "Halifax",
        "addr:country": "GB",
        "addr:housenumber": "27",
        "addr:postcode": "HX4 8AD",
        "addr:street": "Stainland Road",
        "addr:suburb": "West Vale",
        "amenity": "cafe",
        "building": "commercial",
        "cuisine": "fish_and_chips",
        "fhrs:id": "1547928",
        "name": "West Vale Fisheries",
        "phone": "+44 1422 311069",
        "ref:GB:uprn": "10035034734;10006736637",
        "source": "survey",
        "source:addr": "FHRS Open Data",
        "takeaway": "only",
        "website": "https://www.bestfishandchipsinhalifax.co.uk/"
      },
      "geometry": {
        "type": "Polygon",
        "coordinates": [
          [
            [
              -1.8553686,
              53.6871229
            ],
            [
              -1.8553394,
              53.6871096
            ],
            [
              -1.8552753,
              53.6871481
            ],
            [
              -1.8553556,
              53.6871953
            ],
            [
              -1.8554199,
              53.6871594
            ],
            [
              -1.8553686,
              53.6871229
            ]
          ]
        ]
      },
      "id": "way/174658334"
    },
    {
      "type": "Feature",
      "properties": {
        "@id": "way/175593661",
        "addr:city": "Sheffield",
        "addr:housenumber": "1",
        "addr:postcode": "S1 2LA",
        "addr:street": "Tudor Square",
        "amenity": "cafe",
        "brand": "Starbucks",
        "brand:wikidata": "Q37158",
        "brand:wikipedia": "en:Starbucks",
        "building": "yes",
        "check_date": "2026-02-22",
        "cuisine": "coffee_shop",
        "fhrs:id": "436313",
        "internet_access": "wlan",
        "name": "Starbucks",
        "official_name": "Starbucks Coffee",
        "opening_hours": "Mo-Sa 07:30-19:00; Su 09:30-16:30",
        "source:addr": "FHRS Open Data",
        "takeaway": "yes",
        "website": "https://www.starbucks.com/store-locator/store/1012636/sheffield-tudour-square-1-tudor-square-sheffield-eng-s-1-2-la-gb",
        "wheelchair": "yes"
      },
      "geometry": {
        "type": "Polygon",
        "coordinates": [
          [
            [
              -1.467968,
              53.3804382
            ],
            [
              -1.4680214,
              53.3803873
            ],
            [
              -1.4679187,
              53.380349
            ],
            [
              -1.4678654,
              53.3804
            ],
            [
              -1.4679421,
              53.3804286
            ],
            [
              -1.467968,
              53.3804382
            ]
          ]
        ]
      },
      "id": "way/175593661"
    },
    {
      "type": "Feature",
      "properties": {
        "@id": "way/175726526",
        "addr:city": "Sheffield",
        "addr:housenumber": "328",
        "addr:postcode": "S7 1FN",
        "addr:street": "Abbeydale Road",
        "amenity": "cafe",
        "building": "retail",
        "cuisine": "pizza",
        "disused:name": "Café Calypso",
        "internet_access": "no",
        "name": "Gringoz Pizza",
        "opening_hours": "17:00-24:00",
        "phone": "+44 114 258 8188",
        "smoking": "no",
        "source": "survey"
      },
      "geometry": {
        "type": "Polygon",
        "coordinates": [
          [
            [
              -1.4795332,
              53.3607089
            ],
            [
              -1.4794039,
              53.3606803
            ],
            [
              -1.4793827,
              53.3607145
            ],
            [
              -1.479512,
              53.3607431
            ],
            [
              -1.4795332,
              53.3607089
            ]
          ]
        ]
      },
      "id": "way/175726526"
    },
    {
      "type": "Feature",
      "properties": {
        "@id": "way/175726546",
        "addr:city": "Sheffield",
        "addr:housenumber": "288",
        "addr:postcode": "S7 1FL",
        "addr:street": "Abbeydale Road",
        "alt_name": "Bardwells",
        "amenity": "cafe",
        "building": "retail",
        "fhrs:id": "1029285",
        "name": "Urban-Ita",
        "opening_hours": "09:30-17:00"
      },
      "geometry": {
        "type": "Polygon",
        "coordinates": [
          [
            [
              -1.4789235,
              53.3617027
            ],
            [
              -1.478946,
              53.3616717
            ],
            [
              -1.4788938,
              53.3616582
            ],
            [
              -1.4789064,
              53.3616408
            ],
            [
              -1.4787715,
              53.3616049
            ],
            [
              -1.478738,
              53.361651
            ],
            [
              -1.4789235,
              53.3617027
            ]
          ]
        ]
      },
      "id": "way/175726546"
    },
    {
      "type": "Feature",
      "properties": {
        "@id": "way/175726561",
        "addr:city": "Sheffield",
        "addr:housenumber": "334",
        "addr:postcode": "S7 1FN",
        "addr:street": "Abbeydale Road",
        "amenity": "cafe",
        "building": "retail",
        "fhrs:id": "706478",
        "name": "Jamesons Tea Rooms",
        "source": "survey"
      },
      "geometry": {
        "type": "Polygon",
        "coordinates": [
          [
            [
              -1.479687,
              53.3604609
            ],
            [
              -1.4795464,
              53.3604321
            ],
            [
              -1.4795165,
              53.360484
            ],
            [
              -1.4797049,
              53.3605226
            ],
            [
              -1.4797348,
              53.3604707
            ],
            [
              -1.479687,
              53.3604609
            ]
          ]
        ]
      },
      "id": "way/175726561"
    },
    {
      "type": "Feature",
      "properties": {
        "@id": "way/175779761",
        "addr:street": "Abbeydale Road",
        "amenity": "cafe",
        "building": "retail",
        "name": "Abbey Kitchen"
      },
      "geometry": {
        "type": "Polygon",
        "coordinates": [
          [
            [
              -1.4793254,
              53.3602595
            ],
            [
              -1.4791896,
              53.3602311
            ],
            [
              -1.4791851,
              53.3602396
            ],
            [
              -1.4790808,
              53.3602163
            ],
            [
              -1.479085,
              53.3602087
            ],
            [
              -1.479061,
              53.3602035
            ],
            [
              -1.4790413,
              53.3602398
            ],
            [
              -1.4793063,
              53.3602922
            ],
            [
              -1.4793254,
              53.3602595
            ]
          ]
        ]
      },
      "id": "way/175779761"
    },
    {
      "type": "Feature",
      "properties": {
        "@id": "way/175779773",
        "addr:city": "Sheffield",
        "addr:housenumber": "367",
        "addr:postcode": "S7 1FS",
        "addr:street": "Abbeydale Road",
        "amenity": "cafe",
        "building:part": "retail",
        "cuisine": "coffee_shop",
        "fhrs:id": "437904",
        "name": "Volpe Coffee Shop and Bistro",
        "opening_hours": "We-Su 10:00-16:00",
        "phone": "+44 1143270030",
        "website": "https://www.volpebistro.co.uk/"
      },
      "geometry": {
        "type": "Polygon",
        "coordinates": [
          [
            [
              -1.4794353,
              53.3600809
            ],
            [
              -1.4794568,
              53.3600467
            ],
            [
              -1.4792741,
              53.3600058
            ],
            [
              -1.4792583,
              53.3600308
            ],
            [
              -1.4793068,
              53.3600417
            ],
            [
              -1.4793011,
              53.3600506
            ],
            [
              -1.4794353,
              53.3600809
            ]
          ]
        ]
      },
      "id": "way/175779773"
    },
    {
      "type": "Feature",
      "properties": {
        "@id": "way/176381218",
        "amenity": "cafe",
        "building": "yes",
        "name": "Sankeys"
      },
      "geometry": {
        "type": "Polygon",
        "coordinates": [
          [
            [
              -1.4933183,
              53.3366759
            ],
            [
              -1.4931675,
              53.3367009
            ],
            [
              -1.4931767,
              53.3367206
            ],
            [
              -1.4931302,
              53.3367283
            ],
            [
              -1.4931417,
              53.3367532
            ],
            [
              -1.493339,
              53.3367205
            ],
            [
              -1.4933183,
              53.3366759
            ]
          ]
        ]
      },
      "id": "way/176381218"
    },
    {
      "type": "Feature",
      "properties": {
        "@id": "way/177023983",
        "addr:city": "Ashbourne",
        "addr:county": "Derbyshire",
        "addr:housename": "The Old Coach House",
        "addr:postcode": "DE6 1RA",
        "addr:street": "The Street",
        "addr:village": "Tissington",
        "amenity": "cafe",
        "building": "yes",
        "fhrs:id": "1699035",
        "name": "Herbert's Fine English Tea Rooms",
        "source:addr": "FHRS Open Data",
        "website": "https://www.herbertstearooms.co.uk/"
      },
      "geometry": {
        "type": "Polygon",
        "coordinates": [
          [
            [
              -1.7391871,
              53.0674118
            ],
            [
              -1.7392093,
              53.0674064
            ],
            [
              -1.7393002,
              53.0673845
            ],
            [
              -1.7392276,
              53.0672759
            ],
            [
              -1.7391305,
              53.0671307
            ],
            [
              -1.7390175,
              53.0671579
            ],
            [
              -1.7390476,
              53.067203
            ],
            [
              -1.7391871,
              53.0674118
            ]
          ]
        ]
      },
      "id": "way/177023983"
    },
    {
      "type": "Feature",
      "properties": {
        "@id": "way/179117909",
        "addr:city": "Sheffield",
        "addr:housenumber": "87-89",
        "addr:postcode": "S1 2HJ",
        "addr:street": "Pinstone Street",
        "amenity": "cafe",
        "brand": "Costa",
        "brand:wikidata": "Q608845",
        "brand:wikipedia": "en:Costa Coffee",
        "cuisine": "coffee_shop",
        "fhrs:id": "436603",
        "name": "Costa",
        "operator": "Costa Coffee",
        "source:addr": "FHRS Open Data",
        "takeaway": "yes",
        "wikidata": "Q26561119"
      },
      "geometry": {
        "type": "Polygon",
        "coordinates": [
          [
            [
              -1.4704245,
              53.3792046
            ],
            [
              -1.4702473,
              53.3791505
            ],
            [
              -1.4702117,
              53.3791436
            ],
            [
              -1.470196,
              53.3791606
            ],
            [
              -1.4701146,
              53.3791739
            ],
            [
              -1.4701602,
              53.3792899
            ],
            [
              -1.4703218,
              53.3792661
            ],
            [
              -1.4703701,
              53.3792449
            ],
            [
              -1.4703979,
              53.3792275
            ],
            [
              -1.4704245,
              53.3792046
            ]
          ]
        ]
      },
      "id": "way/179117909"
    },
    {
      "type": "Feature",
      "properties": {
        "@id": "way/183738831",
        "addr:city": "Manchester",
        "addr:housenumber": "165A",
        "addr:postcode": "M20 2LN",
        "addr:street": "Burton Road",
        "amenity": "cafe",
        "building": "yes",
        "contact:phone": "+44 161 445 5316",
        "cuisine": "coffee_shop",
        "fhrs:id": "1816729",
        "internet_access": "yes",
        "name": "The Old Bakery",
        "outdoor_seating": "yes"
      },
      "geometry": {
        "type": "Polygon",
        "coordinates": [
          [
            [
              -2.242646,
              53.4265391
            ],
            [
              -2.2426867,
              53.4265003
            ],
            [
              -2.2424614,
              53.4264078
            ],
            [
              -2.2424169,
              53.4264504
            ],
            [
              -2.242646,
              53.4265391
            ]
          ]
        ]
      },
      "id": "way/183738831"
    },
    {
      "type": "Feature",
      "properties": {
        "@id": "way/183843268",
        "addr:city": "Manchester",
        "addr:housenumber": "212",
        "addr:postcode": "M20 2LW",
        "addr:street": "Burton Road",
        "amenity": "cafe",
        "building": "yes",
        "diet:vegan": "yes",
        "diet:vegetarian": "yes",
        "fhrs:id": "1816519",
        "internet_access": "wlan",
        "name": "Goodtime Games",
        "opening_hours": "Mo,We-Th 18:00-22:00; Fr 17:00-22:30; Sa 10:30-22:30; Su 10:30-22:00",
        "outdoor_seating": "no",
        "phone": "+44 161 445 0175",
        "ref:GB:uprn": "77092805;77192925;77192924",
        "website": "https://goodtimegames.co.uk/"
      },
      "geometry": {
        "type": "Polygon",
        "coordinates": [
          [
            [
              -2.2430827,
              53.4266756
            ],
            [
              -2.2429064,
              53.4265996
            ],
            [
              -2.2428571,
              53.4266401
            ],
            [
              -2.2429833,
              53.4266965
            ],
            [
              -2.2430022,
              53.4266815
            ],
            [
              -2.2430466,
              53.4267014
            ],
            [
              -2.2430827,
              53.4266756
            ]
          ]
        ]
      },
      "id": "way/183843268"
    },
    {
      "type": "Feature",
      "properties": {
        "@id": "way/187084333",
        "amenity": "cafe",
        "building": "yes",
        "cuisine": "coffee_shop",
        "name": "The Coffee shop",
        "note": "light meals available",
        "source": "local knowledge"
      },
      "geometry": {
        "type": "Polygon",
        "coordinates": [
          [
            [
              -1.869547,
              53.6349925
            ],
            [
              -1.8696544,
              53.6348787
            ],
            [
              -1.8694999,
              53.6348274
            ],
            [
              -1.8693925,
              53.6349412
            ],
            [
              -1.869547,
              53.6349925
            ]
          ]
        ]
      },
      "id": "way/187084333"
    },
    {
      "type": "Feature",
      "properties": {
        "@id": "way/188042540",
        "amenity": "cafe",
        "building": "yes",
        "name": "Craggies",
        "shop": "farm"
      },
      "geometry": {
        "type": "Polygon",
        "coordinates": [
          [
            [
              -1.9906449,
              53.6959914
            ],
            [
              -1.9909452,
              53.6956456
            ],
            [
              -1.9907783,
              53.6955948
            ],
            [
              -1.9907546,
              53.695622
            ],
            [
              -1.990478,
              53.6959406
            ],
            [
              -1.9906449,
              53.6959914
            ]
          ]
        ]
      },
      "id": "way/188042540"
    },
    {
      "type": "Feature",
      "properties": {
        "@id": "way/188791879",
        "addr:city": "Manchester",
        "addr:postcode": "M41 7ZA",
        "addr:street": "Traders Avenue",
        "amenity": "cafe",
        "brand": "Starbucks",
        "brand:wikidata": "Q37158",
        "brand:wikipedia": "en:Starbucks",
        "building": "yes",
        "contact:phone": "+44 161 748 9610",
        "contact:website": "https://www.starbucks.com/store-locator/store/19347/manchester-barton-dock-drive-traders-avenue-barton-dock-road-manchester-eng-m-4",
        "cuisine": "coffee_shop",
        "drive_through": "yes",
        "internet_access": "wlan",
        "name": "Starbucks",
        "official_name": "Starbucks Coffee",
        "opening_hours": "24/7",
        "outdoor_seating": "yes",
        "source": "Bing",
        "takeaway": "yes"
      },
      "geometry": {
        "type": "Polygon",
        "coordinates": [
          [
            [
              -2.3436766,
              53.4668381
            ],
            [
              -2.343622,
              53.4668136
            ],
            [
              -2.3436459,
              53.4667948
            ],
            [
              -2.3435789,
              53.4667647
            ],
            [
              -2.34345,
              53.4667068
            ],
            [
              -2.343358,
              53.4667795
            ],
            [
              -2.3434097,
              53.4668027
            ],
            [
              -2.3434005,
              53.4668099
            ],
            [
              -2.3434507,
              53.4668324
            ],
            [
              -2.3434605,
              53.4668247
            ],
            [
              -2.3436091,
              53.4668914
            ],
            [
              -2.3436766,
              53.4668381
            ]
          ]
        ]
      },
      "id": "way/188791879"
    },
    {
      "type": "Feature",
      "properties": {
        "@id": "way/190825321",
        "amenity": "cafe",
        "brand": "Costa",
        "brand:wikidata": "Q608845",
        "brand:wikipedia": "en:Costa Coffee",
        "building": "yes",
        "cuisine": "coffee_shop",
        "name": "Costa",
        "outdoor_seating": "yes",
        "ref:GB:uprn": "74063282",
        "takeaway": "yes"
      },
      "geometry": {
        "type": "Polygon",
        "coordinates": [
          [
            [
              -1.4300657,
              53.233471
            ],
            [
              -1.4300761,
              53.2334341
            ],
            [
              -1.4300974,
              53.2333581
            ],
            [
              -1.4298498,
              53.2333331
            ],
            [
              -1.4298181,
              53.233446
            ],
            [
              -1.4300657,
              53.233471
            ]
          ]
        ]
      },
      "id": "way/190825321"
    },
    {
      "type": "Feature",
      "properties": {
        "@id": "way/191693861",
        "amenity": "cafe",
        "name": "Site Gallery"
      },
      "geometry": {
        "type": "Polygon",
        "coordinates": [
          [
            [
              -1.4660915,
              53.3769304
            ],
            [
              -1.4659975,
              53.3768851
            ],
            [
              -1.4659304,
              53.3769274
            ],
            [
              -1.4660268,
              53.3769696
            ],
            [
              -1.4660915,
              53.3769304
            ]
          ]
        ]
      },
      "id": "way/191693861"
    },
    {
      "type": "Feature",
      "properties": {
        "@id": "way/193322121",
        "amenity": "cafe",
        "building": "yes",
        "cuisine": "pizza",
        "name": "Stables Cafe",
        "outdoor_seating": "yes"
      },
      "geometry": {
        "type": "Polygon",
        "coordinates": [
          [
            [
              -2.4003084,
              53.5005003
            ],
            [
              -2.4004002,
              53.5005168
            ],
            [
              -2.4004673,
              53.5003848
            ],
            [
              -2.4003754,
              53.5003683
            ],
            [
              -2.4003084,
              53.5005003
            ]
          ]
        ]
      },
      "id": "way/193322121"
    },
    {
      "type": "Feature",
      "properties": {
        "@id": "way/194900511",
        "addr:city": "Halifax",
        "addr:housename": "Newbank Garden Centre",
        "addr:postcode": "HX4 8LS",
        "addr:street": "Stainland Road",
        "amenity": "cafe",
        "building": "yes",
        "fhrs:id": "347372",
        "name": "The Willow Tree Cafe",
        "ref:GB:uprn": "100052042333",
        "source": "Bing",
        "website": "http://robcutts65.wixsite.com/willow-tree-cafe"
      },
      "geometry": {
        "type": "Polygon",
        "coordinates": [
          [
            [
              -1.8512332,
              53.6909485
            ],
            [
              -1.8511689,
              53.6908261
            ],
            [
              -1.8507576,
              53.6909019
            ],
            [
              -1.8508219,
              53.6910243
            ],
            [
              -1.8512332,
              53.6909485
            ]
          ]
        ]
      },
      "id": "way/194900511"
    },
    {
      "type": "Feature",
      "properties": {
        "@id": "way/199192530",
        "addr:city": "Keighley",
        "addr:housenumber": "4-6",
        "addr:postcode": "BD22 8NQ",
        "addr:street": "Mill Hey",
        "addr:village": "Haworth",
        "amenity": "cafe",
        "building": "yes",
        "fhrs:id": "327046",
        "name": "Mill Hey Fisheries (Fish n chip shop)",
        "source": "Bing"
      },
      "geometry": {
        "type": "Polygon",
        "coordinates": [
          [
            [
              -1.9478855,
              53.8314324
            ],
            [
              -1.9479975,
              53.8313695
            ],
            [
              -1.9478675,
              53.8312875
            ],
            [
              -1.9477585,
              53.8313477
            ],
            [
              -1.9477992,
              53.8313734
            ],
            [
              -1.9478855,
              53.8314324
            ]
          ]
        ]
      },
      "id": "way/199192530"
    },
    {
      "type": "Feature",
      "properties": {
        "@id": "way/200170941",
        "addr:city": "Leeds",
        "addr:country": "GB",
        "addr:housenumber": "54",
        "addr:postcode": "LS6 2AL",
        "addr:street": "Otley Road",
        "amenity": "cafe",
        "building": "retail",
        "fee": "no",
        "fhrs:id": "322115",
        "name": "The Bowery",
        "ref:GB:uprn": "72654480",
        "tourism": "gallery"
      },
      "geometry": {
        "type": "Polygon",
        "coordinates": [
          [
            [
              -1.579746,
              53.8235372
            ],
            [
              -1.5795653,
              53.8235882
            ],
            [
              -1.5795996,
              53.8236297
            ],
            [
              -1.5797806,
              53.8235786
            ],
            [
              -1.579746,
              53.8235372
            ]
          ]
        ]
      },
      "id": "way/200170941"
    },
    {
      "type": "Feature",
      "properties": {
        "@id": "way/200223324",
        "addr:city": "Sheffield",
        "addr:housenumber": "23",
        "addr:postcode": "S1 4GE",
        "addr:street": "Division Street",
        "amenity": "cafe",
        "building:part": "yes",
        "cuisine": "coffee_shop",
        "fhrs:id": "1296595",
        "name": "CAWA Coffee",
        "opening_hours": "Mo-Sa 09:00-18:00; Su 09:00-17:00"
      },
      "geometry": {
        "type": "Polygon",
        "coordinates": [
          [
            [
              -1.4732629,
              53.380103
            ],
            [
              -1.4732186,
              53.3800149
            ],
            [
              -1.4731685,
              53.3800237
            ],
            [
              -1.4732118,
              53.3801119
            ],
            [
              -1.4732629,
              53.380103
            ]
          ]
        ]
      },
      "id": "way/200223324"
    },
    {
      "type": "Feature",
      "properties": {
        "@id": "way/200223328",
        "addr:city": "Sheffield",
        "addr:housenumber": "25",
        "addr:postcode": "S1 4GE",
        "addr:street": "Division Street",
        "amenity": "cafe",
        "building:part": "yes",
        "fhrs:id": "1071286",
        "name": "200 degree Coffee",
        "old_name": "oSomething new",
        "old_shop": "clothes",
        "opening_hours": "Mo-Fr 07:00-19:30; Sa 07:30-19:00; Su 08:00-18:00"
      },
      "geometry": {
        "type": "Polygon",
        "coordinates": [
          [
            [
              -1.4732629,
              53.380103
            ],
            [
              -1.4733745,
              53.3800835
            ],
            [
              -1.4732746,
              53.3798819
            ],
            [
              -1.4731628,
              53.3799014
            ],
            [
              -1.4732186,
              53.3800149
            ],
            [
              -1.4732629,
              53.380103
            ]
          ]
        ]
      },
      "id": "way/200223328"
    },
    {
      "type": "Feature",
      "properties": {
        "@id": "way/201078324",
        "addr:city": "Leeds",
        "addr:housenumber": "207",
        "addr:postcode": "LS10 1PF",
        "addr:street": "Hunslet Road",
        "addr:suburb": "Hunslet",
        "amenity": "cafe",
        "building": "yes",
        "fhrs:id": "1157884",
        "name": "Ben's Cafe",
        "old_name": "Hunslet Road Fisheries"
      },
      "geometry": {
        "type": "Polygon",
        "coordinates": [
          [
            [
              -1.531643,
              53.7857236
            ],
            [
              -1.5316683,
              53.7857884
            ],
            [
              -1.5317771,
              53.7857738
            ],
            [
              -1.5317521,
              53.7857089
            ],
            [
              -1.531643,
              53.7857236
            ]
          ]
        ]
      },
      "id": "way/201078324"
    },
    {
      "type": "Feature",
      "properties": {
        "@id": "way/201227476",
        "addr:city": "Bradford",
        "addr:housename": "The Storehouse",
        "addr:housenumber": "116",
        "addr:postcode": "BD4 7BQ",
        "addr:street": "Caledonia Street",
        "amenity": "cafe",
        "building": "yes",
        "name": "The Storehouse",
        "source": "Bing"
      },
      "geometry": {
        "type": "Polygon",
        "coordinates": [
          [
            [
              -1.7459442,
              53.7881434
            ],
            [
              -1.7465734,
              53.788067
            ],
            [
              -1.7465099,
              53.7878846
            ],
            [
              -1.7458807,
              53.7879611
            ],
            [
              -1.7459442,
              53.7881434
            ]
          ]
        ]
      },
      "id": "way/201227476"
    },
    {
      "type": "Feature",
      "properties": {
        "@id": "way/201837062",
        "addr:city": "Leeds",
        "addr:housenumber": "12",
        "addr:postcode": "LS6 2AD",
        "addr:street": "Otley Road",
        "amenity": "cafe",
        "bar": "yes",
        "building": "retail",
        "description": "Formerly Shelter",
        "lgbtq": "welcome",
        "name": "The Vinyl Whistle",
        "opening_hours": "Mo-Fr 11:00-18:00; Sa 10:00-18:00; Su 11:00-16:00",
        "phone": "+44 113 426 0588",
        "ref:GB:uprn": "72151268",
        "shop": "music",
        "toilets:menstrual_products": "yes",
        "website": "https://vinylwhistle.co.uk/"
      },
      "geometry": {
        "type": "Polygon",
        "coordinates": [
          [
            [
              -1.5769973,
              53.820787
            ],
            [
              -1.5770126,
              53.8208256
            ],
            [
              -1.5771322,
              53.820809
            ],
            [
              -1.577095,
              53.8207734
            ],
            [
              -1.5769973,
              53.820787
            ]
          ]
        ]
      },
      "id": "way/201837062"
    },
    {
      "type": "Feature",
      "properties": {
        "@id": "way/202423026",
        "amenity": "cafe",
        "building": "yes",
        "check_date:opening_hours": "2025-03-20",
        "name:signed": "no",
        "opening_hours:signed": "no",
        "source": "Bing"
      },
      "geometry": {
        "type": "Polygon",
        "coordinates": [
          [
            [
              -1.9400699,
              53.4469763
            ],
            [
              -1.9400954,
              53.4468739
            ],
            [
              -1.9399239,
              53.4468587
            ],
            [
              -1.9398984,
              53.4469612
            ],
            [
              -1.9399842,
              53.4469687
            ],
            [
              -1.9400699,
              53.4469763
            ]
          ]
        ]
      },
      "id": "way/202423026"
    },
    {
      "type": "Feature",
      "properties": {
        "@id": "way/204469772",
        "addr:city": "Leeds",
        "addr:housenumber": "43",
        "addr:postcode": "LS11 9UL",
        "addr:street": "Holbeck Lane",
        "amenity": "cafe",
        "building": "yes",
        "cuisine": "coffee_shop",
        "fhrs:id": "1127350",
        "name": "Ben's Kitchen"
      },
      "geometry": {
        "type": "Polygon",
        "coordinates": [
          [
            [
              -1.5618951,
              53.7899203
            ],
            [
              -1.5619067,
              53.7900065
            ],
            [
              -1.5620455,
              53.7899931
            ],
            [
              -1.5620427,
              53.7899124
            ],
            [
              -1.5618951,
              53.7899203
            ]
          ]
        ]
      },
      "id": "way/204469772"
    },
    {
      "type": "Feature",
      "properties": {
        "@id": "way/205729680",
        "addr:city": "Sheffield",
        "addr:country": "GB",
        "addr:housenumber": "2-4",
        "addr:postcode": "S7 1RU",
        "addr:street": "Nether Edge Road",
        "amenity": "cafe",
        "building:part": "retail",
        "cuisine": "coffee_shop",
        "fhrs:id": "657485",
        "name": "Kollective"
      },
      "geometry": {
        "type": "Polygon",
        "coordinates": [
          [
            [
              -1.4876023,
              53.3596534
            ],
            [
              -1.4877217,
              53.3596991
            ],
            [
              -1.4877896,
              53.3596361
            ],
            [
              -1.4876702,
              53.3595903
            ],
            [
              -1.4876023,
              53.3596534
            ]
          ]
        ]
      },
      "id": "way/205729680"
    },
    {
      "type": "Feature",
      "properties": {
        "@id": "way/205938736",
        "addr:city": "Sheffield",
        "addr:housenumber": "197",
        "addr:postcode": "S12 3GG",
        "addr:street": "White Lane",
        "amenity": "cafe",
        "building:part": "retail",
        "name": "Fenlons Butties & Sugar Treats"
      },
      "geometry": {
        "type": "Polygon",
        "coordinates": [
          [
            [
              -1.4259611,
              53.3448253
            ],
            [
              -1.4259969,
              53.3447332
            ],
            [
              -1.4259289,
              53.3447238
            ],
            [
              -1.4258932,
              53.3448159
            ],
            [
              -1.4259611,
              53.3448253
            ]
          ]
        ]
      },
      "id": "way/205938736"
    },
    {
      "type": "Feature",
      "properties": {
        "@id": "way/206427303",
        "amenity": "cafe",
        "building": "yes",
        "building:levels": "2",
        "building:material": "brick",
        "name": "Sugar Coated",
        "roof:colour": "grey",
        "source": "Bing"
      },
      "geometry": {
        "type": "Polygon",
        "coordinates": [
          [
            [
              -2.2434334,
              53.0876585
            ],
            [
              -2.2436052,
              53.0875621
            ],
            [
              -2.2435668,
              53.0875401
            ],
            [
              -2.2434828,
              53.0875921
            ],
            [
              -2.243464,
              53.0875833
            ],
            [
              -2.243387,
              53.0876306
            ],
            [
              -2.2434334,
              53.0876585
            ]
          ]
        ]
      },
      "id": "way/206427303"
    },
    {
      "type": "Feature",
      "properties": {
        "@id": "way/207226845",
        "amenity": "cafe",
        "building": "yes",
        "name": "Charlotte's Jersey Ice Cream",
        "source": "local knowledge / Bing"
      },
      "geometry": {
        "type": "Polygon",
        "coordinates": [
          [
            [
              -1.6728348,
              53.6547402
            ],
            [
              -1.6729007,
              53.6548274
            ],
            [
              -1.6727141,
              53.6548803
            ],
            [
              -1.6727784,
              53.6549699
            ],
            [
              -1.6731395,
              53.6548697
            ],
            [
              -1.6729957,
              53.6546964
            ],
            [
              -1.6728348,
              53.6547402
            ]
          ]
        ]
      },
      "id": "way/207226845"
    },
    {
      "type": "Feature",
      "properties": {
        "@id": "way/207830877",
        "addr:city": "Leeds",
        "addr:housenumber": "259",
        "addr:postcode": "LS11 8TU",
        "addr:street": "Elland Road",
        "addr:suburb": "Holbeck",
        "amenity": "cafe",
        "building": "yes",
        "fhrs:id": "1089462",
        "name": "Elland Road Cafe - Sandwich Bar",
        "ref:GB:uprn": "72719659;72064446"
      },
      "geometry": {
        "type": "Polygon",
        "coordinates": [
          [
            [
              -1.5722612,
              53.7765708
            ],
            [
              -1.5721903,
              53.7764933
            ],
            [
              -1.5721371,
              53.7765103
            ],
            [
              -1.5721138,
              53.7764848
            ],
            [
              -1.5720834,
              53.7764945
            ],
            [
              -1.5721776,
              53.7765975
            ],
            [
              -1.5722612,
              53.7765708
            ]
          ]
        ]
      },
      "id": "way/207830877"
    },
    {
      "type": "Feature",
      "properties": {
        "@id": "way/219529459",
        "amenity": "cafe",
        "building": "yes",
        "name": "The Pavilion"
      },
      "geometry": {
        "type": "Polygon",
        "coordinates": [
          [
            [
              -1.5909985,
              53.5680409
            ],
            [
              -1.5911196,
              53.5680171
            ],
            [
              -1.5910911,
              53.5679659
            ],
            [
              -1.5910637,
              53.5679189
            ],
            [
              -1.5909433,
              53.5679419
            ],
            [
              -1.5909985,
              53.5680409
            ]
          ]
        ]
      },
      "id": "way/219529459"
    },
    {
      "type": "Feature",
      "properties": {
        "@id": "way/227199816",
        "amenity": "cafe",
        "building": "yes",
        "ref:GB:uprn": "10093463558"
      },
      "geometry": {
        "type": "Polygon",
        "coordinates": [
          [
            [
              -1.6863885,
              53.5870498
            ],
            [
              -1.6861347,
              53.5870821
            ],
            [
              -1.6861541,
              53.5871359
            ],
            [
              -1.6864079,
              53.5871036
            ],
            [
              -1.6863885,
              53.5870498
            ]
          ]
        ]
      },
      "id": "way/227199816"
    },
    {
      "type": "Feature",
      "properties": {
        "@id": "way/228194901",
        "addr:city": "Leeds",
        "addr:housename": "Three Cottages",
        "addr:postcode": "LS6 4LE",
        "addr:street": "Green Road",
        "amenity": "cafe",
        "building": "yes",
        "cuisine": "coffee_shop;ice_cream",
        "email": "hello@threecottagescafe.co.uk",
        "name": "Three Cottages Cafe",
        "outdoor_seating": "yes",
        "phone": "+44 113 531 9001",
        "website": "https://threecottagescafe.co.uk"
      },
      "geometry": {
        "type": "Polygon",
        "coordinates": [
          [
            [
              -1.5738896,
              53.8316949
            ],
            [
              -1.5739847,
              53.8316644
            ],
            [
              -1.573852,
              53.8315205
            ],
            [
              -1.5737569,
              53.831551
            ],
            [
              -1.5738896,
              53.8316949
            ]
          ]
        ]
      },
      "id": "way/228194901"
    },
    {
      "type": "Feature",
      "properties": {
        "@id": "way/229064445",
        "addr:city": "Matlock",
        "addr:county": "Derbyshire",
        "addr:housenumber": "22",
        "addr:postcode": "DE4 3LT",
        "addr:street": "Dale Road",
        "amenity": "cafe",
        "building": "yes",
        "fhrs:id": "1626801",
        "name": "Bod",
        "old_name": "Indigo",
        "opening_hours": "Mo-Sa 08:30-23:00; Su 09:00-22:00",
        "operator": "Titanic Brewery",
        "operator:wikidata": "Q16985637",
        "outdoor_seating": "no",
        "real_ale": "Titanic and guests",
        "ref:GB:uprn": "10070103077",
        "website": "https://www.bodcafebars.co.uk/matlock/",
        "wheelchair": "yes"
      },
      "geometry": {
        "type": "Polygon",
        "coordinates": [
          [
            [
              -1.5561932,
              53.1369607
            ],
            [
              -1.5562946,
              53.1370611
            ],
            [
              -1.5564164,
              53.1370184
            ],
            [
              -1.5567133,
              53.1369156
            ],
            [
              -1.5566383,
              53.1368844
            ],
            [
              -1.5565856,
              53.1369021
            ],
            [
              -1.5565187,
              53.1368455
            ],
            [
              -1.5563329,
              53.13691
            ],
            [
              -1.5561932,
              53.1369607
            ]
          ]
        ]
      },
      "id": "way/229064445"
    },
    {
      "type": "Feature",
      "properties": {
        "@id": "way/229908842",
        "amenity": "cafe",
        "building": "yes",
        "cuisine": "burger;american;ice_cream",
        "internet_access": "no",
        "name": "Sweet & Smokys",
        "outdoor_seating": "no",
        "phone": "+44 7541 225364",
        "website": "https://sweetandsmokys.com/"
      },
      "geometry": {
        "type": "Polygon",
        "coordinates": [
          [
            [
              -1.7417176,
              53.7476534
            ],
            [
              -1.7417056,
              53.7476098
            ],
            [
              -1.7415612,
              53.7475813
            ],
            [
              -1.7415371,
              53.747616
            ],
            [
              -1.7417176,
              53.7476534
            ]
          ]
        ]
      },
      "id": "way/229908842"
    },
    {
      "type": "Feature",
      "properties": {
        "@id": "way/231020441",
        "addr:housename": "Pinto's",
        "addr:housenumber": "3",
        "addr:postcode": "M25 1AS",
        "addr:street": "Fairfax Road",
        "amenity": "cafe",
        "building": "yes",
        "cuisine": "sandwich",
        "fhrs:id": "107512",
        "name": "Pinto's",
        "ref:GB:uprn": "10003116786;10003116785;10003116784;10003116783;100012688896",
        "source:addr:postcode": "FHRS Open Data"
      },
      "geometry": {
        "type": "Polygon",
        "coordinates": [
          [
            [
              -2.2852041,
              53.5338527
            ],
            [
              -2.2851221,
              53.5338715
            ],
            [
              -2.2852077,
              53.5340031
            ],
            [
              -2.2852333,
              53.5340416
            ],
            [
              -2.2852968,
              53.5340269
            ],
            [
              -2.2852401,
              53.5339403
            ],
            [
              -2.2852587,
              53.533936
            ],
            [
              -2.2852041,
              53.5338527
            ]
          ]
        ]
      },
      "id": "way/231020441"
    },
    {
      "type": "Feature",
      "properties": {
        "@id": "way/231254063",
        "amenity": "cafe",
        "building": "yes",
        "ref:GB:uprn": "10023759981"
      },
      "geometry": {
        "type": "Polygon",
        "coordinates": [
          [
            [
              -2.2431973,
              53.7900297
            ],
            [
              -2.2430878,
              53.7900144
            ],
            [
              -2.2430239,
              53.7900282
            ],
            [
              -2.2429751,
              53.7900574
            ],
            [
              -2.2429513,
              53.7901048
            ],
            [
              -2.2429678,
              53.7901481
            ],
            [
              -2.2430206,
              53.7901837
            ],
            [
              -2.2430994,
              53.7901995
            ],
            [
              -2.2431899,
              53.7901863
            ],
            [
              -2.2432452,
              53.7901531
            ],
            [
              -2.2432623,
              53.790086
            ],
            [
              -2.2431973,
              53.7900297
            ]
          ]
        ]
      },
      "id": "way/231254063"
    },
    {
      "type": "Feature",
      "properties": {
        "@id": "way/231542568",
        "addr:city": "Matlock",
        "addr:housenumber": "16-18",
        "addr:postcode": "DE4 3NF",
        "addr:street": "Bank Road",
        "amenity": "cafe",
        "building": "yes",
        "check_date": "2025-02-14",
        "fhrs:id": "1761833",
        "name": "Sourdough Dave",
        "ref:GB:uprn": "10070102941;10010336005",
        "shop": "bakery",
        "website": "https://www.sourdoughdave.co.uk/"
      },
      "geometry": {
        "type": "Polygon",
        "coordinates": [
          [
            [
              -1.5541855,
              53.139117
            ],
            [
              -1.5542915,
              53.1390334
            ],
            [
              -1.5542915,
              53.1390109
            ],
            [
              -1.5542512,
              53.1389916
            ],
            [
              -1.5541897,
              53.138998
            ],
            [
              -1.5541498,
              53.1389833
            ],
            [
              -1.554132,
              53.1389975
            ],
            [
              -1.5540684,
              53.138997
            ],
            [
              -1.554022,
              53.1390277
            ],
            [
              -1.5540666,
              53.1390503
            ],
            [
              -1.5540558,
              53.1390584
            ],
            [
              -1.5541855,
              53.139117
            ]
          ]
        ]
      },
      "id": "way/231542568"
    },
    {
      "type": "Feature",
      "properties": {
        "@id": "way/231803517",
        "amenity": "cafe",
        "brand": "Coral",
        "building": "yes",
        "check_date:opening_hours": "2025-10-23",
        "cuisine": "coffee_shop",
        "name": "Leoni's Deli Bar",
        "opening_hours:signed": "no"
      },
      "geometry": {
        "type": "Polygon",
        "coordinates": [
          [
            [
              -2.1840297,
              53.4229664
            ],
            [
              -2.184135,
              53.4230475
            ],
            [
              -2.1841889,
              53.4230199
            ],
            [
              -2.1840834,
              53.4229396
            ],
            [
              -2.1840297,
              53.4229664
            ]
          ]
        ]
      },
      "id": "way/231803517"
    },
    {
      "type": "Feature",
      "properties": {
        "@id": "way/231833087",
        "addr:city": "Stockport",
        "addr:housenumber": "15",
        "addr:postcode": "SK4 4AG",
        "addr:street": "Shaw Road",
        "amenity": "cafe",
        "building": "yes",
        "cuisine": "coffee_shop",
        "fhrs:id": "1767849",
        "name": "Stomping Ground Coffee",
        "opening_hours": "Mo-Su 09:00-17:00",
        "outdoor_seating": "yes",
        "phone": "+44 7917 717769",
        "website": "https://www.facebook.com/SGCmcr/"
      },
      "geometry": {
        "type": "Polygon",
        "coordinates": [
          [
            [
              -2.1850216,
              53.4231383
            ],
            [
              -2.1851126,
              53.4230695
            ],
            [
              -2.1850479,
              53.4230391
            ],
            [
              -2.1849569,
              53.423108
            ],
            [
              -2.1850216,
              53.4231383
            ]
          ]
        ]
      },
      "id": "way/231833087"
    },
    {
      "type": "Feature",
      "properties": {
        "@id": "way/231833094",
        "addr:city": "Stockport",
        "addr:housenumber": "25",
        "addr:street": "Shaw Road",
        "amenity": "cafe",
        "building": "yes",
        "check_date:opening_hours": "2025-10-23",
        "cuisine": "coffee_shop",
        "name": "Art Club",
        "opening_hours:signed": "no",
        "ref:GB:uprn": "100012783017;100011519704"
      },
      "geometry": {
        "type": "Polygon",
        "coordinates": [
          [
            [
              -2.1853908,
              53.4232986
            ],
            [
              -2.1854817,
              53.4232214
            ],
            [
              -2.1854134,
              53.4231929
            ],
            [
              -2.1853226,
              53.4232701
            ],
            [
              -2.1853908,
              53.4232986
            ]
          ]
        ]
      },
      "id": "way/231833094"
    },
    {
      "type": "Feature",
      "properties": {
        "@id": "way/232923056",
        "addr:housenumber": "740",
        "addr:street": "Chesterfield Road",
        "amenity": "cafe",
        "building": "retail",
        "name": "Café O Yes"
      },
      "geometry": {
        "type": "Polygon",
        "coordinates": [
          [
            [
              -1.4781717,
              53.3430248
            ],
            [
              -1.4783205,
              53.3430226
            ],
            [
              -1.4783189,
              53.3429859
            ],
            [
              -1.4781701,
              53.3429881
            ],
            [
              -1.4781717,
              53.3430248
            ]
          ]
        ]
      },
      "id": "way/232923056"
    },
    {
      "type": "Feature",
      "properties": {
        "@id": "way/234147918",
        "addr:city": "Matlock",
        "addr:postcode": "DE4 5GH",
        "addr:street": "Long Lane",
        "addr:village": "Lea",
        "amenity": "cafe",
        "building": "yes",
        "fhrs:id": "231353",
        "name": "Lea Gardens Tea Shop"
      },
      "geometry": {
        "type": "Polygon",
        "coordinates": [
          [
            [
              -1.5180188,
              53.1106486
            ],
            [
              -1.5180054,
              53.1106122
            ],
            [
              -1.5179867,
              53.1105614
            ],
            [
              -1.5178793,
              53.1105757
            ],
            [
              -1.5178879,
              53.1105991
            ],
            [
              -1.5178398,
              53.1106055
            ],
            [
              -1.5178633,
              53.1106693
            ],
            [
              -1.5180188,
              53.1106486
            ]
          ]
        ]
      },
      "id": "way/234147918"
    },
    {
      "type": "Feature",
      "properties": {
        "@id": "way/234587611",
        "addr:city": "Sheffield",
        "addr:housenumber": "704",
        "addr:postcode": "S7 2BL",
        "addr:street": "Abbeydale Road",
        "amenity": "cafe",
        "building": "yes",
        "fhrs:id": "436659",
        "name": "Seraphins of Abbeydale"
      },
      "geometry": {
        "type": "Polygon",
        "coordinates": [
          [
            [
              -1.4877542,
              53.3519973
            ],
            [
              -1.4875416,
              53.3519254
            ],
            [
              -1.4875008,
              53.3519631
            ],
            [
              -1.4876212,
              53.3520042
            ],
            [
              -1.4876347,
              53.3519907
            ],
            [
              -1.4877312,
              53.3520187
            ],
            [
              -1.4877542,
              53.3519973
            ]
          ]
        ]
      },
      "id": "way/234587611"
    },
    {
      "type": "Feature",
      "properties": {
        "@id": "way/235098927",
        "addr:city": "Matlock",
        "addr:housename": "Wirksworth Station",
        "addr:postcode": "DE4 4FB",
        "addr:street": "Station Road",
        "addr:town": "Wirksworth",
        "amenity": "cafe",
        "building": "yes",
        "cuisine": "coffee_shop;sandwich",
        "fhrs:id": "1626459",
        "layer": "1",
        "name": "Pullman Buffet",
        "note": "Closes when last train leaves",
        "operator": "Ecclesbourne Valley Railway",
        "outdoor_seating": "yes"
      },
      "geometry": {
        "type": "Polygon",
        "coordinates": [
          [
            [
              -1.5687421,
              53.0828863
            ],
            [
              -1.5687178,
              53.0828874
            ],
            [
              -1.5686935,
              53.0828886
            ],
            [
              -1.5688484,
              53.0834232
            ],
            [
              -1.5688999,
              53.083416
            ],
            [
              -1.5688009,
              53.0830991
            ],
            [
              -1.5687421,
              53.0828863
            ]
          ]
        ]
      },
      "id": "way/235098927"
    },
    {
      "type": "Feature",
      "properties": {
        "@id": "way/237814826",
        "addr:street": "Heaton Moor Road",
        "amenity": "cafe",
        "building": "yes",
        "name": "Wargeh"
      },
      "geometry": {
        "type": "Polygon",
        "coordinates": [
          [
            [
              -2.1889316,
              53.4177764
            ],
            [
              -2.1888079,
              53.4177668
            ],
            [
              -2.1887791,
              53.4178065
            ],
            [
              -2.1889028,
              53.4178161
            ],
            [
              -2.1889316,
              53.4177764
            ]
          ]
        ]
      },
      "id": "way/237814826"
    },
    {
      "type": "Feature",
      "properties": {
        "@id": "way/237814828",
        "addr:city": "Stockport",
        "addr:housenumber": "111",
        "addr:postcode": "SK4 4HY",
        "addr:street": "Heaton Moor Road",
        "amenity": "cafe",
        "building": "yes",
        "cuisine": "coffee_shop",
        "name": "Nook",
        "outdoor_seating": "terrace",
        "ref:GB:uprn": "100011489389;100012782967",
        "smoking": "outside"
      },
      "geometry": {
        "type": "Polygon",
        "coordinates": [
          [
            [
              -2.1883344,
              53.4183255
            ],
            [
              -2.1885128,
              53.4183714
            ],
            [
              -2.1885401,
              53.4183339
            ],
            [
              -2.1883617,
              53.4182879
            ],
            [
              -2.1883344,
              53.4183255
            ]
          ]
        ]
      },
      "id": "way/237814828"
    },
    {
      "type": "Feature",
      "properties": {
        "@id": "way/237814844",
        "addr:street": "Heaton Moor Road",
        "amenity": "cafe",
        "building": "yes",
        "name": "Juniper"
      },
      "geometry": {
        "type": "Polygon",
        "coordinates": [
          [
            [
              -2.1892269,
              53.4172957
            ],
            [
              -2.1893741,
              53.4173336
            ],
            [
              -2.1894061,
              53.4172894
            ],
            [
              -2.1892589,
              53.4172515
            ],
            [
              -2.1892269,
              53.4172957
            ]
          ]
        ]
      },
      "id": "way/237814844"
    },
    {
      "type": "Feature",
      "properties": {
        "@id": "way/237814875",
        "addr:street": "Heaton Moor Road",
        "amenity": "cafe",
        "building": "yes",
        "internet_access": "wlan",
        "name": "The Easy Fish Co.",
        "shop": "seafood"
      },
      "geometry": {
        "type": "Polygon",
        "coordinates": [
          [
            [
              -2.1886928,
              53.4179256
            ],
            [
              -2.1886352,
              53.4180051
            ],
            [
              -2.1887589,
              53.4180146
            ],
            [
              -2.1888165,
              53.4179352
            ],
            [
              -2.1886928,
              53.4179256
            ]
          ]
        ]
      },
      "id": "way/237814875"
    },
    {
      "type": "Feature",
      "properties": {
        "@id": "way/238232030",
        "amenity": "cafe",
        "building": "yes",
        "name": "The Globe Cafe",
        "opening_hours": "Mo-Su 07:00-15:00"
      },
      "geometry": {
        "type": "Polygon",
        "coordinates": [
          [
            [
              -2.101975,
              53.4720291
            ],
            [
              -2.1018265,
              53.4720306
            ],
            [
              -2.1018359,
              53.4723505
            ],
            [
              -2.1019844,
              53.4723489
            ],
            [
              -2.101975,
              53.4720291
            ]
          ]
        ]
      },
      "id": "way/238232030"
    },
    {
      "type": "Feature",
      "properties": {
        "@id": "way/239255099",
        "addr:city": "Stockport",
        "addr:housename": "No 1 The Precinct",
        "addr:housenumber": "1",
        "addr:postcode": "SK6 4EA",
        "addr:street": "Oakwood Road",
        "amenity": "cafe",
        "atm": "yes",
        "building": "yes",
        "contact:website": "https://www.thecraftyvendor.co.uk/",
        "cuisine": "coffee_shop;Whisky;Wine;Craft_Ale;deli",
        "internet_access": "yes",
        "internet_access:fee": "no",
        "name": "The Crafty Vendor",
        "opening_hours": "Mo-Su 10:00-22:00",
        "outdoor_seating": "yes"
      },
      "geometry": {
        "type": "Polygon",
        "coordinates": [
          [
            [
              -2.0872325,
              53.4138115
            ],
            [
              -2.0871206,
              53.4136095
            ],
            [
              -2.0870299,
              53.4136267
            ],
            [
              -2.0871402,
              53.4138287
            ],
            [
              -2.0872325,
              53.4138115
            ]
          ]
        ]
      },
      "id": "way/239255099"
    },
    {
      "type": "Feature",
      "properties": {
        "@id": "way/240881622",
        "amenity": "cafe",
        "building": "yes",
        "name": "The Cornerstone Café"
      },
      "geometry": {
        "type": "Polygon",
        "coordinates": [
          [
            [
              -1.4087276,
              53.1907047
            ],
            [
              -1.4088614,
              53.1907071
            ],
            [
              -1.4088654,
              53.1906276
            ],
            [
              -1.4087316,
              53.1906252
            ],
            [
              -1.4087276,
              53.1907047
            ]
          ]
        ]
      },
      "id": "way/240881622"
    },
    {
      "type": "Feature",
      "properties": {
        "@id": "way/242719796",
        "addr:city": "Sheffield",
        "addr:housenumber": "116",
        "addr:postcode": "S7 1FF",
        "addr:street": "Abbeydale Road",
        "amenity": "cafe",
        "building": "yes",
        "disused:name": "Abbey Cafe",
        "fhrs:id": "505695",
        "name": "O'Keh Café",
        "source": "Bing"
      },
      "geometry": {
        "type": "Polygon",
        "coordinates": [
          [
            [
              -1.4765997,
              53.3639591
            ],
            [
              -1.4765588,
              53.3639821
            ],
            [
              -1.4766741,
              53.3640541
            ],
            [
              -1.476717,
              53.3640317
            ],
            [
              -1.4766951,
              53.3640196
            ],
            [
              -1.4765997,
              53.3639591
            ]
          ]
        ]
      },
      "id": "way/242719796"
    },
    {
      "type": "Feature",
      "properties": {
        "@id": "way/243542864",
        "amenity": "cafe",
        "building": "yes",
        "fixme": "atill open?",
        "name": "Potters Pantry",
        "source": "survey;Bing"
      },
      "geometry": {
        "type": "Polygon",
        "coordinates": [
          [
            [
              -1.4030264,
              53.1205703
            ],
            [
              -1.4031061,
              53.1206271
            ],
            [
              -1.4032106,
              53.1205745
            ],
            [
              -1.4031316,
              53.1205139
            ],
            [
              -1.4030264,
              53.1205703
            ]
          ]
        ]
      },
      "id": "way/243542864"
    },
    {
      "type": "Feature",
      "properties": {
        "@id": "way/244063925",
        "addr:housenumber": "831",
        "addr:street": "Chesterfield Road",
        "amenity": "cafe",
        "building": "retail",
        "name": "Cafe Me'n'u"
      },
      "geometry": {
        "type": "Polygon",
        "coordinates": [
          [
            [
              -1.4786998,
              53.340865
            ],
            [
              -1.4785707,
              53.3408297
            ],
            [
              -1.4785592,
              53.3408444
            ],
            [
              -1.4785099,
              53.3408307
            ],
            [
              -1.4784948,
              53.34085
            ],
            [
              -1.4786729,
              53.3408995
            ],
            [
              -1.4786998,
              53.340865
            ]
          ]
        ]
      },
      "id": "way/244063925"
    },
    {
      "type": "Feature",
      "properties": {
        "@id": "way/244705113",
        "addr:city": "Sheffield",
        "addr:housenumber": "102",
        "addr:postcode": "S3 7SF",
        "addr:street": "Devonshire Street",
        "amenity": "cafe",
        "brand": "Happy Lemon",
        "brand:wikidata": "Q109968422",
        "brand:wikipedia": "zh:快樂檸檬",
        "building:part": "retail",
        "cuisine": "bubble_tea",
        "fhrs:id": "1736511",
        "name": "Happy Lemon",
        "opening_hours": "Mo-Su 12:00-21:30",
        "outdoor_seating": "no",
        "source:addr": "FHRS Open Data",
        "takeaway": "yes",
        "website": "https://www.happy-lemon.co.uk/"
      },
      "geometry": {
        "type": "Polygon",
        "coordinates": [
          [
            [
              -1.4769868,
              53.3796607
            ],
            [
              -1.4769433,
              53.3795694
            ],
            [
              -1.4768509,
              53.3795854
            ],
            [
              -1.4768946,
              53.3796769
            ],
            [
              -1.4769708,
              53.3796635
            ],
            [
              -1.4769868,
              53.3796607
            ]
          ]
        ]
      },
      "id": "way/244705113"
    },
    {
      "type": "Feature",
      "properties": {
        "@id": "way/245392208",
        "addr:city": "Alfreton",
        "addr:housenumber": "84-86",
        "addr:postcode": "DE55 7DD",
        "addr:street": "King Street",
        "amenity": "cafe",
        "building": "yes",
        "description": "\"licensed restaurant and coffee shop\"",
        "fhrs:id": "673084",
        "name": "Louby's"
      },
      "geometry": {
        "type": "Polygon",
        "coordinates": [
          [
            [
              -1.3912142,
              53.0957844
            ],
            [
              -1.3912079,
              53.0957207
            ],
            [
              -1.3910989,
              53.0957238
            ],
            [
              -1.3911071,
              53.0957899
            ],
            [
              -1.3912142,
              53.0957844
            ]
          ]
        ]
      },
      "id": "way/245392208"
    },
    {
      "type": "Feature",
      "properties": {
        "@id": "way/246387306",
        "amenity": "cafe",
        "building": "yes",
        "description": "This building was originally the Stables where the family's horses and carriages wee kept. Now it contains the Stables Café, a learning centre, toilets and offices.",
        "name": "Heaton Park Farm Building",
        "ref:GB:uprn": "10090425104"
      },
      "geometry": {
        "type": "Polygon",
        "coordinates": [
          [
            [
              -2.2556351,
              53.5359971
            ],
            [
              -2.2551969,
              53.5360008
            ],
            [
              -2.2552189,
              53.5364879
            ],
            [
              -2.2554361,
              53.536483
            ],
            [
              -2.2554324,
              53.5364189
            ],
            [
              -2.2554168,
              53.5360627
            ],
            [
              -2.2556368,
              53.5360601
            ],
            [
              -2.2556351,
              53.5359971
            ]
          ]
        ]
      },
      "id": "way/246387306"
    },
    {
      "type": "Feature",
      "properties": {
        "@id": "way/247768210",
        "amenity": "cafe",
        "building": "yes",
        "name": "Bon Appetit",
        "source": "Bing;survey",
        "wheelchair": "limited"
      },
      "geometry": {
        "type": "Polygon",
        "coordinates": [
          [
            [
              -1.4146762,
              53.166863
            ],
            [
              -1.4147045,
              53.1668622
            ],
            [
              -1.4147035,
              53.1668494
            ],
            [
              -1.4146986,
              53.1667885
            ],
            [
              -1.4146695,
              53.1667893
            ],
            [
              -1.4146311,
              53.1667907
            ],
            [
              -1.4146352,
              53.166832
            ],
            [
              -1.4146381,
              53.1668642
            ],
            [
              -1.4146762,
              53.166863
            ]
          ]
        ]
      },
      "id": "way/247768210"
    },
    {
      "type": "Feature",
      "properties": {
        "@id": "way/249134767",
        "addr:city": "Chesterfield",
        "addr:country": "GB",
        "addr:postcode": "S45 0AE",
        "addr:street": "Moor Road",
        "addr:suburb": "Ashover",
        "amenity": "cafe",
        "building": "yes",
        "dog": "yes",
        "name": "Stamp",
        "wheelchair": "yes"
      },
      "geometry": {
        "type": "Polygon",
        "coordinates": [
          [
            [
              -1.4790613,
              53.1658955
            ],
            [
              -1.4791409,
              53.165968
            ],
            [
              -1.4791697,
              53.1659567
            ],
            [
              -1.4792386,
              53.16593
            ],
            [
              -1.4792109,
              53.1659043
            ],
            [
              -1.4793841,
              53.1658455
            ],
            [
              -1.4793434,
              53.1658024
            ],
            [
              -1.479166,
              53.1658627
            ],
            [
              -1.4791599,
              53.1658571
            ],
            [
              -1.4790814,
              53.1658876
            ],
            [
              -1.4790613,
              53.1658955
            ]
          ]
        ]
      },
      "id": "way/249134767"
    },
    {
      "type": "Feature",
      "properties": {
        "@id": "way/249135315",
        "amenity": "cafe",
        "building": "yes",
        "name": "Ye Old Tuck shop"
      },
      "geometry": {
        "type": "Polygon",
        "coordinates": [
          [
            [
              -1.4804309,
              53.1631682
            ],
            [
              -1.480333,
              53.1631509
            ],
            [
              -1.4803071,
              53.163203
            ],
            [
              -1.480405,
              53.16322
            ],
            [
              -1.4804309,
              53.1631682
            ]
          ]
        ]
      },
      "id": "way/249135315"
    },
    {
      "type": "Feature",
      "properties": {
        "@id": "way/255441561",
        "amenity": "cafe",
        "building": "yes",
        "name": "Kayjay's community cafe",
        "ref:GB:uprn": "100012713789;100010983168"
      },
      "geometry": {
        "type": "Polygon",
        "coordinates": [
          [
            [
              -2.2772292,
              53.5513964
            ],
            [
              -2.2772408,
              53.5513266
            ],
            [
              -2.2770948,
              53.5513178
            ],
            [
              -2.2770837,
              53.5513889
            ],
            [
              -2.2772292,
              53.5513964
            ]
          ]
        ]
      },
      "id": "way/255441561"
    },
    {
      "type": "Feature",
      "properties": {
        "@id": "way/256289533",
        "amenity": "cafe",
        "building": "yes",
        "name": "The Vines",
        "opening_hours": "Mo-Sa 09:00-17:00; Su 10:00-16:30",
        "toilets:wheelchair": "yes",
        "wheelchair": "yes"
      },
      "geometry": {
        "type": "Polygon",
        "coordinates": [
          [
            [
              -1.613551,
              53.2110519
            ],
            [
              -1.6136099,
              53.2110131
            ],
            [
              -1.6136084,
              53.210947
            ],
            [
              -1.6135981,
              53.21094
            ],
            [
              -1.6135966,
              53.2108474
            ],
            [
              -1.6134833,
              53.2108465
            ],
            [
              -1.6134156,
              53.2108016
            ],
            [
              -1.613317,
              53.2107981
            ],
            [
              -1.6132449,
              53.2108377
            ],
            [
              -1.6132434,
              53.2108977
            ],
            [
              -1.6133906,
              53.2109805
            ],
            [
              -1.6133906,
              53.2110193
            ],
            [
              -1.6134568,
              53.2110519
            ],
            [
              -1.613551,
              53.2110519
            ]
          ]
        ]
      },
      "id": "way/256289533"
    },
    {
      "type": "Feature",
      "properties": {
        "@id": "way/257101283",
        "addr:city": "Sheffield",
        "addr:housename": "St Paul's Place",
        "addr:housenumber": "121",
        "addr:postcode": "S1 2JX",
        "addr:street": "Norfolk Street",
        "addr:unit": "2a",
        "amenity": "cafe",
        "brand": "Caffè Nero",
        "brand:wikidata": "Q675808",
        "brand:wikipedia": "en:Caffè Nero",
        "check_date": "2024-08-22",
        "cuisine": "coffee_shop",
        "fhrs:id": "436454",
        "name": "Caffè Nero",
        "opening_hours": "Mo-Sa 07:00-20:30; Su 08:00-19:30",
        "source:addr": "FHRS Open Data",
        "takeaway": "yes",
        "website": "https://www.caffenero.com/uk/stores/sheffield-st-pauls"
      },
      "geometry": {
        "type": "Polygon",
        "coordinates": [
          [
            [
              -1.4690222,
              53.3793466
            ],
            [
              -1.4689266,
              53.3794459
            ],
            [
              -1.4688444,
              53.3795326
            ],
            [
              -1.4691954,
              53.3795595
            ],
            [
              -1.4693037,
              53.379446
            ],
            [
              -1.4690222,
              53.3793466
            ]
          ]
        ]
      },
      "id": "way/257101283"
    },
    {
      "type": "Feature",
      "properties": {
        "@id": "way/259100778",
        "addr:city": "Sheffield",
        "addr:housenumber": "11-17",
        "addr:postcode": "S1 4GE",
        "addr:street": "Division Street",
        "addr:unit": "1",
        "amenity": "cafe",
        "brand": "Caffè Nero",
        "brand:wikidata": "Q675808",
        "brand:wikipedia": "en:Caffè Nero",
        "building:part": "yes",
        "check_date": "2024-08-22",
        "cuisine": "coffee_shop",
        "fhrs:id": "696821",
        "internet_access": "yes",
        "internet_access:fee": "no",
        "name": "Caffè Nero",
        "opening_hours": "Mo-Fr 07:00-18:30, Sa 07:30-18:30, Su 08:30-18:00",
        "takeaway": "yes",
        "website": "https://www.caffenero.com/uk/stores/sheffield-division-st"
      },
      "geometry": {
        "type": "Polygon",
        "coordinates": [
          [
            [
              -1.4730157,
              53.3801391
            ],
            [
              -1.473138,
              53.380119
            ],
            [
              -1.4730491,
              53.3799272
            ],
            [
              -1.4729255,
              53.3799476
            ],
            [
              -1.4729391,
              53.379977
            ],
            [
              -1.4730157,
              53.3801391
            ]
          ]
        ]
      },
      "id": "way/259100778"
    },
    {
      "type": "Feature",
      "properties": {
        "@id": "way/263726739",
        "amenity": "cafe",
        "building": "yes",
        "name": "Bakes and Butties"
      },
      "geometry": {
        "type": "Polygon",
        "coordinates": [
          [
            [
              -1.4044152,
              53.1706352
            ],
            [
              -1.4044795,
              53.1705902
            ],
            [
              -1.4044125,
              53.1705548
            ],
            [
              -1.4044366,
              53.1705419
            ],
            [
              -1.4043374,
              53.1704857
            ],
            [
              -1.4042355,
              53.1705468
            ],
            [
              -1.4044152,
              53.1706352
            ]
          ]
        ]
      },
      "id": "way/263726739"
    },
    {
      "type": "Feature",
      "properties": {
        "@id": "way/267864052",
        "addr:city": "Chesterfield",
        "addr:postcode": "S41 7EW",
        "addr:street": "Lockoford Road",
        "amenity": "cafe",
        "brand": "Costa",
        "brand:wikidata": "Q608845",
        "brand:wikipedia": "en:Costa Coffee",
        "building": "yes",
        "cuisine": "coffee_shop",
        "drive_through": "no",
        "fhrs:id": "623639",
        "name": "Costa",
        "ref:GB:uprn": "74085418",
        "source": "EsriWorldImagery",
        "takeaway": "yes"
      },
      "geometry": {
        "type": "Polygon",
        "coordinates": [
          [
            [
              -1.4264684,
              53.2512025
            ],
            [
              -1.4265269,
              53.2511115
            ],
            [
              -1.4262816,
              53.251055
            ],
            [
              -1.4262231,
              53.251146
            ],
            [
              -1.4264684,
              53.2512025
            ]
          ]
        ]
      },
      "id": "way/267864052"
    },
    {
      "type": "Feature",
      "properties": {
        "@id": "way/271028044",
        "addr:city": "Chesterfield",
        "addr:postcode": "S40 1AZ",
        "addr:street": "West Bars",
        "amenity": "cafe",
        "building": "yes",
        "fhrs:id": "1578642",
        "name": "The Compass",
        "ref:GB:uprn": "74085120",
        "source:addr": "FHRS Open Data"
      },
      "geometry": {
        "type": "Polygon",
        "coordinates": [
          [
            [
              -1.4358424,
              53.2357915
            ],
            [
              -1.4357364,
              53.2357861
            ],
            [
              -1.435724,
              53.2358745
            ],
            [
              -1.4358259,
              53.2358796
            ],
            [
              -1.4358424,
              53.2357915
            ]
          ]
        ]
      },
      "id": "way/271028044"
    },
    {
      "type": "Feature",
      "properties": {
        "@id": "way/273169943",
        "addr:city": "Halifax",
        "addr:country": "GB",
        "addr:housenumber": "1",
        "addr:postcode": "HX1 1RU",
        "addr:street": "Woolshops",
        "amenity": "cafe",
        "building": "yes",
        "cuisine": "coffee_shop",
        "fhrs:id": "347017",
        "name": "Coffe Cali",
        "ref:GB:uprn": "10006731003",
        "source:addr": "FHRS Open Data",
        "wikidata": "Q17542842"
      },
      "geometry": {
        "type": "Polygon",
        "coordinates": [
          [
            [
              -1.8592285,
              53.723462
            ],
            [
              -1.8591839,
              53.7233976
            ],
            [
              -1.8590273,
              53.7234259
            ],
            [
              -1.8590455,
              53.723501
            ],
            [
              -1.8592285,
              53.723462
            ]
          ]
        ]
      },
      "id": "way/273169943"
    },
    {
      "type": "Feature",
      "properties": {
        "@id": "way/274510650",
        "addr:housenumber": "37",
        "addr:postcode": "SK6 8DR",
        "addr:street": "Buxton Road",
        "amenity": "cafe",
        "building": "yes",
        "fhrs:id": "697008",
        "name": "Blueberries",
        "ref:GB:uprn": "10009674082;10009672786",
        "source:name": "FHRS Open Data;Mapillary"
      },
      "geometry": {
        "type": "Polygon",
        "coordinates": [
          [
            [
              -2.0750874,
              53.3648605
            ],
            [
              -2.0750109,
              53.3649537
            ],
            [
              -2.0750893,
              53.3649766
            ],
            [
              -2.0751658,
              53.3648834
            ],
            [
              -2.0750874,
              53.3648605
            ]
          ]
        ]
      },
      "id": "way/274510650"
    },
    {
      "type": "Feature",
      "properties": {
        "@id": "way/274598111",
        "addr:city": "Sheffield",
        "addr:housename": "Heeley Retail Park",
        "addr:postcode": "S8 0RG",
        "addr:street": "Chesterfield Road",
        "amenity": "cafe",
        "brand": "Costa",
        "brand:wikidata": "Q608845",
        "brand:wikipedia": "en:Costa Coffee",
        "building": "yes",
        "cuisine": "coffee_shop",
        "diet:vegetarian": "no",
        "fhrs:id": "907539",
        "name": "Costa",
        "opening_hours": "Mo-Fr 07:00-20:00, Sa 07:00-19:30, Su 08:00-18:00",
        "payment:cash": "yes",
        "ref:GB:uprn": "10090617083",
        "takeaway": "yes",
        "wheelchair": "yes"
      },
      "geometry": {
        "type": "Polygon",
        "coordinates": [
          [
            [
              -1.4780667,
              53.3566055
            ],
            [
              -1.4780203,
              53.3566317
            ],
            [
              -1.4779268,
              53.3566846
            ],
            [
              -1.4780654,
              53.3567719
            ],
            [
              -1.4781667,
              53.3567768
            ],
            [
              -1.4782573,
              53.3567255
            ],
            [
              -1.4780667,
              53.3566055
            ]
          ]
        ]
      },
      "id": "way/274598111"
    },
    {
      "type": "Feature",
      "properties": {
        "@id": "way/275352344",
        "addr:city": "Sheffield",
        "addr:country": "GB",
        "addr:housenumber": "3-3A",
        "addr:postcode": "S36 6AR",
        "addr:street": "Church Street",
        "addr:town": "Penistone",
        "amenity": "cafe",
        "building": "yes",
        "internet_access": "wlan",
        "name": "The Arthouse Cafe",
        "owner": "Penistone Grammar School Foundation",
        "ref:GB:uprn": "2007011435;100050683973;100050683974"
      },
      "geometry": {
        "type": "Polygon",
        "coordinates": [
          [
            [
              -1.6299236,
              53.5263747
            ],
            [
              -1.6299221,
              53.5262897
            ],
            [
              -1.6298061,
              53.526291
            ],
            [
              -1.6298082,
              53.5263755
            ],
            [
              -1.6299236,
              53.5263747
            ]
          ]
        ]
      },
      "id": "way/275352344"
    },
    {
      "type": "Feature",
      "properties": {
        "@id": "way/275353325",
        "addr:city": "Sheffield",
        "addr:country": "GB",
        "addr:housenumber": "22",
        "addr:postcode": "S36 6BZ",
        "addr:street": "Market Street",
        "addr:town": "Penistone",
        "amenity": "cafe",
        "building": "yes",
        "cuisine": "coffee_shop",
        "level": "0",
        "name": "Holme Coffee House"
      },
      "geometry": {
        "type": "Polygon",
        "coordinates": [
          [
            [
              -1.6312522,
              53.5253981
            ],
            [
              -1.6312522,
              53.525354
            ],
            [
              -1.6312156,
              53.5253535
            ],
            [
              -1.6310643,
              53.5253516
            ],
            [
              -1.6310663,
              53.5253945
            ],
            [
              -1.6312522,
              53.5253981
            ]
          ]
        ]
      },
      "id": "way/275353325"
    },
    {
      "type": "Feature",
      "properties": {
        "@id": "way/275434961",
        "addr:city": "Sheffield",
        "addr:country": "GB",
        "addr:housenumber": "9",
        "addr:postcode": "S36 6BR",
        "addr:street": "High Street",
        "addr:town": "Penistone",
        "amenity": "cafe",
        "building": "yes",
        "building:levels": "3",
        "name": "Cafe Creme",
        "opening_hours": "Mo-Sa 09:00-17:00",
        "phone": "+44 1226 766118",
        "website": "https://www.thecafecreme.co.uk"
      },
      "geometry": {
        "type": "Polygon",
        "coordinates": [
          [
            [
              -1.6307965,
              53.5249847
            ],
            [
              -1.6307951,
              53.5249409
            ],
            [
              -1.6305482,
              53.5249436
            ],
            [
              -1.6305495,
              53.5249874
            ],
            [
              -1.6307965,
              53.5249847
            ]
          ]
        ]
      },
      "id": "way/275434961"
    },
    {
      "type": "Feature",
      "properties": {
        "@id": "way/275806210",
        "addr:city": "Sheffield",
        "addr:housenumber": "65,67",
        "addr:postcode": "S1 4PF",
        "addr:street": "The Moor",
        "amenity": "cafe",
        "brand": "Costa",
        "brand:wikidata": "Q608845",
        "brand:wikipedia": "en:Costa Coffee",
        "building": "yes",
        "cuisine": "coffee_shop",
        "diet:vegetarian": "yes",
        "fhrs:id": "942635",
        "name": "Costa",
        "source:addr": "FHRS Open Data",
        "takeaway": "yes"
      },
      "geometry": {
        "type": "Polygon",
        "coordinates": [
          [
            [
              -1.4728496,
              53.3763354
            ],
            [
              -1.4729189,
              53.3763594
            ],
            [
              -1.473087,
              53.3764147
            ],
            [
              -1.473171,
              53.3763265
            ],
            [
              -1.4729313,
              53.3762474
            ],
            [
              -1.4728496,
              53.3763354
            ]
          ]
        ]
      },
      "id": "way/275806210"
    },
    {
      "type": "Feature",
      "properties": {
        "@id": "way/276093427",
        "addr:city": "Sheffield",
        "addr:postcode": "S36 4GY",
        "amenity": "cafe",
        "building": "yes",
        "building:colour": "polka_dots",
        "name": "Bank View Cafe",
        "ref:GB:uprn": "10032788352;2007007492"
      },
      "geometry": {
        "type": "Polygon",
        "coordinates": [
          [
            [
              -1.6806531,
              53.5007028
            ],
            [
              -1.6806494,
              53.5006189
            ],
            [
              -1.6804455,
              53.500622
            ],
            [
              -1.6804491,
              53.5007059
            ],
            [
              -1.6806531,
              53.5007028
            ]
          ]
        ]
      },
      "id": "way/276093427"
    },
    {
      "type": "Feature",
      "properties": {
        "@id": "way/276462040",
        "addr:city": "Sheffield",
        "addr:country": "GB",
        "addr:housenumber": "121",
        "addr:postcode": "S36 6HJ",
        "addr:street": "Sheffield Road",
        "addr:town": "Penistone",
        "amenity": "cafe",
        "building": "yes",
        "name": "Cafe 121",
        "ref:GB:uprn": "100050687127;2007007829"
      },
      "geometry": {
        "type": "Polygon",
        "coordinates": [
          [
            [
              -1.6130827,
              53.5220792
            ],
            [
              -1.6130532,
              53.5220592
            ],
            [
              -1.6129617,
              53.5221044
            ],
            [
              -1.6128853,
              53.5221417
            ],
            [
              -1.6128851,
              53.522142
            ],
            [
              -1.6129341,
              53.5221778
            ],
            [
              -1.6130375,
              53.5221245
            ],
            [
              -1.6130811,
              53.522102
            ],
            [
              -1.6130827,
              53.5220792
            ]
          ]
        ]
      },
      "id": "way/276462040"
    },
    {
      "type": "Feature",
      "properties": {
        "@id": "way/277588247",
        "amenity": "cafe",
        "building": "yes",
        "name": "The Buffet",
        "ref:GB:uprn": "10010348049",
        "usage": "tourism",
        "website": "https://www.peakrail.co.uk/rowsleysouthstation/"
      },
      "geometry": {
        "type": "Polygon",
        "coordinates": [
          [
            [
              -1.6094795,
              53.1745087
            ],
            [
              -1.6095292,
              53.1745056
            ],
            [
              -1.6095329,
              53.1745268
            ],
            [
              -1.6095995,
              53.1745227
            ],
            [
              -1.6095802,
              53.1744103
            ],
            [
              -1.6094638,
              53.1744175
            ],
            [
              -1.6094795,
              53.1745087
            ]
          ]
        ]
      },
      "id": "way/277588247"
    },
    {
      "type": "Feature",
      "properties": {
        "@id": "way/277588250",
        "amenity": "cafe",
        "building": "yes"
      },
      "geometry": {
        "type": "Polygon",
        "coordinates": [
          [
            [
              -1.6102377,
              53.1757827
            ],
            [
              -1.6102047,
              53.1758436
            ],
            [
              -1.6102436,
              53.1758512
            ],
            [
              -1.6102766,
              53.1757903
            ],
            [
              -1.6102377,
              53.1757827
            ]
          ]
        ]
      },
      "id": "way/277588250"
    },
    {
      "type": "Feature",
      "properties": {
        "@id": "way/278428791",
        "addr:city": "Chesterfield",
        "addr:housenumber": "34",
        "addr:postcode": "S41 0JA",
        "addr:street": "Mansfield Road",
        "amenity": "cafe",
        "building": "yes",
        "contact:instagram": "https://www.instagram.com/masonscoffeehouse",
        "contact:phone": "+44 1246 731792",
        "description": "local coffee shop",
        "fhrs:id": "1173983",
        "name": "Mason's Coffee House",
        "outdoor_seating": "yes",
        "payment:cash": "yes",
        "payment:debit_cards": "yes",
        "source:addr": "FHRS Open Data"
      },
      "geometry": {
        "type": "Polygon",
        "coordinates": [
          [
            [
              -1.4071805,
              53.2203061
            ],
            [
              -1.4070967,
              53.2203683
            ],
            [
              -1.4072397,
              53.2204378
            ],
            [
              -1.4073235,
              53.2203756
            ],
            [
              -1.4071805,
              53.2203061
            ]
          ]
        ]
      },
      "id": "way/278428791"
    },
    {
      "type": "Feature",
      "properties": {
        "@id": "way/278430978",
        "addr:city": "Chesterfield",
        "addr:housenumber": "16",
        "addr:postcode": "S41 0JA",
        "addr:street": "Mansfield Road",
        "amenity": "cafe",
        "building": "yes",
        "fhrs:id": "214884",
        "name": "Blue Star Cafe",
        "source:addr": "FHRS Open Data"
      },
      "geometry": {
        "type": "Polygon",
        "coordinates": [
          [
            [
              -1.4077811,
              53.2206499
            ],
            [
              -1.4077423,
              53.2206309
            ],
            [
              -1.4076748,
              53.2206875
            ],
            [
              -1.4077098,
              53.2207042
            ],
            [
              -1.4077811,
              53.2206499
            ]
          ]
        ]
      },
      "id": "way/278430978"
    },
    {
      "type": "Feature",
      "properties": {
        "@id": "way/278491031",
        "amenity": "cafe",
        "building": "shed",
        "name": "Container 616"
      },
      "geometry": {
        "type": "Polygon",
        "coordinates": [
          [
            [
              -1.5084301,
              53.4884235
            ],
            [
              -1.5084281,
              53.4883939
            ],
            [
              -1.5083936,
              53.4883939
            ],
            [
              -1.5083936,
              53.4883655
            ],
            [
              -1.508235,
              53.4883679
            ],
            [
              -1.5082401,
              53.4884072
            ],
            [
              -1.5083824,
              53.4884054
            ],
            [
              -1.5083834,
              53.4884235
            ],
            [
              -1.5084301,
              53.4884235
            ]
          ]
        ]
      },
      "id": "way/278491031"
    },
    {
      "type": "Feature",
      "properties": {
        "@id": "way/282754875",
        "addr:city": "Macclesfield",
        "addr:postcode": "SK11 9PE",
        "addr:street": "Chelford Road",
        "amenity": "cafe",
        "building": "yes",
        "fhrs:id": "891256",
        "name": "Flora Tea Rooms",
        "ref:GB:uprn": "10007955218",
        "source": "Bing",
        "source:addr": "FHRS Open Data"
      },
      "geometry": {
        "type": "Polygon",
        "coordinates": [
          [
            [
              -2.1836481,
              53.2598207
            ],
            [
              -2.1836696,
              53.2597277
            ],
            [
              -2.1834657,
              53.2597104
            ],
            [
              -2.183455,
              53.2597602
            ],
            [
              -2.1835194,
              53.2597646
            ],
            [
              -2.1835113,
              53.2598079
            ],
            [
              -2.1836481,
              53.2598207
            ]
          ]
        ]
      },
      "id": "way/282754875"
    },
    {
      "type": "Feature",
      "properties": {
        "@id": "way/284881085",
        "amenity": "cafe",
        "building": "yes",
        "name": "Gabriel's Café",
        "ref:GB:uprn": "100051350889"
      },
      "geometry": {
        "type": "Polygon",
        "coordinates": [
          [
            [
              -1.9042524,
              53.7101711
            ],
            [
              -1.9044044,
              53.7101452
            ],
            [
              -1.9043796,
              53.710094
            ],
            [
              -1.9042275,
              53.7101199
            ],
            [
              -1.9042524,
              53.7101711
            ]
          ]
        ]
      },
      "id": "way/284881085"
    },
    {
      "type": "Feature",
      "properties": {
        "@id": "way/286735027",
        "addr:city": "Sheffield",
        "addr:housenumber": "20",
        "addr:postcode": "S1 2PA",
        "addr:street": "Norfolk Row",
        "amenity": "cafe",
        "building": "yes",
        "cuisine": "coffee_shop",
        "name": "2323",
        "opening_hours": "Tu-Sa 08:00-17:00; Su 08:00-16:00",
        "toilets": "yes",
        "toilets:access": "customers",
        "website": "https://www.instagram.com/2323coffee/"
      },
      "geometry": {
        "type": "Polygon",
        "coordinates": [
          [
            [
              -1.4684426,
              53.3811349
            ],
            [
              -1.4685329,
              53.3809954
            ],
            [
              -1.4684522,
              53.380992
            ],
            [
              -1.4684397,
              53.3809916
            ],
            [
              -1.4683869,
              53.3810741
            ],
            [
              -1.4683591,
              53.3811157
            ],
            [
              -1.4684426,
              53.3811349
            ]
          ]
        ]
      },
      "id": "way/286735027"
    },
    {
      "type": "Feature",
      "properties": {
        "@id": "way/289468539",
        "addr:postcode": "SK12 1TH",
        "addr:street": "Lyme Road",
        "amenity": "cafe",
        "building": "yes",
        "fhrs:id": "890673",
        "name": "Bailey's Trading Post",
        "ref:GB:uprn": "10094314923;200001901909",
        "shop": "gift",
        "website": "https://www.baileystradingpost.co.uk/"
      },
      "geometry": {
        "type": "Polygon",
        "coordinates": [
          [
            [
              -2.083987,
              53.3463959
            ],
            [
              -2.0839201,
              53.3463365
            ],
            [
              -2.0838158,
              53.3463783
            ],
            [
              -2.0838828,
              53.3464378
            ],
            [
              -2.083987,
              53.3463959
            ]
          ]
        ]
      },
      "id": "way/289468539"
    },
    {
      "type": "Feature",
      "properties": {
        "@id": "way/291448084",
        "addr:city": "Matlock",
        "addr:housenumber": "11",
        "addr:postcode": "DE4 4FB",
        "addr:street": "Coldwell Street",
        "addr:town": "Wirksworth",
        "amenity": "cafe",
        "building": "yes",
        "check_date:opening_hours": "2025-11-23",
        "contact:facebook": "https://www.facebook.com/LittleRedSandwichStop/",
        "fhrs:id": "1845326",
        "name": "Little Red Sandwich Stop",
        "old_name": "May's Tea Room",
        "opening_hours:signed": "no"
      },
      "geometry": {
        "type": "Polygon",
        "coordinates": [
          [
            [
              -1.5725031,
              53.082794
            ],
            [
              -1.572503,
              53.0828402
            ],
            [
              -1.5726245,
              53.0828403
            ],
            [
              -1.5726294,
              53.0828403
            ],
            [
              -1.5726295,
              53.082837
            ],
            [
              -1.5726295,
              53.0828183
            ],
            [
              -1.5726296,
              53.0827941
            ],
            [
              -1.5725031,
              53.082794
            ]
          ]
        ]
      },
      "id": "way/291448084"
    },
    {
      "type": "Feature",
      "properties": {
        "@id": "way/295251917",
        "amenity": "cafe",
        "building": "pub",
        "name": "Globe Canteen & Coffee",
        "opening_hours": "Mo-Fr 08:00-14:00; Sa,Su 09:00-13:00"
      },
      "geometry": {
        "type": "Polygon",
        "coordinates": [
          [
            [
              -2.101323,
              53.4714745
            ],
            [
              -2.1011943,
              53.4715351
            ],
            [
              -2.1011621,
              53.4715096
            ],
            [
              -2.1010816,
              53.4715479
            ],
            [
              -2.1012694,
              53.4716724
            ],
            [
              -2.1014517,
              53.4715958
            ],
            [
              -2.101323,
              53.4714745
            ]
          ]
        ]
      },
      "id": "way/295251917"
    },
    {
      "type": "Feature",
      "properties": {
        "@id": "way/303470846",
        "addr:city": "Chesterfield",
        "addr:housenumber": "4a",
        "addr:postcode": "S40 1QR",
        "addr:street": "New Beetwell Street",
        "amenity": "cafe",
        "building": "yes",
        "cafe": "board_game",
        "check_date": "2025-04-25",
        "cuisine": "coffee_shop",
        "email": "contact@boardandbean.co.uk",
        "fhrs:id": "1774371",
        "name": "Board & Bean",
        "old_name": "H & F Vintage Tearoom",
        "source:addr": "FHRS Open Data",
        "website": "https://boardandbean.co.uk/"
      },
      "geometry": {
        "type": "Polygon",
        "coordinates": [
          [
            [
              -1.4282682,
              53.2340884
            ],
            [
              -1.428072,
              53.2340623
            ],
            [
              -1.4280535,
              53.2341329
            ],
            [
              -1.4282583,
              53.2341613
            ],
            [
              -1.4282682,
              53.2340884
            ]
          ]
        ]
      },
      "id": "way/303470846"
    },
    {
      "type": "Feature",
      "properties": {
        "@id": "way/305717020",
        "addr:city": "Leeds",
        "addr:housenumber": "193",
        "addr:postcode": "LS16 5BQ",
        "addr:street": "Butcher Hill",
        "addr:suburb": "West Park",
        "amenity": "cafe",
        "building": "yes",
        "fhrs:id": "486661",
        "name": "Roy's Rolls"
      },
      "geometry": {
        "type": "Polygon",
        "coordinates": [
          [
            [
              -1.6042672,
              53.8332575
            ],
            [
              -1.6043676,
              53.8332852
            ],
            [
              -1.604389,
              53.8332524
            ],
            [
              -1.6043783,
              53.8332209
            ],
            [
              -1.6043377,
              53.833197
            ],
            [
              -1.6042928,
              53.8331881
            ],
            [
              -1.6042676,
              53.8331881
            ],
            [
              -1.6042672,
              53.8332575
            ]
          ]
        ]
      },
      "id": "way/305717020"
    },
    {
      "type": "Feature",
      "properties": {
        "@id": "way/307627354",
        "addr:housenumber": "75",
        "addr:postcode": "M33 7YF",
        "addr:street": "School Road",
        "amenity": "cafe",
        "brand": "Costa",
        "brand:wikidata": "Q608845",
        "brand:wikipedia": "en:Costa Coffee",
        "building": "yes",
        "cuisine": "coffee_shop",
        "fhrs:id": "1013258",
        "internet_access": "yes",
        "name": "Costa",
        "ref:GB:uprn": "10070460012;10070447261",
        "takeaway": "yes",
        "wheelchair": "yes"
      },
      "geometry": {
        "type": "Polygon",
        "coordinates": [
          [
            [
              -2.3241704,
              53.4254057
            ],
            [
              -2.3243086,
              53.4252804
            ],
            [
              -2.3241783,
              53.4252651
            ],
            [
              -2.3240507,
              53.4253831
            ],
            [
              -2.3241704,
              53.4254057
            ]
          ]
        ]
      },
      "id": "way/307627354"
    },
    {
      "type": "Feature",
      "properties": {
        "@id": "way/307809020",
        "addr:city": "Manchester",
        "addr:place": "Wythenshawe Park",
        "addr:postcode": "M23 0AB",
        "addr:street": "Wythenshawe Road",
        "amenity": "cafe",
        "area": "yes",
        "building": "yes",
        "cuisine": "cake",
        "fhrs:id": "1193365",
        "name": "The Courtyard",
        "opening_hours": "Mo-Su 09:30-16:00",
        "outdoor_seating": "yes",
        "source:addr": "kassenzettel+fhrs opendata"
      },
      "geometry": {
        "type": "Polygon",
        "coordinates": [
          [
            [
              -2.2791083,
              53.4049082
            ],
            [
              -2.279596,
              53.4050021
            ],
            [
              -2.2797713,
              53.4046785
            ],
            [
              -2.279651,
              53.4046554
            ],
            [
              -2.2795135,
              53.4049091
            ],
            [
              -2.2794795,
              53.4049026
            ],
            [
              -2.2792539,
              53.4048591
            ],
            [
              -2.2792933,
              53.4047865
            ],
            [
              -2.27934,
              53.4047003
            ],
            [
              -2.2795215,
              53.4047353
            ],
            [
              -2.2795704,
              53.4046451
            ],
            [
              -2.2792811,
              53.4045894
            ],
            [
              -2.2791083,
              53.4049082
            ]
          ]
        ]
      },
      "id": "way/307809020"
    },
    {
      "type": "Feature",
      "properties": {
        "@id": "way/307871931",
        "addr:city": "Barnsley",
        "addr:postcode": "S70 2NW",
        "addr:street": "Summer Lane",
        "amenity": "cafe",
        "building": "yes",
        "name": "JJ's Cafe",
        "ref:GB:uprn": "2007004747"
      },
      "geometry": {
        "type": "Polygon",
        "coordinates": [
          [
            [
              -1.4900452,
              53.5542302
            ],
            [
              -1.49002,
              53.5542067
            ],
            [
              -1.4898966,
              53.5542382
            ],
            [
              -1.4899315,
              53.5542692
            ],
            [
              -1.4900452,
              53.5542302
            ]
          ]
        ]
      },
      "id": "way/307871931"
    },
    {
      "type": "Feature",
      "properties": {
        "@id": "way/308435114",
        "addr:city": "Wakefield",
        "addr:housenumber": "671",
        "addr:postcode": "WF2 6QG",
        "addr:street": "Barnsley Road",
        "amenity": "cafe",
        "building": "commercial",
        "fhrs:id": "616484",
        "name": "Lakeside",
        "ref:GB:uprn": "63007004"
      },
      "geometry": {
        "type": "Polygon",
        "coordinates": [
          [
            [
              -1.4975245,
              53.6383429
            ],
            [
              -1.4973781,
              53.6383846
            ],
            [
              -1.4974786,
              53.6385085
            ],
            [
              -1.4975694,
              53.6384827
            ],
            [
              -1.4975085,
              53.6384076
            ],
            [
              -1.4975641,
              53.6383917
            ],
            [
              -1.4975245,
              53.6383429
            ]
          ]
        ]
      },
      "id": "way/308435114"
    },
    {
      "type": "Feature",
      "properties": {
        "@id": "way/312095809",
        "addr:city": "Bury",
        "addr:postcode": "BL8 1DA",
        "addr:street": "Woodhill Road",
        "amenity": "cafe",
        "building": "yes",
        "fhrs:id": "1057210",
        "name": "Lamppost Cafe",
        "opening_hours:covid19": "We-Su 10:00-16:00",
        "source:addr": "FHRS Open Data"
      },
      "geometry": {
        "type": "Polygon",
        "coordinates": [
          [
            [
              -2.3054083,
              53.6099593
            ],
            [
              -2.3053347,
              53.6098635
            ],
            [
              -2.3047304,
              53.6100271
            ],
            [
              -2.3048041,
              53.6101228
            ],
            [
              -2.3054083,
              53.6099593
            ]
          ]
        ]
      },
      "id": "way/312095809"
    },
    {
      "type": "Feature",
      "properties": {
        "@id": "way/312814896",
        "addr:postcode": "ST10 3HN",
        "amenity": "cafe",
        "building": "yes",
        "cuisine": "fish_and_chips",
        "name": "Riverside Cafe",
        "old_fhrs:id": "389021",
        "source": "survey",
        "source:postcode": "FHRS Open Data"
      },
      "geometry": {
        "type": "Polygon",
        "coordinates": [
          [
            [
              -1.8816191,
              53.0510442
            ],
            [
              -1.8816523,
              53.0510025
            ],
            [
              -1.8814311,
              53.0509388
            ],
            [
              -1.8813979,
              53.0509805
            ],
            [
              -1.8816191,
              53.0510442
            ]
          ]
        ]
      },
      "id": "way/312814896"
    },
    {
      "type": "Feature",
      "properties": {
        "@id": "way/313153361",
        "addr:postcode": "SK17 8RW",
        "addr:village": "Wardlow Mires",
        "amenity": "cafe",
        "building": "yes",
        "fhrs:id": "1626143",
        "name": "The Yondermann Cafe",
        "phone": "+44 1298 873056",
        "toilets:wheelchair": "no",
        "wheelchair": "no"
      },
      "geometry": {
        "type": "Polygon",
        "coordinates": [
          [
            [
              -1.7295077,
              53.2767572
            ],
            [
              -1.7294694,
              53.2766592
            ],
            [
              -1.7291694,
              53.2766946
            ],
            [
              -1.7292143,
              53.2767916
            ],
            [
              -1.7295077,
              53.2767572
            ]
          ]
        ]
      },
      "id": "way/313153361"
    },
    {
      "type": "Feature",
      "properties": {
        "@id": "way/320426216",
        "addr:city": "Barnsley",
        "addr:housenumber": "1",
        "addr:postcode": "S70 1AL",
        "addr:street": "Pitt Street",
        "amenity": "cafe",
        "building": "yes",
        "fhrs:id": "398973",
        "name": "Olive",
        "ref:GB:uprn": "2007012596;100052110864"
      },
      "geometry": {
        "type": "Polygon",
        "coordinates": [
          [
            [
              -1.4826293,
              53.5521666
            ],
            [
              -1.4825641,
              53.5521054
            ],
            [
              -1.4825017,
              53.5521278
            ],
            [
              -1.4825949,
              53.5522404
            ],
            [
              -1.4826596,
              53.5522235
            ],
            [
              -1.4826162,
              53.552171
            ],
            [
              -1.4826293,
              53.5521666
            ]
          ]
        ]
      },
      "id": "way/320426216"
    },
    {
      "type": "Feature",
      "properties": {
        "@id": "way/320430013",
        "addr:city": "Barnsley",
        "addr:postcode": "S70 1RS",
        "amenity": "cafe",
        "building": "yes",
        "name": "Albert Street Cafe",
        "ref:GB:uprn": "100052180427"
      },
      "geometry": {
        "type": "Polygon",
        "coordinates": [
          [
            [
              -1.4805202,
              53.5514687
            ],
            [
              -1.4803831,
              53.551264
            ],
            [
              -1.4802885,
              53.5512863
            ],
            [
              -1.4804255,
              53.551491
            ],
            [
              -1.4805202,
              53.5514687
            ]
          ]
        ]
      },
      "id": "way/320430013"
    },
    {
      "type": "Feature",
      "properties": {
        "@id": "way/320430014",
        "addr:city": "Barnsley",
        "addr:postcode": "S70 1RS",
        "amenity": "cafe",
        "building": "yes",
        "name": "Albert's Diner",
        "ref:GB:uprn": "2007010639"
      },
      "geometry": {
        "type": "Polygon",
        "coordinates": [
          [
            [
              -1.4805964,
              53.5517803
            ],
            [
              -1.4806592,
              53.551769
            ],
            [
              -1.4807341,
              53.5517567
            ],
            [
              -1.4807071,
              53.5517056
            ],
            [
              -1.4806797,
              53.5516537
            ],
            [
              -1.4806474,
              53.5515926
            ],
            [
              -1.4805054,
              53.5516182
            ],
            [
              -1.4805964,
              53.5517803
            ]
          ]
        ]
      },
      "id": "way/320430014"
    },
    {
      "type": "Feature",
      "properties": {
        "@id": "way/320660885",
        "addr:city": "Barnsley",
        "addr:postcode": "S70 2EX",
        "amenity": "cafe",
        "building": "yes",
        "name": "Eastgate Diner",
        "ref:GB:uprn": "2007009988;100052111291"
      },
      "geometry": {
        "type": "Polygon",
        "coordinates": [
          [
            [
              -1.4813121,
              53.5550855
            ],
            [
              -1.4812697,
              53.5550058
            ],
            [
              -1.4811972,
              53.5550194
            ],
            [
              -1.4811854,
              53.5550216
            ],
            [
              -1.4812255,
              53.5551006
            ],
            [
              -1.4813121,
              53.5550855
            ]
          ]
        ]
      },
      "id": "way/320660885"
    },
    {
      "type": "Feature",
      "properties": {
        "@id": "way/320665275",
        "addr:city": "Barnsley",
        "addr:housenumber": "2",
        "addr:postcode": "S70 2JP",
        "addr:street": "Eldon Arcade",
        "amenity": "cafe",
        "building:part": "yes",
        "fhrs:id": "397413",
        "name": "Eldon Arcade Cafe"
      },
      "geometry": {
        "type": "Polygon",
        "coordinates": [
          [
            [
              -1.4789321,
              53.55367
            ],
            [
              -1.4789858,
              53.5536156
            ],
            [
              -1.4788292,
              53.5535658
            ],
            [
              -1.4787358,
              53.5535654
            ],
            [
              -1.4787347,
              53.5535786
            ],
            [
              -1.4787335,
              53.5536319
            ],
            [
              -1.478802,
              53.5536319
            ],
            [
              -1.4789321,
              53.55367
            ]
          ]
        ]
      },
      "id": "way/320665275"
    },
    {
      "type": "Feature",
      "properties": {
        "@id": "way/320673730",
        "amenity": "cafe",
        "building": "yes",
        "cuisine": "coffee_shop",
        "name": "Old George Coffee House"
      },
      "geometry": {
        "type": "Polygon",
        "coordinates": [
          [
            [
              -1.4815395,
              53.5534795
            ],
            [
              -1.4815166,
              53.553402
            ],
            [
              -1.4812927,
              53.5534217
            ],
            [
              -1.4813051,
              53.5534564
            ],
            [
              -1.4814049,
              53.5534495
            ],
            [
              -1.4814091,
              53.5534899
            ],
            [
              -1.4815395,
              53.5534795
            ]
          ]
        ]
      },
      "id": "way/320673730"
    },
    {
      "type": "Feature",
      "properties": {
        "@id": "way/323016543",
        "addr:city": "Stockport",
        "addr:housenumber": "2A",
        "addr:postcode": "SK7 4AA",
        "addr:street": "Commercial Road",
        "amenity": "cafe",
        "building": "yes",
        "name": "Pure Cocoa",
        "opening_hours": "Tu-Sa 09:00-16:00",
        "shop": "chocolate",
        "website": "https://www.purecocoa.co.uk"
      },
      "geometry": {
        "type": "Polygon",
        "coordinates": [
          [
            [
              -2.1233008,
              53.3820803
            ],
            [
              -2.1233973,
              53.3820387
            ],
            [
              -2.1232727,
              53.3819295
            ],
            [
              -2.123172,
              53.3819652
            ],
            [
              -2.1232287,
              53.3820158
            ],
            [
              -2.1233008,
              53.3820803
            ]
          ]
        ]
      },
      "id": "way/323016543"
    },
    {
      "type": "Feature",
      "properties": {
        "@id": "way/323057531",
        "amenity": "cafe",
        "building": "yes",
        "name": "Napoli"
      },
      "geometry": {
        "type": "Polygon",
        "coordinates": [
          [
            [
              -2.1236217,
              53.3816737
            ],
            [
              -2.1235449,
              53.3815867
            ],
            [
              -2.1233959,
              53.3816334
            ],
            [
              -2.1234727,
              53.3817204
            ],
            [
              -2.1236217,
              53.3816737
            ]
          ]
        ]
      },
      "id": "way/323057531"
    },
    {
      "type": "Feature",
      "properties": {
        "@id": "way/323057538",
        "amenity": "cafe",
        "building": "yes",
        "name": "Taste"
      },
      "geometry": {
        "type": "Polygon",
        "coordinates": [
          [
            [
              -2.1236728,
              53.381526
            ],
            [
              -2.1235504,
              53.3815767
            ],
            [
              -2.1235883,
              53.3816092
            ],
            [
              -2.1237106,
              53.3815585
            ],
            [
              -2.1236728,
              53.381526
            ]
          ]
        ]
      },
      "id": "way/323057538"
    },
    {
      "type": "Feature",
      "properties": {
        "@id": "way/323057540",
        "amenity": "cafe",
        "building": "yes",
        "name": "Mee Thyme"
      },
      "geometry": {
        "type": "Polygon",
        "coordinates": [
          [
            [
              -2.1223439,
              53.3804396
            ],
            [
              -2.1222985,
              53.3804032
            ],
            [
              -2.1221677,
              53.3804612
            ],
            [
              -2.122213,
              53.3804976
            ],
            [
              -2.1223439,
              53.3804396
            ]
          ]
        ]
      },
      "id": "way/323057540"
    },
    {
      "type": "Feature",
      "properties": {
        "@id": "way/323819194",
        "addr:city": "Bakewell",
        "addr:housename": "The Workshop",
        "addr:postcode": "DE45 1US",
        "addr:street": "Moor Lane",
        "addr:village": "Youlgrave",
        "amenity": "cafe",
        "building": "yes",
        "fhrs:id": "1626366",
        "name": "Peak Feast",
        "note": "Approx location",
        "opening_hours": "Mo-Fr 8:00-17:00; Sa 8:00-13:00; Su 10:00-16:00",
        "shop": "food",
        "website": "https://peakfeast.co.uk/"
      },
      "geometry": {
        "type": "Polygon",
        "coordinates": [
          [
            [
              -1.6873901,
              53.175509
            ],
            [
              -1.6873873,
              53.175499
            ],
            [
              -1.6873721,
              53.1754447
            ],
            [
              -1.6873033,
              53.1754517
            ],
            [
              -1.687248,
              53.1754665
            ],
            [
              -1.6872628,
              53.1755219
            ],
            [
              -1.6873901,
              53.175509
            ]
          ]
        ]
      },
      "id": "way/323819194"
    },
    {
      "type": "Feature",
      "properties": {
        "@id": "way/323911180",
        "addr:city": "Barnsley",
        "addr:postcode": "S70 3PE",
        "addr:street": "Doncaster Road",
        "addr:suburb": "Stairfoot",
        "amenity": "cafe",
        "brand": "Starbucks",
        "brand:wikidata": "Q37158",
        "building": "yes",
        "cuisine": "coffee_shop",
        "drive_through": "yes",
        "name": "Starbucks",
        "official_name": "Starbucks Coffee",
        "ref:GB:uprn": "100052111562",
        "takeaway": "yes",
        "website": "https://www.starbucks.com/store-locator/store/1031204/barnsley-doncaster-rd-dt-doncaster-rd-barnsley-eng-s-70-3-pe-gb"
      },
      "geometry": {
        "type": "Polygon",
        "coordinates": [
          [
            [
              -1.4399288,
              53.5455895
            ],
            [
              -1.4398784,
              53.5454682
            ],
            [
              -1.4398522,
              53.5454723
            ],
            [
              -1.4398192,
              53.5453988
            ],
            [
              -1.4396137,
              53.5454312
            ],
            [
              -1.4396499,
              53.5455086
            ],
            [
              -1.4396229,
              53.5455133
            ],
            [
              -1.4396607,
              53.5455915
            ],
            [
              -1.4397081,
              53.5455837
            ],
            [
              -1.4397288,
              53.5456236
            ],
            [
              -1.4399288,
              53.5455895
            ]
          ]
        ]
      },
      "id": "way/323911180"
    },
    {
      "type": "Feature",
      "properties": {
        "@id": "way/324055306",
        "addr:city": "Sheffield",
        "addr:housenumber": "6",
        "addr:postcode": "S2 3PS",
        "addr:street": "East Bank Road",
        "amenity": "cafe",
        "building": "retail",
        "cuisine": "sandwich",
        "diet:vegetarian": "no",
        "fhrs:id": "436708",
        "name": "Hell's Kitchen",
        "opening_hours": "Mo-Sa 08:00-14:00",
        "ref:GB:uprn": "10023155231",
        "wheelchair": "yes"
      },
      "geometry": {
        "type": "Polygon",
        "coordinates": [
          [
            [
              -1.4615346,
              53.3710296
            ],
            [
              -1.4615541,
              53.3710754
            ],
            [
              -1.4615716,
              53.3710728
            ],
            [
              -1.4616077,
              53.3711572
            ],
            [
              -1.4617073,
              53.3711421
            ],
            [
              -1.4616517,
              53.3710118
            ],
            [
              -1.4615346,
              53.3710296
            ]
          ]
        ]
      },
      "id": "way/324055306"
    },
    {
      "type": "Feature",
      "properties": {
        "@id": "way/325804332",
        "addr:city": "Heckmondwike",
        "addr:housename": "Unit 2, Britannia House",
        "addr:housenumber": "136A",
        "addr:postcode": "WF16 9BS",
        "addr:street": "Leeds Road",
        "amenity": "cafe",
        "building": "yes",
        "fhrs:id": "1424873",
        "name": "Strada Café",
        "opening_hours": "Mo-Fr 09:30-14:30",
        "outdoor_seating": "no",
        "phone": "+44 7961 961443"
      },
      "geometry": {
        "type": "Polygon",
        "coordinates": [
          [
            [
              -1.6792843,
              53.7153741
            ],
            [
              -1.679226,
              53.7153677
            ],
            [
              -1.6791968,
              53.7154594
            ],
            [
              -1.6792594,
              53.7154782
            ],
            [
              -1.6792843,
              53.7153741
            ]
          ]
        ]
      },
      "id": "way/325804332"
    },
    {
      "type": "Feature",
      "properties": {
        "@id": "way/327954699",
        "amenity": "cafe",
        "building": "yes",
        "cuisine": "dessert",
        "disused:amenity": "bank",
        "name": "Sweet Retreat",
        "old_name": "Lloyds Bank",
        "source": "survey",
        "wheelchair": "limited"
      },
      "geometry": {
        "type": "Polygon",
        "coordinates": [
          [
            [
              -1.4159864,
              53.1668926
            ],
            [
              -1.4159975,
              53.166945
            ],
            [
              -1.4161755,
              53.1669365
            ],
            [
              -1.416167,
              53.1668838
            ],
            [
              -1.4159864,
              53.1668926
            ]
          ]
        ]
      },
      "id": "way/327954699"
    },
    {
      "type": "Feature",
      "properties": {
        "@id": "way/330265162",
        "HE_ref": "1247302",
        "alt_name": "The Old Stables Cafe",
        "amenity": "cafe",
        "building": "yes",
        "heritage": "2",
        "heritage:operator": "Historic England",
        "historic": "heritage",
        "listed_status": "Grade II",
        "name": "Stables @ Towneley",
        "operator": "Burnley Borough Council",
        "ref:GB:uprn": "10014137504",
        "start_date": "c1790",
        "website": "https://historicengland.org.uk/listing/the-list/list-entry/1247302"
      },
      "geometry": {
        "type": "Polygon",
        "coordinates": [
          [
            [
              -2.2222664,
              53.7747001
            ],
            [
              -2.2224468,
              53.7748081
            ],
            [
              -2.2226464,
              53.7746916
            ],
            [
              -2.222466,
              53.7745836
            ],
            [
              -2.2222664,
              53.7747001
            ]
          ]
        ]
      },
      "id": "way/330265162"
    },
    {
      "type": "Feature",
      "properties": {
        "@id": "way/331325686",
        "amenity": "cafe",
        "building": "yes"
      },
      "geometry": {
        "type": "Polygon",
        "coordinates": [
          [
            [
              -1.4713909,
              53.5487793
            ],
            [
              -1.4714701,
              53.5486925
            ],
            [
              -1.4714797,
              53.5486832
            ],
            [
              -1.4713595,
              53.5486425
            ],
            [
              -1.4713493,
              53.5486533
            ],
            [
              -1.4712696,
              53.5487405
            ],
            [
              -1.4712579,
              53.5487553
            ],
            [
              -1.4713784,
              53.5487946
            ],
            [
              -1.4713909,
              53.5487793
            ]
          ]
        ]
      },
      "id": "way/331325686"
    },
    {
      "type": "Feature",
      "properties": {
        "@id": "way/331350645",
        "addr:city": "Wakefield",
        "addr:postcode": "WF1 1QS",
        "addr:street": "Teall Way",
        "addr:unit": "G38a",
        "amenity": "cafe",
        "building": "yes",
        "cuisine": "coffee_shop",
        "fhrs:id": "1381993",
        "internet_access": "yes",
        "internet_access:fee": "no",
        "name": "Cafe Noor",
        "outdoor_seating": "yes",
        "smoking": "no",
        "wheelchair": "yes"
      },
      "geometry": {
        "type": "Polygon",
        "coordinates": [
          [
            [
              -1.496311,
              53.6845851
            ],
            [
              -1.4963265,
              53.6845166
            ],
            [
              -1.4961802,
              53.6845047
            ],
            [
              -1.4959657,
              53.6844886
            ],
            [
              -1.4959528,
              53.6845587
            ],
            [
              -1.496311,
              53.6845851
            ]
          ]
        ]
      },
      "id": "way/331350645"
    },
    {
      "type": "Feature",
      "properties": {
        "@id": "way/331354733",
        "addr:city": "Wakefield",
        "addr:postcode": "WF1 1QR",
        "addr:street": "Market Walk",
        "addr:unit": "G29",
        "amenity": "cafe",
        "brand": "Bob & Berts",
        "brand:wikidata": "Q113494662",
        "building": "yes",
        "cuisine": "coffee_shop",
        "fhrs:id": "1661910",
        "name": "Bob & Berts",
        "old_name": "Jacob's",
        "ref:GB:uprn": "63181163",
        "takeaway": "yes",
        "wheelchair": "yes"
      },
      "geometry": {
        "type": "Polygon",
        "coordinates": [
          [
            [
              -1.496017,
              53.6849961
            ],
            [
              -1.4960717,
              53.6847556
            ],
            [
              -1.4958709,
              53.6847391
            ],
            [
              -1.4958147,
              53.6849837
            ],
            [
              -1.4959211,
              53.6849923
            ],
            [
              -1.496017,
              53.6849961
            ]
          ]
        ]
      },
      "id": "way/331354733"
    },
    {
      "type": "Feature",
      "properties": {
        "@id": "way/331370723",
        "addr:city": "Wakefield",
        "addr:housenumber": "G49",
        "addr:postcode": "WF1 1QU",
        "addr:street": "Trinity Walk",
        "amenity": "cafe",
        "brand": "Costa",
        "brand:wikidata": "Q608845",
        "brand:wikipedia": "en:Costa Coffee",
        "building": "yes",
        "cuisine": "coffee_shop",
        "fhrs:id": "284942",
        "name": "Costa",
        "takeaway": "yes"
      },
      "geometry": {
        "type": "Polygon",
        "coordinates": [
          [
            [
              -1.4942803,
              53.6848021
            ],
            [
              -1.4941764,
              53.6847938
            ],
            [
              -1.4941386,
              53.6847911
            ],
            [
              -1.4941301,
              53.6848337
            ],
            [
              -1.4942724,
              53.6848442
            ],
            [
              -1.4942803,
              53.6848021
            ]
          ]
        ]
      },
      "id": "way/331370723"
    },
    {
      "type": "Feature",
      "properties": {
        "@id": "way/333332513",
        "addr:city": "Huddersfield",
        "addr:country": "GB",
        "addr:housenumber": "13-15",
        "addr:postcode": "HD7 5HF",
        "addr:street": "Britannia Road",
        "addr:suburb": "Slaithwaite",
        "amenity": "cafe",
        "building": "yes",
        "cuisine": "sandwich",
        "fhrs:id": "1800519",
        "internet_access": "yes",
        "name": "Ashby's Deli Cafe",
        "phone": "+44 1484 847513",
        "source:addr": "FHRS Open Data",
        "was:fhrs:id": "421273",
        "website": "http://www.ashbysdelicafe.co.uk/"
      },
      "geometry": {
        "type": "Polygon",
        "coordinates": [
          [
            [
              -1.8810017,
              53.6217194
            ],
            [
              -1.8810997,
              53.621699
            ],
            [
              -1.8810816,
              53.6216683
            ],
            [
              -1.8811366,
              53.6216569
            ],
            [
              -1.8811152,
              53.6216207
            ],
            [
              -1.8809623,
              53.6216529
            ],
            [
              -1.8810017,
              53.6217194
            ]
          ]
        ]
      },
      "id": "way/333332513"
    },
    {
      "type": "Feature",
      "properties": {
        "@id": "way/333540263",
        "addr:city": "Sheffield",
        "addr:housenumber": "80",
        "addr:postcode": "S6 1TA",
        "addr:street": "Catch Bar Lane",
        "amenity": "cafe",
        "building": "yes",
        "fhrs:id": "437231",
        "name": "Riverside Cafe"
      },
      "geometry": {
        "type": "Polygon",
        "coordinates": [
          [
            [
              -1.5028682,
              53.4111122
            ],
            [
              -1.5029522,
              53.4110504
            ],
            [
              -1.5027984,
              53.4109747
            ],
            [
              -1.5027153,
              53.4110403
            ],
            [
              -1.5028682,
              53.4111122
            ]
          ]
        ]
      },
      "id": "way/333540263"
    },
    {
      "type": "Feature",
      "properties": {
        "@id": "way/333928661",
        "amenity": "cafe",
        "name": "Merrie England Coffee Shops"
      },
      "geometry": {
        "type": "Polygon",
        "coordinates": [
          [
            [
              -1.7816026,
              53.6468773
            ],
            [
              -1.7815625,
              53.6466969
            ],
            [
              -1.7814245,
              53.6466897
            ],
            [
              -1.7814645,
              53.6468912
            ],
            [
              -1.7816026,
              53.6468773
            ]
          ]
        ]
      },
      "id": "way/333928661"
    },
    {
      "type": "Feature",
      "properties": {
        "@id": "way/334175527",
        "addr:city": "Huddersfield",
        "addr:country": "GB",
        "addr:housenumber": "26",
        "addr:postcode": "HD1 2BU",
        "addr:street": "New Street",
        "alt_name": "Costa",
        "amenity": "cafe",
        "brand": "Costa",
        "brand:wikidata": "Q608845",
        "brand:wikipedia": "en:Costa Coffee",
        "building": "retail",
        "building:levels": "3",
        "cuisine": "coffee_shop",
        "fhrs:id": "227593",
        "name": "Costa",
        "source:addr": "FHRS Open Data",
        "takeaway": "yes",
        "wheelchair": "yes"
      },
      "geometry": {
        "type": "Polygon",
        "coordinates": [
          [
            [
              -1.7831563,
              53.6457745
            ],
            [
              -1.7831956,
              53.6456961
            ],
            [
              -1.7829081,
              53.6456573
            ],
            [
              -1.7828738,
              53.6457328
            ],
            [
              -1.7831563,
              53.6457745
            ]
          ]
        ]
      },
      "id": "way/334175527"
    },
    {
      "type": "Feature",
      "properties": {
        "@id": "way/334181470",
        "addr:city": "Huddersfield",
        "addr:country": "GB",
        "addr:housenumber": "1-3",
        "addr:postcode": "HD1 2QD",
        "addr:street": "King Street",
        "amenity": "cafe",
        "brand": "Caffè Nero",
        "brand:wikidata": "Q675808",
        "brand:wikipedia": "en:Caffè Nero",
        "building": "retail",
        "building:levels": "3",
        "building:material": "stone",
        "check_date": "2024-08-22",
        "check_date:opening_hours": "2024-08-22",
        "cuisine": "coffee_shop",
        "fhrs:id": "229255",
        "name": "Caffè Nero",
        "opening_hours": "Mo-Fr 07:00-18:30; Sa 07:00-19:00; Su 08:00-18:00",
        "source": "Bing;photograph",
        "source:addr": "FHRS Open Data",
        "takeaway": "yes",
        "toilets:wheelchair": "yes",
        "website": "https://www.caffenero.com/uk/stores/huddersfield",
        "wheelchair": "yes"
      },
      "geometry": {
        "type": "Polygon",
        "coordinates": [
          [
            [
              -1.7824761,
              53.646018
            ],
            [
              -1.7825006,
              53.6459568
            ],
            [
              -1.7824962,
              53.6459475
            ],
            [
              -1.7824814,
              53.6459407
            ],
            [
              -1.7822862,
              53.6459184
            ],
            [
              -1.7822626,
              53.6459817
            ],
            [
              -1.7823405,
              53.64599
            ],
            [
              -1.7823352,
              53.646004
            ],
            [
              -1.7824761,
              53.646018
            ]
          ]
        ]
      },
      "id": "way/334181470"
    },
    {
      "type": "Feature",
      "properties": {
        "@id": "way/334181471",
        "addr:city": "Huddersfield",
        "addr:street": "King Street",
        "amenity": "cafe",
        "name": "Choosys",
        "toilets:wheelchair": "no",
        "wheelchair": "no"
      },
      "geometry": {
        "type": "Polygon",
        "coordinates": [
          [
            [
              -1.7822626,
              53.6459817
            ],
            [
              -1.7822862,
              53.6459184
            ],
            [
              -1.7821972,
              53.6459108
            ],
            [
              -1.7821729,
              53.6459728
            ],
            [
              -1.7822626,
              53.6459817
            ]
          ]
        ]
      },
      "id": "way/334181471"
    },
    {
      "type": "Feature",
      "properties": {
        "@id": "way/334259715",
        "amenity": "cafe",
        "building": "yes",
        "name": "The Wrinkled Stocking Tea Rooms"
      },
      "geometry": {
        "type": "Polygon",
        "coordinates": [
          [
            [
              -1.7891993,
              53.5694021
            ],
            [
              -1.7892657,
              53.569385
            ],
            [
              -1.7891895,
              53.5693058
            ],
            [
              -1.7891298,
              53.5693216
            ],
            [
              -1.7891182,
              53.5693247
            ],
            [
              -1.7891993,
              53.5694021
            ]
          ]
        ]
      },
      "id": "way/334259715"
    },
    {
      "type": "Feature",
      "properties": {
        "@id": "way/334437776",
        "addr:city": "Holmfirth",
        "addr:postcode": "HD9 2DG",
        "addr:street": "Hollowgate",
        "amenity": "cafe",
        "building": "retail",
        "building:levels": "3",
        "building:material": "stone",
        "name": "Ribbles Cafe",
        "ref:GB:uprn": "83052316",
        "source": "Bing;photograph"
      },
      "geometry": {
        "type": "Polygon",
        "coordinates": [
          [
            [
              -1.7884719,
              53.5692607
            ],
            [
              -1.7884146,
              53.5692018
            ],
            [
              -1.7883533,
              53.5692219
            ],
            [
              -1.7884082,
              53.5692814
            ],
            [
              -1.7884719,
              53.5692607
            ]
          ]
        ]
      },
      "id": "way/334437776"
    },
    {
      "type": "Feature",
      "properties": {
        "@id": "way/335107044",
        "addr:city": "Holmfirth",
        "addr:country": "GB",
        "addr:housenumber": "9",
        "addr:postcode": "HD9 2DG",
        "addr:street": "Hollowgate",
        "amenity": "cafe",
        "building": "retail",
        "building:levels": "5",
        "building:material": "stone",
        "fhrs:id": "229212",
        "level": "1",
        "name": "Riverside Cafe",
        "outdoor_seating": "yes",
        "ref:GB:uprn": "83052224",
        "source": "Bing;photograph",
        "source:addr": "FHRS Open Data"
      },
      "geometry": {
        "type": "Polygon",
        "coordinates": [
          [
            [
              -1.787662,
              53.5694404
            ],
            [
              -1.7876559,
              53.5694323
            ],
            [
              -1.7876073,
              53.5693675
            ],
            [
              -1.7875513,
              53.5693823
            ],
            [
              -1.7875999,
              53.5694471
            ],
            [
              -1.787606,
              53.5694552
            ],
            [
              -1.787662,
              53.5694404
            ]
          ]
        ]
      },
      "id": "way/335107044"
    },
    {
      "type": "Feature",
      "properties": {
        "@id": "way/335107065",
        "addr:city": "Holmfirth",
        "addr:housenumber": "4",
        "addr:postcode": "HD9 7DA",
        "addr:street": "Market Walk",
        "amenity": "cafe",
        "building": "retail",
        "building:levels": "2",
        "building:material": "stone",
        "name": "Bluebird Bakery",
        "ref:GB:uprn": "83223212;83189376",
        "source": "Bing;photograph"
      },
      "geometry": {
        "type": "Polygon",
        "coordinates": [
          [
            [
              -1.7866999,
              53.5699676
            ],
            [
              -1.7866597,
              53.5699398
            ],
            [
              -1.7866341,
              53.5699403
            ],
            [
              -1.7865974,
              53.5699575
            ],
            [
              -1.7866478,
              53.5699925
            ],
            [
              -1.7866999,
              53.5699676
            ]
          ]
        ]
      },
      "id": "way/335107065"
    },
    {
      "type": "Feature",
      "properties": {
        "@id": "way/335212755",
        "addr:city": "Holmfirth",
        "addr:postcode": "HD9 1HA",
        "addr:street": "Towngate",
        "amenity": "cafe",
        "building": "retail",
        "building:levels": "3",
        "building:material": "stone",
        "name": "Beatties of Holmfirth",
        "ref:GB:uprn": "83052544;83051571;83027007"
      },
      "geometry": {
        "type": "Polygon",
        "coordinates": [
          [
            [
              -1.7857772,
              53.5699154
            ],
            [
              -1.7856819,
              53.5699333
            ],
            [
              -1.7856064,
              53.5699277
            ],
            [
              -1.7856182,
              53.5700131
            ],
            [
              -1.7857332,
              53.5700039
            ],
            [
              -1.7857998,
              53.5699988
            ],
            [
              -1.7857896,
              53.5699612
            ],
            [
              -1.7857772,
              53.5699154
            ]
          ]
        ]
      },
      "id": "way/335212755"
    },
    {
      "type": "Feature",
      "properties": {
        "@id": "way/335212760",
        "addr:city": "Holmfirth",
        "addr:housenumber": "4",
        "addr:postcode": "HD9 1HA",
        "addr:street": "Towngate",
        "amenity": "cafe",
        "building": "retail",
        "building:levels": "2",
        "building:material": "stone",
        "fhrs:id": "227436",
        "name": "Sid's Cafe",
        "note": "license remapped. Original by Harry Wood",
        "outdoor_seating": "yes",
        "ref:GB:uprn": "83052079",
        "source:addr": "FHRS Open Data",
        "tourism": "attraction"
      },
      "geometry": {
        "type": "Polygon",
        "coordinates": [
          [
            [
              -1.7859035,
              53.5699551
            ],
            [
              -1.785891,
              53.569867
            ],
            [
              -1.7858466,
              53.5698702
            ],
            [
              -1.7858441,
              53.5698523
            ],
            [
              -1.785814,
              53.5698548
            ],
            [
              -1.785814,
              53.5698717
            ],
            [
              -1.7858406,
              53.5699515
            ],
            [
              -1.7858424,
              53.5699571
            ],
            [
              -1.7859035,
              53.5699551
            ]
          ]
        ]
      },
      "id": "way/335212760"
    },
    {
      "type": "Feature",
      "properties": {
        "@id": "way/335278989",
        "amenity": "cafe",
        "building": "yes"
      },
      "geometry": {
        "type": "Polygon",
        "coordinates": [
          [
            [
              -2.0884171,
              53.414025
            ],
            [
              -2.0884285,
              53.4140045
            ],
            [
              -2.0883745,
              53.4139928
            ],
            [
              -2.0883647,
              53.4140133
            ],
            [
              -2.0884171,
              53.414025
            ]
          ]
        ]
      },
      "id": "way/335278989"
    },
    {
      "type": "Feature",
      "properties": {
        "@id": "way/337480220",
        "amenity": "cafe",
        "name": "The Little Kitchen on Railway St"
      },
      "geometry": {
        "type": "Polygon",
        "coordinates": [
          [
            [
              -1.7844755,
              53.6471537
            ],
            [
              -1.7843452,
              53.6471497
            ],
            [
              -1.784347,
              53.6471987
            ],
            [
              -1.7844717,
              53.647201
            ],
            [
              -1.7844755,
              53.6471537
            ]
          ]
        ]
      },
      "id": "way/337480220"
    },
    {
      "type": "Feature",
      "properties": {
        "@id": "way/337485385",
        "addr:city": "Huddersfield",
        "addr:country": "GB",
        "addr:hamlet": "Marsden",
        "addr:housenumber": "8",
        "addr:postcode": "HD7 6BW",
        "addr:street": "Peel Street",
        "amenity": "cafe",
        "building": "retail",
        "building:levels": "2",
        "building:material": "stone",
        "fhrs:id": "797822",
        "name": "Katie's Homade Kitchen",
        "source:addr": "FHRS Open Data"
      },
      "geometry": {
        "type": "Polygon",
        "coordinates": [
          [
            [
              -1.9269991,
              53.6009568
            ],
            [
              -1.9270848,
              53.600999
            ],
            [
              -1.9272723,
              53.6010075
            ],
            [
              -1.9272914,
              53.6009242
            ],
            [
              -1.9271168,
              53.6008926
            ],
            [
              -1.9269991,
              53.6009568
            ]
          ]
        ]
      },
      "id": "way/337485385"
    },
    {
      "type": "Feature",
      "properties": {
        "@id": "way/337487455",
        "addr:city": "Huddersfield",
        "addr:country": "GB",
        "addr:hamlet": "Marsden",
        "addr:housenumber": "9",
        "addr:postcode": "HD7 6BR",
        "addr:street": "Peel Street",
        "amenity": "cafe",
        "building": "retail",
        "building:levels": "2",
        "building:material": "stone",
        "check_date": "2023-10-29",
        "cuisine": "ice_cream",
        "internet_access": "wlan",
        "name": "A Month of Sundaes",
        "opening_hours": "Mo-Sa 08:30-18:00, Su 12:00-17:00",
        "ref:GB:uprn": "83000846",
        "roof:levels": "1",
        "source": "Owner Info",
        "website": "http://amonthofsundaes.com/"
      },
      "geometry": {
        "type": "Polygon",
        "coordinates": [
          [
            [
              -1.9271941,
              53.6013843
            ],
            [
              -1.9269614,
              53.6014411
            ],
            [
              -1.9269129,
              53.601455
            ],
            [
              -1.9269474,
              53.6014971
            ],
            [
              -1.9270616,
              53.6014683
            ],
            [
              -1.9272296,
              53.6014253
            ],
            [
              -1.9271941,
              53.6013843
            ]
          ]
        ]
      },
      "id": "way/337487455"
    },
    {
      "type": "Feature",
      "properties": {
        "@id": "way/337487458",
        "addr:city": "Huddersfield",
        "addr:country": "GB",
        "addr:hamlet": "Marsden",
        "addr:housenumber": "17",
        "addr:postcode": "HD7 6BR",
        "addr:street": "Peel Street",
        "amenity": "cafe",
        "building": "retail",
        "building:levels": "3",
        "building:material": "stone",
        "contact:facebook": "https://www.facebook.com/Crumbalsonthecorner",
        "name": "Crumbals-on-the-Corner",
        "smoking": "no",
        "source": "Bing;photograph"
      },
      "geometry": {
        "type": "Polygon",
        "coordinates": [
          [
            [
              -1.9271311,
              53.6012986
            ],
            [
              -1.9270896,
              53.6012503
            ],
            [
              -1.9269081,
              53.601268
            ],
            [
              -1.9269011,
              53.6012565
            ],
            [
              -1.9268435,
              53.6012647
            ],
            [
              -1.9268685,
              53.6013154
            ],
            [
              -1.9269254,
              53.6013047
            ],
            [
              -1.926956,
              53.6013421
            ],
            [
              -1.9271311,
              53.6012986
            ]
          ]
        ]
      },
      "id": "way/337487458"
    },
    {
      "type": "Feature",
      "properties": {
        "@id": "way/338790456",
        "addr:city": "Hope Valley",
        "addr:postcode": "S33 6ZF",
        "addr:street": "Edale Road",
        "addr:suburb": "Hope",
        "amenity": "cafe",
        "building": "yes",
        "check_date": "2026-03-08",
        "fhrs:id": "1258684",
        "indoor_seating": "yes",
        "internet_access": "wlan",
        "internet_access:fee": "customers",
        "name": "Cafe Adventure",
        "outdoor_seating": "yes",
        "payment:cash": "yes",
        "payment:credit_cards": "yes",
        "payment:debit_cards": "yes",
        "source:addr": "FHRS Open Data",
        "website": "https://cargocollective.com/cafeadventure",
        "wheelchair": "limited"
      },
      "geometry": {
        "type": "Polygon",
        "coordinates": [
          [
            [
              -1.7423914,
              53.3483493
            ],
            [
              -1.7422599,
              53.3483508
            ],
            [
              -1.7422622,
              53.3484201
            ],
            [
              -1.7423937,
              53.3484186
            ],
            [
              -1.7423914,
              53.3483493
            ]
          ]
        ]
      },
      "id": "way/338790456"
    },
    {
      "type": "Feature",
      "properties": {
        "@id": "way/339923478",
        "addr:city": "Sheffield",
        "addr:housenumber": "313",
        "addr:postcode": "S10 1BD",
        "addr:street": "Crookesmoor Road",
        "alt_name": "the one with the pigeon",
        "amenity": "cafe",
        "building": "yes",
        "fhrs:id": "1829050",
        "name": "TA",
        "source:addr": "FHRS Open Data"
      },
      "geometry": {
        "type": "Polygon",
        "coordinates": [
          [
            [
              -1.4940917,
              53.3852594
            ],
            [
              -1.4941645,
              53.3852246
            ],
            [
              -1.4940646,
              53.3851502
            ],
            [
              -1.4940578,
              53.3851455
            ],
            [
              -1.4939855,
              53.385183
            ],
            [
              -1.4939865,
              53.3852008
            ],
            [
              -1.4940016,
              53.3852277
            ],
            [
              -1.4940441,
              53.3852515
            ],
            [
              -1.4940917,
              53.3852594
            ]
          ]
        ]
      },
      "id": "way/339923478"
    },
    {
      "type": "Feature",
      "properties": {
        "@id": "way/339924307",
        "addr:city": "Sheffield",
        "addr:housenumber": "34",
        "addr:postcode": "S10 1ED",
        "addr:street": "Barber Road",
        "amenity": "cafe",
        "building": "yes",
        "fhrs:id": "437334",
        "name": "Porkys"
      },
      "geometry": {
        "type": "Polygon",
        "coordinates": [
          [
            [
              -1.4947559,
              53.3860283
            ],
            [
              -1.4948006,
              53.3860588
            ],
            [
              -1.4949119,
              53.3860021
            ],
            [
              -1.4948669,
              53.3859697
            ],
            [
              -1.4947559,
              53.3860283
            ]
          ]
        ]
      },
      "id": "way/339924307"
    },
    {
      "type": "Feature",
      "properties": {
        "@id": "way/339930105",
        "addr:city": "Sheffield",
        "addr:housenumber": "76",
        "addr:postcode": "S10 1EE",
        "addr:street": "Barber Road",
        "amenity": "cafe",
        "building": "yes",
        "cuisine": "coffee_shop",
        "fhrs:id": "1752781",
        "name": "420 Degrees Coffee",
        "was:name": "Alyssum",
        "wheelchair": "no"
      },
      "geometry": {
        "type": "Polygon",
        "coordinates": [
          [
            [
              -1.4959273,
              53.3866388
            ],
            [
              -1.4959921,
              53.3866575
            ],
            [
              -1.4960582,
              53.3865729
            ],
            [
              -1.4959927,
              53.3865555
            ],
            [
              -1.4959273,
              53.3866388
            ]
          ]
        ]
      },
      "id": "way/339930105"
    },
    {
      "type": "Feature",
      "properties": {
        "@id": "way/339930108",
        "addr:city": "Sheffield",
        "addr:housenumber": "95,99",
        "addr:postcode": "S10 1EB",
        "addr:street": "Barber Road",
        "amenity": "cafe",
        "building": "yes",
        "fhrs:id": "1657125",
        "name": "Chapter One"
      },
      "geometry": {
        "type": "Polygon",
        "coordinates": [
          [
            [
              -1.4965892,
              53.3865907
            ],
            [
              -1.4967249,
              53.3866275
            ],
            [
              -1.4967782,
              53.3865585
            ],
            [
              -1.4967112,
              53.3865406
            ],
            [
              -1.4967178,
              53.3865317
            ],
            [
              -1.4966474,
              53.3865129
            ],
            [
              -1.4965892,
              53.3865907
            ]
          ]
        ]
      },
      "id": "way/339930108"
    },
    {
      "type": "Feature",
      "properties": {
        "@id": "way/339931577",
        "addr:city": "Sheffield",
        "addr:housenumber": "22-24",
        "addr:postcode": "S10 1GB",
        "addr:street": "Commonside",
        "amenity": "cafe",
        "building": "yes",
        "cuisine": "coffee_shop",
        "delivery": "no",
        "name": "Zefis Coffee Lounge",
        "old_name": "Al Taj",
        "opening_hours": "Su-Th 17:00-00:00, Fr-Sa 17:00-00:30",
        "phone": "+44 114 266 4193",
        "smoking": "no",
        "takeaway": "yes",
        "website": "http://www.cafeshaan.co.uk/"
      },
      "geometry": {
        "type": "Polygon",
        "coordinates": [
          [
            [
              -1.4975684,
              53.3871921
            ],
            [
              -1.4976455,
              53.3872588
            ],
            [
              -1.4977964,
              53.3871991
            ],
            [
              -1.4978538,
              53.3871763
            ],
            [
              -1.4977862,
              53.3871157
            ],
            [
              -1.4977412,
              53.3871335
            ],
            [
              -1.4977362,
              53.387126
            ],
            [
              -1.4975684,
              53.3871921
            ]
          ]
        ]
      },
      "id": "way/339931577"
    },
    {
      "type": "Feature",
      "properties": {
        "@id": "way/339931585",
        "addr:city": "Sheffield",
        "addr:housenumber": "6",
        "addr:postcode": "S10 1GB",
        "addr:street": "Commonside",
        "amenity": "cafe",
        "building": "yes",
        "fhrs:id": "436801",
        "name": "New York Deli"
      },
      "geometry": {
        "type": "Polygon",
        "coordinates": [
          [
            [
              -1.4978691,
              53.3874724
            ],
            [
              -1.4979042,
              53.3875055
            ],
            [
              -1.4980658,
              53.3874404
            ],
            [
              -1.4980343,
              53.38741
            ],
            [
              -1.4978691,
              53.3874724
            ]
          ]
        ]
      },
      "id": "way/339931585"
    },
    {
      "type": "Feature",
      "properties": {
        "@id": "way/355277373",
        "addr:city": "Barnsley",
        "addr:housename": "Cafe Creme Barnsley",
        "addr:housenumber": "39",
        "addr:postcode": "S70 2QP",
        "addr:street": "The Arcade",
        "amenity": "cafe",
        "building": "yes",
        "contact:phone": "+44 7932 561218",
        "contact:website": "www.thecafecreme.co.uk",
        "name": "Cafe Creme Barnsley",
        "opening_hours": "Mo-Sa 09:00-15:00"
      },
      "geometry": {
        "type": "Polygon",
        "coordinates": [
          [
            [
              -1.4799653,
              53.5533552
            ],
            [
              -1.4800414,
              53.5533541
            ],
            [
              -1.4800343,
              53.5532327
            ],
            [
              -1.4799627,
              53.5532327
            ],
            [
              -1.4799635,
              53.5532737
            ],
            [
              -1.4799653,
              53.5533552
            ]
          ]
        ]
      },
      "id": "way/355277373"
    },
    {
      "type": "Feature",
      "properties": {
        "@id": "way/355277396",
        "amenity": "cafe",
        "building": "yes",
        "name": "Victoria Tea Rooms"
      },
      "geometry": {
        "type": "Polygon",
        "coordinates": [
          [
            [
              -1.4806345,
              53.5535112
            ],
            [
              -1.4807463,
              53.5535045
            ],
            [
              -1.480728,
              53.5533857
            ],
            [
              -1.4806236,
              53.5533909
            ],
            [
              -1.4806345,
              53.5535112
            ]
          ]
        ]
      },
      "id": "way/355277396"
    },
    {
      "type": "Feature",
      "properties": {
        "@id": "way/355277397",
        "addr:city": "Barnsley",
        "addr:postcode": "S70 2QN",
        "amenity": "cafe",
        "building": "yes",
        "name": "Aroma",
        "ref:GB:uprn": "100052111400"
      },
      "geometry": {
        "type": "Polygon",
        "coordinates": [
          [
            [
              -1.4807463,
              53.5535045
            ],
            [
              -1.4808551,
              53.5534989
            ],
            [
              -1.4808525,
              53.553482
            ],
            [
              -1.4808386,
              53.5533804
            ],
            [
              -1.480728,
              53.5533857
            ],
            [
              -1.4807463,
              53.5535045
            ]
          ]
        ]
      },
      "id": "way/355277397"
    },
    {
      "type": "Feature",
      "properties": {
        "@id": "way/355279435",
        "addr:city": "Barnsley",
        "addr:postcode": "S70 1SL",
        "addr:street": "Market Street",
        "amenity": "cafe",
        "building": "yes",
        "name": "JoJos",
        "ref:GB:uprn": "100052180710"
      },
      "geometry": {
        "type": "Polygon",
        "coordinates": [
          [
            [
              -1.4814056,
              53.5519244
            ],
            [
              -1.4813863,
              53.5518795
            ],
            [
              -1.4811271,
              53.5519186
            ],
            [
              -1.4811464,
              53.5519636
            ],
            [
              -1.4814056,
              53.5519244
            ]
          ]
        ]
      },
      "id": "way/355279435"
    },
    {
      "type": "Feature",
      "properties": {
        "@id": "way/355280830",
        "amenity": "cafe",
        "building": "yes",
        "name": "PJ's"
      },
      "geometry": {
        "type": "Polygon",
        "coordinates": [
          [
            [
              -1.4806634,
              53.551439
            ],
            [
              -1.480776,
              53.5514143
            ],
            [
              -1.4806813,
              53.5512846
            ],
            [
              -1.4805709,
              53.5513115
            ],
            [
              -1.4806634,
              53.551439
            ]
          ]
        ]
      },
      "id": "way/355280830"
    },
    {
      "type": "Feature",
      "properties": {
        "@id": "way/355280834",
        "addr:city": "Barnsley",
        "addr:postcode": "S70 1SN",
        "addr:street": "Market Street",
        "amenity": "cafe",
        "building": "yes",
        "name": "Blackburn's",
        "ref:GB:uprn": "100052110498"
      },
      "geometry": {
        "type": "Polygon",
        "coordinates": [
          [
            [
              -1.4806079,
              53.5511872
            ],
            [
              -1.4805783,
              53.5511515
            ],
            [
              -1.4804033,
              53.5511985
            ],
            [
              -1.4804301,
              53.5512348
            ],
            [
              -1.4805033,
              53.5512147
            ],
            [
              -1.4806079,
              53.5511872
            ]
          ]
        ]
      },
      "id": "way/355280834"
    },
    {
      "type": "Feature",
      "properties": {
        "@id": "way/355280848",
        "amenity": "cafe",
        "building": "yes",
        "name": "Staniforths"
      },
      "geometry": {
        "type": "Polygon",
        "coordinates": [
          [
            [
              -1.4791451,
              53.5511496
            ],
            [
              -1.4790888,
              53.5510923
            ],
            [
              -1.4790198,
              53.5511406
            ],
            [
              -1.4790631,
              53.5511801
            ],
            [
              -1.4791451,
              53.5511496
            ]
          ]
        ]
      },
      "id": "way/355280848"
    },
    {
      "type": "Feature",
      "properties": {
        "@id": "way/355281740",
        "addr:city": "Barnsley",
        "addr:housenumber": "12",
        "addr:postcode": "S70 1SJ",
        "addr:street": "Queen Street",
        "amenity": "cafe",
        "brand": "Costa",
        "brand:wikidata": "Q608845",
        "brand:wikipedia": "en:Costa Coffee",
        "building:part": "yes",
        "cuisine": "coffee_shop",
        "fhrs:id": "418771",
        "name": "Costa",
        "takeaway": "yes"
      },
      "geometry": {
        "type": "Polygon",
        "coordinates": [
          [
            [
              -1.4802523,
              53.5528569
            ],
            [
              -1.4803578,
              53.5528645
            ],
            [
              -1.4804291,
              53.5525623
            ],
            [
              -1.4803345,
              53.5525318
            ],
            [
              -1.4802523,
              53.5528569
            ]
          ]
        ]
      },
      "id": "way/355281740"
    },
    {
      "type": "Feature",
      "properties": {
        "@id": "way/355491357",
        "addr:city": "Leeds",
        "addr:housenumber": "2-4",
        "addr:postcode": "LS6 3HN",
        "addr:street": "Bennett Road",
        "addr:suburb": "Headingley",
        "amenity": "cafe",
        "building": "yes",
        "cuisine": "malaysian",
        "fhrs:id": "1647058",
        "name": "Kuala Lumpur Cafe"
      },
      "geometry": {
        "type": "Polygon",
        "coordinates": [
          [
            [
              -1.5775205,
              53.8205627
            ],
            [
              -1.5774078,
              53.8205685
            ],
            [
              -1.5774217,
              53.8206105
            ],
            [
              -1.5775571,
              53.8206012
            ],
            [
              -1.5775205,
              53.8205627
            ]
          ]
        ]
      },
      "id": "way/355491357"
    },
    {
      "type": "Feature",
      "properties": {
        "@id": "way/357558535",
        "amenity": "cafe",
        "building": "yes"
      },
      "geometry": {
        "type": "Polygon",
        "coordinates": [
          [
            [
              -2.1210696,
              53.5014786
            ],
            [
              -2.1211028,
              53.5012765
            ],
            [
              -2.1210233,
              53.5012719
            ],
            [
              -2.1209597,
              53.5012682
            ],
            [
              -2.1209265,
              53.5014702
            ],
            [
              -2.1210696,
              53.5014786
            ]
          ]
        ]
      },
      "id": "way/357558535"
    },
    {
      "type": "Feature",
      "properties": {
        "@id": "way/358719061",
        "amenity": "cafe",
        "brand": "Costa",
        "brand:wikidata": "Q608845",
        "brand:wikipedia": "en:Costa Coffee",
        "building": "yes",
        "cuisine": "coffee_shop",
        "drive_through": "yes",
        "name": "Costa Drive Thru",
        "takeaway": "yes"
      },
      "geometry": {
        "type": "Polygon",
        "coordinates": [
          [
            [
              -1.4092865,
              53.4112019
            ],
            [
              -1.4092729,
              53.4111935
            ],
            [
              -1.4091706,
              53.4111351
            ],
            [
              -1.4091504,
              53.4111241
            ],
            [
              -1.4090963,
              53.4111582
            ],
            [
              -1.4090699,
              53.411144
            ],
            [
              -1.4090254,
              53.4111691
            ],
            [
              -1.4090517,
              53.4111844
            ],
            [
              -1.4089495,
              53.411247
            ],
            [
              -1.4090687,
              53.4113211
            ],
            [
              -1.4092865,
              53.4112019
            ]
          ]
        ]
      },
      "id": "way/358719061"
    },
    {
      "type": "Feature",
      "properties": {
        "@id": "way/358968447",
        "addr:housename": "Boggart Hole Clough",
        "addr:postcode": "M9 7DF",
        "addr:street": "Charlestown Road",
        "amenity": "cafe",
        "building": "yes",
        "fhrs:id": "1821166",
        "name": "Lakeside Cafe",
        "outdoor_seating": "yes"
      },
      "geometry": {
        "type": "Polygon",
        "coordinates": [
          [
            [
              -2.1975513,
              53.5201564
            ],
            [
              -2.1972856,
              53.5202076
            ],
            [
              -2.1973289,
              53.5202869
            ],
            [
              -2.1975946,
              53.5202357
            ],
            [
              -2.1975513,
              53.5201564
            ]
          ]
        ]
      },
      "id": "way/358968447"
    },
    {
      "type": "Feature",
      "properties": {
        "@id": "way/360039617",
        "addr:city": "Sheffield",
        "addr:housenumber": "3",
        "addr:postcode": "S35 2UU",
        "addr:street": "Market Place",
        "addr:village": "Chapeltown",
        "amenity": "cafe",
        "building": "yes",
        "fhrs:id": "438170",
        "name": "Staniforths",
        "ref:GB:uprn": "100052187832"
      },
      "geometry": {
        "type": "Polygon",
        "coordinates": [
          [
            [
              -1.4655792,
              53.4620182
            ],
            [
              -1.4655639,
              53.4619594
            ],
            [
              -1.465459,
              53.4619691
            ],
            [
              -1.4654743,
              53.4620279
            ],
            [
              -1.4655792,
              53.4620182
            ]
          ]
        ]
      },
      "id": "way/360039617"
    },
    {
      "type": "Feature",
      "properties": {
        "@id": "way/360054574",
        "addr:city": "Sheffield",
        "addr:postcode": "S35 4LQ",
        "amenity": "cafe",
        "building": "yes",
        "name": "Bloomers Cafe",
        "ref:GB:uprn": "100051117480"
      },
      "geometry": {
        "type": "Polygon",
        "coordinates": [
          [
            [
              -1.4876738,
              53.4739634
            ],
            [
              -1.4877106,
              53.4738916
            ],
            [
              -1.4876022,
              53.473872
            ],
            [
              -1.4875654,
              53.4739437
            ],
            [
              -1.4876738,
              53.4739634
            ]
          ]
        ]
      },
      "id": "way/360054574"
    },
    {
      "type": "Feature",
      "properties": {
        "@id": "way/360261482",
        "amenity": "cafe",
        "building": "yes",
        "name": "Bluebird Cafe"
      },
      "geometry": {
        "type": "Polygon",
        "coordinates": [
          [
            [
              -1.9082925,
              53.7094728
            ],
            [
              -1.9083912,
              53.70945
            ],
            [
              -1.9083299,
              53.7093592
            ],
            [
              -1.9082325,
              53.7093829
            ],
            [
              -1.9082925,
              53.7094728
            ]
          ]
        ]
      },
      "id": "way/360261482"
    },
    {
      "type": "Feature",
      "properties": {
        "@id": "way/364967027",
        "alcohol": "yes",
        "amenity": "cafe",
        "brand": "Lounges",
        "brand:wikidata": "Q114313933",
        "building": "yes",
        "changing_table": "yes",
        "changing_table:location": "room",
        "cuisine": "regional",
        "diet:vegan": "yes",
        "diet:vegetarian": "yes",
        "internet_access": "wlan",
        "internet_access:fee": "no",
        "name": "Benito Lounge",
        "outdoor_seating": "yes",
        "ref:GB:uprn": "77077245;10094703464;10094703463",
        "toilets": "yes",
        "toilets:female": "yes",
        "toilets:male": "yes",
        "toilets:unisex": "no",
        "toilets:wheelchair": "designated",
        "website": "https://thelounges.co.uk/benito/",
        "wheelchair": "yes"
      },
      "geometry": {
        "type": "Polygon",
        "coordinates": [
          [
            [
              -2.2783616,
              53.4424291
            ],
            [
              -2.2783869,
              53.4421845
            ],
            [
              -2.278345,
              53.442183
            ],
            [
              -2.2783421,
              53.4422108
            ],
            [
              -2.2781935,
              53.4422053
            ],
            [
              -2.2781742,
              53.4423916
            ],
            [
              -2.2781498,
              53.4423907
            ],
            [
              -2.2781466,
              53.4424212
            ],
            [
              -2.2783616,
              53.4424291
            ]
          ]
        ]
      },
      "id": "way/364967027"
    },
    {
      "type": "Feature",
      "properties": {
        "@id": "way/375764398",
        "addr:city": "Bury",
        "addr:housenumber": "108",
        "addr:postcode": "BL9 0PJ",
        "addr:street": "The Rock",
        "amenity": "cafe",
        "brand": "Barista",
        "brand:wikidata": "Q644735",
        "brand:wikipedia": "en:Barista (company)",
        "building": "yes",
        "cuisine": "coffee_shop",
        "fhrs:id": "87999",
        "layer": "1",
        "name": "Barista",
        "shop": "coffee",
        "source:addr": "FHRS Open Data",
        "takeaway": "yes"
      },
      "geometry": {
        "type": "Polygon",
        "coordinates": [
          [
            [
              -2.293863,
              53.594626
            ],
            [
              -2.2934426,
              53.5946814
            ],
            [
              -2.2934759,
              53.5947804
            ],
            [
              -2.293863,
              53.594626
            ]
          ]
        ]
      },
      "id": "way/375764398"
    },
    {
      "type": "Feature",
      "properties": {
        "@id": "way/385230899",
        "addr:city": "Leeds",
        "addr:housenumber": "4-6",
        "addr:postcode": "LS18 4RJ",
        "addr:street": "Town Street",
        "addr:suburb": "Horsforth",
        "amenity": "cafe",
        "building": "yes",
        "contact:instagram": "https://www.instagram.com/bavettebistro",
        "cuisine": "bistro;french",
        "fhrs:id": "1690660",
        "name": "Bavette Bistro",
        "old_name": "The Little Monk",
        "opening_hours": "We-Th 18:00-22:00; Fr-Sa 12:00-15:00,18:00-22:00; Su 12:00-16:00; 2024 Aug 5-14 off",
        "ref:GB:uprn": "72653696",
        "smoking": "no",
        "website": "https://bavettebistro.com/"
      },
      "geometry": {
        "type": "Polygon",
        "coordinates": [
          [
            [
              -1.6421705,
              53.8368245
            ],
            [
              -1.6421855,
              53.8368308
            ],
            [
              -1.6422687,
              53.8367676
            ],
            [
              -1.6421191,
              53.8367075
            ],
            [
              -1.6420431,
              53.8367702
            ],
            [
              -1.6420608,
              53.836778
            ],
            [
              -1.6421705,
              53.8368245
            ]
          ]
        ]
      },
      "id": "way/385230899"
    },
    {
      "type": "Feature",
      "properties": {
        "@id": "way/385291937",
        "addr:city": "Leeds",
        "addr:housenumber": "60a",
        "addr:postcode": "LS18 4AP",
        "addr:street": "Town Street",
        "addr:suburb": "Horsforth",
        "amenity": "cafe",
        "building": "retail",
        "check_date:opening_hours": "2025-03-24",
        "fhrs:id": "1018292",
        "name": "Woodlawn Coffee Co",
        "opening_hours": "Mo-Fr 08:30-15:30; Sa 09:00-15:00; Su 10:00-15:00",
        "ref:GB:uprn": "72313092",
        "website": "http://woodlawncoffeeco.com/"
      },
      "geometry": {
        "type": "Polygon",
        "coordinates": [
          [
            [
              -1.6399076,
              53.8382371
            ],
            [
              -1.6399789,
              53.8381757
            ],
            [
              -1.6399166,
              53.8381505
            ],
            [
              -1.639895,
              53.8381691
            ],
            [
              -1.6398453,
              53.8382119
            ],
            [
              -1.6399076,
              53.8382371
            ]
          ]
        ]
      },
      "id": "way/385291937"
    },
    {
      "type": "Feature",
      "properties": {
        "@id": "way/385432511",
        "addr:city": "Leeds",
        "addr:housenumber": "90A",
        "addr:postcode": "LS18 4AP",
        "addr:street": "Town Street",
        "addr:suburb": "Horsforth",
        "amenity": "cafe",
        "building": "yes",
        "check_date:opening_hours": "2025-03-24",
        "fhrs:id": "1860818",
        "name": "Truly Scrummy",
        "opening_hours": "Tu-Sa 09:00-16:00; Su 10:00-15:00",
        "website": "https://www.trulyscrummy.com/"
      },
      "geometry": {
        "type": "Polygon",
        "coordinates": [
          [
            [
              -1.638762,
              53.8391411
            ],
            [
              -1.6386391,
              53.8390727
            ],
            [
              -1.6385394,
              53.8391286
            ],
            [
              -1.6386655,
              53.8391945
            ],
            [
              -1.638762,
              53.8391411
            ]
          ]
        ]
      },
      "id": "way/385432511"
    },
    {
      "type": "Feature",
      "properties": {
        "@id": "way/388871215",
        "addr:city": "Wakefield",
        "addr:housenumber": "5",
        "addr:postcode": "WF2 8DA",
        "addr:street": "Cross Lane",
        "amenity": "cafe",
        "building": "yes",
        "fhrs:id": "284069",
        "name": "Supasnax",
        "ref:GB:uprn": "63179016;63167935;63027810"
      },
      "geometry": {
        "type": "Polygon",
        "coordinates": [
          [
            [
              -1.5180265,
              53.6760948
            ],
            [
              -1.5179544,
              53.6761891
            ],
            [
              -1.518022,
              53.6762107
            ],
            [
              -1.5180612,
              53.6761338
            ],
            [
              -1.5180798,
              53.6761112
            ],
            [
              -1.5180265,
              53.6760948
            ]
          ]
        ]
      },
      "id": "way/388871215"
    },
    {
      "type": "Feature",
      "properties": {
        "@id": "way/389360006",
        "addr:city": "Manchester",
        "addr:housenumber": "263",
        "addr:postcode": "M4 7DB",
        "addr:street": "Great Ancoats Street",
        "addr:unit": "Unit 1",
        "air_conditioning": "yes",
        "amenity": "cafe",
        "brand": "Costa",
        "brand:wikidata": "Q608845",
        "brand:wikipedia": "en:Costa Coffee",
        "building:part": "yes",
        "cuisine": "coffee_shop",
        "diet:vegetarian": "yes",
        "fhrs:id": "1816858",
        "level": "0",
        "name": "Costa",
        "opening_hours": "Mo-Th 06:30-18:30; Fr 06:30-18:00; Sa,Su 08:00-18:00",
        "takeaway": "yes"
      },
      "geometry": {
        "type": "Polygon",
        "coordinates": [
          [
            [
              -2.2219104,
              53.4793835
            ],
            [
              -2.2220647,
              53.4792978
            ],
            [
              -2.2219761,
              53.4792452
            ],
            [
              -2.2218241,
              53.4793316
            ],
            [
              -2.2219104,
              53.4793835
            ]
          ]
        ]
      },
      "id": "way/389360006"
    },
    {
      "type": "Feature",
      "properties": {
        "@id": "way/390158567",
        "amenity": "cafe",
        "name": "Cafe Sandwich",
        "note": "Part of WMC, but advertises itself as separately to it.",
        "outdoor_seating": "yes"
      },
      "geometry": {
        "type": "Polygon",
        "coordinates": [
          [
            [
              -1.3881249,
              53.1838467
            ],
            [
              -1.3881755,
              53.1838597
            ],
            [
              -1.3882198,
              53.1837977
            ],
            [
              -1.3881692,
              53.1837847
            ],
            [
              -1.3880743,
              53.1837711
            ],
            [
              -1.3880421,
              53.1838209
            ],
            [
              -1.3881249,
              53.1838467
            ]
          ]
        ]
      },
      "id": "way/390158567"
    },
    {
      "type": "Feature",
      "properties": {
        "@id": "way/390263118",
        "addr:city": "Wakefield",
        "addr:housenumber": "2-4",
        "addr:postcode": "WF2 8HN",
        "addr:street": "George A Green Road",
        "amenity": "cafe",
        "building": "yes",
        "name": "YMCA WYAC Community Cafe",
        "ref:GB:uprn": "63042824"
      },
      "geometry": {
        "type": "Polygon",
        "coordinates": [
          [
            [
              -1.5288213,
              53.677845
            ],
            [
              -1.5288986,
              53.6778829
            ],
            [
              -1.5290817,
              53.677752
            ],
            [
              -1.5290068,
              53.6777152
            ],
            [
              -1.528951,
              53.6777551
            ],
            [
              -1.5289102,
              53.6777351
            ],
            [
              -1.5288463,
              53.6777808
            ],
            [
              -1.5288847,
              53.6777996
            ],
            [
              -1.5288213,
              53.677845
            ]
          ]
        ]
      },
      "id": "way/390263118"
    },
    {
      "type": "Feature",
      "properties": {
        "@id": "way/396611717",
        "addr:city": "Chesterfield",
        "addr:parentstreet": "Storforth Lane",
        "addr:place": "Storforth Lane Trading Estate",
        "addr:postcode": "S41 0QL",
        "addr:unit": "63",
        "amenity": "cafe",
        "building": "commercial",
        "check_date": "2024-08-23",
        "fhrs:id": "866065",
        "name": "AJs Cafe and Catering",
        "source:addr": "FHRS Open Data"
      },
      "geometry": {
        "type": "Polygon",
        "coordinates": [
          [
            [
              -1.4190753,
              53.2208624
            ],
            [
              -1.4190511,
              53.2207355
            ],
            [
              -1.4189331,
              53.2207403
            ],
            [
              -1.4189439,
              53.2208704
            ],
            [
              -1.4190753,
              53.2208624
            ]
          ]
        ]
      },
      "id": "way/396611717"
    },
    {
      "type": "Feature",
      "properties": {
        "@id": "way/396805733",
        "addr:city": "Chesterfield",
        "addr:postcode": "S40 1AZ",
        "addr:street": "West Bars",
        "amenity": "cafe",
        "building": "retail",
        "name": "Valley CIDS",
        "shop": "charity"
      },
      "geometry": {
        "type": "Polygon",
        "coordinates": [
          [
            [
              -1.4353974,
              53.2357689
            ],
            [
              -1.4353706,
              53.2358612
            ],
            [
              -1.4353988,
              53.2358628
            ],
            [
              -1.4353907,
              53.2359086
            ],
            [
              -1.4355812,
              53.2359254
            ],
            [
              -1.435612,
              53.2357858
            ],
            [
              -1.4353974,
              53.2357689
            ]
          ]
        ]
      },
      "id": "way/396805733"
    },
    {
      "type": "Feature",
      "properties": {
        "@id": "way/400197228",
        "amenity": "cafe",
        "building": "yes",
        "name": "The Tearoom in Cliffe Park"
      },
      "geometry": {
        "type": "Polygon",
        "coordinates": [
          [
            [
              -1.4636007,
              53.3015046
            ],
            [
              -1.4636982,
              53.3012569
            ],
            [
              -1.4634674,
              53.3012244
            ],
            [
              -1.4634325,
              53.3013132
            ],
            [
              -1.463496,
              53.3013221
            ],
            [
              -1.4634334,
              53.3014811
            ],
            [
              -1.4636007,
              53.3015046
            ]
          ]
        ]
      },
      "id": "way/400197228"
    },
    {
      "type": "Feature",
      "properties": {
        "@id": "way/419539636",
        "addr:city": "Matlock",
        "addr:postcode": "DE4 5AT",
        "addr:street": "Leashaw",
        "addr:village": "Holloway",
        "amenity": "cafe",
        "building": "yes",
        "fhrs:id": "996965",
        "name": "Chase Cafe",
        "opening_hours": "Mo,Th-Sa 10:00-16:00",
        "ref:GB:uprn": "10013428632",
        "website": "https://www.instagram.com/chase.cafe.holloway"
      },
      "geometry": {
        "type": "Polygon",
        "coordinates": [
          [
            [
              -1.5115836,
              53.1022161
            ],
            [
              -1.5114729,
              53.1021855
            ],
            [
              -1.5114296,
              53.102242
            ],
            [
              -1.5115889,
              53.1022873
            ],
            [
              -1.5116102,
              53.1022604
            ],
            [
              -1.5115604,
              53.1022462
            ],
            [
              -1.5115836,
              53.1022161
            ]
          ]
        ]
      },
      "id": "way/419539636"
    },
    {
      "type": "Feature",
      "properties": {
        "@id": "way/421236640",
        "amenity": "cafe",
        "building": "yes"
      },
      "geometry": {
        "type": "Polygon",
        "coordinates": [
          [
            [
              -2.2519329,
              53.6926535
            ],
            [
              -2.2520228,
              53.6925611
            ],
            [
              -2.2518314,
              53.6924958
            ],
            [
              -2.2517415,
              53.6925882
            ],
            [
              -2.2519329,
              53.6926535
            ]
          ]
        ]
      },
      "id": "way/421236640"
    },
    {
      "type": "Feature",
      "properties": {
        "@id": "way/421295151",
        "amenity": "cafe",
        "building": "yes",
        "cuisine": "coffee_shop",
        "name": "Detaljer",
        "opening_hours": "Mo-Sa 08:30-17:00; Su 09:00-15:00"
      },
      "geometry": {
        "type": "Polygon",
        "coordinates": [
          [
            [
              -2.3753591,
              53.3048633
            ],
            [
              -2.3753463,
              53.3048009
            ],
            [
              -2.375115,
              53.3048681
            ],
            [
              -2.3750847,
              53.3048755
            ],
            [
              -2.3751071,
              53.3049252
            ],
            [
              -2.3753591,
              53.3048633
            ]
          ]
        ]
      },
      "id": "way/421295151"
    },
    {
      "type": "Feature",
      "properties": {
        "@id": "way/421382151",
        "addr:city": "Wakefield",
        "addr:housename": "Stork Lodge",
        "addr:housenumber": "14",
        "addr:postcode": "WF2 8PP",
        "addr:street": "Thornes Road",
        "amenity": "cafe",
        "building": "house",
        "fhrs:id": "284429",
        "name": "Stork Lodge Tea Rooms",
        "ref:GB:uprn": "63113310"
      },
      "geometry": {
        "type": "Polygon",
        "coordinates": [
          [
            [
              -1.5092457,
              53.6697339
            ],
            [
              -1.5091157,
              53.6697481
            ],
            [
              -1.5091467,
              53.6698482
            ],
            [
              -1.5092767,
              53.669834
            ],
            [
              -1.5092457,
              53.6697339
            ]
          ]
        ]
      },
      "id": "way/421382151"
    },
    {
      "type": "Feature",
      "properties": {
        "@id": "way/421404218",
        "amenity": "cafe",
        "brand": "GAIL's Bakery",
        "brand:wikidata": "Q110662562",
        "building": "yes",
        "name": "Gail's Bakery",
        "ref:GB:uprn": "100012801961;100012830802",
        "shop": "bakery",
        "website": "https://gails.com/pages/knutsford"
      },
      "geometry": {
        "type": "Polygon",
        "coordinates": [
          [
            [
              -2.3750804,
              53.3041234
            ],
            [
              -2.3748659,
              53.3041799
            ],
            [
              -2.3749543,
              53.304285
            ],
            [
              -2.3750539,
              53.3042528
            ],
            [
              -2.3750245,
              53.3042139
            ],
            [
              -2.3751277,
              53.3041879
            ],
            [
              -2.3750804,
              53.3041234
            ]
          ]
        ]
      },
      "id": "way/421404218"
    },
    {
      "type": "Feature",
      "properties": {
        "@id": "way/421529735",
        "addr:city": "Knutsford",
        "addr:housenumber": "37",
        "addr:postcode": "WA16 6GR",
        "addr:street": "Regent Street",
        "amenity": "cafe",
        "building": "yes",
        "fhrs:id": "891218",
        "name": "April's Kitchen",
        "opening_hours": "Mo-Su 08:30-17:30",
        "ref:GB:uprn": "100012801880",
        "source:addr": "FHRS Open Data"
      },
      "geometry": {
        "type": "Polygon",
        "coordinates": [
          [
            [
              -2.3749354,
              53.304288
            ],
            [
              -2.3748415,
              53.304185
            ],
            [
              -2.3747605,
              53.3042114
            ],
            [
              -2.3748544,
              53.3043143
            ],
            [
              -2.3749354,
              53.304288
            ]
          ]
        ]
      },
      "id": "way/421529735"
    },
    {
      "type": "Feature",
      "properties": {
        "@id": "way/422043645",
        "amenity": "cafe",
        "building": "yes",
        "name": "Villa Farm Coffee Shop"
      },
      "geometry": {
        "type": "Polygon",
        "coordinates": [
          [
            [
              -1.7744437,
              53.6790637
            ],
            [
              -1.7746723,
              53.6790424
            ],
            [
              -1.7746669,
              53.6789943
            ],
            [
              -1.7746614,
              53.6789613
            ],
            [
              -1.7744235,
              53.678982
            ],
            [
              -1.7744437,
              53.6790637
            ]
          ]
        ]
      },
      "id": "way/422043645"
    },
    {
      "type": "Feature",
      "properties": {
        "@id": "way/428450159",
        "addr:city": "Wakefield",
        "addr:housenumber": "45",
        "addr:postcode": "WF1 3BH",
        "addr:street": "Northgate",
        "amenity": "cafe",
        "building": "yes",
        "fhrs:id": "1344005",
        "name": "Throwback Coffee House"
      },
      "geometry": {
        "type": "Polygon",
        "coordinates": [
          [
            [
              -1.499596,
              53.6842283
            ],
            [
              -1.4997611,
              53.6841492
            ],
            [
              -1.4997045,
              53.6841179
            ],
            [
              -1.4995575,
              53.6841918
            ],
            [
              -1.499596,
              53.6842283
            ]
          ]
        ]
      },
      "id": "way/428450159"
    },
    {
      "type": "Feature",
      "properties": {
        "@id": "way/428450168",
        "addr:city": "Wakefield",
        "addr:housenumber": "7",
        "addr:postcode": "WF1 3BW",
        "addr:street": "Cross Street",
        "amenity": "cafe",
        "building": "yes",
        "fhrs:id": "1766399",
        "name": "Subs & Suds",
        "old_name": "Butterflies",
        "ref:GB:uprn": "63028138"
      },
      "geometry": {
        "type": "Polygon",
        "coordinates": [
          [
            [
              -1.4995818,
              53.6838812
            ],
            [
              -1.4996783,
              53.683934
            ],
            [
              -1.4997272,
              53.6839023
            ],
            [
              -1.4996307,
              53.6838497
            ],
            [
              -1.4995818,
              53.6838812
            ]
          ]
        ]
      },
      "id": "way/428450168"
    },
    {
      "type": "Feature",
      "properties": {
        "@id": "way/429701286",
        "addr:city": "Wakefield",
        "addr:housenumber": "12",
        "addr:postcode": "WF2 8RT",
        "addr:street": "Townley Road",
        "amenity": "cafe",
        "building": "yes",
        "fhrs:id": "1155839",
        "name": "Georges Cafe",
        "old_name": "Munchis",
        "ref:GB:uprn": "63115396"
      },
      "geometry": {
        "type": "Polygon",
        "coordinates": [
          [
            [
              -1.5306441,
              53.6718651
            ],
            [
              -1.5305382,
              53.6718491
            ],
            [
              -1.5305262,
              53.6718768
            ],
            [
              -1.5305058,
              53.6718737
            ],
            [
              -1.5304824,
              53.6719278
            ],
            [
              -1.5306278,
              53.6719499
            ],
            [
              -1.5306509,
              53.6718967
            ],
            [
              -1.5306317,
              53.6718938
            ],
            [
              -1.5306441,
              53.6718651
            ]
          ]
        ]
      },
      "id": "way/429701286"
    },
    {
      "type": "Feature",
      "properties": {
        "@id": "way/429775815",
        "addr:city": "Barnsley",
        "addr:housenumber": "261",
        "addr:postcode": "S70 1QN",
        "addr:street": "Park Road",
        "amenity": "cafe",
        "building": "yes",
        "name": "Rossi's Café",
        "ref:GB:uprn": "10032785174;10032785173;10032785176;2007010285;100052110421;10032785175;2007010573"
      },
      "geometry": {
        "type": "Polygon",
        "coordinates": [
          [
            [
              -1.4878481,
              53.5446319
            ],
            [
              -1.4878323,
              53.5445595
            ],
            [
              -1.4876706,
              53.544572
            ],
            [
              -1.4876865,
              53.5446444
            ],
            [
              -1.4878481,
              53.5446319
            ]
          ]
        ]
      },
      "id": "way/429775815"
    },
    {
      "type": "Feature",
      "properties": {
        "@id": "way/431764719",
        "addr:housenumber": "55",
        "addr:postcode": "SK9 1DT",
        "addr:street": "Grove Street",
        "amenity": "cafe",
        "brand": "Starbucks",
        "brand:wikidata": "Q37158",
        "brand:wikipedia": "en:Starbucks",
        "building": "yes",
        "cuisine": "coffee_shop",
        "fhrs:id": "891674",
        "indoor_seating": "yes",
        "internet_access": "yes",
        "name": "Starbucks",
        "official_name": "Starbucks Coffee",
        "opening_hours": "Mo-Fr 06:00-18:00; Sa 07:30-18:00; Su 08:00-18:00",
        "outdoor_seating": "yes",
        "ref:GB:uprn": "100012789772",
        "takeaway": "yes",
        "website": "https://www.starbucks.com/store-locator/store/1013118/wilmslow-grove-street-55-grove-street-wilmslow-eng-sk-9-1-dt-gb"
      },
      "geometry": {
        "type": "Polygon",
        "coordinates": [
          [
            [
              -2.2323341,
              53.3261358
            ],
            [
              -2.2321647,
              53.3260581
            ],
            [
              -2.2321161,
              53.3260358
            ],
            [
              -2.2319968,
              53.3260735
            ],
            [
              -2.2320783,
              53.3261101
            ],
            [
              -2.2321161,
              53.3261272
            ],
            [
              -2.2321362,
              53.3261176
            ],
            [
              -2.232273,
              53.3261784
            ],
            [
              -2.2323341,
              53.3261358
            ]
          ]
        ]
      },
      "id": "way/431764719"
    },
    {
      "type": "Feature",
      "properties": {
        "@id": "way/432154179",
        "addr:city": "Bury",
        "addr:housenumber": "1",
        "addr:postcode": "BL9 0JL",
        "addr:street": "St Johns Square",
        "amenity": "cafe",
        "brand": "Costa",
        "brand:wikidata": "Q608845",
        "brand:wikipedia": "en:Costa Coffee",
        "building": "yes",
        "cuisine": "coffee_shop",
        "drive_through": "yes",
        "fhrs:id": "87935",
        "internet_access": "wlan",
        "internet_access:fee": "no",
        "name": "Costa",
        "opening_hours": "Mo-Fr 7:30-19:30, Sa 07:30-19:00, Su 08:30-17:30",
        "outdoor_seating": "no",
        "smoking": "no",
        "source:addr": "FHRS Open Data",
        "takeaway": "yes",
        "wheelchair": "yes"
      },
      "geometry": {
        "type": "Polygon",
        "coordinates": [
          [
            [
              -2.2909615,
              53.5952008
            ],
            [
              -2.2908734,
              53.5951266
            ],
            [
              -2.290786,
              53.5951638
            ],
            [
              -2.2907574,
              53.5951404
            ],
            [
              -2.2905974,
              53.5952107
            ],
            [
              -2.2907179,
              53.5953062
            ],
            [
              -2.2909615,
              53.5952008
            ]
          ]
        ]
      },
      "id": "way/432154179"
    },
    {
      "type": "Feature",
      "properties": {
        "@id": "way/433162222",
        "addr:city": "Leeds",
        "addr:housenumber": "9",
        "addr:postcode": "LS7 1AD",
        "addr:street": "Sheepscar Street South",
        "amenity": "cafe",
        "building": "yes",
        "check_date": "2024-05-13",
        "fhrs:id": "831728",
        "name": "Cafe No 9"
      },
      "geometry": {
        "type": "Polygon",
        "coordinates": [
          [
            [
              -1.5343519,
              53.807665
            ],
            [
              -1.5344712,
              53.8076574
            ],
            [
              -1.5344535,
              53.8076195
            ],
            [
              -1.5343953,
              53.8075953
            ],
            [
              -1.534338,
              53.8076012
            ],
            [
              -1.5343519,
              53.807665
            ]
          ]
        ]
      },
      "id": "way/433162222"
    },
    {
      "type": "Feature",
      "properties": {
        "@id": "way/433372494",
        "addr:postcode": "ST13 7HP",
        "addr:street": "Hollow Lane",
        "amenity": "cafe",
        "building": "yes",
        "fhrs:id": "1259507",
        "name": "Old School Tea Rooms",
        "opening_hours": "Th-Su 10:00-15:00",
        "source": "Bing",
        "source:addr": "FHRS Open Data"
      },
      "geometry": {
        "type": "Polygon",
        "coordinates": [
          [
            [
              -2.0477153,
              53.0678399
            ],
            [
              -2.0478234,
              53.0680219
            ],
            [
              -2.0479048,
              53.0680043
            ],
            [
              -2.0478604,
              53.0679297
            ],
            [
              -2.0480567,
              53.0678875
            ],
            [
              -2.0479929,
              53.0677802
            ],
            [
              -2.0479305,
              53.0677936
            ],
            [
              -2.0479165,
              53.0677701
            ],
            [
              -2.047768,
              53.067802
            ],
            [
              -2.047782,
              53.0678255
            ],
            [
              -2.0477153,
              53.0678399
            ]
          ]
        ]
      },
      "id": "way/433372494"
    },
    {
      "type": "Feature",
      "properties": {
        "@id": "way/434426839",
        "addr:city": "Wakefield",
        "addr:housenumber": "26",
        "addr:postcode": "WF2 7BY",
        "addr:street": "Duke Of York Avenue",
        "amenity": "cafe",
        "building": "yes",
        "fhrs:id": "1228941",
        "name": "Inspiring Community CIC",
        "ref:GB:uprn": "63032879"
      },
      "geometry": {
        "type": "Polygon",
        "coordinates": [
          [
            [
              -1.4912946,
              53.6641802
            ],
            [
              -1.491207,
              53.6641437
            ],
            [
              -1.491182,
              53.6641632
            ],
            [
              -1.4911701,
              53.6641573
            ],
            [
              -1.4911166,
              53.6642023
            ],
            [
              -1.4912379,
              53.6642529
            ],
            [
              -1.4912853,
              53.664213
            ],
            [
              -1.4912655,
              53.6642047
            ],
            [
              -1.4912946,
              53.6641802
            ]
          ]
        ]
      },
      "id": "way/434426839"
    },
    {
      "type": "Feature",
      "properties": {
        "@id": "way/434774446",
        "addr:city": "Wakefield",
        "addr:housenumber": "73",
        "addr:postcode": "WF1 5DX",
        "addr:street": "Doncaster Road",
        "amenity": "cafe",
        "building": "house",
        "fhrs:id": "812023",
        "name": "The Cabin",
        "ref:GB:uprn": "63141896;63032391;63032392;10092021167",
        "takeaway": "yes"
      },
      "geometry": {
        "type": "Polygon",
        "coordinates": [
          [
            [
              -1.4836846,
              53.6725175
            ],
            [
              -1.4837632,
              53.6725506
            ],
            [
              -1.4838576,
              53.6724717
            ],
            [
              -1.483779,
              53.6724386
            ],
            [
              -1.4836846,
              53.6725175
            ]
          ]
        ]
      },
      "id": "way/434774446"
    },
    {
      "type": "Feature",
      "properties": {
        "@id": "way/435492783",
        "addr:city": "Wakefield",
        "addr:housenumber": "299",
        "addr:postcode": "WF2 6EJ",
        "addr:street": "Barnsley Road",
        "amenity": "cafe",
        "building": "yes",
        "fhrs:id": "340205",
        "name": "The Spring Cafe"
      },
      "geometry": {
        "type": "Polygon",
        "coordinates": [
          [
            [
              -1.4836032,
              53.6615029
            ],
            [
              -1.4837563,
              53.6614766
            ],
            [
              -1.483765,
              53.6614942
            ],
            [
              -1.4838187,
              53.6614849
            ],
            [
              -1.483821,
              53.6614896
            ],
            [
              -1.4838903,
              53.6614777
            ],
            [
              -1.4838283,
              53.6613515
            ],
            [
              -1.4837095,
              53.6613719
            ],
            [
              -1.4837183,
              53.6613899
            ],
            [
              -1.4837059,
              53.661392
            ],
            [
              -1.4836926,
              53.661365
            ],
            [
              -1.4835812,
              53.6613842
            ],
            [
              -1.4835949,
              53.6614121
            ],
            [
              -1.4834332,
              53.66144
            ],
            [
              -1.4834936,
              53.6615632
            ],
            [
              -1.4836219,
              53.6615411
            ],
            [
              -1.4836032,
              53.6615029
            ]
          ]
        ]
      },
      "id": "way/435492783"
    },
    {
      "type": "Feature",
      "properties": {
        "@id": "way/436686737",
        "amenity": "cafe",
        "building": "yes"
      },
      "geometry": {
        "type": "Polygon",
        "coordinates": [
          [
            [
              -1.9014295,
              53.7736019
            ],
            [
              -1.9013715,
              53.7735648
            ],
            [
              -1.901289,
              53.7736098
            ],
            [
              -1.901347,
              53.7736469
            ],
            [
              -1.9014295,
              53.7736019
            ]
          ]
        ]
      },
      "id": "way/436686737"
    },
    {
      "type": "Feature",
      "properties": {
        "@id": "way/437084179",
        "amenity": "cafe",
        "level": "1",
        "name": "Fresh Kitchen"
      },
      "geometry": {
        "type": "Polygon",
        "coordinates": [
          [
            [
              -1.4925811,
              53.3456433
            ],
            [
              -1.4926376,
              53.3457003
            ],
            [
              -1.4926536,
              53.3457164
            ],
            [
              -1.492709,
              53.345698
            ],
            [
              -1.4926366,
              53.3456236
            ],
            [
              -1.4925811,
              53.3456433
            ]
          ]
        ]
      },
      "id": "way/437084179"
    },
    {
      "type": "Feature",
      "properties": {
        "@id": "way/437349593",
        "addr:city": "Wakefield",
        "addr:housename": "Grind Coffee Shop",
        "addr:housenumber": "18",
        "addr:postcode": "WF1 3AA",
        "addr:street": "Northgate",
        "amenity": "cafe",
        "building": "yes",
        "cuisine": "coffee_shop",
        "fhrs:id": "1815272",
        "name": "Grind",
        "source": "OS_OpenData_StreetView",
        "wheelchair": "yes"
      },
      "geometry": {
        "type": "Polygon",
        "coordinates": [
          [
            [
              -1.497617,
              53.6837654
            ],
            [
              -1.4976514,
              53.6838116
            ],
            [
              -1.497751,
              53.6837863
            ],
            [
              -1.49772,
              53.6837388
            ],
            [
              -1.497617,
              53.6837654
            ]
          ]
        ]
      },
      "id": "way/437349593"
    },
    {
      "type": "Feature",
      "properties": {
        "@id": "way/437585391",
        "addr:city": "Wakefield",
        "addr:housenumber": "5-7",
        "addr:postcode": "WF1 1PN",
        "addr:street": "Westmorland Street",
        "amenity": "cafe",
        "building": "yes",
        "fhrs:id": "283713",
        "name": "Neptune Diner",
        "wheelchair": "yes"
      },
      "geometry": {
        "type": "Polygon",
        "coordinates": [
          [
            [
              -1.4970872,
              53.6835318
            ],
            [
              -1.4970611,
              53.6835961
            ],
            [
              -1.4972243,
              53.6836178
            ],
            [
              -1.4972536,
              53.6835544
            ],
            [
              -1.4970872,
              53.6835318
            ]
          ]
        ]
      },
      "id": "way/437585391"
    },
    {
      "type": "Feature",
      "properties": {
        "@id": "way/437585392",
        "addr:city": "Wakefield",
        "addr:housenumber": "11-13",
        "addr:postcode": "WF1 1PN",
        "addr:street": "Westmorland Street",
        "amenity": "cafe",
        "building": "yes",
        "cuisine": "fish_and_chips",
        "fhrs:id": "1418740",
        "name": "Captain Fish",
        "old_name": "Olde England Fisheries",
        "source": "OS_OpenData_StreetView",
        "wheelchair": "limited"
      },
      "geometry": {
        "type": "Polygon",
        "coordinates": [
          [
            [
              -1.4968122,
              53.6836404
            ],
            [
              -1.4968789,
              53.6836508
            ],
            [
              -1.496883,
              53.6835721
            ],
            [
              -1.4969829,
              53.6835857
            ],
            [
              -1.49701,
              53.6835213
            ],
            [
              -1.4969111,
              53.6835078
            ],
            [
              -1.4968776,
              53.6835102
            ],
            [
              -1.4968494,
              53.6835277
            ],
            [
              -1.4968353,
              53.6835434
            ],
            [
              -1.4968122,
              53.6836404
            ]
          ]
        ]
      },
      "id": "way/437585392"
    },
    {
      "type": "Feature",
      "properties": {
        "@id": "way/437585394",
        "addr:city": "Wakefield",
        "addr:housenumber": "1a",
        "addr:postcode": "WF1 1PN",
        "addr:street": "Westmorland Street",
        "amenity": "cafe",
        "building": "yes",
        "fhrs:id": "756342",
        "name": "Socialicious",
        "wheelchair": "yes"
      },
      "geometry": {
        "type": "Polygon",
        "coordinates": [
          [
            [
              -1.4974181,
              53.6836436
            ],
            [
              -1.4974489,
              53.683581
            ],
            [
              -1.4973784,
              53.6835714
            ],
            [
              -1.4973416,
              53.6836508
            ],
            [
              -1.4973792,
              53.6836571
            ],
            [
              -1.4973859,
              53.6836389
            ],
            [
              -1.4974181,
              53.6836436
            ]
          ]
        ]
      },
      "id": "way/437585394"
    },
    {
      "type": "Feature",
      "properties": {
        "@id": "way/438986292",
        "addr:city": "Leeds",
        "addr:housenumber": "33",
        "addr:postcode": "LS13 1LB",
        "addr:street": "Rodley Lane",
        "amenity": "cafe",
        "building": "retail",
        "building:levels": "2",
        "cuisine": "coffee_shop",
        "fhrs:id": "322858",
        "name": "Café Fraiche",
        "ref:GB:uprn": "72566148;72273528;72720872",
        "roof:levels": "0",
        "roof:orientation": "across",
        "roof:shape": "gabled"
      },
      "geometry": {
        "type": "Polygon",
        "coordinates": [
          [
            [
              -1.6649575,
              53.8234487
            ],
            [
              -1.6650344,
              53.8233682
            ],
            [
              -1.6649551,
              53.8233418
            ],
            [
              -1.6648782,
              53.8234223
            ],
            [
              -1.6649575,
              53.8234487
            ]
          ]
        ]
      },
      "id": "way/438986292"
    },
    {
      "type": "Feature",
      "properties": {
        "@id": "way/441578320",
        "addr:city": "Sheffield",
        "addr:postcode": "S1 2BP",
        "addr:street": "Sheaf Street",
        "amenity": "cafe",
        "brand": "Pumpkin",
        "brand:wikidata": "Q27825961",
        "brand:wikipedia": "en:Pumpkin Café Shop",
        "cuisine": "coffee_shop",
        "diet:vegetarian": "yes",
        "fhrs:id": "1038134",
        "indoor": "room",
        "level": "0",
        "name": "The Coffee Room",
        "opening_hours": "Mo-Sa 06:00-20:00; Su 09:00-18:00",
        "room": "restaurant",
        "takeaway": "yes"
      },
      "geometry": {
        "type": "Polygon",
        "coordinates": [
          [
            [
              -1.4616571,
              53.378097
            ],
            [
              -1.4616615,
              53.3780561
            ],
            [
              -1.4616679,
              53.3779965
            ],
            [
              -1.4615376,
              53.3779915
            ],
            [
              -1.4615312,
              53.3780511
            ],
            [
              -1.4615268,
              53.3780919
            ],
            [
              -1.4616192,
              53.3780955
            ],
            [
              -1.4616571,
              53.378097
            ]
          ]
        ]
      },
      "id": "way/441578320"
    },
    {
      "type": "Feature",
      "properties": {
        "@id": "way/442026046",
        "addr:city": "Wakefield",
        "addr:place": "Yorkshire Sculpture Park",
        "addr:postcode": "WF4 4LG",
        "addr:street": "Park Lane",
        "addr:suburb": "Bretton",
        "amenity": "cafe",
        "building": "yes",
        "fhrs:id": "1085229",
        "name": "Snack & Icecream Kiosk"
      },
      "geometry": {
        "type": "Polygon",
        "coordinates": [
          [
            [
              -1.5767797,
              53.598051
            ],
            [
              -1.5767944,
              53.5980759
            ],
            [
              -1.5768404,
              53.5980663
            ],
            [
              -1.5768257,
              53.5980414
            ],
            [
              -1.5767797,
              53.598051
            ]
          ]
        ]
      },
      "id": "way/442026046"
    },
    {
      "type": "Feature",
      "properties": {
        "@id": "way/442753043",
        "addr:city": "Wakefield",
        "addr:housenumber": "652",
        "addr:postcode": "WF2 6QQ",
        "addr:street": "Barnsley Road",
        "amenity": "cafe",
        "building": "yes",
        "fhrs:id": "340118",
        "name": "Beuley Cafe",
        "ref:GB:uprn": "63006996"
      },
      "geometry": {
        "type": "Polygon",
        "coordinates": [
          [
            [
              -1.4999614,
              53.6378223
            ],
            [
              -1.5000082,
              53.637925
            ],
            [
              -1.5001977,
              53.6378899
            ],
            [
              -1.5001487,
              53.6377968
            ],
            [
              -1.5000611,
              53.637813
            ],
            [
              -1.5000567,
              53.6378047
            ],
            [
              -1.4999614,
              53.6378223
            ]
          ]
        ]
      },
      "id": "way/442753043"
    },
    {
      "type": "Feature",
      "properties": {
        "@id": "way/443772893",
        "addr:city": "Wakefield",
        "addr:postcode": "WF1 1QR",
        "addr:street": "Market Walk",
        "addr:unit": "G34",
        "amenity": "cafe",
        "brand": "Starbucks",
        "brand:wikidata": "Q37158",
        "brand:wikipedia": "en:Starbucks",
        "building": "yes",
        "cuisine": "coffee_shop",
        "fhrs:id": "1018729",
        "name": "Starbucks",
        "official_name": "Starbucks Coffee",
        "ref:GB:uprn": "63181167",
        "takeaway": "yes",
        "website": "https://www.starbucks.com/store-locator/store/1020450/wakefield-trinity-walk-trinity-walk-wakefield-eng-wf-1-1-qw-gb"
      },
      "geometry": {
        "type": "Polygon",
        "coordinates": [
          [
            [
              -1.4966239,
              53.6850763
            ],
            [
              -1.4966703,
              53.684859
            ],
            [
              -1.4965805,
              53.6848521
            ],
            [
              -1.4965329,
              53.6850693
            ],
            [
              -1.4966239,
              53.6850763
            ]
          ]
        ]
      },
      "id": "way/443772893"
    },
    {
      "type": "Feature",
      "properties": {
        "@id": "way/444571952",
        "addr:city": "Wakefield",
        "addr:housenumber": "19a",
        "addr:postcode": "WF1 1QE",
        "addr:street": "The Springs",
        "amenity": "cafe",
        "building": "yes",
        "fhrs:id": "798482",
        "name": "Cafe 19",
        "ref:GB:uprn": "63199430;63112447;63199428;63199429",
        "source": "OS_OpenData_StreetView",
        "wheelchair": "yes"
      },
      "geometry": {
        "type": "Polygon",
        "coordinates": [
          [
            [
              -1.4950245,
              53.6834037
            ],
            [
              -1.4950266,
              53.6832701
            ],
            [
              -1.4949522,
              53.6832687
            ],
            [
              -1.4949534,
              53.6834447
            ],
            [
              -1.4950242,
              53.6834613
            ],
            [
              -1.4950245,
              53.6834037
            ]
          ]
        ]
      },
      "id": "way/444571952"
    },
    {
      "type": "Feature",
      "properties": {
        "@id": "way/444571961",
        "addr:city": "Wakefield",
        "addr:housename": "Westmorland House",
        "addr:postcode": "WF1 1QN",
        "addr:street": "Teall Street",
        "addr:unit": "A",
        "amenity": "cafe",
        "brand": "Muffin Break",
        "brand:wikidata": "Q16964876",
        "brand:wikipedia": "en:Muffin Break",
        "building": "yes",
        "cuisine": "coffee_shop",
        "fhrs:id": "1316640",
        "name": "Muffin Break",
        "source": "OS_OpenData_StreetView",
        "takeaway": "yes",
        "wheelchair": "yes"
      },
      "geometry": {
        "type": "Polygon",
        "coordinates": [
          [
            [
              -1.4962546,
              53.6838453
            ],
            [
              -1.496266,
              53.6837811
            ],
            [
              -1.4961214,
              53.6837704
            ],
            [
              -1.4961116,
              53.6838346
            ],
            [
              -1.4962546,
              53.6838453
            ]
          ]
        ]
      },
      "id": "way/444571961"
    },
    {
      "type": "Feature",
      "properties": {
        "@id": "way/444571982",
        "addr:city": "Wakefield",
        "addr:housenumber": "8",
        "addr:postcode": "WF1 1QG",
        "addr:street": "Zetland Street",
        "amenity": "cafe",
        "building": "yes",
        "fhrs:id": "1436067",
        "name": "Cozy Corner Cafe",
        "old_name": "Trinity Bakehouse and Cafe",
        "ref:GB:uprn": "63130752",
        "source": "OS_OpenData_StreetView",
        "wheelchair": "yes"
      },
      "geometry": {
        "type": "Polygon",
        "coordinates": [
          [
            [
              -1.4955559,
              53.6836673
            ],
            [
              -1.4954768,
              53.6836626
            ],
            [
              -1.4954609,
              53.6837389
            ],
            [
              -1.4955424,
              53.6837447
            ],
            [
              -1.4955559,
              53.6836673
            ]
          ]
        ]
      },
      "id": "way/444571982"
    },
    {
      "type": "Feature",
      "properties": {
        "@id": "way/445053269",
        "addr:postcode": "CW12 1BP",
        "addr:street": "Market Street",
        "amenity": "cafe",
        "building": "yes",
        "fhrs:id": "890490",
        "indoor_seating": "yes",
        "name": "Bear Grills Cafe",
        "opening_hours": "Fr, Sa 08:30-14:30; Su 10:00-15:00",
        "outdoor_seating": "no",
        "phone": "+44 1260 400160",
        "ref:GB:uprn": "100012598571"
      },
      "geometry": {
        "type": "Polygon",
        "coordinates": [
          [
            [
              -2.2117929,
              53.1640368
            ],
            [
              -2.2117784,
              53.163905
            ],
            [
              -2.2116785,
              53.1639089
            ],
            [
              -2.211693,
              53.1640407
            ],
            [
              -2.2117929,
              53.1640368
            ]
          ]
        ]
      },
      "id": "way/445053269"
    },
    {
      "type": "Feature",
      "properties": {
        "@id": "way/446218226",
        "amenity": "cafe",
        "brand": "Starbucks",
        "brand:wikidata": "Q37158",
        "brand:wikipedia": "en:Starbucks",
        "building": "retail",
        "cuisine": "coffee_shop",
        "name": "Starbucks",
        "official_name": "Starbucks Coffee",
        "ref:GB:uprn": "10090921910",
        "takeaway": "yes",
        "website": "https://www.starbucks.com/store-locator/store/90092/rochdale-manchester-road-dt-manchester-road-rochdale-eng-ol-11-3-pt-gb"
      },
      "geometry": {
        "type": "Polygon",
        "coordinates": [
          [
            [
              -2.1703164,
              53.6041438
            ],
            [
              -2.1702858,
              53.6040793
            ],
            [
              -2.1702616,
              53.6040833
            ],
            [
              -2.1702485,
              53.6040556
            ],
            [
              -2.1701563,
              53.604071
            ],
            [
              -2.1701607,
              53.6040802
            ],
            [
              -2.169938,
              53.6041173
            ],
            [
              -2.1699772,
              53.6042003
            ],
            [
              -2.1703164,
              53.6041438
            ]
          ]
        ]
      },
      "id": "way/446218226"
    },
    {
      "type": "Feature",
      "properties": {
        "@id": "way/448331875",
        "addr:city": "Wakefield",
        "addr:housenumber": "61",
        "addr:postcode": "WF1 1HX",
        "addr:street": "Kirkgate",
        "amenity": "cafe",
        "building": "yes",
        "cuisine": "coffee_shop",
        "name": "Al's",
        "source": "OS_OpenData_StreetView"
      },
      "geometry": {
        "type": "Polygon",
        "coordinates": [
          [
            [
              -1.4938699,
              53.6823082
            ],
            [
              -1.4937093,
              53.682376
            ],
            [
              -1.4937441,
              53.682405
            ],
            [
              -1.4939051,
              53.6823378
            ],
            [
              -1.4938699,
              53.6823082
            ]
          ]
        ]
      },
      "id": "way/448331875"
    },
    {
      "type": "Feature",
      "properties": {
        "@id": "way/448331887",
        "addr:city": "Wakefield",
        "addr:housenumber": "172",
        "addr:postcode": "WF1 1UD",
        "addr:street": "Kirkgate",
        "amenity": "cafe",
        "building": "yes",
        "name": "Dungeons & Donuts",
        "old_name": "Our House",
        "ref:GB:uprn": "63062866",
        "website": "https://dungeonsanddonuts.co.uk/"
      },
      "geometry": {
        "type": "Polygon",
        "coordinates": [
          [
            [
              -1.4925655,
              53.6798838
            ],
            [
              -1.4923723,
              53.6798963
            ],
            [
              -1.4923812,
              53.6799421
            ],
            [
              -1.4924805,
              53.6799353
            ],
            [
              -1.4925797,
              53.6799284
            ],
            [
              -1.4925655,
              53.6798838
            ]
          ]
        ]
      },
      "id": "way/448331887"
    },
    {
      "type": "Feature",
      "properties": {
        "@id": "way/448331889",
        "addr:city": "Wakefield",
        "addr:housenumber": "184",
        "addr:postcode": "WF1 1UD",
        "addr:street": "Kirkgate",
        "amenity": "cafe",
        "building": "yes",
        "fhrs:id": "1376693",
        "name": "Eats",
        "ref:GB:uprn": "63062872",
        "source": "OS_OpenData_StreetView"
      },
      "geometry": {
        "type": "Polygon",
        "coordinates": [
          [
            [
              -1.4923366,
              53.6796591
            ],
            [
              -1.4924657,
              53.6796517
            ],
            [
              -1.4924527,
              53.6796057
            ],
            [
              -1.4923318,
              53.6796118
            ],
            [
              -1.4923366,
              53.6796591
            ]
          ]
        ]
      },
      "id": "way/448331889"
    },
    {
      "type": "Feature",
      "properties": {
        "@id": "way/448331897",
        "addr:city": "Wakefield",
        "addr:housenumber": "111",
        "addr:postcode": "WF1 1JG",
        "addr:street": "Kirkgate",
        "amenity": "cafe",
        "building": "yes",
        "name": "Sweet Sensation Creamery",
        "ref:GB:uprn": "63062836",
        "source": "OS_OpenData_StreetView"
      },
      "geometry": {
        "type": "Polygon",
        "coordinates": [
          [
            [
              -1.4927566,
              53.6812092
            ],
            [
              -1.4925569,
              53.6812981
            ],
            [
              -1.4926164,
              53.6813456
            ],
            [
              -1.4928065,
              53.6812612
            ],
            [
              -1.4927566,
              53.6812092
            ]
          ]
        ]
      },
      "id": "way/448331897"
    },
    {
      "type": "Feature",
      "properties": {
        "@id": "way/450763771",
        "amenity": "cafe",
        "building": "yes",
        "facebook": "https://www.facebook.com/bezbirdwatcher/",
        "name": "Clough Head Visitor Centre",
        "outdoor_seating": "yes",
        "ref:GB:uprn": "10014331187",
        "website": "https://www.visitlancashire.com/things-to-do/clough-head-visitor-centre-p82240"
      },
      "geometry": {
        "type": "Polygon",
        "coordinates": [
          [
            [
              -2.3790634,
              53.7041916
            ],
            [
              -2.3789342,
              53.7042962
            ],
            [
              -2.3789784,
              53.704308
            ],
            [
              -2.3790623,
              53.7042897
            ],
            [
              -2.3791474,
              53.7042171
            ],
            [
              -2.3790634,
              53.7041916
            ]
          ]
        ]
      },
      "id": "way/450763771"
    },
    {
      "type": "Feature",
      "properties": {
        "@id": "way/458307425",
        "addr:city": "Normanton",
        "addr:housenumber": "339",
        "addr:postcode": "WF6 1QU",
        "addr:street": "Castleford Road",
        "amenity": "cafe",
        "building": "house",
        "fhrs:id": "1251417",
        "name": "Junction 31 Sandwich Bar",
        "ref:GB:uprn": "63196186"
      },
      "geometry": {
        "type": "Polygon",
        "coordinates": [
          [
            [
              -1.4016581,
              53.7060666
            ],
            [
              -1.4017476,
              53.7061308
            ],
            [
              -1.4018078,
              53.7061015
            ],
            [
              -1.4017183,
              53.7060372
            ],
            [
              -1.4016581,
              53.7060666
            ]
          ]
        ]
      },
      "id": "way/458307425"
    },
    {
      "type": "Feature",
      "properties": {
        "@id": "way/458711582",
        "addr:city": "Normanton",
        "addr:housenumber": "1-3",
        "addr:postcode": "WF6 2AD",
        "addr:street": "High Street",
        "amenity": "cafe",
        "building": "yes",
        "fhrs:id": "877501",
        "name": "Corner Kitchen",
        "ref:GB:uprn": "63052528"
      },
      "geometry": {
        "type": "Polygon",
        "coordinates": [
          [
            [
              -1.4204287,
              53.6998657
            ],
            [
              -1.4204543,
              53.6998877
            ],
            [
              -1.4205353,
              53.6998587
            ],
            [
              -1.4205138,
              53.6998348
            ],
            [
              -1.420491,
              53.6998095
            ],
            [
              -1.4203766,
              53.6998546
            ],
            [
              -1.4203533,
              53.6998937
            ],
            [
              -1.4204287,
              53.6998657
            ]
          ]
        ]
      },
      "id": "way/458711582"
    },
    {
      "type": "Feature",
      "properties": {
        "@id": "way/458711660",
        "addr:city": "Normanton",
        "addr:housenumber": "28",
        "addr:postcode": "WF6 2AY",
        "addr:street": "Altofts Road",
        "amenity": "cafe",
        "building": "house",
        "cuisine": "coffee_shop",
        "fhrs:id": "1018789",
        "name": "Toast Coffee House"
      },
      "geometry": {
        "type": "Polygon",
        "coordinates": [
          [
            [
              -1.4203997,
              53.7006717
            ],
            [
              -1.4203995,
              53.7007062
            ],
            [
              -1.4203422,
              53.700706
            ],
            [
              -1.420342,
              53.7007362
            ],
            [
              -1.4205399,
              53.7007367
            ],
            [
              -1.4205404,
              53.7006721
            ],
            [
              -1.4203997,
              53.7006717
            ]
          ]
        ]
      },
      "id": "way/458711660"
    },
    {
      "type": "Feature",
      "properties": {
        "@id": "way/458711676",
        "addr:city": "Normanton",
        "addr:housenumber": "50",
        "addr:postcode": "WF6 2AQ",
        "addr:street": "High Street",
        "amenity": "cafe",
        "building": "yes",
        "fhrs:id": "1537740",
        "name": "Trennerys",
        "ref:GB:uprn": "63052573"
      },
      "geometry": {
        "type": "Polygon",
        "coordinates": [
          [
            [
              -1.4177623,
              53.700007
            ],
            [
              -1.4178411,
              53.700101
            ],
            [
              -1.4179155,
              53.7000791
            ],
            [
              -1.4178367,
              53.6999851
            ],
            [
              -1.4177623,
              53.700007
            ]
          ]
        ]
      },
      "id": "way/458711676"
    },
    {
      "type": "Feature",
      "properties": {
        "@id": "way/459414544",
        "addr:city": "Normanton",
        "addr:housenumber": "10a",
        "addr:postcode": "WF6 1HT",
        "addr:street": "Dalefield Avenue",
        "amenity": "cafe",
        "building": "yes",
        "fhrs:id": "1786700",
        "name": "Have You Bean",
        "old_name": "Alpino Gelato",
        "ref:GB:uprn": "63029242"
      },
      "geometry": {
        "type": "Polygon",
        "coordinates": [
          [
            [
              -1.4168966,
              53.6964011
            ],
            [
              -1.4169712,
              53.6963715
            ],
            [
              -1.4169377,
              53.6963419
            ],
            [
              -1.4168631,
              53.6963715
            ],
            [
              -1.4168966,
              53.6964011
            ]
          ]
        ]
      },
      "id": "way/459414544"
    },
    {
      "type": "Feature",
      "properties": {
        "@id": "way/460588019",
        "addr:city": "Pudsey",
        "addr:housenumber": "63",
        "addr:postcode": "LS28 8AA",
        "addr:street": "Robin Lane",
        "amenity": "cafe",
        "building": "yes",
        "fhrs:id": "1150699",
        "name": "The Brew'ry",
        "ref:GB:uprn": "72281808"
      },
      "geometry": {
        "type": "Polygon",
        "coordinates": [
          [
            [
              -1.6608116,
              53.79159
            ],
            [
              -1.6607666,
              53.7915816
            ],
            [
              -1.6607348,
              53.7916409
            ],
            [
              -1.6607774,
              53.7916632
            ],
            [
              -1.6608275,
              53.79163
            ],
            [
              -1.6608541,
              53.7916123
            ],
            [
              -1.6608116,
              53.79159
            ]
          ]
        ]
      },
      "id": "way/460588019"
    },
    {
      "type": "Feature",
      "properties": {
        "@id": "way/461321678",
        "addr:city": "Pudsey",
        "addr:housenumber": "15a",
        "addr:postcode": "LS28 7BQ",
        "addr:street": "Lowtown",
        "amenity": "cafe",
        "building": "yes",
        "name": "Millie's Caffe",
        "old_name": "Black Mouse Cheese And Wine Emporium"
      },
      "geometry": {
        "type": "Polygon",
        "coordinates": [
          [
            [
              -1.6610271,
              53.797206
            ],
            [
              -1.6609433,
              53.7971081
            ],
            [
              -1.6608575,
              53.797123
            ],
            [
              -1.6608665,
              53.7971411
            ],
            [
              -1.6609089,
              53.7972265
            ],
            [
              -1.6610271,
              53.797206
            ]
          ]
        ]
      },
      "id": "way/461321678"
    },
    {
      "type": "Feature",
      "properties": {
        "@id": "way/461927729",
        "addr:city": "Pudsey",
        "addr:housenumber": "161",
        "addr:postcode": "LS28 6AA",
        "addr:street": "Richardshaw Lane",
        "addr:suburb": "Stanningley",
        "amenity": "cafe",
        "building": "house",
        "fhrs:id": "1432105",
        "name": "Coffee And Cake House",
        "ref:GB:uprn": "72279685"
      },
      "geometry": {
        "type": "Polygon",
        "coordinates": [
          [
            [
              -1.6660904,
              53.8028018
            ],
            [
              -1.6659433,
              53.8028368
            ],
            [
              -1.6659708,
              53.8028771
            ],
            [
              -1.6661179,
              53.8028421
            ],
            [
              -1.6660904,
              53.8028018
            ]
          ]
        ]
      },
      "id": "way/461927729"
    },
    {
      "type": "Feature",
      "properties": {
        "@id": "way/463534089",
        "addr:city": "Huddersfield",
        "addr:country": "GB",
        "addr:housenumber": "15",
        "addr:postcode": "HD7 5AN",
        "addr:street": "Carr Lane",
        "addr:suburb": "Slaithwaite",
        "amenity": "cafe",
        "building": "retail",
        "name": "Culture",
        "old_name": "Captain's Table",
        "outdoor_seating": "sidewalk",
        "ref:GB:uprn": "83004325",
        "shop": "bakery",
        "takeaway": "yes"
      },
      "geometry": {
        "type": "Polygon",
        "coordinates": [
          [
            [
              -1.8803396,
              53.6228547
            ],
            [
              -1.880431,
              53.6229328
            ],
            [
              -1.8804919,
              53.6229061
            ],
            [
              -1.8804004,
              53.6228274
            ],
            [
              -1.8803396,
              53.6228547
            ]
          ]
        ]
      },
      "id": "way/463534089"
    },
    {
      "type": "Feature",
      "properties": {
        "@id": "way/463534093",
        "addr:city": "Huddersfield",
        "addr:country": "GB",
        "addr:housenumber": "19-21",
        "addr:postcode": "HD7 5AN",
        "addr:street": "Carr Lane",
        "addr:suburb": "Slaithwaite",
        "amenity": "cafe",
        "building": "retail",
        "fhrs:id": "964933",
        "name": "Vanilla Bean",
        "source:addr": "FHRS Open Data"
      },
      "geometry": {
        "type": "Polygon",
        "coordinates": [
          [
            [
              -1.8801525,
              53.6229387
            ],
            [
              -1.8800561,
              53.622982
            ],
            [
              -1.8801298,
              53.6230422
            ],
            [
              -1.8800912,
              53.623062
            ],
            [
              -1.8801386,
              53.6230968
            ],
            [
              -1.8802165,
              53.6230602
            ],
            [
              -1.8801888,
              53.623039
            ],
            [
              -1.8802448,
              53.6230144
            ],
            [
              -1.8801525,
              53.6229387
            ]
          ]
        ]
      },
      "id": "way/463534093"
    },
    {
      "type": "Feature",
      "properties": {
        "@id": "way/465884932",
        "addr:city": "Huddersfield",
        "addr:country": "GB",
        "addr:housenumber": "39",
        "addr:postcode": "HD7 5JN",
        "addr:street": "Bridge Street",
        "addr:suburb": "Slaithwaite",
        "amenity": "cafe",
        "name": "Northern Sole Cafe",
        "old_name": "Lock 22",
        "source:addr": "FHRS Open Data",
        "website": "https://www.northernsolecafe.com/"
      },
      "geometry": {
        "type": "Polygon",
        "coordinates": [
          [
            [
              -1.8809085,
              53.6224222
            ],
            [
              -1.8808361,
              53.6223323
            ],
            [
              -1.8807397,
              53.6223432
            ],
            [
              -1.8805971,
              53.6223841
            ],
            [
              -1.8806682,
              53.6224708
            ],
            [
              -1.8806859,
              53.6224922
            ],
            [
              -1.8809085,
              53.6224222
            ]
          ]
        ]
      },
      "id": "way/465884932"
    },
    {
      "type": "Feature",
      "properties": {
        "@id": "way/465893271",
        "addr:city": "Huddersfield",
        "addr:country": "GB",
        "addr:housenumber": "6-7",
        "addr:postcode": "HD7 5AN",
        "addr:street": "Carr Lane",
        "addr:suburb": "Slaithwaite",
        "amenity": "cafe",
        "building": "retail",
        "diet:vegan": "yes",
        "diet:vegetarian": "yes",
        "name": "Acorn & Pip",
        "note": "Was O Blackburn",
        "opening_hours": "Mo-Sa 09:00-17:00; Su 10:00-16:00",
        "ref:GB:uprn": "83002706;83003374"
      },
      "geometry": {
        "type": "Polygon",
        "coordinates": [
          [
            [
              -1.8810031,
              53.62261
            ],
            [
              -1.8808384,
              53.6226556
            ],
            [
              -1.8808555,
              53.6226773
            ],
            [
              -1.8809408,
              53.6227856
            ],
            [
              -1.8809961,
              53.6227702
            ],
            [
              -1.8809786,
              53.622748
            ],
            [
              -1.8810233,
              53.6227356
            ],
            [
              -1.8810555,
              53.6227765
            ],
            [
              -1.8811201,
              53.6227586
            ],
            [
              -1.8811001,
              53.6227332
            ],
            [
              -1.8810031,
              53.62261
            ]
          ]
        ]
      },
      "id": "way/465893271"
    },
    {
      "type": "Feature",
      "properties": {
        "@id": "way/465904233",
        "addr:city": "Leeds",
        "addr:housenumber": "27-29",
        "addr:postcode": "LS6 1BL",
        "addr:street": "Headingley Lane",
        "air_conditioning": "no",
        "amenity": "cafe",
        "bar": "yes",
        "building": "yes",
        "check_date": "2025-07-21",
        "cuisine": "coffee_shop",
        "diet:vegan": "yes",
        "diet:vegetarian": "only",
        "fhrs:id": "853261",
        "internet_access": "wlan",
        "internet_access:fee": "customers",
        "live_music": "yes",
        "name": "Hyde Park Book Club",
        "opening_hours": "Mo-Th 10:00-24:00; Fr 10:00-01:00; Sa 09:00-01:00; Su 09:00-24:00",
        "outdoor_seating": "yes",
        "payment:contactless": "yes",
        "payment:credit_cards": "yes",
        "payment:debit_cards": "yes",
        "payment:maestro": "yes",
        "payment:mastercard": "yes",
        "payment:visa": "yes",
        "ref:GB:uprn": "72750684;72727627",
        "website": "https://www.hydeparkbookclub.co.uk/",
        "website:menu": "https://www.hydeparkbookclub.co.uk/food",
        "wheelchair": "limited"
      },
      "geometry": {
        "type": "Polygon",
        "coordinates": [
          [
            [
              -1.5635348,
              53.8151564
            ],
            [
              -1.5635104,
              53.8152137
            ],
            [
              -1.5634257,
              53.8152148
            ],
            [
              -1.5634008,
              53.8152756
            ],
            [
              -1.5634447,
              53.8152826
            ],
            [
              -1.5635334,
              53.8152385
            ],
            [
              -1.5635621,
              53.8152425
            ],
            [
              -1.5637708,
              53.8152717
            ],
            [
              -1.5638044,
              53.8151881
            ],
            [
              -1.5635348,
              53.8151564
            ]
          ]
        ]
      },
      "id": "way/465904233"
    },
    {
      "type": "Feature",
      "properties": {
        "@id": "way/466670055",
        "addr:city": "Normanton",
        "addr:housenumber": "262",
        "addr:postcode": "WF6 1PY",
        "addr:street": "Castleford Road",
        "amenity": "cafe",
        "building": "house",
        "fhrs:id": "1399294",
        "name": "The Duck Egg Bakery",
        "ref:GB:uprn": "63203284"
      },
      "geometry": {
        "type": "Polygon",
        "coordinates": [
          [
            [
              -1.4050313,
              53.7041448
            ],
            [
              -1.4049413,
              53.70408
            ],
            [
              -1.4048753,
              53.7041122
            ],
            [
              -1.4049654,
              53.704177
            ],
            [
              -1.4050313,
              53.7041448
            ]
          ]
        ]
      },
      "id": "way/466670055"
    },
    {
      "type": "Feature",
      "properties": {
        "@id": "way/469215356",
        "addr:city": "Holmfirth",
        "addr:postcode": "HD9 1UJ",
        "addr:street": "Totties Lane",
        "amenity": "cafe",
        "building": "yes",
        "diet:vegetarian": "yes",
        "name": "Brooklands Nursery Cafe",
        "opening_hours": "Mo-Sa 09:00-16:00; Su 10:00-16:00",
        "payment:credit_cards": "yes",
        "payment:debit_cards": "yes",
        "ref:GB:uprn": "83241737;83065468;83203199"
      },
      "geometry": {
        "type": "Polygon",
        "coordinates": [
          [
            [
              -1.7621139,
              53.5694555
            ],
            [
              -1.7620567,
              53.5693254
            ],
            [
              -1.7618999,
              53.5693498
            ],
            [
              -1.7619571,
              53.5694798
            ],
            [
              -1.7621139,
              53.5694555
            ]
          ]
        ]
      },
      "id": "way/469215356"
    },
    {
      "type": "Feature",
      "properties": {
        "@id": "way/469218667",
        "amenity": "cafe",
        "building": "yes",
        "diet:vegan": "no",
        "diet:vegetarian": "yes",
        "internet_access": "no",
        "name": "Refreshment Rooms",
        "opening_hours": "10:00 til 15:00 in winter, 10:00 til 17:00 in summer",
        "outdoor_seating": "terrace",
        "ref:GB:uprn": "83237314;83222658"
      },
      "geometry": {
        "type": "Polygon",
        "coordinates": [
          [
            [
              -1.7997415,
              53.6493263
            ],
            [
              -1.7996107,
              53.6490301
            ],
            [
              -1.7994776,
              53.6490523
            ],
            [
              -1.799599,
              53.6493484
            ],
            [
              -1.7997415,
              53.6493263
            ]
          ]
        ]
      },
      "id": "way/469218667"
    },
    {
      "type": "Feature",
      "properties": {
        "@id": "way/470781107",
        "amenity": "cafe",
        "building": "yes",
        "name": "Cafe on the Park",
        "opening_hours": "Mo-Fr 08:00-14:00",
        "phone": "+44 161 209 9327"
      },
      "geometry": {
        "type": "Polygon",
        "coordinates": [
          [
            [
              -2.2457637,
              53.4475393
            ],
            [
              -2.2457565,
              53.4474122
            ],
            [
              -2.2456199,
              53.4474149
            ],
            [
              -2.2456271,
              53.447542
            ],
            [
              -2.2457637,
              53.4475393
            ]
          ]
        ]
      },
      "id": "way/470781107"
    },
    {
      "type": "Feature",
      "properties": {
        "@id": "way/471113614",
        "addr:city": "Wakefield",
        "addr:housenumber": "29",
        "addr:postcode": "WF4 1NF",
        "addr:street": "High Street",
        "addr:suburb": "Crofton",
        "amenity": "cafe",
        "building": "yes",
        "fhrs:id": "1356914",
        "name": "Crofton Pantry",
        "old_name": "Kae's Kitchen"
      },
      "geometry": {
        "type": "Polygon",
        "coordinates": [
          [
            [
              -1.4283244,
              53.6564322
            ],
            [
              -1.4281695,
              53.6564998
            ],
            [
              -1.4282131,
              53.6565348
            ],
            [
              -1.42825,
              53.6565186
            ],
            [
              -1.4283671,
              53.6564666
            ],
            [
              -1.4283244,
              53.6564322
            ]
          ]
        ]
      },
      "id": "way/471113614"
    },
    {
      "type": "Feature",
      "properties": {
        "@id": "way/471113828",
        "addr:city": "Wakefield",
        "addr:housenumber": "1",
        "addr:postcode": "WF4 1NA",
        "addr:street": "Ashdene Approach",
        "addr:suburb": "Crofton",
        "addr:village": "Crofton",
        "amenity": "cafe",
        "building": "yes",
        "fhrs:id": "1533625",
        "name": "Betsy's Cake And Coffee Shop",
        "ref:GB:uprn": "63003895"
      },
      "geometry": {
        "type": "Polygon",
        "coordinates": [
          [
            [
              -1.4324524,
              53.66051
            ],
            [
              -1.4324683,
              53.6605958
            ],
            [
              -1.4325654,
              53.6605895
            ],
            [
              -1.4325495,
              53.6605037
            ],
            [
              -1.4324524,
              53.66051
            ]
          ]
        ]
      },
      "id": "way/471113828"
    },
    {
      "type": "Feature",
      "properties": {
        "@id": "way/472162364",
        "addr:city": "Leeds",
        "addr:housenumber": "333",
        "addr:postcode": "LS4 2JJ",
        "addr:street": "Burley Road",
        "addr:suburb": "Burley",
        "amenity": "cafe",
        "building": "yes",
        "fhrs:id": "1469984",
        "name": "downtown"
      },
      "geometry": {
        "type": "Polygon",
        "coordinates": [
          [
            [
              -1.5840511,
              53.8096457
            ],
            [
              -1.5841674,
              53.8095995
            ],
            [
              -1.5841245,
              53.8095618
            ],
            [
              -1.5840082,
              53.809608
            ],
            [
              -1.5840511,
              53.8096457
            ]
          ]
        ]
      },
      "id": "way/472162364"
    },
    {
      "type": "Feature",
      "properties": {
        "@id": "way/473639039",
        "addr:city": "Leeds",
        "addr:housenumber": "63",
        "addr:postcode": "LS6 1HY",
        "addr:street": "Queens Road",
        "addr:suburb": "Hyde Park",
        "amenity": "cafe",
        "building": "yes",
        "cuisine": "dessert",
        "fhrs:id": "1454112",
        "maybe_old:name": "Cafe Du Bien",
        "name": "Afterz",
        "ref:GB:uprn": "72162965;72662749",
        "source": "survey; Bing"
      },
      "geometry": {
        "type": "Polygon",
        "coordinates": [
          [
            [
              -1.569538,
              53.8115283
            ],
            [
              -1.5694758,
              53.8114481
            ],
            [
              -1.5694504,
              53.811552
            ],
            [
              -1.569538,
              53.8115283
            ]
          ]
        ]
      },
      "id": "way/473639039"
    },
    {
      "type": "Feature",
      "properties": {
        "@id": "way/473766333",
        "addr:city": "Matlock",
        "addr:housename": "Homesford Cottage",
        "addr:postcode": "DE4 5HJ",
        "addr:street": "Derby Road",
        "amenity": "cafe",
        "building": "yes",
        "contact:facebook": "https://www.facebook.com/HomesfordCottageTearooms",
        "fhrs:id": "1892364",
        "name": "Holmesford Tearoom",
        "note": "also possible shop=antiques & carft=dressmaker",
        "ref:GB:uprn": "10010342459",
        "source:addr": "FHRS Open Data"
      },
      "geometry": {
        "type": "Polygon",
        "coordinates": [
          [
            [
              -1.5178282,
              53.0949036
            ],
            [
              -1.5177583,
              53.0948681
            ],
            [
              -1.5176134,
              53.0949712
            ],
            [
              -1.5176834,
              53.0950067
            ],
            [
              -1.5178282,
              53.0949036
            ]
          ]
        ]
      },
      "id": "way/473766333"
    },
    {
      "type": "Feature",
      "properties": {
        "@id": "way/475506066",
        "addr:housename": "s",
        "amenity": "cafe",
        "building": "yes",
        "cuisine": "british",
        "name": "Mustangs",
        "ref:GB:uprn": "83170719"
      },
      "geometry": {
        "type": "Polygon",
        "coordinates": [
          [
            [
              -1.6216469,
              53.5925707
            ],
            [
              -1.6217649,
              53.5924746
            ],
            [
              -1.6216596,
              53.592429
            ],
            [
              -1.6215416,
              53.5925251
            ],
            [
              -1.6216469,
              53.5925707
            ]
          ]
        ]
      },
      "id": "way/475506066"
    },
    {
      "type": "Feature",
      "properties": {
        "@id": "way/475765768",
        "addr:city": "Wakefield",
        "addr:housename": "Kings Arms Cottage",
        "addr:postcode": "WF1 5SL",
        "addr:suburb": "Heath",
        "amenity": "cafe",
        "building": "house",
        "name": "Heath Tea Rooms"
      },
      "geometry": {
        "type": "Polygon",
        "coordinates": [
          [
            [
              -1.4621378,
              53.6749318
            ],
            [
              -1.4623287,
              53.6748415
            ],
            [
              -1.4622446,
              53.6747791
            ],
            [
              -1.4621569,
              53.6748206
            ],
            [
              -1.4621944,
              53.6748484
            ],
            [
              -1.4620912,
              53.6748972
            ],
            [
              -1.4621378,
              53.6749318
            ]
          ]
        ]
      },
      "id": "way/475765768"
    },
    {
      "type": "Feature",
      "properties": {
        "@id": "way/477272001",
        "addr:city": "Huddersfield",
        "addr:country": "GB",
        "addr:housenumber": "19-21",
        "addr:postcode": "HD7 5AW",
        "addr:street": "Station Road",
        "addr:suburb": "Slaithwaite",
        "amenity": "cafe",
        "building": "yes",
        "cuisine": "teahouse",
        "name": "Ruddi's",
        "note": "Soors convenience store closed 2016 and Pound Express in 2019. No FHRS Ref online yet for Ruddi's as at 24/7/20",
        "source:addr": "FHRS Open Data"
      },
      "geometry": {
        "type": "Polygon",
        "coordinates": [
          [
            [
              -1.8816509,
              53.6225708
            ],
            [
              -1.881585,
              53.6224839
            ],
            [
              -1.8815251,
              53.6224986
            ],
            [
              -1.8815062,
              53.6225262
            ],
            [
              -1.881536,
              53.6226006
            ],
            [
              -1.8816509,
              53.6225708
            ]
          ]
        ]
      },
      "id": "way/477272001"
    },
    {
      "type": "Feature",
      "properties": {
        "@id": "way/477295746",
        "addr:city": "Huddersfield",
        "addr:country": "GB",
        "addr:housenumber": "15/17",
        "addr:postcode": "HD7 5AW",
        "addr:street": "Station Road",
        "addr:suburb": "Slaithwaite",
        "amenity": "cafe",
        "building": "retail",
        "fhrs:id": "226578",
        "name": "Cookhouse Cafe",
        "ref:GB:uprn": "83003361",
        "source:addr": "FHRS Open Data"
      },
      "geometry": {
        "type": "Polygon",
        "coordinates": [
          [
            [
              -1.881536,
              53.6226006
            ],
            [
              -1.8815531,
              53.6226479
            ],
            [
              -1.8816856,
              53.6226184
            ],
            [
              -1.8816509,
              53.6225708
            ],
            [
              -1.881536,
              53.6226006
            ]
          ]
        ]
      },
      "id": "way/477295746"
    },
    {
      "type": "Feature",
      "properties": {
        "@id": "way/480208202",
        "addr:city": "Sheffield",
        "addr:housenumber": "17",
        "addr:locality": "Meadowhall Centre",
        "addr:postcode": "S9 1EL",
        "addr:street": "Park Lane",
        "amenity": "cafe",
        "brand": "Costa",
        "brand:wikidata": "Q608845",
        "brand:wikipedia": "en:Costa Coffee",
        "cuisine": "coffee_shop",
        "fhrs:id": "438268",
        "indoor": "room",
        "level": "0",
        "name": "Costa",
        "room": "shop",
        "takeaway": "yes"
      },
      "geometry": {
        "type": "Polygon",
        "coordinates": [
          [
            [
              -1.4086377,
              53.4144459
            ],
            [
              -1.4085705,
              53.4144421
            ],
            [
              -1.4085274,
              53.4144396
            ],
            [
              -1.4085002,
              53.4146071
            ],
            [
              -1.4086109,
              53.4146134
            ],
            [
              -1.4086377,
              53.4144459
            ]
          ]
        ]
      },
      "id": "way/480208202"
    },
    {
      "type": "Feature",
      "properties": {
        "@id": "way/480227700",
        "addr:city": "Sheffield",
        "addr:housenumber": "2",
        "addr:locality": "Meadowhall Centre",
        "addr:postcode": "S9 1EP",
        "addr:street": "The Oasis",
        "amenity": "cafe",
        "fhrs:id": "437107",
        "indoor": "room",
        "level": "0",
        "name": "Love Koffee",
        "room": "cafe"
      },
      "geometry": {
        "type": "Polygon",
        "coordinates": [
          [
            [
              -1.4132929,
              53.4125527
            ],
            [
              -1.4133091,
              53.4124796
            ],
            [
              -1.4132991,
              53.4124684
            ],
            [
              -1.4132929,
              53.4124479
            ],
            [
              -1.413293,
              53.4124295
            ],
            [
              -1.4131681,
              53.4124228
            ],
            [
              -1.413043,
              53.4124161
            ],
            [
              -1.412886,
              53.4124072
            ],
            [
              -1.4128664,
              53.4125282
            ],
            [
              -1.4132929,
              53.4125527
            ]
          ]
        ]
      },
      "id": "way/480227700"
    },
    {
      "type": "Feature",
      "properties": {
        "@id": "way/482021104",
        "addr:city": "Manchester",
        "addr:housenumber": "910",
        "addr:postcode": "M19 3AD",
        "addr:street": "Stockport Road",
        "amenity": "cafe",
        "building": "yes",
        "fhrs:id": "1821676",
        "name": "Kabul Karahi & Grill",
        "roof:colour": "grey",
        "roof:orientation": "across",
        "roof:shape": "gabled",
        "source:addr": "fhrs opendata",
        "source:name": "survey"
      },
      "geometry": {
        "type": "Polygon",
        "coordinates": [
          [
            [
              -2.1919076,
              53.4449098
            ],
            [
              -2.1919094,
              53.4448645
            ],
            [
              -2.1917429,
              53.4448581
            ],
            [
              -2.1917339,
              53.4449066
            ],
            [
              -2.1919076,
              53.4449098
            ]
          ]
        ]
      },
      "id": "way/482021104"
    },
    {
      "type": "Feature",
      "properties": {
        "@id": "way/483246612",
        "addr:city": "Manchester",
        "addr:housenumber": "891",
        "addr:postcode": "M19 3PG",
        "addr:street": "Stockport Road",
        "amenity": "cafe",
        "building": "yes",
        "building:colour": "white",
        "building:material": "plaster",
        "fhrs:id": "1821843",
        "name": "Friends Cafe",
        "opening_hours": "Mo-Fr 08:00-15:00; Sa 09:30-15:00; Su,PH 09:30-14:00",
        "ref:GB:uprn": "77163469;10024150191",
        "roof:colour": "grey",
        "roof:orientation": "across",
        "roof:shape": "gabled"
      },
      "geometry": {
        "type": "Polygon",
        "coordinates": [
          [
            [
              -2.1910108,
              53.4431821
            ],
            [
              -2.190981,
              53.443157
            ],
            [
              -2.1908448,
              53.4432051
            ],
            [
              -2.1908607,
              53.4432206
            ],
            [
              -2.1909096,
              53.443219
            ],
            [
              -2.1910108,
              53.4431821
            ]
          ]
        ]
      },
      "id": "way/483246612"
    },
    {
      "type": "Feature",
      "properties": {
        "@id": "way/488939441",
        "addr:city": "Burnley",
        "addr:postcode": "BB11 1EP",
        "addr:street": "Ormerod Street",
        "amenity": "cafe",
        "building": "yes",
        "name": "Brambles Café"
      },
      "geometry": {
        "type": "Polygon",
        "coordinates": [
          [
            [
              -2.2442415,
              53.7882336
            ],
            [
              -2.2441597,
              53.7881989
            ],
            [
              -2.2440937,
              53.788254
            ],
            [
              -2.2441728,
              53.7882882
            ],
            [
              -2.2442415,
              53.7882336
            ]
          ]
        ]
      },
      "id": "way/488939441"
    },
    {
      "type": "Feature",
      "properties": {
        "@id": "way/493286613",
        "amenity": "cafe",
        "building": "yes",
        "name": "Boating Pavilion and Coffee Shop"
      },
      "geometry": {
        "type": "Polygon",
        "coordinates": [
          [
            [
              -1.7711786,
              53.8133877
            ],
            [
              -1.771192,
              53.8133696
            ],
            [
              -1.7711862,
              53.8133482
            ],
            [
              -1.7711633,
              53.813329
            ],
            [
              -1.7711289,
              53.8133188
            ],
            [
              -1.7710811,
              53.8133188
            ],
            [
              -1.7710448,
              53.8133267
            ],
            [
              -1.7710257,
              53.8133414
            ],
            [
              -1.7709779,
              53.8133256
            ],
            [
              -1.770966,
              53.8133408
            ],
            [
              -1.7709598,
              53.8133602
            ],
            [
              -1.7709634,
              53.8133852
            ],
            [
              -1.7709774,
              53.8134021
            ],
            [
              -1.7709665,
              53.8134125
            ],
            [
              -1.7709935,
              53.8134324
            ],
            [
              -1.7710258,
              53.813446
            ],
            [
              -1.771064,
              53.8134547
            ],
            [
              -1.7711033,
              53.8134551
            ],
            [
              -1.7711003,
              53.8134655
            ],
            [
              -1.7711423,
              53.813461
            ],
            [
              -1.7711765,
              53.8134545
            ],
            [
              -1.7712206,
              53.8134396
            ],
            [
              -1.7712493,
              53.8134136
            ],
            [
              -1.7711786,
              53.8133877
            ]
          ]
        ]
      },
      "id": "way/493286613"
    },
    {
      "type": "Feature",
      "properties": {
        "@id": "way/494391062",
        "amenity": "cafe",
        "building": "yes",
        "name": "Upper Garden Cafe"
      },
      "geometry": {
        "type": "Polygon",
        "coordinates": [
          [
            [
              -2.2508798,
              53.3456749
            ],
            [
              -2.250665,
              53.3454821
            ],
            [
              -2.2505675,
              53.3456453
            ],
            [
              -2.25082,
              53.3456941
            ],
            [
              -2.2508798,
              53.3456749
            ]
          ]
        ]
      },
      "id": "way/494391062"
    },
    {
      "type": "Feature",
      "properties": {
        "@id": "way/496468776",
        "addr:city": "Sale",
        "addr:housename": "US FOUR",
        "addr:housenumber": "245",
        "addr:postcode": "M33 7UJ",
        "addr:street": "Marsland Road",
        "amenity": "cafe",
        "building": "yes",
        "building:levels": "1",
        "cuisine": "american",
        "name": "US FOUR",
        "ref:GB:uprn": "100012701198",
        "wheelchair": "yes"
      },
      "geometry": {
        "type": "Polygon",
        "coordinates": [
          [
            [
              -2.3257097,
              53.417343
            ],
            [
              -2.3257662,
              53.4172807
            ],
            [
              -2.3256331,
              53.4172379
            ],
            [
              -2.3255766,
              53.4173001
            ],
            [
              -2.3256321,
              53.417318
            ],
            [
              -2.3257097,
              53.417343
            ]
          ]
        ]
      },
      "id": "way/496468776"
    },
    {
      "type": "Feature",
      "properties": {
        "@id": "way/496657605",
        "addr:city": "Sale",
        "addr:housenumber": "201",
        "addr:postcode": "M33 3ND",
        "addr:street": "Marsland Road",
        "amenity": "cafe",
        "building": "yes",
        "name": "Caféccino's Sandwich Bar",
        "phone": "+44 161 969 9909",
        "wheelchair": "limited"
      },
      "geometry": {
        "type": "Polygon",
        "coordinates": [
          [
            [
              -2.3208575,
              53.4174903
            ],
            [
              -2.3209523,
              53.417489
            ],
            [
              -2.3209504,
              53.4174374
            ],
            [
              -2.320985,
              53.4174369
            ],
            [
              -2.3209837,
              53.4174009
            ],
            [
              -2.3209644,
              53.4174011
            ],
            [
              -2.320964,
              53.4173904
            ],
            [
              -2.3209835,
              53.4173901
            ],
            [
              -2.3209805,
              53.4173094
            ],
            [
              -2.3208808,
              53.4173108
            ],
            [
              -2.320884,
              53.4173962
            ],
            [
              -2.3208551,
              53.4174243
            ],
            [
              -2.3208575,
              53.4174903
            ]
          ]
        ]
      },
      "id": "way/496657605"
    },
    {
      "type": "Feature",
      "properties": {
        "@id": "way/496985900",
        "amenity": "cafe",
        "building": "yes",
        "internet_access": "no",
        "name": "Just the Ticket",
        "outdoor_seating": "yes"
      },
      "geometry": {
        "type": "Polygon",
        "coordinates": [
          [
            [
              -2.338518,
              53.4039834
            ],
            [
              -2.3385574,
              53.4039158
            ],
            [
              -2.338418,
              53.403887
            ],
            [
              -2.3383787,
              53.4039546
            ],
            [
              -2.338518,
              53.4039834
            ]
          ]
        ]
      },
      "id": "way/496985900"
    },
    {
      "type": "Feature",
      "properties": {
        "@id": "way/496985945",
        "addr:city": "Altrincham",
        "addr:housename": "A.Bardsley",
        "addr:housenumber": "76",
        "addr:postcode": "WA14 5AB",
        "addr:street": "Park Road",
        "amenity": "cafe",
        "building": "yes",
        "cuisine": "sandwich",
        "name": "A.Bardsley",
        "operator": "A.Bardsley",
        "phone": "+44 161 973 1840",
        "pre_order": "yes"
      },
      "geometry": {
        "type": "Polygon",
        "coordinates": [
          [
            [
              -2.3409445,
              53.4042597
            ],
            [
              -2.3410265,
              53.4042763
            ],
            [
              -2.3411329,
              53.4040816
            ],
            [
              -2.3410565,
              53.4040494
            ],
            [
              -2.3409445,
              53.4042597
            ]
          ]
        ]
      },
      "id": "way/496985945"
    },
    {
      "type": "Feature",
      "properties": {
        "@id": "way/498372283",
        "addr:city": "Huddersfield",
        "addr:country": "GB",
        "addr:housenumber": "198-204",
        "addr:postcode": "HD5 9BD",
        "addr:street": "Wakefield Road",
        "addr:suburb": "Moldgreen",
        "amenity": "cafe",
        "building": "commercial",
        "building:levels": "1",
        "cuisine": "coffee_shop",
        "description": "Coffee Shop",
        "fhrs:id": "849958",
        "name": "Coffee Boy",
        "ref:GB:uprn": "83243381",
        "smoking": "no"
      },
      "geometry": {
        "type": "Polygon",
        "coordinates": [
          [
            [
              -1.7656851,
              53.6426956
            ],
            [
              -1.7656656,
              53.6426003
            ],
            [
              -1.7653625,
              53.6426222
            ],
            [
              -1.765382,
              53.6427175
            ],
            [
              -1.7656851,
              53.6426956
            ]
          ]
        ]
      },
      "id": "way/498372283"
    },
    {
      "type": "Feature",
      "properties": {
        "@id": "way/499884830",
        "addr:city": "Sheffield",
        "addr:housenumber": "Kiosk 1",
        "addr:postcode": "S1 4PF",
        "addr:street": "The Moor",
        "amenity": "cafe",
        "brand": "Caffè Nero",
        "brand:wikidata": "Q675808",
        "brand:wikipedia": "en:Caffè Nero",
        "building": "yes",
        "check_date": "2024-08-22",
        "check_date:opening_hours": "2024-08-22",
        "cuisine": "coffee_shop",
        "fhrs:id": "993515",
        "indoor_seating": "yes",
        "layer": "0",
        "name": "Caffè Nero",
        "opening_hours": "Mo-Fr 07:00-19:00; Sa 07:30-19:00; Su 08:30-18:00",
        "opening_hours:signed": "no",
        "outdoor_seating": "yes",
        "source:addr": "FHRS Open Data",
        "takeaway": "yes",
        "website": "https://www.caffenero.com/uk/stores/sheffield-the-moor"
      },
      "geometry": {
        "type": "Polygon",
        "coordinates": [
          [
            [
              -1.472413,
              53.3772006
            ],
            [
              -1.472258,
              53.3773639
            ],
            [
              -1.4723834,
              53.3774066
            ],
            [
              -1.4724581,
              53.3773345
            ],
            [
              -1.4724691,
              53.3772167
            ],
            [
              -1.472413,
              53.3772006
            ]
          ]
        ]
      },
      "id": "way/499884830"
    },
    {
      "type": "Feature",
      "properties": {
        "@id": "way/501287570",
        "addr:city": "Sheffield",
        "addr:housename": "West One Plaza",
        "addr:housenumber": "8",
        "addr:postcode": "S1 4JB",
        "addr:street": "Fitzwilliam Street",
        "addr:unit": "5",
        "amenity": "cafe",
        "building:part": "yes",
        "check_date": "2026-02-22",
        "fhrs:id": "706471",
        "level": "0",
        "name": "Gaard",
        "opening_hours": "Mo-Th 08:30-20:00, Fr 08:30-22:00, Sa 10:30-22:00",
        "website": "https://inkandwater.coffee/",
        "wheelchair": "limited"
      },
      "geometry": {
        "type": "Polygon",
        "coordinates": [
          [
            [
              -1.4811253,
              53.3796919
            ],
            [
              -1.4810823,
              53.379617
            ],
            [
              -1.4809669,
              53.3796191
            ],
            [
              -1.4810185,
              53.3797104
            ],
            [
              -1.4811253,
              53.3796919
            ]
          ]
        ]
      },
      "id": "way/501287570"
    },
    {
      "type": "Feature",
      "properties": {
        "@id": "way/504797795",
        "addr:city": "Burnley",
        "addr:county": "Lancashire",
        "addr:housenumber": "62",
        "addr:postcode": "BB11 1NH",
        "addr:street": "St James's Lane",
        "amenity": "cafe",
        "building": "yes",
        "fhrs:id": "941249",
        "name": "Rhode Island Coffee",
        "ref:GB:uprn": "10003782302",
        "website": "https://www.rhodeislandcoffee.co.uk/"
      },
      "geometry": {
        "type": "Polygon",
        "coordinates": [
          [
            [
              -2.243185,
              53.7890294
            ],
            [
              -2.243125,
              53.7891246
            ],
            [
              -2.2432401,
              53.7891488
            ],
            [
              -2.2433013,
              53.789053
            ],
            [
              -2.2433245,
              53.7890167
            ],
            [
              -2.2432078,
              53.7889945
            ],
            [
              -2.243185,
              53.7890294
            ]
          ]
        ]
      },
      "id": "way/504797795"
    },
    {
      "type": "Feature",
      "properties": {
        "@id": "way/507867649",
        "addr:housenumber": "70",
        "addr:postcode": "ST13 5DL",
        "addr:street": "St. Edward Street",
        "amenity": "cafe",
        "building": "yes",
        "check_date": "2024-03-10",
        "fhrs:id": "1259616",
        "name": "Spout",
        "opening_hours": "We 10:00-17:00; Th-Sa 10:00-21:00",
        "source:addr": "FHRS Open Data"
      },
      "geometry": {
        "type": "Polygon",
        "coordinates": [
          [
            [
              -2.026075,
              53.1044375
            ],
            [
              -2.0261555,
              53.1043995
            ],
            [
              -2.0262458,
              53.1043568
            ],
            [
              -2.0261715,
              53.1042808
            ],
            [
              -2.0259813,
              53.1043355
            ],
            [
              -2.026075,
              53.1044375
            ]
          ]
        ]
      },
      "id": "way/507867649"
    },
    {
      "type": "Feature",
      "properties": {
        "@id": "way/510210610",
        "amenity": "cafe",
        "indoor_seating": "yes",
        "name": "Lakemore Farm Park Coffee Shop",
        "opening_hours": "Mo-Su 10:00-16:00",
        "outdoor_seating": "yes"
      },
      "geometry": {
        "type": "Polygon",
        "coordinates": [
          [
            [
              -2.3989959,
              53.1235179
            ],
            [
              -2.3987338,
              53.1235155
            ],
            [
              -2.3987319,
              53.1235871
            ],
            [
              -2.3989941,
              53.1235895
            ],
            [
              -2.3989959,
              53.1235179
            ]
          ]
        ]
      },
      "id": "way/510210610"
    },
    {
      "type": "Feature",
      "properties": {
        "@id": "way/510963924",
        "addr:city": "Leeds",
        "addr:housenumber": "152",
        "addr:postcode": "LS12 2RF",
        "addr:street": "Stanningley Road",
        "amenity": "cafe",
        "building": "house",
        "building:levels": "2",
        "name": "Daniels Cafe",
        "ref:GB:uprn": "72199152;72761155"
      },
      "geometry": {
        "type": "Polygon",
        "coordinates": [
          [
            [
              -1.6141165,
              53.8043386
            ],
            [
              -1.6140781,
              53.8044256
            ],
            [
              -1.6141674,
              53.8044394
            ],
            [
              -1.6142059,
              53.8043523
            ],
            [
              -1.6141165,
              53.8043386
            ]
          ]
        ]
      },
      "id": "way/510963924"
    },
    {
      "type": "Feature",
      "properties": {
        "@id": "way/512899407",
        "amenity": "cafe",
        "building": "yes",
        "name": "The Little Owl Café",
        "ref:GB:uprn": "72766221",
        "source": "Survey"
      },
      "geometry": {
        "type": "Polygon",
        "coordinates": [
          [
            [
              -1.3965872,
              53.7531543
            ],
            [
              -1.3965621,
              53.7531392
            ],
            [
              -1.3965136,
              53.7531101
            ],
            [
              -1.3964421,
              53.7530673
            ],
            [
              -1.3964349,
              53.753063
            ],
            [
              -1.396373,
              53.753099
            ],
            [
              -1.3963977,
              53.7531138
            ],
            [
              -1.3964632,
              53.753153
            ],
            [
              -1.3964844,
              53.7531658
            ],
            [
              -1.3964966,
              53.7531731
            ],
            [
              -1.3965099,
              53.753181
            ],
            [
              -1.3965254,
              53.7531903
            ],
            [
              -1.3965872,
              53.7531543
            ]
          ]
        ]
      },
      "id": "way/512899407"
    },
    {
      "type": "Feature",
      "properties": {
        "@id": "way/518355328",
        "addr:city": "Leeds",
        "addr:housenumber": "33",
        "addr:postcode": "LS12 4QQ",
        "addr:street": "Silver Royd Hill",
        "addr:suburb": "Wortley",
        "amenity": "cafe",
        "building": "house",
        "fhrs:id": "1131639",
        "name": "Cafe 33A",
        "not:addr:postcode": "LS12 4RA"
      },
      "geometry": {
        "type": "Polygon",
        "coordinates": [
          [
            [
              -1.6083038,
              53.7922372
            ],
            [
              -1.6083542,
              53.7923145
            ],
            [
              -1.6084144,
              53.7923008
            ],
            [
              -1.608364,
              53.7922235
            ],
            [
              -1.6083038,
              53.7922372
            ]
          ]
        ]
      },
      "id": "way/518355328"
    },
    {
      "type": "Feature",
      "properties": {
        "@id": "way/529942865",
        "addr:city": "Tameside",
        "addr:housename": "Hyde Park Lodge",
        "addr:housenumber": "12",
        "addr:place": "Hyde",
        "addr:postcode": "SK14 4JT",
        "addr:street": "Park Road",
        "amenity": "cafe",
        "building": "yes",
        "fhrs:id": "918487",
        "name": "Tea in the Park",
        "smoking": "outside",
        "source:addr": "fhrs opendata"
      },
      "geometry": {
        "type": "Polygon",
        "coordinates": [
          [
            [
              -2.0791357,
              53.4576675
            ],
            [
              -2.079221,
              53.4576622
            ],
            [
              -2.0792079,
              53.457585
            ],
            [
              -2.0791685,
              53.4575875
            ],
            [
              -2.0791418,
              53.4575893
            ],
            [
              -2.0791258,
              53.4575903
            ],
            [
              -2.0791357,
              53.4576675
            ]
          ]
        ]
      },
      "id": "way/529942865"
    },
    {
      "type": "Feature",
      "properties": {
        "@id": "way/536576370",
        "addr:city": "Leeds",
        "addr:postcode": "LS7 2QG",
        "addr:street": "Sugar Well Road",
        "addr:suburb": "Meanwood",
        "amenity": "cafe",
        "building": "yes",
        "diet:vegetarian": "yes",
        "fhrs:id": "879210",
        "name": "The Barn Coffee Shop",
        "old_name": "The Hungry Hedgehog",
        "opening_hours": "Mo-Su 10:00-16:00",
        "website": "http://thebarnmeanwood.com/"
      },
      "geometry": {
        "type": "Polygon",
        "coordinates": [
          [
            [
              -1.55397,
              53.8201514
            ],
            [
              -1.553834,
              53.820115
            ],
            [
              -1.553728,
              53.8202533
            ],
            [
              -1.5538013,
              53.8203486
            ],
            [
              -1.5538358,
              53.8203263
            ],
            [
              -1.55397,
              53.8201514
            ]
          ]
        ]
      },
      "id": "way/536576370"
    },
    {
      "type": "Feature",
      "properties": {
        "@id": "way/536577607",
        "addr:city": "Leeds",
        "addr:housenumber": "440",
        "addr:postcode": "LS7 2LP",
        "addr:street": "Meanwood Road",
        "addr:suburb": "Meanwood",
        "amenity": "cafe",
        "building": "retail",
        "fhrs:id": "323576",
        "name": "Rollette Cafe",
        "opening_hours": "Mo-Fr 07:00-15:00; Sa,Su 07:30-15:30",
        "ref:GB:uprn": "72130453;72130454;72130455",
        "wheelchair": "no"
      },
      "geometry": {
        "type": "Polygon",
        "coordinates": [
          [
            [
              -1.5561157,
              53.8204546
            ],
            [
              -1.5562085,
              53.8203733
            ],
            [
              -1.5561338,
              53.8203436
            ],
            [
              -1.5560411,
              53.8204249
            ],
            [
              -1.5561157,
              53.8204546
            ]
          ]
        ]
      },
      "id": "way/536577607"
    },
    {
      "type": "Feature",
      "properties": {
        "@id": "way/537077263",
        "amenity": "cafe",
        "building": "yes",
        "building:colour": "brown",
        "building:levels": "1",
        "building:material": "wood",
        "image": "https://archive.org/details/canal-2022-06-23/PXL_20220623_105530668.jpg",
        "name": "Malkins Bank",
        "ref:GB:uprn": "10096717501",
        "roof:colour": "grey",
        "roof:shape": "flat",
        "source": "Bing"
      },
      "geometry": {
        "type": "Polygon",
        "coordinates": [
          [
            [
              -2.3510025,
              53.127813
            ],
            [
              -2.3508479,
              53.1277782
            ],
            [
              -2.3508186,
              53.127825
            ],
            [
              -2.3509333,
              53.1278508
            ],
            [
              -2.3509733,
              53.1278598
            ],
            [
              -2.3510025,
              53.127813
            ]
          ]
        ]
      },
      "id": "way/537077263"
    },
    {
      "type": "Feature",
      "properties": {
        "@id": "way/537764373",
        "addr:city": "Macclesfield",
        "addr:district": "Adlington",
        "addr:postcode": "SK10 4NG",
        "addr:street": "London Road",
        "amenity": "cafe",
        "brand": "Starbucks",
        "brand:wikidata": "Q37158",
        "brand:wikipedia": "en:Starbucks",
        "building": "yes",
        "cuisine": "coffee_shop",
        "fhrs:id": "891546",
        "name": "Starbucks",
        "official_name": "Starbucks Coffee",
        "opening_hours": "Mo-Sa 07:00-18:30; Su 08:00-18:30",
        "outdoor_seating": "yes",
        "takeaway": "yes",
        "website": "https://www.starbucks.com/store-locator/store/1025069/adlington-a-523-london-road-south-adlington-macclesfield-eng-sk-10-4-nl-gb"
      },
      "geometry": {
        "type": "Polygon",
        "coordinates": [
          [
            [
              -2.1330942,
              53.3327208
            ],
            [
              -2.1329094,
              53.3327035
            ],
            [
              -2.1328644,
              53.3328746
            ],
            [
              -2.1330652,
              53.3328935
            ],
            [
              -2.1330859,
              53.3328152
            ],
            [
              -2.1331013,
              53.3327565
            ],
            [
              -2.1330852,
              53.3327549
            ],
            [
              -2.1330942,
              53.3327208
            ]
          ]
        ]
      },
      "id": "way/537764373"
    },
    {
      "type": "Feature",
      "properties": {
        "@id": "way/542661394",
        "addr:city": "Wakefield",
        "addr:postcode": "WF2 7BL",
        "amenity": "cafe",
        "brand": "Starbucks",
        "brand:wikidata": "Q37158",
        "brand:wikipedia": "en:Starbucks",
        "building": "yes",
        "cuisine": "coffee_shop",
        "fhrs:id": "665002",
        "name": "Starbucks",
        "official_name": "Starbucks Coffee",
        "ref:GB:uprn": "63183369",
        "takeaway": "yes",
        "website": "https://www.starbucks.com/store-locator/store/116435/wakefield-calder-park-dt-calder-park-plot-17-wakefield-eng-wf-2-7-ua-gb"
      },
      "geometry": {
        "type": "Polygon",
        "coordinates": [
          [
            [
              -1.5241747,
              53.6520286
            ],
            [
              -1.5239793,
              53.6518956
            ],
            [
              -1.5237708,
              53.6520032
            ],
            [
              -1.5238351,
              53.652047
            ],
            [
              -1.5238801,
              53.6520237
            ],
            [
              -1.5240112,
              53.6521129
            ],
            [
              -1.5241747,
              53.6520286
            ]
          ]
        ]
      },
      "id": "way/542661394"
    },
    {
      "type": "Feature",
      "properties": {
        "@id": "way/542814123",
        "addr:city": "Huddersfield",
        "addr:postcode": "HD5 0AN",
        "amenity": "cafe",
        "building": "yes",
        "name": "Tandem Sandwiches",
        "ref:GB:uprn": "83193512"
      },
      "geometry": {
        "type": "Polygon",
        "coordinates": [
          [
            [
              -1.7320624,
              53.6452204
            ],
            [
              -1.7320079,
              53.6452146
            ],
            [
              -1.7319949,
              53.6452574
            ],
            [
              -1.7320494,
              53.6452632
            ],
            [
              -1.7320624,
              53.6452204
            ]
          ]
        ]
      },
      "id": "way/542814123"
    },
    {
      "type": "Feature",
      "properties": {
        "@id": "way/545810853",
        "addr:city": "Leeds",
        "addr:housenumber": "37",
        "addr:postcode": "LS26 0AP",
        "addr:street": "Commercial Street",
        "addr:suburb": "Rothwell",
        "amenity": "cafe",
        "building": "commercial",
        "fhrs:id": "1149121",
        "name": "Gray's",
        "old_name": "No 37 The Cafe And Tearooms",
        "ref:GB:uprn": "72375682"
      },
      "geometry": {
        "type": "Polygon",
        "coordinates": [
          [
            [
              -1.4771503,
              53.7483822
            ],
            [
              -1.4771562,
              53.7484593
            ],
            [
              -1.4772312,
              53.7484573
            ],
            [
              -1.4772253,
              53.7483801
            ],
            [
              -1.4771503,
              53.7483822
            ]
          ]
        ]
      },
      "id": "way/545810853"
    },
    {
      "type": "Feature",
      "properties": {
        "@id": "way/549097576",
        "addr:city": "Leeds",
        "addr:housenumber": "10",
        "addr:postcode": "LS13 1NF",
        "addr:street": "Calverley Bridge",
        "addr:suburb": "Rodley",
        "amenity": "cafe",
        "fhrs:id": "1073672",
        "landuse": "commercial",
        "name": "Tiny Tea Room"
      },
      "geometry": {
        "type": "Polygon",
        "coordinates": [
          [
            [
              -1.6648273,
              53.8272567
            ],
            [
              -1.6646108,
              53.8270909
            ],
            [
              -1.664595,
              53.8270962
            ],
            [
              -1.6646775,
              53.8272978
            ],
            [
              -1.6648273,
              53.8272567
            ]
          ]
        ]
      },
      "id": "way/549097576"
    },
    {
      "type": "Feature",
      "properties": {
        "@id": "way/550839827",
        "amenity": "cafe",
        "building": "yes",
        "name": "Florence and Amelias",
        "outdoor_seating": "no"
      },
      "geometry": {
        "type": "Polygon",
        "coordinates": [
          [
            [
              -2.05663,
              53.4825738
            ],
            [
              -2.0566224,
              53.4825233
            ],
            [
              -2.0563245,
              53.4825456
            ],
            [
              -2.0563333,
              53.4825942
            ],
            [
              -2.05663,
              53.4825738
            ]
          ]
        ]
      },
      "id": "way/550839827"
    },
    {
      "type": "Feature",
      "properties": {
        "@id": "way/554854786",
        "addr:city": "Wakefield",
        "addr:housenumber": "279-281",
        "addr:postcode": "WF2 9DD",
        "addr:street": "Dewsbury Road",
        "amenity": "cafe",
        "building": "yes",
        "fhrs:id": "1695554",
        "name": "Rita's Sandwich Bar and Cafe",
        "old_name": "Deja Brew",
        "ref:GB:uprn": "63031421"
      },
      "geometry": {
        "type": "Polygon",
        "coordinates": [
          [
            [
              -1.5301839,
              53.6782093
            ],
            [
              -1.530317,
              53.6781986
            ],
            [
              -1.5302889,
              53.6780842
            ],
            [
              -1.5301565,
              53.6780958
            ],
            [
              -1.5301839,
              53.6782093
            ]
          ]
        ]
      },
      "id": "way/554854786"
    },
    {
      "type": "Feature",
      "properties": {
        "@id": "way/557736923",
        "amenity": "cafe",
        "building": "yes"
      },
      "geometry": {
        "type": "Polygon",
        "coordinates": [
          [
            [
              -2.4051548,
              53.5803842
            ],
            [
              -2.4052185,
              53.580234
            ],
            [
              -2.4051441,
              53.5802227
            ],
            [
              -2.4050803,
              53.5803731
            ],
            [
              -2.4051148,
              53.5803782
            ],
            [
              -2.4051548,
              53.5803842
            ]
          ]
        ]
      },
      "id": "way/557736923"
    },
    {
      "type": "Feature",
      "properties": {
        "@id": "way/558442840",
        "amenity": "cafe",
        "building": "yes",
        "name": "Simply Classic",
        "phone": "+44 1282 771222",
        "website": "https://simply-classic.com/"
      },
      "geometry": {
        "type": "Polygon",
        "coordinates": [
          [
            [
              -2.3250145,
              53.7958391
            ],
            [
              -2.3248444,
              53.7958625
            ],
            [
              -2.3248382,
              53.7958969
            ],
            [
              -2.3249006,
              53.7960557
            ],
            [
              -2.3250895,
              53.7960298
            ],
            [
              -2.3250145,
              53.7958391
            ]
          ]
        ]
      },
      "id": "way/558442840"
    },
    {
      "type": "Feature",
      "properties": {
        "@id": "way/559374445",
        "amenity": "cafe",
        "brand": "Coffee#1",
        "brand:wikidata": "Q22032058",
        "building": "retail",
        "cuisine": "coffee_shop",
        "name": "Coffee#1",
        "ref:GB:uprn": "200001580269",
        "source": "Bing",
        "takeaway": "yes",
        "website": "https://www.coffee1.co.uk/locations/leek/",
        "wheelchair": "yes"
      },
      "geometry": {
        "type": "Polygon",
        "coordinates": [
          [
            [
              -2.0250761,
              53.1057367
            ],
            [
              -2.0250867,
              53.1057383
            ],
            [
              -2.0252634,
              53.1057643
            ],
            [
              -2.0252952,
              53.1056858
            ],
            [
              -2.0251223,
              53.1056622
            ],
            [
              -2.0251177,
              53.1056617
            ],
            [
              -2.0251073,
              53.1056603
            ],
            [
              -2.0250761,
              53.1057367
            ]
          ]
        ]
      },
      "id": "way/559374445"
    },
    {
      "type": "Feature",
      "properties": {
        "@id": "way/559564639",
        "addr:city": "Holmfirth",
        "addr:housenumber": "108",
        "addr:postcode": "HD9 7EQ",
        "addr:street": "School Street",
        "amenity": "cafe",
        "building": "yes",
        "fhrs:id": "226286",
        "name": "Holme Coffee House",
        "source:addr": "FHRS Open Data",
        "website": "https://holmecoffeehouse.co.uk"
      },
      "geometry": {
        "type": "Polygon",
        "coordinates": [
          [
            [
              -1.7858905,
              53.5717641
            ],
            [
              -1.7859887,
              53.5716594
            ],
            [
              -1.7859956,
              53.5716513
            ],
            [
              -1.7859193,
              53.5716246
            ],
            [
              -1.7858179,
              53.5717417
            ],
            [
              -1.7858905,
              53.5717641
            ]
          ]
        ]
      },
      "id": "way/559564639"
    },
    {
      "type": "Feature",
      "properties": {
        "@id": "way/559755105",
        "addr:city": "Leeds",
        "addr:postcode": "LS12 6BS",
        "addr:street": "Lowfields Road North",
        "amenity": "cafe",
        "building": "yes",
        "fhrs:id": "799774",
        "name": "The Kabin",
        "takeaway": "yes"
      },
      "geometry": {
        "type": "Polygon",
        "coordinates": [
          [
            [
              -1.5757597,
              53.7822713
            ],
            [
              -1.5758323,
              53.7823246
            ],
            [
              -1.5758659,
              53.7823086
            ],
            [
              -1.5757933,
              53.7822553
            ],
            [
              -1.5757597,
              53.7822713
            ]
          ]
        ]
      },
      "id": "way/559755105"
    },
    {
      "type": "Feature",
      "properties": {
        "@id": "way/563675419",
        "addr:city": "Leeds",
        "addr:housename": "Penny Hill Centre",
        "addr:postcode": "LS10 2AP",
        "addr:street": "Church Street",
        "addr:unit": "7-8",
        "amenity": "cafe",
        "brand": "Costa",
        "brand:wikidata": "Q608845",
        "brand:wikipedia": "en:Costa Coffee",
        "building": "yes",
        "cuisine": "coffee_shop",
        "fhrs:id": "1137005",
        "name": "Costa",
        "old_name": "Fultons Foods",
        "takeaway": "yes"
      },
      "geometry": {
        "type": "Polygon",
        "coordinates": [
          [
            [
              -1.5287859,
              53.7787331
            ],
            [
              -1.5289577,
              53.7786449
            ],
            [
              -1.528868,
              53.7785839
            ],
            [
              -1.5286962,
              53.778672
            ],
            [
              -1.5287859,
              53.7787331
            ]
          ]
        ]
      },
      "id": "way/563675419"
    },
    {
      "type": "Feature",
      "properties": {
        "@id": "way/563675436",
        "addr:city": "Leeds",
        "addr:housenumber": "76",
        "addr:postcode": "LS10 1NY",
        "addr:street": "Goodman Street",
        "amenity": "cafe",
        "building": "yes",
        "fhrs:id": "319782",
        "name": "Goodman Street Cafe"
      },
      "geometry": {
        "type": "Polygon",
        "coordinates": [
          [
            [
              -1.5253513,
              53.7843279
            ],
            [
              -1.5257316,
              53.7842778
            ],
            [
              -1.5257004,
              53.784195
            ],
            [
              -1.5253201,
              53.7842451
            ],
            [
              -1.5253513,
              53.7843279
            ]
          ]
        ]
      },
      "id": "way/563675436"
    },
    {
      "type": "Feature",
      "properties": {
        "@id": "way/564469648",
        "addr:city": "Halifax",
        "addr:country": "GB",
        "addr:housenumber": "12-16",
        "addr:postcode": "HX1 1DL",
        "addr:street": "Southgate",
        "amenity": "cafe",
        "brand": "Caffè Nero",
        "brand:wikidata": "Q675808",
        "brand:wikipedia": "en:Caffè Nero",
        "building": "commercial",
        "check_date": "2024-08-22",
        "check_date:opening_hours": "2024-08-22",
        "cuisine": "coffee_shop",
        "fhrs:id": "347978",
        "name": "Caffè Nero",
        "opening_hours": "Mo-Fr 07:00-18:30; Sa 07:30-18:30; Su 08:00-17:30",
        "ref:GB:uprn": "10035032494;10010163008;100052037684",
        "source:addr": "FHRS Open Data",
        "takeaway": "yes",
        "toilets:wheelchair": "yes",
        "website": "https://www.caffenero.com/uk/stores/halifax",
        "wheelchair": "yes",
        "wheelchair:description": "Toilet dimensions: Floor space: 1600x2100mm Toilet height: 480mm Door width: 860mm handrail, pull cord"
      },
      "geometry": {
        "type": "Polygon",
        "coordinates": [
          [
            [
              -1.8603767,
              53.7224137
            ],
            [
              -1.8603531,
              53.7222917
            ],
            [
              -1.8601813,
              53.7223066
            ],
            [
              -1.8602123,
              53.7224271
            ],
            [
              -1.8603767,
              53.7224137
            ]
          ]
        ]
      },
      "id": "way/564469648"
    },
    {
      "type": "Feature",
      "properties": {
        "@id": "way/564469652",
        "addr:city": "Halifax",
        "addr:housenumber": "24-26",
        "addr:postcode": "HX1 1TA",
        "addr:street": "Commercial Street",
        "amenity": "cafe",
        "bar": "yes",
        "brewery": "yes",
        "building": "yes",
        "coffee": "yes",
        "cuisine": "brunch;coffee_shop;sandwich;cake",
        "diet:vegan": "yes",
        "diet:vegetarian": "yes",
        "fhrs:id": "1692526",
        "food": "yes",
        "name": "Mamil Cafe Bar Halifax",
        "opening_hours": "Su-Th 10:00-20:00; Fr-Sa 10:00-23:00",
        "outdoor_seating": "yes",
        "phone": "+44 1422 485952",
        "smoking": "outside",
        "website": "https://www.mamilcafebar.com/",
        "website:menu": "https://www.mamilcafebar.com/_files/ugd/6e2ad7_f82edbd402364f549994585f33aa3ce3.pdf"
      },
      "geometry": {
        "type": "Polygon",
        "coordinates": [
          [
            [
              -1.8612304,
              53.7224453
            ],
            [
              -1.8613109,
              53.7224389
            ],
            [
              -1.8613255,
              53.7224822
            ],
            [
              -1.8614935,
              53.7224648
            ],
            [
              -1.8614879,
              53.7224374
            ],
            [
              -1.8614718,
              53.7223739
            ],
            [
              -1.8614155,
              53.722358
            ],
            [
              -1.8612036,
              53.7223913
            ],
            [
              -1.8612304,
              53.7224453
            ]
          ]
        ]
      },
      "id": "way/564469652"
    },
    {
      "type": "Feature",
      "properties": {
        "@id": "way/565002729",
        "addr:city": "Hebden Bridge",
        "addr:country": "GB",
        "addr:hamlet": "Mytholmroyd",
        "addr:housename": "Grange Dean Yard",
        "addr:postcode": "HX7 5LL",
        "addr:street": "Burnley Road",
        "amenity": "cafe",
        "building": "commercial",
        "fhrs:id": "348884",
        "indoor_seating": "yes",
        "name": "The Blue Teapot",
        "outdoor_seating": "no",
        "source:addr": "FHRS Open Data"
      },
      "geometry": {
        "type": "Polygon",
        "coordinates": [
          [
            [
              -1.9818112,
              53.7307418
            ],
            [
              -1.9816928,
              53.7307207
            ],
            [
              -1.9816827,
              53.7307404
            ],
            [
              -1.9816575,
              53.7307896
            ],
            [
              -1.9818429,
              53.7308228
            ],
            [
              -1.9818655,
              53.7307788
            ],
            [
              -1.9818224,
              53.7307711
            ],
            [
              -1.9818352,
              53.7307461
            ],
            [
              -1.9818112,
              53.7307418
            ]
          ]
        ]
      },
      "id": "way/565002729"
    },
    {
      "type": "Feature",
      "properties": {
        "@id": "way/565964299",
        "amenity": "cafe",
        "building": "yes",
        "name": "Casa Coffee"
      },
      "geometry": {
        "type": "Polygon",
        "coordinates": [
          [
            [
              -1.8615384,
              53.7234181
            ],
            [
              -1.8615535,
              53.7233544
            ],
            [
              -1.8614263,
              53.7233535
            ],
            [
              -1.8614236,
              53.723361
            ],
            [
              -1.8614329,
              53.723415
            ],
            [
              -1.8615384,
              53.7234181
            ]
          ]
        ]
      },
      "id": "way/565964299"
    },
    {
      "type": "Feature",
      "properties": {
        "@id": "way/565964307",
        "addr:city": "Halifax",
        "addr:country": "GB",
        "addr:housenumber": "17-19",
        "addr:postcode": "HX1 1UG",
        "addr:street": "Crossley Street",
        "amenity": "cafe",
        "building": "yes",
        "fhrs:id": "347900",
        "name": "Monte Carlo",
        "source:addr": "FHRS Open Data"
      },
      "geometry": {
        "type": "Polygon",
        "coordinates": [
          [
            [
              -1.8613726,
              53.7238768
            ],
            [
              -1.8613361,
              53.7237903
            ],
            [
              -1.8613277,
              53.7237746
            ],
            [
              -1.8611896,
              53.7238079
            ],
            [
              -1.8611981,
              53.7238199
            ],
            [
              -1.8612385,
              53.7238974
            ],
            [
              -1.8613726,
              53.7238768
            ]
          ]
        ]
      },
      "id": "way/565964307"
    },
    {
      "type": "Feature",
      "properties": {
        "@id": "way/566139274",
        "amenity": "cafe",
        "building": "retail",
        "name": "CREAM"
      },
      "geometry": {
        "type": "Polygon",
        "coordinates": [
          [
            [
              -1.8623945,
              53.7217962
            ],
            [
              -1.8622738,
              53.7216422
            ],
            [
              -1.8621951,
              53.7216638
            ],
            [
              -1.8622472,
              53.7218063
            ],
            [
              -1.8622863,
              53.721821
            ],
            [
              -1.8623945,
              53.7217962
            ]
          ]
        ]
      },
      "id": "way/566139274"
    },
    {
      "type": "Feature",
      "properties": {
        "@id": "way/566754988",
        "addr:city": "Leeds",
        "addr:housenumber": "69",
        "addr:postcode": "LS15 8HU",
        "addr:street": "Pendas Way",
        "addr:suburb": "Stanks",
        "amenity": "cafe",
        "building": "yes",
        "cuisine": "sandwich",
        "fhrs:id": "978295",
        "name": "Tastebuds",
        "ref:GB:uprn": "72157175"
      },
      "geometry": {
        "type": "Polygon",
        "coordinates": [
          [
            [
              -1.4395978,
              53.8101828
            ],
            [
              -1.4397135,
              53.810141
            ],
            [
              -1.4396653,
              53.8100945
            ],
            [
              -1.4395496,
              53.8101363
            ],
            [
              -1.4395978,
              53.8101828
            ]
          ]
        ]
      },
      "id": "way/566754988"
    },
    {
      "type": "Feature",
      "properties": {
        "@id": "way/567586864",
        "amenity": "cafe",
        "building": "yes",
        "contact:facebook": "https://www.facebook.com/profile.php?id=100063628777873",
        "name": "Caffeine & Co",
        "outdoor_seating": "yes",
        "ref:GB:uprn": "10070455201"
      },
      "geometry": {
        "type": "Polygon",
        "coordinates": [
          [
            [
              -2.2926308,
              53.4475023
            ],
            [
              -2.2926807,
              53.4474396
            ],
            [
              -2.2926308,
              53.4474255
            ],
            [
              -2.2924733,
              53.4473814
            ],
            [
              -2.2923722,
              53.4475102
            ],
            [
              -2.2925021,
              53.4475464
            ],
            [
              -2.2925408,
              53.4474971
            ],
            [
              -2.2924711,
              53.4474777
            ],
            [
              -2.2924839,
              53.4474614
            ],
            [
              -2.2926308,
              53.4475023
            ]
          ]
        ]
      },
      "id": "way/567586864"
    },
    {
      "type": "Feature",
      "properties": {
        "@id": "way/569713453",
        "addr:city": "Hebden Bridge",
        "addr:country": "GB",
        "addr:hamlet": "Mytholmroyd",
        "addr:postcode": "HX7 5PZ",
        "addr:street": "Moderna Way",
        "amenity": "cafe",
        "building": "yes",
        "fhrs:id": "348872",
        "name": "Mytholmroyd Cricket Club",
        "ref:GB:uprn": "200002737629"
      },
      "geometry": {
        "type": "Polygon",
        "coordinates": [
          [
            [
              -1.9699365,
              53.7300989
            ],
            [
              -1.9699616,
              53.7301804
            ],
            [
              -1.9702902,
              53.730145
            ],
            [
              -1.9702651,
              53.7300635
            ],
            [
              -1.9699365,
              53.7300989
            ]
          ]
        ]
      },
      "id": "way/569713453"
    },
    {
      "type": "Feature",
      "properties": {
        "@id": "way/571400803",
        "addr:city": "Leeds",
        "addr:housenumber": "189",
        "addr:postcode": "LS7 3DU",
        "addr:street": "Chapeltown Road",
        "addr:suburb": "Chapeltown",
        "amenity": "cafe",
        "building": "yes",
        "fhrs:id": "1135374",
        "name": "Cafe Bliss"
      },
      "geometry": {
        "type": "Polygon",
        "coordinates": [
          [
            [
              -1.5329157,
              53.8150645
            ],
            [
              -1.5327599,
              53.8150114
            ],
            [
              -1.5326849,
              53.815088
            ],
            [
              -1.5327848,
              53.815122
            ],
            [
              -1.5328004,
              53.8151061
            ],
            [
              -1.5328564,
              53.8151252
            ],
            [
              -1.5329157,
              53.8150645
            ]
          ]
        ]
      },
      "id": "way/571400803"
    },
    {
      "type": "Feature",
      "properties": {
        "@id": "way/571699286",
        "addr:city": "Leeds",
        "addr:housenumber": "1",
        "addr:postcode": "LS15 8BY",
        "addr:street": "Station View",
        "addr:suburb": "Austhorpe",
        "amenity": "cafe",
        "building": "retail",
        "cuisine": "coffee_shop",
        "disused:shop": "cafe",
        "fhrs:id": "1702384",
        "name": "HIT Coffee",
        "old_name": "Waiting Room",
        "ref:GB:uprn": "72766193",
        "source:addr": "FHRS Open Data"
      },
      "geometry": {
        "type": "Polygon",
        "coordinates": [
          [
            [
              -1.4515544,
              53.8047182
            ],
            [
              -1.4515271,
              53.8046493
            ],
            [
              -1.451408,
              53.8046657
            ],
            [
              -1.45138,
              53.8046695
            ],
            [
              -1.4513998,
              53.8047194
            ],
            [
              -1.4514075,
              53.8047389
            ],
            [
              -1.4515544,
              53.8047182
            ]
          ]
        ]
      },
      "id": "way/571699286"
    },
    {
      "type": "Feature",
      "properties": {
        "@id": "way/572408673",
        "addr:city": "Leeds",
        "addr:housenumber": "112",
        "addr:postcode": "LS17 6LX",
        "addr:street": "Gledhow Valley Road",
        "addr:suburb": "Gledhow",
        "amenity": "cafe",
        "building": "retail",
        "cuisine": "italian",
        "fhrs:id": "1837972",
        "name": "Capri",
        "outdoor_seating": "yes"
      },
      "geometry": {
        "type": "Polygon",
        "coordinates": [
          [
            [
              -1.5381204,
              53.8356348
            ],
            [
              -1.5382396,
              53.8355671
            ],
            [
              -1.5381704,
              53.8355247
            ],
            [
              -1.5380512,
              53.8355925
            ],
            [
              -1.5381204,
              53.8356348
            ]
          ]
        ]
      },
      "id": "way/572408673"
    },
    {
      "type": "Feature",
      "properties": {
        "@id": "way/575500516",
        "addr:city": "Leeds",
        "addr:housenumber": "32",
        "addr:postcode": "LS27 9ED",
        "addr:street": "Wesley Street",
        "addr:suburb": "Morley",
        "amenity": "cafe",
        "building": "house",
        "fhrs:id": "321242",
        "name": "Morley Elderly Action",
        "ref:GB:uprn": "72677278;72677279;72367331"
      },
      "geometry": {
        "type": "Polygon",
        "coordinates": [
          [
            [
              -1.6026947,
              53.7440964
            ],
            [
              -1.6027636,
              53.7441805
            ],
            [
              -1.6028454,
              53.7441571
            ],
            [
              -1.6028115,
              53.7441157
            ],
            [
              -1.6029026,
              53.7440896
            ],
            [
              -1.602836,
              53.7440083
            ],
            [
              -1.6025786,
              53.744082
            ],
            [
              -1.6026102,
              53.7441206
            ],
            [
              -1.6026947,
              53.7440964
            ]
          ]
        ]
      },
      "id": "way/575500516"
    },
    {
      "type": "Feature",
      "properties": {
        "@id": "way/576799680",
        "addr:city": "Leeds",
        "addr:postcode": "LS26 8NX",
        "addr:street": "Fleet Lane",
        "addr:suburb": "Oulton",
        "amenity": "cafe",
        "building": "yes",
        "fhrs:id": "555766",
        "name": "Rothwell FC",
        "ref:GB:uprn": "72685119"
      },
      "geometry": {
        "type": "Polygon",
        "coordinates": [
          [
            [
              -1.4355695,
              53.7494202
            ],
            [
              -1.4358937,
              53.7495972
            ],
            [
              -1.4360611,
              53.7494899
            ],
            [
              -1.435737,
              53.7493129
            ],
            [
              -1.4355695,
              53.7494202
            ]
          ]
        ]
      },
      "id": "way/576799680"
    },
    {
      "type": "Feature",
      "properties": {
        "@id": "way/577401517",
        "addr:city": "Bolton",
        "addr:housenumber": "85",
        "addr:postcode": "BL2 2DL",
        "addr:street": "Tonge Moor Road",
        "amenity": "cafe",
        "building": "yes",
        "fhrs:id": "504637",
        "name": "Appletrees Cafe",
        "ref:GB:uprn": "10001242831;100012556368",
        "source:addr": "FHRS Open Data"
      },
      "geometry": {
        "type": "Polygon",
        "coordinates": [
          [
            [
              -2.4139818,
              53.587489
            ],
            [
              -2.4138718,
              53.5874325
            ],
            [
              -2.4138273,
              53.5874631
            ],
            [
              -2.4139689,
              53.5875358
            ],
            [
              -2.4139973,
              53.5875162
            ],
            [
              -2.4139657,
              53.5875
            ],
            [
              -2.4139818,
              53.587489
            ]
          ]
        ]
      },
      "id": "way/577401517"
    },
    {
      "type": "Feature",
      "properties": {
        "@id": "way/577790897",
        "addr:city": "Bolton",
        "addr:housenumber": "257",
        "addr:postcode": "BL2 2JG",
        "addr:street": "Tonge Moor Road",
        "amenity": "cafe",
        "building": "yes",
        "fhrs:id": "798000",
        "name": "JK's Caf",
        "ref:GB:uprn": "10070924752;100010935386",
        "source:addr": "FHRS Open Data"
      },
      "geometry": {
        "type": "Polygon",
        "coordinates": [
          [
            [
              -2.4127699,
              53.5910667
            ],
            [
              -2.4126218,
              53.5910668
            ],
            [
              -2.4126212,
              53.5911148
            ],
            [
              -2.41277,
              53.5911151
            ],
            [
              -2.4127699,
              53.5910667
            ]
          ]
        ]
      },
      "id": "way/577790897"
    },
    {
      "type": "Feature",
      "properties": {
        "@id": "way/577891678",
        "addr:city": "Leeds",
        "addr:housename": "Langbar Retail Centre",
        "addr:postcode": "LS14 5EY",
        "addr:street": "Swarcliffe Avenue",
        "addr:suburb": "Swarcliffe",
        "addr:unit": "4",
        "amenity": "cafe",
        "building": "yes",
        "fhrs:id": "1021231",
        "name": "Cafe Indulgence",
        "ref:GB:uprn": "72725377"
      },
      "geometry": {
        "type": "Polygon",
        "coordinates": [
          [
            [
              -1.4428355,
              53.8221216
            ],
            [
              -1.4429834,
              53.8222498
            ],
            [
              -1.4430736,
              53.8222135
            ],
            [
              -1.4429257,
              53.8220853
            ],
            [
              -1.4428355,
              53.8221216
            ]
          ]
        ]
      },
      "id": "way/577891678"
    },
    {
      "type": "Feature",
      "properties": {
        "@id": "way/578378078",
        "addr:city": "Bolton",
        "addr:housenumber": "367",
        "addr:postcode": "BL2 2JR",
        "addr:street": "Tonge Moor Road",
        "amenity": "cafe",
        "building": "yes",
        "name": "Del's Diner",
        "ref:GB:uprn": "100012556338;10070920967"
      },
      "geometry": {
        "type": "Polygon",
        "coordinates": [
          [
            [
              -2.4123372,
              53.5936887
            ],
            [
              -2.4121955,
              53.5936751
            ],
            [
              -2.412184,
              53.5937181
            ],
            [
              -2.4123252,
              53.5937317
            ],
            [
              -2.4123372,
              53.5936887
            ]
          ]
        ]
      },
      "id": "way/578378078"
    },
    {
      "type": "Feature",
      "properties": {
        "@id": "way/579271323",
        "addr:city": "Huddersfield",
        "addr:postcode": "HD7 6AF",
        "addr:street": "Marsden Lane",
        "addr:suburb": "Marsden",
        "amenity": "cafe",
        "building": "yes",
        "contact:facebook": "https://www.facebook.com/TheLittleLock",
        "indoor_seating": "yes",
        "name": "The Little Lock",
        "outdoor_seating": "yes",
        "ref:GB:uprn": "83001637"
      },
      "geometry": {
        "type": "Polygon",
        "coordinates": [
          [
            [
              -1.9231717,
              53.6035074
            ],
            [
              -1.9232627,
              53.6035257
            ],
            [
              -1.9232965,
              53.6034664
            ],
            [
              -1.9232054,
              53.6034482
            ],
            [
              -1.9231717,
              53.6035074
            ]
          ]
        ]
      },
      "id": "way/579271323"
    },
    {
      "type": "Feature",
      "properties": {
        "@id": "way/579639488",
        "amenity": "cafe",
        "name": "BB’s Cafe",
        "opening_hours": "Mo-Fr 07:15-16:00"
      },
      "geometry": {
        "type": "Polygon",
        "coordinates": [
          [
            [
              -1.5650604,
              53.478957
            ],
            [
              -1.564999,
              53.4790129
            ],
            [
              -1.5651339,
              53.4790653
            ],
            [
              -1.5651952,
              53.4790095
            ],
            [
              -1.5650604,
              53.478957
            ]
          ]
        ]
      },
      "id": "way/579639488"
    },
    {
      "type": "Feature",
      "properties": {
        "@id": "way/582528002",
        "addr:city": "Leeds",
        "addr:housenumber": "32",
        "addr:postcode": "LS9 6QQ",
        "addr:street": "Coldcotes Circus",
        "addr:suburb": "Harehills",
        "amenity": "cafe",
        "building": "yes",
        "fhrs:id": "321917",
        "name": "Mindys Big Baps"
      },
      "geometry": {
        "type": "Polygon",
        "coordinates": [
          [
            [
              -1.4932065,
              53.8087824
            ],
            [
              -1.4930771,
              53.8087123
            ],
            [
              -1.4930074,
              53.808763
            ],
            [
              -1.4931556,
              53.808824
            ],
            [
              -1.4932065,
              53.8087824
            ]
          ]
        ]
      },
      "id": "way/582528002"
    },
    {
      "type": "Feature",
      "properties": {
        "@id": "way/584023487",
        "amenity": "cafe",
        "building": "yes",
        "internet_access": "no",
        "name": "Growing hub cafe",
        "outdoor_seating": "no"
      },
      "geometry": {
        "type": "Polygon",
        "coordinates": [
          [
            [
              -2.0693934,
              53.5449125
            ],
            [
              -2.0693762,
              53.5448548
            ],
            [
              -2.0692562,
              53.5448675
            ],
            [
              -2.0692677,
              53.5449062
            ],
            [
              -2.0692734,
              53.5449252
            ],
            [
              -2.0693934,
              53.5449125
            ]
          ]
        ]
      },
      "id": "way/584023487"
    },
    {
      "type": "Feature",
      "properties": {
        "@id": "way/585477987",
        "amenity": "cafe",
        "building": "yes",
        "indoor_seating": "yes",
        "internet_access": "wlan",
        "internet_access:fee": "no",
        "name": "Ponden Mill Tea Room",
        "opening_hours": "Sa-Su 10:00-15:00",
        "outdoor_seating": "yes",
        "toilets": "yes",
        "toilets:access": "customers",
        "wheelchair": "yes"
      },
      "geometry": {
        "type": "Polygon",
        "coordinates": [
          [
            [
              -2.0038905,
              53.8312619
            ],
            [
              -2.0038876,
              53.8311819
            ],
            [
              -2.0037227,
              53.831184
            ],
            [
              -2.0037239,
              53.831217
            ],
            [
              -2.0037257,
              53.831264
            ],
            [
              -2.0038905,
              53.8312619
            ]
          ]
        ]
      },
      "id": "way/585477987"
    },
    {
      "type": "Feature",
      "properties": {
        "@id": "way/585696909",
        "amenity": "cafe",
        "building": "yes",
        "name": "Mrs Riley's Kitchen"
      },
      "geometry": {
        "type": "Polygon",
        "coordinates": [
          [
            [
              -2.3749037,
              53.539239
            ],
            [
              -2.3747718,
              53.5393277
            ],
            [
              -2.374824,
              53.5393559
            ],
            [
              -2.3749266,
              53.5392944
            ],
            [
              -2.3748939,
              53.5392741
            ],
            [
              -2.3749283,
              53.5392521
            ],
            [
              -2.3749037,
              53.539239
            ]
          ]
        ]
      },
      "id": "way/585696909"
    },
    {
      "type": "Feature",
      "properties": {
        "@id": "way/588740452",
        "addr:city": "Leeds",
        "addr:housenumber": "7",
        "addr:postcode": "LS9 7JE",
        "addr:street": "Fraser Street",
        "addr:suburb": "Burmantofts",
        "amenity": "cafe",
        "building": "yes",
        "fhrs:id": "818451",
        "name": "Paradise Cyber Cafe"
      },
      "geometry": {
        "type": "Polygon",
        "coordinates": [
          [
            [
              -1.5189815,
              53.8032138
            ],
            [
              -1.5190928,
              53.8031006
            ],
            [
              -1.5190086,
              53.8030717
            ],
            [
              -1.5188973,
              53.8031849
            ],
            [
              -1.5189815,
              53.8032138
            ]
          ]
        ]
      },
      "id": "way/588740452"
    },
    {
      "type": "Feature",
      "properties": {
        "@id": "way/590827561",
        "addr:city": "Leeds",
        "addr:housenumber": "37",
        "addr:postcode": "LS13 3PS",
        "addr:street": "Hough Lane",
        "addr:suburb": "Bramley",
        "amenity": "cafe",
        "building": "retail",
        "cuisine": "sandwich;breakfast",
        "fhrs:id": "1796773",
        "name": "Jack's Snacks"
      },
      "geometry": {
        "type": "Polygon",
        "coordinates": [
          [
            [
              -1.6341029,
              53.8084045
            ],
            [
              -1.6342501,
              53.8084307
            ],
            [
              -1.6342811,
              53.8083701
            ],
            [
              -1.6341339,
              53.8083438
            ],
            [
              -1.6341029,
              53.8084045
            ]
          ]
        ]
      },
      "id": "way/590827561"
    },
    {
      "type": "Feature",
      "properties": {
        "@id": "way/592098312",
        "addr:city": "Bradford",
        "addr:housename": "Aunty Wainwright's Kitchen",
        "addr:housenumber": "15",
        "addr:postcode": "BD6 1UL",
        "addr:street": "Folly Hall Road",
        "amenity": "cafe",
        "building": "yes",
        "cuisine": "tea;carvery;english;sandwich;breakfast",
        "name": "Aunty Wainwright's Kitchen",
        "opening_hours": "Mo-Fr 07:30-15:30; Sa 07:30-14:00",
        "phone": "+441274 675189",
        "website": "https://auntywainwrightskitchen.business.site/"
      },
      "geometry": {
        "type": "Polygon",
        "coordinates": [
          [
            [
              -1.7753266,
              53.7662975
            ],
            [
              -1.77543,
              53.7663501
            ],
            [
              -1.7754811,
              53.7663092
            ],
            [
              -1.7753404,
              53.7662341
            ],
            [
              -1.7753228,
              53.7662443
            ],
            [
              -1.7752844,
              53.7662239
            ],
            [
              -1.7752624,
              53.7662397
            ],
            [
              -1.7752932,
              53.7662575
            ],
            [
              -1.7752485,
              53.7662865
            ],
            [
              -1.775299,
              53.7663159
            ],
            [
              -1.7753266,
              53.7662975
            ]
          ]
        ]
      },
      "id": "way/592098312"
    },
    {
      "type": "Feature",
      "properties": {
        "@id": "way/594184396",
        "amenity": "cafe",
        "building": "yes"
      },
      "geometry": {
        "type": "Polygon",
        "coordinates": [
          [
            [
              -1.5686476,
              53.7441049
            ],
            [
              -1.5685772,
              53.7440915
            ],
            [
              -1.5685516,
              53.7441386
            ],
            [
              -1.568622,
              53.744152
            ],
            [
              -1.5686476,
              53.7441049
            ]
          ]
        ]
      },
      "id": "way/594184396"
    },
    {
      "type": "Feature",
      "properties": {
        "@id": "way/604895504",
        "addr:city": "Sheffield",
        "addr:postcode": "S6 6BX",
        "addr:street": "Uppergate Road",
        "addr:substreet": "Stannington Park",
        "amenity": "cafe",
        "building": "yes",
        "fhrs:id": "998443",
        "name": "Kafe Stannington",
        "ref:GB:uprn": "10095378655",
        "source:addr": "FHRS Open Data"
      },
      "geometry": {
        "type": "Polygon",
        "coordinates": [
          [
            [
              -1.5450968,
              53.392872
            ],
            [
              -1.5450468,
              53.3927804
            ],
            [
              -1.5449477,
              53.3927969
            ],
            [
              -1.5450003,
              53.3928887
            ],
            [
              -1.5450968,
              53.392872
            ]
          ]
        ]
      },
      "id": "way/604895504"
    },
    {
      "type": "Feature",
      "properties": {
        "@id": "way/607470056",
        "addr:city": "Leeds",
        "addr:housenumber": "396",
        "addr:postcode": "LS11 7JX",
        "addr:street": "Dewsbury Road",
        "addr:suburb": "Hunslet",
        "amenity": "cafe",
        "building": "retail",
        "name": "The Grove Cafe"
      },
      "geometry": {
        "type": "Polygon",
        "coordinates": [
          [
            [
              -1.5567335,
              53.7668774
            ],
            [
              -1.5566641,
              53.7668177
            ],
            [
              -1.5565709,
              53.7668555
            ],
            [
              -1.556667,
              53.7669381
            ],
            [
              -1.5567085,
              53.7669213
            ],
            [
              -1.5566818,
              53.7668984
            ],
            [
              -1.5567335,
              53.7668774
            ]
          ]
        ]
      },
      "id": "way/607470056"
    },
    {
      "type": "Feature",
      "properties": {
        "@id": "way/608051643",
        "addr:city": "Leeds",
        "addr:postcode": "LS10 3TN",
        "addr:street": "Ring Road Beeston Park",
        "addr:suburb": "Middleton",
        "amenity": "cafe",
        "building": "yes",
        "fhrs:id": "1019726",
        "name": "Leeds Urban Bike Park Hub"
      },
      "geometry": {
        "type": "Polygon",
        "coordinates": [
          [
            [
              -1.558355,
              53.7520904
            ],
            [
              -1.5583781,
              53.7521527
            ],
            [
              -1.5586186,
              53.7521216
            ],
            [
              -1.5585137,
              53.7518379
            ],
            [
              -1.558618,
              53.7518245
            ],
            [
              -1.5585944,
              53.7517607
            ],
            [
              -1.5584085,
              53.7517847
            ],
            [
              -1.5584264,
              53.7518334
            ],
            [
              -1.5582583,
              53.7518551
            ],
            [
              -1.5582889,
              53.7519379
            ],
            [
              -1.5583766,
              53.7519265
            ],
            [
              -1.5584177,
              53.7519427
            ],
            [
              -1.5584733,
              53.7520927
            ],
            [
              -1.5584478,
              53.752096
            ],
            [
              -1.5584416,
              53.7520792
            ],
            [
              -1.558355,
              53.7520904
            ]
          ]
        ]
      },
      "id": "way/608051643"
    },
    {
      "type": "Feature",
      "properties": {
        "@id": "way/612324703",
        "amenity": "cafe",
        "building": "yes",
        "cuisine": "sandwich;cafe;tea;coffee_shop",
        "internet_access": "no",
        "name": "The Emmerdale Studio Experience Cafe",
        "smoking": "outside"
      },
      "geometry": {
        "type": "Polygon",
        "coordinates": [
          [
            [
              -1.5660051,
              53.8020457
            ],
            [
              -1.5661263,
              53.8019532
            ],
            [
              -1.5658983,
              53.8018423
            ],
            [
              -1.5657723,
              53.8019284
            ],
            [
              -1.5658299,
              53.8019569
            ],
            [
              -1.5660051,
              53.8020457
            ]
          ]
        ]
      },
      "id": "way/612324703"
    },
    {
      "type": "Feature",
      "properties": {
        "@id": "way/615602843",
        "addr:city": "Leeds",
        "addr:housenumber": "53",
        "addr:postcode": "LS7 3PY",
        "addr:street": "Harrogate Road",
        "addr:suburb": "Chapel Allerton",
        "amenity": "cafe",
        "brand": "Starbucks",
        "brand:wikidata": "Q37158",
        "brand:wikipedia": "en:Starbucks",
        "building": "yes",
        "cuisine": "coffee_shop",
        "fhrs:id": "1086974",
        "name": "Starbucks",
        "official_name": "Starbucks Coffee",
        "old_name": "Yorkshire Bank",
        "outdoor_seating": "yes",
        "ref:GB:uprn": "72090842;72090844",
        "takeaway": "yes",
        "website": "https://www.starbucks.com/store-locator/store/1022031/leeds-23-5-degrees-harrogate-r-53-harrogate-road-leeds-eng-ls-7-3-pd-gb"
      },
      "geometry": {
        "type": "Polygon",
        "coordinates": [
          [
            [
              -1.5385172,
              53.8292614
            ],
            [
              -1.5383902,
              53.8293284
            ],
            [
              -1.5384822,
              53.8294128
            ],
            [
              -1.5385437,
              53.8294534
            ],
            [
              -1.5386791,
              53.829382
            ],
            [
              -1.5386176,
              53.8293414
            ],
            [
              -1.5386291,
              53.8293353
            ],
            [
              -1.5385172,
              53.8292614
            ]
          ]
        ]
      },
      "id": "way/615602843"
    },
    {
      "type": "Feature",
      "properties": {
        "@id": "way/616324825",
        "addr:city": "Leeds",
        "addr:housenumber": "28",
        "addr:postcode": "LS11 5EY",
        "addr:street": "Longroyd Street North",
        "addr:suburb": "Beeston",
        "amenity": "cafe",
        "building": "retail",
        "fhrs:id": "785913",
        "name": "Andos Sandwichs And Confectionary"
      },
      "geometry": {
        "type": "Polygon",
        "coordinates": [
          [
            [
              -1.5400076,
              53.7788255
            ],
            [
              -1.5400836,
              53.778757
            ],
            [
              -1.540025,
              53.7787343
            ],
            [
              -1.5399538,
              53.7787984
            ],
            [
              -1.5400076,
              53.7788255
            ]
          ]
        ]
      },
      "id": "way/616324825"
    },
    {
      "type": "Feature",
      "properties": {
        "@id": "way/617705221",
        "amenity": "cafe",
        "building": "yes",
        "building:levels": "1",
        "name": "Aviary Community Rooms",
        "ref:GB:uprn": "10090665673"
      },
      "geometry": {
        "type": "Polygon",
        "coordinates": [
          [
            [
              -2.1562455,
              53.4597278
            ],
            [
              -2.1566486,
              53.4596009
            ],
            [
              -2.1566189,
              53.4595675
            ],
            [
              -2.1565991,
              53.4595452
            ],
            [
              -2.1564452,
              53.4595936
            ],
            [
              -2.1563991,
              53.4595417
            ],
            [
              -2.1563056,
              53.4595712
            ],
            [
              -2.1563551,
              53.4596269
            ],
            [
              -2.1561994,
              53.4596759
            ],
            [
              -2.1562455,
              53.4597278
            ]
          ]
        ]
      },
      "id": "way/617705221"
    },
    {
      "type": "Feature",
      "properties": {
        "@id": "way/619141945",
        "addr:city": "Manchester",
        "addr:housenumber": "975-977",
        "addr:postcode": "M19 2SY",
        "addr:street": "Stockport Road",
        "amenity": "cafe",
        "bar": "yes",
        "building": "retail",
        "building:colour": "red",
        "building:levels": "2",
        "building:material": "brick",
        "building:use": "retail",
        "contact:website": "http://www.stationsouth.co.uk/",
        "cuisine": "sandwich;burger;cake",
        "diet:vegetarian": "yes",
        "drink:beer": "yes",
        "drink:coffee": "yes",
        "drink:wine": "yes",
        "fhrs:id": "1816947",
        "indoor_seating": "yes",
        "internet_access": "wlan",
        "layer": "1",
        "name": "Station South",
        "old_name": "Levenshulme South railway station",
        "opening_hours": "We-Th 09:00-22:00; Fr-Sa 09:00-23:00; Su 09:00-20:00",
        "outdoor_seating": "yes",
        "ref:GB:uprn": "77159323",
        "roof:colour": "red",
        "roof:orientation": "along",
        "toilets": "yes",
        "wikidata": "Q6535193"
      },
      "geometry": {
        "type": "Polygon",
        "coordinates": [
          [
            [
              -2.1884542,
              53.4408125
            ],
            [
              -2.1882962,
              53.4406637
            ],
            [
              -2.1882014,
              53.4406978
            ],
            [
              -2.1881649,
              53.4407109
            ],
            [
              -2.1881734,
              53.4407865
            ],
            [
              -2.1881874,
              53.4408335
            ],
            [
              -2.1882131,
              53.4408977
            ],
            [
              -2.1882871,
              53.4408752
            ],
            [
              -2.1883126,
              53.4408675
            ],
            [
              -2.1884542,
              53.4408125
            ]
          ]
        ]
      },
      "id": "way/619141945"
    },
    {
      "type": "Feature",
      "properties": {
        "@id": "way/619760052",
        "addr:city": "Stockport",
        "addr:housename": "Bruntwood Hall Cottage",
        "addr:place": "Cheadle",
        "addr:postcode": "SK8 1HX",
        "addr:street": "Bruntwood Park",
        "amenity": "cafe",
        "building": "yes",
        "cuisine": "ice_cream",
        "fhrs:id": "92582",
        "name": "The Vinery",
        "outdoor_seating": "yes",
        "ref:GB:uprn": "10009671999",
        "source:addr": "fhrs opendata",
        "wheelchair": "yes"
      },
      "geometry": {
        "type": "Polygon",
        "coordinates": [
          [
            [
              -2.2122368,
              53.3807162
            ],
            [
              -2.2121956,
              53.3806229
            ],
            [
              -2.212211,
              53.3806205
            ],
            [
              -2.2122366,
              53.380628
            ],
            [
              -2.2122673,
              53.3806235
            ],
            [
              -2.2122846,
              53.380607
            ],
            [
              -2.2122766,
              53.3805867
            ],
            [
              -2.2122427,
              53.3805781
            ],
            [
              -2.212233,
              53.3805795
            ],
            [
              -2.2122043,
              53.380511
            ],
            [
              -2.2121384,
              53.3805209
            ],
            [
              -2.2120964,
              53.3805272
            ],
            [
              -2.2121388,
              53.3806281
            ],
            [
              -2.2121087,
              53.3806326
            ],
            [
              -2.212085,
              53.3806512
            ],
            [
              -2.2120897,
              53.3806619
            ],
            [
              -2.2120459,
              53.3806688
            ],
            [
              -2.2120515,
              53.3806815
            ],
            [
              -2.2120778,
              53.3807412
            ],
            [
              -2.2122368,
              53.3807162
            ]
          ]
        ]
      },
      "id": "way/619760052"
    },
    {
      "type": "Feature",
      "properties": {
        "@id": "way/623888420",
        "addr:city": "Sheffield",
        "addr:country": "GB",
        "addr:housename": "Bank House",
        "addr:housenumber": "2",
        "addr:postcode": "S36 2BU",
        "addr:street": "Hunshelf Road",
        "addr:town": "Stocksbridge",
        "amenity": "cafe",
        "building": "yes",
        "name": "Samuels Kitchen",
        "ref:GB:uprn": "100052095741"
      },
      "geometry": {
        "type": "Polygon",
        "coordinates": [
          [
            [
              -1.589889,
              53.483593
            ],
            [
              -1.5897761,
              53.4835565
            ],
            [
              -1.5897232,
              53.4836144
            ],
            [
              -1.5898361,
              53.4836509
            ],
            [
              -1.589889,
              53.483593
            ]
          ]
        ]
      },
      "id": "way/623888420"
    },
    {
      "type": "Feature",
      "properties": {
        "@id": "way/627812321",
        "addr:city": "Wakefield",
        "addr:housenumber": "8",
        "addr:postcode": "WF4 5AG",
        "addr:street": "Cluntergate",
        "addr:suburb": "Horbury",
        "addr:town": "Horbury",
        "amenity": "cafe",
        "building": "yes",
        "fhrs:id": "1644320",
        "name": "Caffe Capri",
        "wheelchair": "yes"
      },
      "geometry": {
        "type": "Polygon",
        "coordinates": [
          [
            [
              -1.5532753,
              53.6591786
            ],
            [
              -1.553256,
              53.6590645
            ],
            [
              -1.5531656,
              53.6590699
            ],
            [
              -1.5531839,
              53.659184
            ],
            [
              -1.5532753,
              53.6591786
            ]
          ]
        ]
      },
      "id": "way/627812321"
    },
    {
      "type": "Feature",
      "properties": {
        "@id": "way/630362091",
        "amenity": "cafe",
        "building": "yes",
        "name": "Healey Dell Heritage Centre & Tea Rooms",
        "ref:GB:uprn": "10090923141"
      },
      "geometry": {
        "type": "Polygon",
        "coordinates": [
          [
            [
              -2.1838846,
              53.6355379
            ],
            [
              -2.183974,
              53.6355242
            ],
            [
              -2.1839131,
              53.6353847
            ],
            [
              -2.1838237,
              53.6353985
            ],
            [
              -2.1838846,
              53.6355379
            ]
          ]
        ]
      },
      "id": "way/630362091"
    },
    {
      "type": "Feature",
      "properties": {
        "@id": "way/631887241",
        "addr:city": "Huddersfield",
        "addr:housenumber": "16",
        "addr:postcode": "HD8 9AE",
        "addr:street": "Huddersfield Road",
        "addr:suburb": "Skelmanthorpe",
        "amenity": "cafe",
        "building": "yes",
        "name": "Butties",
        "ref:GB:uprn": "83132374"
      },
      "geometry": {
        "type": "Polygon",
        "coordinates": [
          [
            [
              -1.6551709,
              53.5915903
            ],
            [
              -1.6551646,
              53.5915158
            ],
            [
              -1.6550754,
              53.5915185
            ],
            [
              -1.6550817,
              53.5915929
            ],
            [
              -1.6551709,
              53.5915903
            ]
          ]
        ]
      },
      "id": "way/631887241"
    },
    {
      "type": "Feature",
      "properties": {
        "@id": "way/632293552",
        "addr:housenumber": "60",
        "addr:postcode": "ST7 2LP",
        "addr:street": "Sandbach Road South",
        "amenity": "cafe",
        "brand": "Costa",
        "brand:wikidata": "Q608845",
        "brand:wikipedia": "en:Costa Coffee",
        "building": "retail",
        "check_date": "2024-04-14",
        "cuisine": "coffee_shop",
        "fhrs:id": "1009769",
        "indoor_seating": "yes",
        "name": "Costa",
        "outdoor_seating": "yes",
        "source:addr": "FHRS Open Data",
        "takeaway": "yes"
      },
      "geometry": {
        "type": "Polygon",
        "coordinates": [
          [
            [
              -2.3045699,
              53.0955464
            ],
            [
              -2.3044585,
              53.0955209
            ],
            [
              -2.3044299,
              53.0955658
            ],
            [
              -2.3043907,
              53.0955578
            ],
            [
              -2.3042104,
              53.0956743
            ],
            [
              -2.3044148,
              53.0957891
            ],
            [
              -2.3045699,
              53.0955464
            ]
          ]
        ]
      },
      "id": "way/632293552"
    },
    {
      "type": "Feature",
      "properties": {
        "@id": "way/632735802",
        "amenity": "cafe",
        "building": "yes",
        "name": "Eden Café"
      },
      "geometry": {
        "type": "Polygon",
        "coordinates": [
          [
            [
              -2.1622638,
              53.6213152
            ],
            [
              -2.1622676,
              53.621433
            ],
            [
              -2.1623176,
              53.6214328
            ],
            [
              -2.1623174,
              53.6214191
            ],
            [
              -2.1623715,
              53.6214189
            ],
            [
              -2.1623706,
              53.6213324
            ],
            [
              -2.1623665,
              53.6213233
            ],
            [
              -2.1623634,
              53.6213196
            ],
            [
              -2.1623575,
              53.6213164
            ],
            [
              -2.1623449,
              53.6213149
            ],
            [
              -2.1622638,
              53.6213152
            ]
          ]
        ]
      },
      "id": "way/632735802"
    },
    {
      "type": "Feature",
      "properties": {
        "@id": "way/633423257",
        "addr:city": "Wakefield",
        "addr:housenumber": "575a",
        "addr:postcode": "WF4 1LP",
        "addr:street": "Doncaster Road",
        "amenity": "cafe",
        "building": "house",
        "fhrs:id": "1404082",
        "name": "Sugar and Spice Cafe"
      },
      "geometry": {
        "type": "Polygon",
        "coordinates": [
          [
            [
              -1.431302,
              53.6638067
            ],
            [
              -1.4313915,
              53.6637502
            ],
            [
              -1.4313077,
              53.6637516
            ],
            [
              -1.4312584,
              53.6637808
            ],
            [
              -1.431302,
              53.6638067
            ]
          ]
        ]
      },
      "id": "way/633423257"
    },
    {
      "type": "Feature",
      "properties": {
        "@id": "way/635726003",
        "amenity": "cafe",
        "brand": "Starbucks",
        "brand:wikidata": "Q37158",
        "brand:wikipedia": "en:Starbucks",
        "building": "yes",
        "cuisine": "coffee_shop",
        "name": "Starbucks",
        "official_name": "Starbucks Coffee",
        "takeaway": "yes",
        "website": "https://www.starbucks.com/store-locator/store/1017486/clitheroe-barrow-brook-park-barrow-brook-clitheroe-clitheroe-eng-bb-7-9-wf-gb"
      },
      "geometry": {
        "type": "Polygon",
        "coordinates": [
          [
            [
              -2.3968924,
              53.8399982
            ],
            [
              -2.3968474,
              53.8397712
            ],
            [
              -2.3966992,
              53.8397814
            ],
            [
              -2.3967144,
              53.8398582
            ],
            [
              -2.3966853,
              53.8398556
            ],
            [
              -2.3966937,
              53.8398853
            ],
            [
              -2.3967156,
              53.8398831
            ],
            [
              -2.3967344,
              53.8399496
            ],
            [
              -2.3967178,
              53.8399554
            ],
            [
              -2.3967285,
              53.8400095
            ],
            [
              -2.3968924,
              53.8399982
            ]
          ]
        ]
      },
      "id": "way/635726003"
    },
    {
      "type": "Feature",
      "properties": {
        "@id": "way/635810252",
        "amenity": "cafe",
        "building": "yes",
        "name": "Northern Perk",
        "website": "https://www.facebook.com/p/Northern-Perk-100063663365895/"
      },
      "geometry": {
        "type": "Polygon",
        "coordinates": [
          [
            [
              -1.4605448,
              53.4090046
            ],
            [
              -1.4606685,
              53.4089307
            ],
            [
              -1.4605876,
              53.4088825
            ],
            [
              -1.4604638,
              53.4089563
            ],
            [
              -1.4605448,
              53.4090046
            ]
          ]
        ]
      },
      "id": "way/635810252"
    },
    {
      "type": "Feature",
      "properties": {
        "@id": "way/636923738",
        "addr:city": "Leeds",
        "addr:housenumber": "44b",
        "addr:postcode": "LS26 0AW",
        "addr:street": "Commercial Street",
        "addr:suburb": "Rothwell",
        "amenity": "cafe",
        "building": "commercial",
        "fhrs:id": "1002992",
        "name": "Jail Yard Diner"
      },
      "geometry": {
        "type": "Polygon",
        "coordinates": [
          [
            [
              -1.4777331,
              53.748653
            ],
            [
              -1.4777605,
              53.7487164
            ],
            [
              -1.477853,
              53.7486982
            ],
            [
              -1.4778249,
              53.7486379
            ],
            [
              -1.4777331,
              53.748653
            ]
          ]
        ]
      },
      "id": "way/636923738"
    },
    {
      "type": "Feature",
      "properties": {
        "@id": "way/637206505",
        "addr:city": "Pudsey",
        "addr:housenumber": "54",
        "addr:postcode": "LS28 8NT",
        "addr:street": "Fulneck",
        "amenity": "cafe",
        "building": "yes",
        "fhrs:id": "879209",
        "name": "No 54 Tearooms and Antiques",
        "old_name": "Curiositea",
        "ref:GB:uprn": "72283186;72721964",
        "shop": "antiques",
        "website": "http://www.no54fulneck.co.uk/"
      },
      "geometry": {
        "type": "Polygon",
        "coordinates": [
          [
            [
              -1.6669838,
              53.7837692
            ],
            [
              -1.6669741,
              53.7836621
            ],
            [
              -1.666859,
              53.7836663
            ],
            [
              -1.6668703,
              53.7837734
            ],
            [
              -1.6669838,
              53.7837692
            ]
          ]
        ]
      },
      "id": "way/637206505"
    },
    {
      "type": "Feature",
      "properties": {
        "@id": "way/638085402",
        "amenity": "cafe",
        "building": "yes",
        "name": "Eve's Cafe"
      },
      "geometry": {
        "type": "Polygon",
        "coordinates": [
          [
            [
              -1.7122509,
              53.7223134
            ],
            [
              -1.7122177,
              53.7222525
            ],
            [
              -1.7119845,
              53.7223
            ],
            [
              -1.7120208,
              53.7223581
            ],
            [
              -1.7122509,
              53.7223134
            ]
          ]
        ]
      },
      "id": "way/638085402"
    },
    {
      "type": "Feature",
      "properties": {
        "@id": "way/638269800",
        "addr:city": "Leeds",
        "addr:housenumber": "147",
        "addr:postcode": "LS14 6ER",
        "addr:street": "South Parkway",
        "addr:suburb": "Seacroft",
        "amenity": "cafe",
        "building": "yes",
        "fhrs:id": "1241775",
        "name": "Bon Appetit",
        "old_name": "Cafe 147"
      },
      "geometry": {
        "type": "Polygon",
        "coordinates": [
          [
            [
              -1.4693117,
              53.8163013
            ],
            [
              -1.4692702,
              53.8162304
            ],
            [
              -1.4691688,
              53.8162511
            ],
            [
              -1.4692103,
              53.816322
            ],
            [
              -1.4693117,
              53.8163013
            ]
          ]
        ]
      },
      "id": "way/638269800"
    },
    {
      "type": "Feature",
      "properties": {
        "@id": "way/639727461",
        "addr:city": "Pudsey",
        "addr:housenumber": "1a",
        "addr:postcode": "LS28 7BE",
        "addr:street": "Market Place",
        "amenity": "cafe",
        "building": "yes",
        "fhrs:id": "1215178",
        "name": "Scrumdiddlyumptious",
        "old_name": "Patisserie Fresto",
        "ref:GB:uprn": "72570113"
      },
      "geometry": {
        "type": "Polygon",
        "coordinates": [
          [
            [
              -1.6633189,
              53.7961684
            ],
            [
              -1.6632644,
              53.7961355
            ],
            [
              -1.663196,
              53.796175
            ],
            [
              -1.6632512,
              53.7962083
            ],
            [
              -1.6633189,
              53.7961684
            ]
          ]
        ]
      },
      "id": "way/639727461"
    },
    {
      "type": "Feature",
      "properties": {
        "@id": "way/639779522",
        "addr:city": "Leeds",
        "addr:housenumber": "153",
        "addr:postcode": "LS11 5NW",
        "addr:street": "Dewsbury Road",
        "addr:suburb": "Hunslet",
        "amenity": "cafe",
        "building": "yes",
        "fhrs:id": "818429",
        "name": "Only Food And Sauces",
        "phone": "+44 7467 244361"
      },
      "geometry": {
        "type": "Polygon",
        "coordinates": [
          [
            [
              -1.5445851,
              53.7792413
            ],
            [
              -1.5445871,
              53.7792133
            ],
            [
              -1.5444525,
              53.7791977
            ],
            [
              -1.5444437,
              53.7792261
            ],
            [
              -1.5445851,
              53.7792413
            ]
          ]
        ]
      },
      "id": "way/639779522"
    },
    {
      "type": "Feature",
      "properties": {
        "@id": "way/641645807",
        "addr:city": "Leeds",
        "addr:housename": "ARK",
        "addr:postcode": "LS8 3QY",
        "addr:street": "Hovingham Avenue",
        "addr:suburb": "Harehills",
        "amenity": "cafe",
        "building": "yes",
        "fhrs:id": "1021245",
        "name": "Ark Community Cafe",
        "ref:GB:uprn": "72755932"
      },
      "geometry": {
        "type": "Polygon",
        "coordinates": [
          [
            [
              -1.5115042,
              53.816312
            ],
            [
              -1.5115067,
              53.8163324
            ],
            [
              -1.5115966,
              53.8163286
            ],
            [
              -1.511584,
              53.8162241
            ],
            [
              -1.5114957,
              53.8162279
            ],
            [
              -1.5115042,
              53.816312
            ]
          ]
        ]
      },
      "id": "way/641645807"
    },
    {
      "type": "Feature",
      "properties": {
        "@id": "way/643080906",
        "addr:city": "Leeds",
        "addr:housenumber": "3",
        "addr:postcode": "LS10 3AH",
        "addr:street": "Belle Isle Parade",
        "addr:suburb": "Belle Isle",
        "amenity": "cafe",
        "building": "retail",
        "fhrs:id": "939148",
        "name": "Greedy Monkeys",
        "ref:GB:uprn": "72528670;72019052"
      },
      "geometry": {
        "type": "Polygon",
        "coordinates": [
          [
            [
              -1.5298351,
              53.765758
            ],
            [
              -1.5296977,
              53.7657349
            ],
            [
              -1.5296651,
              53.7658027
            ],
            [
              -1.5298026,
              53.7658257
            ],
            [
              -1.5298351,
              53.765758
            ]
          ]
        ]
      },
      "id": "way/643080906"
    },
    {
      "type": "Feature",
      "properties": {
        "@id": "way/643554892",
        "amenity": "cafe",
        "building": "retail",
        "building:levels": "2",
        "information": "office",
        "name": "RHS Bridgewater Welcome Building",
        "operator": "Royal Horticultural Society",
        "roof:shape": "flat",
        "smoking": "no",
        "tourism": "information"
      },
      "geometry": {
        "type": "Polygon",
        "coordinates": [
          [
            [
              -2.3981285,
              53.4982419
            ],
            [
              -2.3980673,
              53.498233
            ],
            [
              -2.3980804,
              53.4982013
            ],
            [
              -2.3981062,
              53.4981385
            ],
            [
              -2.39818,
              53.4981493
            ],
            [
              -2.398315,
              53.4978214
            ],
            [
              -2.3982363,
              53.4978099
            ],
            [
              -2.3982627,
              53.4977459
            ],
            [
              -2.3983038,
              53.4976462
            ],
            [
              -2.397927,
              53.4975913
            ],
            [
              -2.397908,
              53.4976374
            ],
            [
              -2.3978557,
              53.4977642
            ],
            [
              -2.3977831,
              53.4977536
            ],
            [
              -2.3977208,
              53.4979044
            ],
            [
              -2.3978014,
              53.4979162
            ],
            [
              -2.3976943,
              53.4981755
            ],
            [
              -2.3976863,
              53.4981948
            ],
            [
              -2.3976144,
              53.4981843
            ],
            [
              -2.3975821,
              53.4982625
            ],
            [
              -2.397532,
              53.4983838
            ],
            [
              -2.3975924,
              53.4983926
            ],
            [
              -2.3975991,
              53.4983987
            ],
            [
              -2.3978262,
              53.4984317
            ],
            [
              -2.397831,
              53.4984324
            ],
            [
              -2.3979621,
              53.4984514
            ],
            [
              -2.3979862,
              53.4983926
            ],
            [
              -2.3980621,
              53.4984036
            ],
            [
              -2.3981285,
              53.4982419
            ]
          ]
        ]
      },
      "id": "way/643554892"
    },
    {
      "type": "Feature",
      "properties": {
        "@id": "way/644981016",
        "addr:city": "Normanton",
        "addr:postcode": "WF6 1TN",
        "addr:street": "Loscoe Close",
        "amenity": "cafe",
        "fhrs:id": "1025604",
        "name": "Normanton Cafe"
      },
      "geometry": {
        "type": "Polygon",
        "coordinates": [
          [
            [
              -1.3953422,
              53.704496
            ],
            [
              -1.395381,
              53.7044853
            ],
            [
              -1.3953005,
              53.7043833
            ],
            [
              -1.3952617,
              53.704394
            ],
            [
              -1.3953422,
              53.704496
            ]
          ]
        ]
      },
      "id": "way/644981016"
    },
    {
      "type": "Feature",
      "properties": {
        "@id": "way/649270988",
        "addr:city": "Matlock",
        "addr:housenumber": "12",
        "addr:postcode": "DE4 4ET",
        "addr:street": "Market Place",
        "addr:town": "Wirksworth",
        "amenity": "cafe",
        "building": "yes",
        "fhrs:id": "1626580",
        "name": "Cafe",
        "old_name": "Sour Cow",
        "opening_hours": "Tu-We 11:00-15:00; Fr-Sa 11:00-15:00",
        "outdoor_seating": "yes",
        "ref:GB:uprn": "10010336620",
        "wheelchair": "limited",
        "wikidata": "Q26405663"
      },
      "geometry": {
        "type": "Polygon",
        "coordinates": [
          [
            [
              -1.5739236,
              53.0827444
            ],
            [
              -1.5740118,
              53.082717
            ],
            [
              -1.5739815,
              53.0826809
            ],
            [
              -1.573892,
              53.0827093
            ],
            [
              -1.5739236,
              53.0827444
            ]
          ]
        ]
      },
      "id": "way/649270988"
    },
    {
      "type": "Feature",
      "properties": {
        "@id": "way/649637322",
        "addr:city": "Wakefield",
        "addr:housename": "Wakefield Commercial Park",
        "addr:postcode": "WF4 5NW",
        "addr:street": "Bridge Road",
        "addr:suburb": "Horbury",
        "addr:unit": "24",
        "amenity": "cafe",
        "building": "yes",
        "fhrs:id": "283871",
        "name": "Gatehouse Cafe"
      },
      "geometry": {
        "type": "Polygon",
        "coordinates": [
          [
            [
              -1.5707224,
              53.6581951
            ],
            [
              -1.570925,
              53.658216
            ],
            [
              -1.5709456,
              53.6581461
            ],
            [
              -1.5708818,
              53.6581395
            ],
            [
              -1.5708778,
              53.6581529
            ],
            [
              -1.5707172,
              53.6581363
            ],
            [
              -1.5707061,
              53.6581742
            ],
            [
              -1.5707279,
              53.6581764
            ],
            [
              -1.5707224,
              53.6581951
            ]
          ]
        ]
      },
      "id": "way/649637322"
    },
    {
      "type": "Feature",
      "properties": {
        "@id": "way/650052454",
        "addr:city": "Ossett",
        "addr:postcode": "WF5 0ND",
        "addr:street": "Queens Drive",
        "amenity": "cafe",
        "building": "yes",
        "fhrs:id": "1068666",
        "name": "Tee Room"
      },
      "geometry": {
        "type": "Polygon",
        "coordinates": [
          [
            [
              -1.5631069,
              53.6816633
            ],
            [
              -1.5631468,
              53.6817047
            ],
            [
              -1.5632086,
              53.6816838
            ],
            [
              -1.5632684,
              53.6817458
            ],
            [
              -1.5633441,
              53.6817202
            ],
            [
              -1.5632838,
              53.6816576
            ],
            [
              -1.5633303,
              53.6816419
            ],
            [
              -1.563291,
              53.6816011
            ],
            [
              -1.5631069,
              53.6816633
            ]
          ]
        ]
      },
      "id": "way/650052454"
    },
    {
      "type": "Feature",
      "properties": {
        "@id": "way/651499020",
        "addr:city": "Leeds",
        "addr:housenumber": "104",
        "addr:postcode": "LS27 7ND",
        "addr:street": "Gelderd Road",
        "addr:suburb": "Gildersome",
        "amenity": "cafe",
        "building": "yes",
        "fhrs:id": "877774",
        "name": "The Workshop Cafe",
        "ref:GB:uprn": "72760625"
      },
      "geometry": {
        "type": "Polygon",
        "coordinates": [
          [
            [
              -1.6041026,
              53.7662062
            ],
            [
              -1.6041581,
              53.7663074
            ],
            [
              -1.6042726,
              53.7662854
            ],
            [
              -1.6042172,
              53.7661843
            ],
            [
              -1.6041026,
              53.7662062
            ]
          ]
        ]
      },
      "id": "way/651499020"
    },
    {
      "type": "Feature",
      "properties": {
        "@id": "way/661387210",
        "addr:city": "Holmfirth",
        "addr:postcode": "HD9 4AF",
        "addr:street": "Huddersfield Road",
        "addr:suburb": "Meltham",
        "amenity": "cafe",
        "building": "yes",
        "name": "Gerry's@Cafe 33",
        "ref:GB:uprn": "83201966;83011126"
      },
      "geometry": {
        "type": "Polygon",
        "coordinates": [
          [
            [
              -1.8498844,
              53.5922084
            ],
            [
              -1.8497485,
              53.5922489
            ],
            [
              -1.8498048,
              53.5923205
            ],
            [
              -1.84995,
              53.5922809
            ],
            [
              -1.8498844,
              53.5922084
            ]
          ]
        ]
      },
      "id": "way/661387210"
    },
    {
      "type": "Feature",
      "properties": {
        "@id": "way/665043805",
        "addr:city": "High Peak",
        "addr:country": "GB",
        "addr:housenumber": "18",
        "addr:postcode": "SK22 1BP",
        "addr:street": "Station Road",
        "addr:suburb": "Birch Vale",
        "amenity": "cafe",
        "building": "yes",
        "contact:facebook": "thesettvalleycafe",
        "cuisine": "coffee_shop;breakfast;sandwich",
        "diet:gluten_free": "yes",
        "diet:local": "yes",
        "diet:vegan": "yes",
        "diet:vegetarian": "yes",
        "fhrs:id": "1258770",
        "name": "Sett Valley Cafe",
        "opening_hours": "Mo-Su 10:00-14:00",
        "outdoor_seating": "yes",
        "phone": "+44 1663 745548",
        "ref:GB:uprn": "10010745432",
        "source:addr": "FHRS Open Data",
        "website": "https://settvalleycafe.com/"
      },
      "geometry": {
        "type": "Polygon",
        "coordinates": [
          [
            [
              -1.9700356,
              53.3784814
            ],
            [
              -1.9700043,
              53.3785178
            ],
            [
              -1.9700946,
              53.3785454
            ],
            [
              -1.9701456,
              53.3784862
            ],
            [
              -1.9700837,
              53.3784673
            ],
            [
              -1.9700641,
              53.3784901
            ],
            [
              -1.9700356,
              53.3784814
            ]
          ]
        ]
      },
      "id": "way/665043805"
    },
    {
      "type": "Feature",
      "properties": {
        "@id": "way/665170447",
        "amenity": "cafe",
        "building": "yes",
        "outdoor_seating": "yes"
      },
      "geometry": {
        "type": "Polygon",
        "coordinates": [
          [
            [
              -1.8376298,
              53.7306734
            ],
            [
              -1.8375922,
              53.730602
            ],
            [
              -1.8376159,
              53.7305915
            ],
            [
              -1.8375487,
              53.7304885
            ],
            [
              -1.837347,
              53.7305213
            ],
            [
              -1.837177,
              53.7305271
            ],
            [
              -1.8372818,
              53.730664
            ],
            [
              -1.8371948,
              53.7306734
            ],
            [
              -1.8372206,
              53.7306963
            ],
            [
              -1.8371928,
              53.7307108
            ],
            [
              -1.8372679,
              53.7307424
            ],
            [
              -1.8376298,
              53.7306734
            ]
          ]
        ]
      },
      "id": "way/665170447"
    },
    {
      "type": "Feature",
      "properties": {
        "@id": "way/671576792",
        "addr:city": "Huddersfield",
        "addr:country": "GB",
        "addr:postcode": "HD8 9LA",
        "addr:street": "Wakefield Road",
        "addr:suburb": "Scissett",
        "amenity": "cafe",
        "building": "yes",
        "name": "Bubble & Squeek"
      },
      "geometry": {
        "type": "Polygon",
        "coordinates": [
          [
            [
              -1.6285884,
              53.5870038
            ],
            [
              -1.6285164,
              53.586956
            ],
            [
              -1.6283689,
              53.5870345
            ],
            [
              -1.6284417,
              53.5870822
            ],
            [
              -1.6285884,
              53.5870038
            ]
          ]
        ]
      },
      "id": "way/671576792"
    },
    {
      "type": "Feature",
      "properties": {
        "@id": "way/673321753",
        "addr:city": "Bolton",
        "addr:housenumber": "132",
        "addr:postcode": "BL4 9AE",
        "addr:street": "Market Street",
        "addr:suburb": "Farnworth",
        "amenity": "cafe",
        "building": "yes",
        "fhrs:id": "741774",
        "name": "Q's Cafe",
        "ref:GB:uprn": "100012560750",
        "source:addr": "FHRS Open Data"
      },
      "geometry": {
        "type": "Polygon",
        "coordinates": [
          [
            [
              -2.3932565,
              53.5482227
            ],
            [
              -2.3934216,
              53.5481673
            ],
            [
              -2.3933871,
              53.548133
            ],
            [
              -2.3932187,
              53.5481809
            ],
            [
              -2.3930802,
              53.5482276
            ],
            [
              -2.3931197,
              53.5482666
            ],
            [
              -2.3932565,
              53.5482227
            ]
          ]
        ]
      },
      "id": "way/673321753"
    },
    {
      "type": "Feature",
      "properties": {
        "@id": "way/673825325",
        "amenity": "cafe",
        "building": "yes",
        "name": "Del's Diner",
        "ref:GB:uprn": "100012560770"
      },
      "geometry": {
        "type": "Polygon",
        "coordinates": [
          [
            [
              -2.3923565,
              53.5468925
            ],
            [
              -2.3924657,
              53.5468644
            ],
            [
              -2.3924531,
              53.5468402
            ],
            [
              -2.3921399,
              53.5468897
            ],
            [
              -2.3921685,
              53.5469345
            ],
            [
              -2.3923565,
              53.5468925
            ]
          ]
        ]
      },
      "id": "way/673825325"
    },
    {
      "type": "Feature",
      "properties": {
        "@id": "way/673949104",
        "addr:city": "Huddersfield",
        "addr:country": "GB",
        "addr:housenumber": "378",
        "addr:postcode": "HD8 8RT",
        "addr:street": "Wakefield Road",
        "addr:village": "Denby Dale",
        "amenity": "cafe",
        "building": "yes",
        "name": "Denby Dale Tea Rooms"
      },
      "geometry": {
        "type": "Polygon",
        "coordinates": [
          [
            [
              -1.6556411,
              53.5731546
            ],
            [
              -1.6556501,
              53.573102
            ],
            [
              -1.6555476,
              53.5730958
            ],
            [
              -1.6555385,
              53.5731484
            ],
            [
              -1.6556411,
              53.5731546
            ]
          ]
        ]
      },
      "id": "way/673949104"
    },
    {
      "type": "Feature",
      "properties": {
        "@id": "way/674035280",
        "amenity": "cafe",
        "building": "yes",
        "name": "Market StrEAT Kitchen",
        "ref:GB:uprn": "100012560706"
      },
      "geometry": {
        "type": "Polygon",
        "coordinates": [
          [
            [
              -2.3914896,
              53.5455969
            ],
            [
              -2.3914704,
              53.545569
            ],
            [
              -2.3914186,
              53.5455816
            ],
            [
              -2.3914113,
              53.545571
            ],
            [
              -2.3912667,
              53.5456061
            ],
            [
              -2.3912933,
              53.5456447
            ],
            [
              -2.3914896,
              53.5455969
            ]
          ]
        ]
      },
      "id": "way/674035280"
    },
    {
      "type": "Feature",
      "properties": {
        "@id": "way/674307706",
        "addr:city": "Huddersfield",
        "addr:housenumber": "331",
        "addr:postcode": "HD8 8RT",
        "addr:street": "Wakefield Road",
        "addr:suburb": "Denby Dale",
        "amenity": "cafe",
        "building": "yes",
        "cuisine": "coffee_shop",
        "name": "Gordon & Frank's",
        "ref:GB:uprn": "83131733"
      },
      "geometry": {
        "type": "Polygon",
        "coordinates": [
          [
            [
              -1.6557116,
              53.5729091
            ],
            [
              -1.6556835,
              53.5728502
            ],
            [
              -1.6555821,
              53.5728673
            ],
            [
              -1.6555909,
              53.5728856
            ],
            [
              -1.6555395,
              53.5728942
            ],
            [
              -1.6555588,
              53.5729348
            ],
            [
              -1.6557116,
              53.5729091
            ]
          ]
        ]
      },
      "id": "way/674307706"
    },
    {
      "type": "Feature",
      "properties": {
        "@id": "way/675383286",
        "addr:city": "Bolton",
        "addr:housenumber": "21-23",
        "addr:postcode": "BL4 8HQ",
        "addr:street": "Higher Market Street",
        "addr:suburb": "Farnworth",
        "amenity": "cafe",
        "building": "yes",
        "fhrs:id": "522080",
        "name": "Blue Cafe",
        "ref:GB:uprn": "100012560362;10070916937;200002563546;200002563544;200002563543",
        "source:addr": "FHRS Open Data"
      },
      "geometry": {
        "type": "Polygon",
        "coordinates": [
          [
            [
              -2.3914212,
              53.5462781
            ],
            [
              -2.3913608,
              53.546192
            ],
            [
              -2.391221,
              53.5462266
            ],
            [
              -2.3912086,
              53.5462089
            ],
            [
              -2.3911903,
              53.5462134
            ],
            [
              -2.3910884,
              53.5462387
            ],
            [
              -2.3911046,
              53.5462618
            ],
            [
              -2.3910731,
              53.5462696
            ],
            [
              -2.3911324,
              53.5463541
            ],
            [
              -2.3912888,
              53.5463154
            ],
            [
              -2.3912861,
              53.5463115
            ],
            [
              -2.3914212,
              53.5462781
            ]
          ]
        ]
      },
      "id": "way/675383286"
    },
    {
      "type": "Feature",
      "properties": {
        "@id": "way/676051998",
        "addr:city": "Leeds",
        "addr:housenumber": "128",
        "addr:postcode": "LS27 7JB",
        "addr:street": "Street Lane",
        "addr:suburb": "Gildersome",
        "amenity": "cafe",
        "building": "retail",
        "fhrs:id": "1357286",
        "name": "Sorella"
      },
      "geometry": {
        "type": "Polygon",
        "coordinates": [
          [
            [
              -1.6329096,
              53.7577043
            ],
            [
              -1.6328123,
              53.7576905
            ],
            [
              -1.6327946,
              53.7577342
            ],
            [
              -1.6328919,
              53.757748
            ],
            [
              -1.6329096,
              53.7577043
            ]
          ]
        ]
      },
      "id": "way/676051998"
    },
    {
      "type": "Feature",
      "properties": {
        "@id": "way/678356968",
        "amenity": "cafe",
        "building": "yes",
        "name": "Wunderleys",
        "ref:GB:uprn": "10013876612;100012557523;10013876519"
      },
      "geometry": {
        "type": "Polygon",
        "coordinates": [
          [
            [
              -2.3698358,
              53.5616396
            ],
            [
              -2.3697784,
              53.561621
            ],
            [
              -2.3697056,
              53.5616904
            ],
            [
              -2.3697239,
              53.5616971
            ],
            [
              -2.3696313,
              53.5617855
            ],
            [
              -2.3696686,
              53.5617992
            ],
            [
              -2.3698358,
              53.5616396
            ]
          ]
        ]
      },
      "id": "way/678356968"
    },
    {
      "type": "Feature",
      "properties": {
        "@id": "way/678584148",
        "addr:city": "Bolton",
        "addr:housenumber": "7-9",
        "addr:postcode": "BL3 1BA",
        "addr:street": "Lever Street",
        "addr:suburb": "Little Lever",
        "amenity": "cafe",
        "building": "yes",
        "fhrs:id": "1038177",
        "name": "Cafe Aroma",
        "ref:GB:uprn": "10070918141;10070918670;100012432732;10070918668;10070918669",
        "source:addr": "FHRS Open Data"
      },
      "geometry": {
        "type": "Polygon",
        "coordinates": [
          [
            [
              -2.3730986,
              53.5632368
            ],
            [
              -2.3730725,
              53.5632442
            ],
            [
              -2.3729474,
              53.5632826
            ],
            [
              -2.3730095,
              53.5633548
            ],
            [
              -2.3731606,
              53.5633089
            ],
            [
              -2.3730986,
              53.5632368
            ]
          ]
        ]
      },
      "id": "way/678584148"
    },
    {
      "type": "Feature",
      "properties": {
        "@id": "way/678597564",
        "amenity": "cafe",
        "building": "yes",
        "name": "L.A. Diner",
        "ref:GB:uprn": "100010946007;100010946009;100012838370;10070918737;10070918738"
      },
      "geometry": {
        "type": "Polygon",
        "coordinates": [
          [
            [
              -2.3733231,
              53.5629227
            ],
            [
              -2.3732933,
              53.5629051
            ],
            [
              -2.3732488,
              53.5629317
            ],
            [
              -2.3732169,
              53.5629128
            ],
            [
              -2.3731117,
              53.5629755
            ],
            [
              -2.3731751,
              53.563012
            ],
            [
              -2.3732768,
              53.5629511
            ],
            [
              -2.3733231,
              53.5629227
            ]
          ]
        ]
      },
      "id": "way/678597564"
    },
    {
      "type": "Feature",
      "properties": {
        "@id": "way/680991982",
        "addr:city": "Brighouse",
        "addr:country": "GB",
        "addr:housenumber": "1",
        "addr:postcode": "HD6 1NE",
        "addr:street": "Canal Street",
        "amenity": "cafe",
        "building": "commercial",
        "cuisine": "fish_and_chips",
        "name": "Blakeley's Fish & Chips",
        "not:addr:postcode": "HD6 1NR",
        "opening_hours": "Mo-Fr 11:00-21:00; Sa 11:00-19:30; Su 13:00-17:00",
        "phone": "+44 1484 713907",
        "ref:GB:uprn": "10035030322",
        "source:addr:postcode": "code-point_open",
        "website": "http://blakeleysofbrighouse.co.uk"
      },
      "geometry": {
        "type": "Polygon",
        "coordinates": [
          [
            [
              -1.7810012,
              53.7009654
            ],
            [
              -1.7810123,
              53.7009658
            ],
            [
              -1.7810088,
              53.7009981
            ],
            [
              -1.7810717,
              53.7010011
            ],
            [
              -1.7810705,
              53.7009675
            ],
            [
              -1.7810887,
              53.7009669
            ],
            [
              -1.7810914,
              53.700867
            ],
            [
              -1.7810016,
              53.7008669
            ],
            [
              -1.7810012,
              53.700871
            ],
            [
              -1.7808766,
              53.7008686
            ],
            [
              -1.7807334,
              53.7008502
            ],
            [
              -1.7807219,
              53.7009752
            ],
            [
              -1.7808126,
              53.7009777
            ],
            [
              -1.7808166,
              53.7009252
            ],
            [
              -1.7809996,
              53.7009322
            ],
            [
              -1.7810012,
              53.7009654
            ]
          ]
        ]
      },
      "id": "way/680991982"
    },
    {
      "type": "Feature",
      "properties": {
        "@id": "way/682451695",
        "addr:city": "Wakefield",
        "addr:postcode": "WF2 0XQ",
        "amenity": "cafe",
        "building": "yes",
        "name": "Vic's Cafe",
        "old_name": "Claire's Forty One Diner",
        "ref:GB:uprn": "63138000"
      },
      "geometry": {
        "type": "Polygon",
        "coordinates": [
          [
            [
              -1.5173933,
              53.7081604
            ],
            [
              -1.5175273,
              53.7082031
            ],
            [
              -1.51755,
              53.7081782
            ],
            [
              -1.5174161,
              53.7081355
            ],
            [
              -1.5173933,
              53.7081604
            ]
          ]
        ]
      },
      "id": "way/682451695"
    },
    {
      "type": "Feature",
      "properties": {
        "@id": "way/683621648",
        "addr:city": "Macclesfield",
        "addr:housename": "Mottram St. Andrew Garden Centre",
        "addr:place": "Newton",
        "addr:postcode": "SK10 4LJ",
        "addr:street": "Lees Lane",
        "amenity": "cafe",
        "building": "yes",
        "name": "The Greenhouse Coffee Shop",
        "ref:GB:uprn": "10007956177",
        "source": "Bing",
        "website": "https://www.parkersgardencentre.com/the-cafe-at-parkers/"
      },
      "geometry": {
        "type": "Polygon",
        "coordinates": [
          [
            [
              -2.1829601,
              53.3268771
            ],
            [
              -2.1829593,
              53.3268082
            ],
            [
              -2.1827528,
              53.326809
            ],
            [
              -2.1827535,
              53.3268779
            ],
            [
              -2.1829601,
              53.3268771
            ]
          ]
        ]
      },
      "id": "way/683621648"
    },
    {
      "type": "Feature",
      "properties": {
        "@id": "way/689683530",
        "addr:city": "Bolton",
        "addr:housenumber": "2-4",
        "addr:postcode": "BL2 3HP",
        "addr:street": "The Hillock",
        "addr:suburb": "Bradshaw",
        "amenity": "cafe",
        "building": "yes",
        "fhrs:id": "131686",
        "name": "Rushtons",
        "source:addr": "FHRS Open Data"
      },
      "geometry": {
        "type": "Polygon",
        "coordinates": [
          [
            [
              -2.3951196,
              53.6050077
            ],
            [
              -2.3951296,
              53.6049698
            ],
            [
              -2.3950781,
              53.6049651
            ],
            [
              -2.3950928,
              53.6049111
            ],
            [
              -2.3949388,
              53.6048966
            ],
            [
              -2.3949244,
              53.6049512
            ],
            [
              -2.3949145,
              53.6049886
            ],
            [
              -2.3951196,
              53.6050077
            ]
          ]
        ]
      },
      "id": "way/689683530"
    },
    {
      "type": "Feature",
      "properties": {
        "@id": "way/697778321",
        "addr:city": "Barnsley",
        "addr:housenumber": "4",
        "addr:postcode": "S74 8EZ",
        "addr:street": "Hill Street",
        "amenity": "cafe",
        "building": "yes",
        "fhrs:id": "398207",
        "name": "Cottage Kitchen"
      },
      "geometry": {
        "type": "Polygon",
        "coordinates": [
          [
            [
              -1.4249383,
              53.4969374
            ],
            [
              -1.424948,
              53.4968702
            ],
            [
              -1.4248111,
              53.4968632
            ],
            [
              -1.4248014,
              53.4969305
            ],
            [
              -1.4249383,
              53.4969374
            ]
          ]
        ]
      },
      "id": "way/697778321"
    },
    {
      "type": "Feature",
      "properties": {
        "@id": "way/698693019",
        "addr:city": "Leeds",
        "addr:housenumber": "66",
        "addr:postcode": "LS1 2EE",
        "addr:street": "Wellington Street",
        "amenity": "cafe",
        "building": "yes",
        "fhrs:id": "1685044",
        "name": "WOLFØX Coffee Roasters",
        "not:addr:postcode": "LS1 4JJ",
        "outdoor_seating": "yes"
      },
      "geometry": {
        "type": "Polygon",
        "coordinates": [
          [
            [
              -1.552073,
              53.7964954
            ],
            [
              -1.552027,
              53.7966096
            ],
            [
              -1.5522064,
              53.7966278
            ],
            [
              -1.552222,
              53.7965783
            ],
            [
              -1.5522413,
              53.7965171
            ],
            [
              -1.552073,
              53.7964954
            ]
          ]
        ]
      },
      "id": "way/698693019"
    },
    {
      "type": "Feature",
      "properties": {
        "@id": "way/698693028",
        "addr:city": "Leeds",
        "addr:housenumber": "94",
        "addr:postcode": "LS6 4BA",
        "addr:street": "Otley Road",
        "addr:suburb": "Headingley",
        "amenity": "cafe",
        "building": "yes",
        "fhrs:id": "1111075",
        "name": "Fika North",
        "opening_hours": "Mo,Tu 09:00-17:00; We-Sa 09:00-22:00; Su 09:00-18:00",
        "ref:GB:uprn": "72151470;72664574"
      },
      "geometry": {
        "type": "Polygon",
        "coordinates": [
          [
            [
              -1.582329,
              53.8275795
            ],
            [
              -1.5824718,
              53.8275636
            ],
            [
              -1.5824594,
              53.8275248
            ],
            [
              -1.5823166,
              53.8275407
            ],
            [
              -1.582329,
              53.8275795
            ]
          ]
        ]
      },
      "id": "way/698693028"
    },
    {
      "type": "Feature",
      "properties": {
        "@id": "way/701084696",
        "addr:city": "Leeds",
        "addr:postcode": "LS27 8PU",
        "addr:street": "Dewsbury Road",
        "addr:suburb": "Morley",
        "amenity": "cafe",
        "brand": "Starbucks",
        "brand:wikidata": "Q37158",
        "brand:wikipedia": "en:Starbucks",
        "building": "yes",
        "cuisine": "coffee_shop",
        "fhrs:id": "814933",
        "name": "Starbucks",
        "official_name": "Starbucks Coffee",
        "takeaway": "yes",
        "website": "https://www.starbucks.com/store-locator/store/1007008/leeds-white-rose-drive-thru-leeds-white-rose-dewsbury-road-a-653-west-yorkshir"
      },
      "geometry": {
        "type": "Polygon",
        "coordinates": [
          [
            [
              -1.5709948,
              53.7553215
            ],
            [
              -1.5710029,
              53.7553858
            ],
            [
              -1.5709566,
              53.7553879
            ],
            [
              -1.5709615,
              53.7554267
            ],
            [
              -1.5713408,
              53.7554101
            ],
            [
              -1.5713314,
              53.7553354
            ],
            [
              -1.5713032,
              53.7553367
            ],
            [
              -1.5712996,
              53.7553081
            ],
            [
              -1.5709948,
              53.7553215
            ]
          ]
        ]
      },
      "id": "way/701084696"
    },
    {
      "type": "Feature",
      "properties": {
        "@id": "way/702184962",
        "amenity": "cafe",
        "building": "yes",
        "name": "The Old Post Office Cafe",
        "ref:GB:uprn": "83089641;83246119;83089656"
      },
      "geometry": {
        "type": "Polygon",
        "coordinates": [
          [
            [
              -1.741031,
              53.6805692
            ],
            [
              -1.7411018,
              53.6805438
            ],
            [
              -1.7410625,
              53.6805053
            ],
            [
              -1.7409917,
              53.6805307
            ],
            [
              -1.741031,
              53.6805692
            ]
          ]
        ]
      },
      "id": "way/702184962"
    },
    {
      "type": "Feature",
      "properties": {
        "@id": "way/702490626",
        "addr:city": "Holmfirth",
        "addr:housename": "Washpit Mills",
        "addr:postcode": "HD9 2RD",
        "addr:street": "Green Lane",
        "amenity": "cafe",
        "building": "yes",
        "name": "Oil Can Cafe",
        "opening_hours": "We-Su 10:00-16:00"
      },
      "geometry": {
        "type": "Polygon",
        "coordinates": [
          [
            [
              -1.7857541,
              53.5575092
            ],
            [
              -1.7856431,
              53.5573628
            ],
            [
              -1.785295,
              53.5574488
            ],
            [
              -1.7853504,
              53.5575348
            ],
            [
              -1.7855569,
              53.5575605
            ],
            [
              -1.7856959,
              53.5575244
            ],
            [
              -1.7857541,
              53.5575092
            ]
          ]
        ]
      },
      "id": "way/702490626"
    },
    {
      "type": "Feature",
      "properties": {
        "@id": "way/703948034",
        "amenity": "cafe",
        "building": "yes",
        "name": "The MEC"
      },
      "geometry": {
        "type": "Polygon",
        "coordinates": [
          [
            [
              -2.2527713,
              53.3995875
            ],
            [
              -2.2527599,
              53.3990634
            ],
            [
              -2.2521752,
              53.399073
            ],
            [
              -2.2522027,
              53.3995859
            ],
            [
              -2.2527713,
              53.3995875
            ]
          ]
        ]
      },
      "id": "way/703948034"
    },
    {
      "type": "Feature",
      "properties": {
        "@id": "way/710058146",
        "addr:city": "Huddersfield",
        "addr:housenumber": "2",
        "addr:postcode": "HD8 0SQ",
        "addr:street": "Lane Head Lane",
        "addr:suburb": "Kirkburton",
        "amenity": "cafe",
        "building": "yes",
        "name": "Stack Shack",
        "phone": "+44 1484 790850",
        "ref:GB:uprn": "83223578"
      },
      "geometry": {
        "type": "Polygon",
        "coordinates": [
          [
            [
              -1.7012389,
              53.6092284
            ],
            [
              -1.7012804,
              53.6092037
            ],
            [
              -1.7012402,
              53.6091647
            ],
            [
              -1.7011705,
              53.6092077
            ],
            [
              -1.7012389,
              53.6092284
            ]
          ]
        ]
      },
      "id": "way/710058146"
    },
    {
      "type": "Feature",
      "properties": {
        "@id": "way/710071908",
        "addr:city": "Huddersfield",
        "addr:country": "GB",
        "addr:housenumber": "109A",
        "addr:postcode": "HD8 0RH",
        "addr:street": "North Road",
        "addr:village": "Kirkburton",
        "amenity": "cafe",
        "building": "yes",
        "name": "Miriam's Kitchen Table"
      },
      "geometry": {
        "type": "Polygon",
        "coordinates": [
          [
            [
              -1.7031699,
              53.6117129
            ],
            [
              -1.7032278,
              53.6117423
            ],
            [
              -1.7032754,
              53.6117143
            ],
            [
              -1.7032592,
              53.6116905
            ],
            [
              -1.7032223,
              53.6116802
            ],
            [
              -1.7031699,
              53.6117129
            ]
          ]
        ]
      },
      "id": "way/710071908"
    },
    {
      "type": "Feature",
      "properties": {
        "@id": "way/710267819",
        "addr:city": "Wakefield",
        "addr:housenumber": "5-7",
        "addr:postcode": "WF2 6PQ",
        "addr:street": "School Lane",
        "amenity": "cafe",
        "building": "yes",
        "email": "whiskcoffeeandcake@gmail.com",
        "fhrs:id": "1159289",
        "internet_access": "wlan",
        "internet_access:fee": "no",
        "name": "Whisk",
        "outdoor_seating": "no",
        "phone": "+44 1924 255047",
        "ref:GB:uprn": "63099003"
      },
      "geometry": {
        "type": "Polygon",
        "coordinates": [
          [
            [
              -1.4686683,
              53.6513182
            ],
            [
              -1.4686777,
              53.6513638
            ],
            [
              -1.4686824,
              53.6513867
            ],
            [
              -1.4688173,
              53.6513769
            ],
            [
              -1.4688031,
              53.6513084
            ],
            [
              -1.4686683,
              53.6513182
            ]
          ]
        ]
      },
      "id": "way/710267819"
    },
    {
      "type": "Feature",
      "properties": {
        "@id": "way/711668467",
        "addr:city": "Leeds",
        "addr:housenumber": "32",
        "addr:postcode": "LS13 2HU",
        "addr:street": "Whitecote Hill",
        "addr:suburb": "Bramley",
        "amenity": "cafe",
        "building": "yes",
        "check_date:opening_hours": "2024-07-07",
        "fhrs:id": "1154014",
        "name": "Whitecote Kitchen",
        "opening_hours:signed": "no",
        "ref:GB:uprn": "72231907"
      },
      "geometry": {
        "type": "Polygon",
        "coordinates": [
          [
            [
              -1.6383639,
              53.8158344
            ],
            [
              -1.6383092,
              53.8158993
            ],
            [
              -1.638378,
              53.8159195
            ],
            [
              -1.6384172,
              53.8158729
            ],
            [
              -1.6384327,
              53.8158546
            ],
            [
              -1.6383639,
              53.8158344
            ]
          ]
        ]
      },
      "id": "way/711668467"
    },
    {
      "type": "Feature",
      "properties": {
        "@id": "way/713915525",
        "addr:city": "Huddersfield",
        "addr:housenumber": "33",
        "addr:postcode": "HD1 2BQ",
        "addr:street": "New Street",
        "amenity": "cafe",
        "building": "yes",
        "name": "Turntable Coffee and Vinyl",
        "wheelchair": "yes"
      },
      "geometry": {
        "type": "Polygon",
        "coordinates": [
          [
            [
              -1.78252,
              53.6453431
            ],
            [
              -1.7825133,
              53.645357
            ],
            [
              -1.782528,
              53.6453642
            ],
            [
              -1.7827601,
              53.6454008
            ],
            [
              -1.7827654,
              53.6454008
            ],
            [
              -1.7827949,
              53.6453387
            ],
            [
              -1.782545,
              53.6452962
            ],
            [
              -1.78252,
              53.6453431
            ]
          ]
        ]
      },
      "id": "way/713915525"
    },
    {
      "type": "Feature",
      "properties": {
        "@id": "way/713942578",
        "amenity": "cafe",
        "building": "yes",
        "name": "Park Farm Tearoom",
        "phone": "+441706823584",
        "ref:GB:uprn": "4210020728;10003112711;4210020727",
        "shop": "farm",
        "website": "https://parkfarmshopramsbottom.co.uk/"
      },
      "geometry": {
        "type": "Polygon",
        "coordinates": [
          [
            [
              -2.3019373,
              53.6416972
            ],
            [
              -2.3020325,
              53.6415793
            ],
            [
              -2.3018087,
              53.6415158
            ],
            [
              -2.3018371,
              53.6414806
            ],
            [
              -2.301771,
              53.6414618
            ],
            [
              -2.3017966,
              53.64143
            ],
            [
              -2.3015817,
              53.641369
            ],
            [
              -2.3014324,
              53.641554
            ],
            [
              -2.3019373,
              53.6416972
            ]
          ]
        ]
      },
      "id": "way/713942578"
    },
    {
      "type": "Feature",
      "properties": {
        "@id": "way/718460695",
        "addr:city": "Wakefield",
        "addr:housenumber": "8",
        "addr:postcode": "WF1 2UZ",
        "addr:street": "Snow Hill Way",
        "amenity": "cafe",
        "brand": "Costa",
        "brand:wikidata": "Q608845",
        "brand:wikipedia": "en:Costa Coffee",
        "building": "yes",
        "cuisine": "coffee_shop",
        "drive_through": "yes",
        "fhrs:id": "996648",
        "name": "Costa",
        "ref:GB:uprn": "63194731",
        "takeaway": "yes"
      },
      "geometry": {
        "type": "Polygon",
        "coordinates": [
          [
            [
              -1.5072418,
              53.6962568
            ],
            [
              -1.5073868,
              53.6962625
            ],
            [
              -1.5075135,
              53.6962674
            ],
            [
              -1.5075253,
              53.6961617
            ],
            [
              -1.5072535,
              53.6961511
            ],
            [
              -1.5072418,
              53.6962568
            ]
          ]
        ]
      },
      "id": "way/718460695"
    },
    {
      "type": "Feature",
      "properties": {
        "@id": "way/719431753",
        "addr:city": "Bradford",
        "addr:place": "Gallagher Leisure Park",
        "addr:postcode": "BD3 7AY",
        "addr:street": "Mid Point",
        "amenity": "cafe",
        "brand": "Costa",
        "brand:wikidata": "Q608845",
        "brand:wikipedia": "en:Costa Coffee",
        "building": "yes",
        "cuisine": "coffee_shop",
        "drive_through": "yes",
        "fhrs:id": "1069779",
        "name": "Costa",
        "ref:GB:uprn": "72764936",
        "takeaway": "yes"
      },
      "geometry": {
        "type": "Polygon",
        "coordinates": [
          [
            [
              -1.7038723,
              53.8002564
            ],
            [
              -1.704129,
              53.8003095
            ],
            [
              -1.7041876,
              53.8002107
            ],
            [
              -1.7039309,
              53.8001575
            ],
            [
              -1.7038723,
              53.8002564
            ]
          ]
        ]
      },
      "id": "way/719431753"
    },
    {
      "type": "Feature",
      "properties": {
        "@id": "way/720919794",
        "amenity": "cafe",
        "building": "yes"
      },
      "geometry": {
        "type": "Polygon",
        "coordinates": [
          [
            [
              -2.2024652,
              53.0602552
            ],
            [
              -2.2026807,
              53.0600842
            ],
            [
              -2.2024774,
              53.0599987
            ],
            [
              -2.2022538,
              53.0601673
            ],
            [
              -2.2024652,
              53.0602552
            ]
          ]
        ]
      },
      "id": "way/720919794"
    },
    {
      "type": "Feature",
      "properties": {
        "@id": "way/744657504",
        "addr:housenumber": "133",
        "addr:street": "Irene Avenue",
        "amenity": "cafe",
        "building": "retail",
        "building:levels": "2",
        "building:material": "brick",
        "building:use": "retail",
        "cuisine": "indian",
        "name": "Stoke Dosa Hut",
        "opening_hours": "Mo,We-Fr 07:30-15:00; Sa 08:30-13:00; Su 08:30-14:00",
        "outdoor_seating": "no",
        "phone": "+44 7850 686971",
        "smoking": "no",
        "takeaway": "yes"
      },
      "geometry": {
        "type": "Polygon",
        "coordinates": [
          [
            [
              -2.1937551,
              53.0642941
            ],
            [
              -2.1937823,
              53.064238
            ],
            [
              -2.1936658,
              53.0642176
            ],
            [
              -2.1936386,
              53.0642737
            ],
            [
              -2.1937551,
              53.0642941
            ]
          ]
        ]
      },
      "id": "way/744657504"
    },
    {
      "type": "Feature",
      "properties": {
        "@id": "way/746171881",
        "addr:city": "Barnsley",
        "addr:postcode": "S70 1QJ",
        "addr:street": "Park Road",
        "amenity": "cafe",
        "building": "yes",
        "check_date": "2026-03-06",
        "name": "Locke Park Cafe",
        "opening_hours": "Mo-Su 09:00-16:00",
        "outdoor_seating": "yes",
        "ref:GB:uprn": "100052110794"
      },
      "geometry": {
        "type": "Polygon",
        "coordinates": [
          [
            [
              -1.4872638,
              53.544299
            ],
            [
              -1.4870869,
              53.5443092
            ],
            [
              -1.4870662,
              53.5443309
            ],
            [
              -1.4870399,
              53.5443318
            ],
            [
              -1.4870206,
              53.5443466
            ],
            [
              -1.4870259,
              53.5443902
            ],
            [
              -1.4871702,
              53.5443839
            ],
            [
              -1.4871737,
              53.5444118
            ],
            [
              -1.487356,
              53.5444039
            ],
            [
              -1.4873466,
              53.5443276
            ],
            [
              -1.4873196,
              53.5443162
            ],
            [
              -1.4872889,
              53.5443174
            ],
            [
              -1.4872879,
              53.5443091
            ],
            [
              -1.4872638,
              53.544299
            ]
          ]
        ]
      },
      "id": "way/746171881"
    },
    {
      "type": "Feature",
      "properties": {
        "@id": "way/746407371",
        "amenity": "cafe",
        "building": "yes",
        "name": "Simply Classic Bistro & Bar",
        "ref:GB:uprn": "100012828766"
      },
      "geometry": {
        "type": "Polygon",
        "coordinates": [
          [
            [
              -2.2371714,
              53.8123913
            ],
            [
              -2.236917,
              53.8120298
            ],
            [
              -2.2367103,
              53.8120689
            ],
            [
              -2.236953,
              53.8124343
            ],
            [
              -2.2371714,
              53.8123913
            ]
          ]
        ]
      },
      "id": "way/746407371"
    },
    {
      "type": "Feature",
      "properties": {
        "@id": "way/747838455",
        "addr:city": "Leeds",
        "addr:postcode": "LS5 3BT",
        "addr:street": "Wyther Drive",
        "addr:suburb": "Kirkstall",
        "amenity": "cafe",
        "building": "yes",
        "fhrs:id": "1218790",
        "name": "Hemp Harvesters Cafe",
        "old_name": "Clean Kitchen",
        "ref:GB:uprn": "72674148"
      },
      "geometry": {
        "type": "Polygon",
        "coordinates": [
          [
            [
              -1.6058159,
              53.8132185
            ],
            [
              -1.6058954,
              53.8133145
            ],
            [
              -1.605932,
              53.813304
            ],
            [
              -1.605953,
              53.8133292
            ],
            [
              -1.6060088,
              53.8133131
            ],
            [
              -1.6059322,
              53.8132207
            ],
            [
              -1.6058808,
              53.8132356
            ],
            [
              -1.6058569,
              53.8132067
            ],
            [
              -1.6058159,
              53.8132185
            ]
          ]
        ]
      },
      "id": "way/747838455"
    },
    {
      "type": "Feature",
      "properties": {
        "@id": "way/750069118",
        "amenity": "cafe",
        "building": "yes",
        "cuisine": "coffee_shop",
        "internet_access": "wlan",
        "internet_access:fee": "no",
        "name": "The Shelter",
        "opening_hours": "Mo-Th 09:00-16:00, Fr-Su 09:00-18:30",
        "outdoor_seating": "yes",
        "phone": "+44 114 321 2500",
        "ref:GB:uprn": "100052216255",
        "website": "https://www.facebook.com/p/The-Shelter-Cafe-100095306060439/"
      },
      "geometry": {
        "type": "Polygon",
        "coordinates": [
          [
            [
              -1.5382664,
              53.3410198
            ],
            [
              -1.5382034,
              53.3410422
            ],
            [
              -1.5382875,
              53.3411267
            ],
            [
              -1.538386,
              53.3410918
            ],
            [
              -1.5383602,
              53.3410659
            ],
            [
              -1.5383248,
              53.3410785
            ],
            [
              -1.5382664,
              53.3410198
            ]
          ]
        ]
      },
      "id": "way/750069118"
    },
    {
      "type": "Feature",
      "properties": {
        "@id": "way/759407542",
        "addr:city": "Wakefield",
        "addr:postcode": "WF1 2GS",
        "addr:street": "Snowfield Avenue",
        "amenity": "cafe",
        "brand": "Starbucks",
        "brand:wikidata": "Q37158",
        "brand:wikipedia": "en:Starbucks",
        "building": "yes",
        "cuisine": "coffee_shop",
        "drive_through": "yes",
        "fhrs:id": "1211469",
        "name": "Starbucks",
        "official_name": "Starbucks Coffee",
        "opening_hours": "Mo-Fr 06:00-22:00; Sa 06:30-22:00; Su 07:00-22:00",
        "ref:GB:uprn": "63200280",
        "takeaway": "yes",
        "website": "https://www.starbucks.com/store-locator/store/1025067/wakefield-snowhill-dt-red-hall-lane-wakefield-eng-wf-1-2-gs-gb"
      },
      "geometry": {
        "type": "Polygon",
        "coordinates": [
          [
            [
              -1.5043662,
              53.6960796
            ],
            [
              -1.5043954,
              53.6961925
            ],
            [
              -1.5046955,
              53.6961654
            ],
            [
              -1.5046663,
              53.6960524
            ],
            [
              -1.5043662,
              53.6960796
            ]
          ]
        ]
      },
      "id": "way/759407542"
    },
    {
      "type": "Feature",
      "properties": {
        "@id": "way/759683585",
        "addr:city": "Buxton",
        "addr:housenumber": "2-4",
        "addr:postcode": "SK17 6JZ",
        "addr:street": "South Avenue",
        "amenity": "cafe",
        "building": "yes",
        "fhrs:id": "1855857",
        "name": "Happy Hearts Play Cafe",
        "old_name": "Brick Corner Cafe",
        "outdoor_seating": "no"
      },
      "geometry": {
        "type": "Polygon",
        "coordinates": [
          [
            [
              -1.9135496,
              53.2554982
            ],
            [
              -1.9134841,
              53.2553555
            ],
            [
              -1.9133527,
              53.255377
            ],
            [
              -1.9133731,
              53.2554216
            ],
            [
              -1.9133074,
              53.2554324
            ],
            [
              -1.9133525,
              53.2555306
            ],
            [
              -1.9135496,
              53.2554982
            ]
          ]
        ]
      },
      "id": "way/759683585"
    },
    {
      "type": "Feature",
      "properties": {
        "@id": "way/760874510",
        "addr:city": "Leeds",
        "addr:housename": "Aireside House",
        "addr:housenumber": "417",
        "addr:postcode": "LS4 2EZ",
        "addr:street": "Kirkstall Road",
        "addr:suburb": "Burley",
        "amenity": "cafe",
        "brand": "Starbucks",
        "brand:wikidata": "Q37158",
        "brand:wikipedia": "en:Starbucks",
        "building": "yes",
        "cuisine": "coffee_shop",
        "fhrs:id": "1093481",
        "name": "Starbucks",
        "official_name": "Starbucks Coffee",
        "old_name": "Subway",
        "ref:GB:uprn": "72748745",
        "takeaway": "yes",
        "website": "https://www.starbucks.com/store-locator/store/1023417/leeds-23-5-degrees-kirkstall-r-kirkstall-road-leeds-eng-ls-4-2-ha-gb"
      },
      "geometry": {
        "type": "Polygon",
        "coordinates": [
          [
            [
              -1.5872977,
              53.8077626
            ],
            [
              -1.5873988,
              53.8076569
            ],
            [
              -1.5872562,
              53.8076094
            ],
            [
              -1.5871552,
              53.8077152
            ],
            [
              -1.5872977,
              53.8077626
            ]
          ]
        ]
      },
      "id": "way/760874510"
    },
    {
      "type": "Feature",
      "properties": {
        "@id": "way/762904239",
        "amenity": "cafe",
        "building": "yes",
        "shop": "kiosk"
      },
      "geometry": {
        "type": "Polygon",
        "coordinates": [
          [
            [
              -1.4339441,
              53.8391941
            ],
            [
              -1.4339349,
              53.8391009
            ],
            [
              -1.4338226,
              53.8391048
            ],
            [
              -1.4338318,
              53.839198
            ],
            [
              -1.4339441,
              53.8391941
            ]
          ]
        ]
      },
      "id": "way/762904239"
    },
    {
      "type": "Feature",
      "properties": {
        "@id": "way/767864921",
        "addr:city": "Brighouse",
        "addr:postcode": "HD6 4JX",
        "amenity": "cafe",
        "brand": "Starbucks",
        "brand:wikidata": "Q37158",
        "brand:wikipedia": "en:Starbucks",
        "building": "retail",
        "building:levels": "1",
        "building:material": "concrete",
        "building:material:concrete": "panels",
        "cuisine": "coffee_shop",
        "name": "Starbucks",
        "official_name": "Starbucks Coffee",
        "roof:levels": "1",
        "roof:shape": "flat",
        "takeaway": "yes",
        "website": "https://www.starbucks.com/store-locator/store/1008703/harshead-moor-east-dt-welcome-starbucks-hartshead-moor-edt-brighouse-eng-hd-6-4-"
      },
      "geometry": {
        "type": "Polygon",
        "coordinates": [
          [
            [
              -1.7470672,
              53.7121499
            ],
            [
              -1.7469498,
              53.7120989
            ],
            [
              -1.7468781,
              53.7121567
            ],
            [
              -1.7468502,
              53.7121445
            ],
            [
              -1.7468321,
              53.7121591
            ],
            [
              -1.7467108,
              53.7122569
            ],
            [
              -1.7468105,
              53.7123003
            ],
            [
              -1.7468277,
              53.7122864
            ],
            [
              -1.7468733,
              53.7123062
            ],
            [
              -1.7470672,
              53.7121499
            ]
          ]
        ]
      },
      "id": "way/767864921"
    },
    {
      "type": "Feature",
      "properties": {
        "@id": "way/771024791",
        "addr:city": "Nelson",
        "addr:housename": "Marsden Mall, Pendle Rise Shopping Centre",
        "addr:street": "Manchester Road",
        "addr:unit": "2B",
        "amenity": "cafe",
        "building": "yes",
        "name": "Beans and Buns",
        "takeaway": "yes"
      },
      "geometry": {
        "type": "Polygon",
        "coordinates": [
          [
            [
              -2.2145031,
              53.8359363
            ],
            [
              -2.2142868,
              53.8357825
            ],
            [
              -2.2142116,
              53.8357796
            ],
            [
              -2.2141346,
              53.8358173
            ],
            [
              -2.2141181,
              53.8358056
            ],
            [
              -2.2140617,
              53.8358333
            ],
            [
              -2.2140837,
              53.8358452
            ],
            [
              -2.2143257,
              53.8360222
            ],
            [
              -2.2144585,
              53.8359581
            ],
            [
              -2.2145031,
              53.8359363
            ]
          ]
        ]
      },
      "id": "way/771024791"
    },
    {
      "type": "Feature",
      "properties": {
        "@id": "way/771096087",
        "addr:city": "Nelson",
        "addr:housenumber": "174",
        "addr:postcode": "BB9 9HL",
        "addr:street": "Smith Street",
        "amenity": "cafe",
        "building": "yes",
        "name": "Samson's",
        "opening_hours": "Mo-Th 09:00-13:00; Fr 08:30-13:00; Sa 09:00-13:00",
        "roof:shape": "gabled"
      },
      "geometry": {
        "type": "Polygon",
        "coordinates": [
          [
            [
              -2.2041902,
              53.8398465
            ],
            [
              -2.2040515,
              53.8398339
            ],
            [
              -2.2040327,
              53.8398322
            ],
            [
              -2.2040188,
              53.8398879
            ],
            [
              -2.204175,
              53.8399009
            ],
            [
              -2.2041902,
              53.8398465
            ]
          ]
        ]
      },
      "id": "way/771096087"
    },
    {
      "type": "Feature",
      "properties": {
        "@id": "way/778501858",
        "amenity": "cafe",
        "building": "yes",
        "name": "Tee Cup Cafe"
      },
      "geometry": {
        "type": "Polygon",
        "coordinates": [
          [
            [
              -1.4249029,
              53.4923377
            ],
            [
              -1.4247424,
              53.4924299
            ],
            [
              -1.4248723,
              53.49251
            ],
            [
              -1.4250328,
              53.4924177
            ],
            [
              -1.4249029,
              53.4923377
            ]
          ]
        ]
      },
      "id": "way/778501858"
    },
    {
      "type": "Feature",
      "properties": {
        "@id": "way/779306490",
        "amenity": "cafe",
        "building": "yes",
        "name": "Eddy Bears"
      },
      "geometry": {
        "type": "Polygon",
        "coordinates": [
          [
            [
              -2.1345418,
              53.4257543
            ],
            [
              -2.1346626,
              53.4256177
            ],
            [
              -2.1345547,
              53.4255838
            ],
            [
              -2.134434,
              53.4257204
            ],
            [
              -2.1345418,
              53.4257543
            ]
          ]
        ]
      },
      "id": "way/779306490"
    },
    {
      "type": "Feature",
      "properties": {
        "@id": "way/788615841",
        "addr:city": "Salford",
        "addr:housename": "Costa Coffee Regents Park",
        "addr:postcode": "M5 3TP",
        "addr:street": "Ordsall Lane",
        "amenity": "cafe",
        "brand": "Costa",
        "brand:wikidata": "Q608845",
        "brand:wikipedia": "en:Costa Coffee",
        "building": "yes",
        "check_date": "2022-05-12",
        "cuisine": "coffee_shop",
        "fhrs:id": "1211141",
        "name": "Costa",
        "payment:mastercard": "yes",
        "payment:visa": "yes",
        "ref:GB:uprn": "10094647385",
        "takeaway": "yes",
        "wheelchair": "yes"
      },
      "geometry": {
        "type": "Polygon",
        "coordinates": [
          [
            [
              -2.2675063,
              53.4776637
            ],
            [
              -2.2675336,
              53.4776015
            ],
            [
              -2.2672145,
              53.4775121
            ],
            [
              -2.267193,
              53.4775817
            ],
            [
              -2.2671824,
              53.4776159
            ],
            [
              -2.2674321,
              53.4776527
            ],
            [
              -2.2675063,
              53.4776637
            ]
          ]
        ]
      },
      "id": "way/788615841"
    },
    {
      "type": "Feature",
      "properties": {
        "@id": "way/791741048",
        "addr:city": "Sowerby Bridge",
        "addr:housename": "The Jubilee Refreshment Rooms",
        "addr:postcode": "HX6 3AB",
        "addr:street": "Station Road",
        "amenity": "cafe",
        "bar": "yes",
        "building": "retail",
        "changing_table": "yes",
        "check_date": "2025-05-17",
        "cuisine": "coffee_shop;sandwich",
        "fhrs:id": "1547613",
        "highchair": "yes",
        "internet_access": "wlan",
        "internet_access:fee": "customers",
        "name": "Jubilee Refreshment Rooms",
        "opening_hours": "Mo-Fr 09:30-15:30; Sa 09:00-12:00; Su off",
        "payment:cash": "yes",
        "payment:credit_cards": "yes",
        "payment:debit_cards": "yes",
        "phone": "+44 1422 648285",
        "ref:GB:uprn": "10035039349",
        "toilets": "yes",
        "toilets:wheelchair": "yes",
        "website": "http://www.jubileerefreshmentrooms.co.uk/",
        "wheelchair": "yes"
      },
      "geometry": {
        "type": "Polygon",
        "coordinates": [
          [
            [
              -1.9079586,
              53.7076262
            ],
            [
              -1.907943,
              53.70755
            ],
            [
              -1.907529,
              53.7075798
            ],
            [
              -1.9075446,
              53.707656
            ],
            [
              -1.9079586,
              53.7076262
            ]
          ]
        ]
      },
      "id": "way/791741048"
    },
    {
      "type": "Feature",
      "properties": {
        "@id": "way/810873735",
        "addr:city": "Burnley",
        "addr:housenumber": "Unit 6",
        "addr:postcode": "BB11 1BS",
        "addr:street": "Anchor Retail Park",
        "amenity": "cafe",
        "brand": "Tim Hortons",
        "brand:wikidata": "Q175106",
        "building": "yes",
        "cuisine": "coffee_shop",
        "name": "Tim Hortons",
        "not:brand:wikidata": "Q175106",
        "ref:GB:uprn": "10094111877",
        "takeaway": "yes"
      },
      "geometry": {
        "type": "Polygon",
        "coordinates": [
          [
            [
              -2.2431331,
              53.7926891
            ],
            [
              -2.2430906,
              53.7925421
            ],
            [
              -2.2428545,
              53.792566
            ],
            [
              -2.242897,
              53.7927129
            ],
            [
              -2.2431331,
              53.7926891
            ]
          ]
        ]
      },
      "id": "way/810873735"
    },
    {
      "type": "Feature",
      "properties": {
        "@id": "way/814296805",
        "amenity": "cafe",
        "brand": "Starbucks",
        "brand:wikidata": "Q37158",
        "building": "retail",
        "cuisine": "coffee_shop",
        "name": "Starbucks",
        "official_name": "Starbucks Coffee",
        "takeaway": "yes",
        "website": "https://www.starbucks.com/store-locator/store/1025071/ramsbottom-stubbins-lane-dt-stubbins-lane-ramsbottom-eng-bl-0-0-pu-gb"
      },
      "geometry": {
        "type": "Polygon",
        "coordinates": [
          [
            [
              -2.3156462,
              53.6519836
            ],
            [
              -2.3156942,
              53.6518227
            ],
            [
              -2.315523,
              53.6518047
            ],
            [
              -2.315475,
              53.6519657
            ],
            [
              -2.3156462,
              53.6519836
            ]
          ]
        ]
      },
      "id": "way/814296805"
    },
    {
      "type": "Feature",
      "properties": {
        "@id": "way/818525302",
        "addr:city": "Wakefield",
        "addr:postcode": "WF2 9SH",
        "addr:street": "Colinsway",
        "amenity": "cafe",
        "brand": "Costa",
        "brand:wikidata": "Q608845",
        "brand:wikipedia": "en:Costa Coffee",
        "building": "yes",
        "cuisine": "coffee_shop",
        "drive_through": "yes",
        "fhrs:id": "1021200",
        "name": "Costa",
        "outdoor_seating": "yes",
        "ref:GB:uprn": "63196237",
        "takeaway": "yes"
      },
      "geometry": {
        "type": "Polygon",
        "coordinates": [
          [
            [
              -1.5057607,
              53.6781412
            ],
            [
              -1.5055015,
              53.6780889
            ],
            [
              -1.5054268,
              53.6782187
            ],
            [
              -1.505686,
              53.678271
            ],
            [
              -1.5057607,
              53.6781412
            ]
          ]
        ]
      },
      "id": "way/818525302"
    },
    {
      "type": "Feature",
      "properties": {
        "@id": "way/818597677",
        "amenity": "cafe",
        "brand": "Starbucks",
        "brand:wikidata": "Q37158",
        "brand:wikipedia": "en:Starbucks",
        "building": "yes",
        "cuisine": "coffee_shop",
        "drive_through": "yes",
        "name": "Starbucks",
        "official_name": "Starbucks Coffee",
        "takeaway": "yes",
        "website": "https://www.starbucks.com/store-locator/store/1009070/cleckheaton-centurion-way-dt-off-m-606-roundabout-cleckheaton-eng-bd-19-3-qe-gb"
      },
      "geometry": {
        "type": "Polygon",
        "coordinates": [
          [
            [
              -1.7207151,
              53.7357199
            ],
            [
              -1.7206754,
              53.7356615
            ],
            [
              -1.7206554,
              53.7356662
            ],
            [
              -1.7206299,
              53.7356286
            ],
            [
              -1.7203446,
              53.7356963
            ],
            [
              -1.7203522,
              53.7357075
            ],
            [
              -1.7203027,
              53.7357192
            ],
            [
              -1.7203528,
              53.735793
            ],
            [
              -1.7204902,
              53.7357604
            ],
            [
              -1.7204977,
              53.7357715
            ],
            [
              -1.7207151,
              53.7357199
            ]
          ]
        ]
      },
      "id": "way/818597677"
    },
    {
      "type": "Feature",
      "properties": {
        "@id": "way/820874705",
        "amenity": "cafe",
        "building": "yes",
        "diet:vegan": "yes",
        "diet:vegetarian": "yes",
        "name": "Bob's Tearoom"
      },
      "geometry": {
        "type": "Polygon",
        "coordinates": [
          [
            [
              -1.95343,
              53.7482644
            ],
            [
              -1.9533999,
              53.7482404
            ],
            [
              -1.9533574,
              53.7482602
            ],
            [
              -1.9533875,
              53.7482854
            ],
            [
              -1.95343,
              53.7482644
            ]
          ]
        ]
      },
      "id": "way/820874705"
    },
    {
      "type": "Feature",
      "properties": {
        "@id": "way/829078197",
        "addr:postcode": "WF17 9DT",
        "addr:street": "Holden Ing Way",
        "addr:suburb": "Birstall",
        "amenity": "cafe",
        "brand": "Caffè Nero",
        "brand:wikidata": "Q675808",
        "brand:wikipedia": "en:Caffè Nero",
        "building": "yes",
        "check_date": "2024-08-22",
        "check_date:opening_hours": "2024-08-22",
        "cuisine": "coffee_shop",
        "fhrs:id": "1066177",
        "name": "Caffè Nero",
        "opening_hours": "Mo-Fr 07:30-20:00; Sa 08:00-19:30; Su 09:00-18:00",
        "source:addr": "FHRS Open Data",
        "takeaway": "yes",
        "website": "https://www.caffenero.com/uk/stores/birstall-retail-park"
      },
      "geometry": {
        "type": "Polygon",
        "coordinates": [
          [
            [
              -1.644493,
              53.7453965
            ],
            [
              -1.6444708,
              53.7452769
            ],
            [
              -1.6444495,
              53.7452628
            ],
            [
              -1.6444031,
              53.7452488
            ],
            [
              -1.6441972,
              53.7452611
            ],
            [
              -1.6442083,
              53.7453311
            ],
            [
              -1.6443312,
              53.7453209
            ],
            [
              -1.6443374,
              53.7453437
            ],
            [
              -1.6443557,
              53.74541
            ],
            [
              -1.644493,
              53.7453965
            ]
          ]
        ]
      },
      "id": "way/829078197"
    },
    {
      "type": "Feature",
      "properties": {
        "@id": "way/830816843",
        "addr:city": "Sheffield",
        "addr:housenumber": "14",
        "addr:postcode": "S8 0LB",
        "addr:street": "Archer Drive",
        "addr:suburb": "Millhouses",
        "amenity": "cafe",
        "brand": "Costa",
        "brand:wikidata": "Q608845",
        "brand:wikipedia": "en:Costa Coffee",
        "building:part": "retail",
        "cuisine": "coffee_shop",
        "fhrs:id": "1093031",
        "level": "0",
        "name": "Costa",
        "outdoor_seating": "yes",
        "takeaway": "yes"
      },
      "geometry": {
        "type": "Polygon",
        "coordinates": [
          [
            [
              -1.4915671,
              53.3467529
            ],
            [
              -1.4913416,
              53.3466491
            ],
            [
              -1.4912517,
              53.3467186
            ],
            [
              -1.4914761,
              53.3468233
            ],
            [
              -1.4915148,
              53.3467934
            ],
            [
              -1.4915671,
              53.3467529
            ]
          ]
        ]
      },
      "id": "way/830816843"
    },
    {
      "type": "Feature",
      "properties": {
        "@id": "way/832751166",
        "addr:city": "Leeds",
        "addr:housenumber": "102",
        "addr:postcode": "LS26 9EP",
        "addr:street": "Leeds Road",
        "amenity": "cafe",
        "building": "yes",
        "fhrs:id": "467464",
        "name": "Rivers Meet"
      },
      "geometry": {
        "type": "Polygon",
        "coordinates": [
          [
            [
              -1.4163257,
              53.7400014
            ],
            [
              -1.4162349,
              53.7398929
            ],
            [
              -1.4160818,
              53.7399377
            ],
            [
              -1.4161149,
              53.7399773
            ],
            [
              -1.4160923,
              53.7399839
            ],
            [
              -1.4162158,
              53.7401315
            ],
            [
              -1.416293,
              53.7401089
            ],
            [
              -1.4162573,
              53.7400662
            ],
            [
              -1.4162271,
              53.7400302
            ],
            [
              -1.4162899,
              53.7400118
            ],
            [
              -1.4163257,
              53.7400014
            ]
          ]
        ]
      },
      "id": "way/832751166"
    },
    {
      "type": "Feature",
      "properties": {
        "@id": "way/835044039",
        "addr:city": "Barnsley",
        "addr:place": "The Oval",
        "addr:postcode": "S74 0SB",
        "addr:unit": "1",
        "amenity": "cafe",
        "brand": "Starbucks",
        "brand:wikidata": "Q37158",
        "brand:wikipedia": "en:Starbucks",
        "building": "yes",
        "cuisine": "coffee_shop",
        "fhrs:id": "1285263",
        "name": "Starbucks",
        "official_name": "Starbucks Coffee",
        "ref:GB:uprn": "2007023597",
        "takeaway": "yes",
        "website": "https://www.starbucks.com/store-locator/store/1025542/barnsley-dearne-valley-dt-dearne-valley-parkway-barnsley-eng-s-70-5-su-gb"
      },
      "geometry": {
        "type": "Polygon",
        "coordinates": [
          [
            [
              -1.4723112,
              53.5015786
            ],
            [
              -1.4725136,
              53.5014699
            ],
            [
              -1.4723895,
              53.5013882
            ],
            [
              -1.4721872,
              53.5014969
            ],
            [
              -1.4723112,
              53.5015786
            ]
          ]
        ]
      },
      "id": "way/835044039"
    },
    {
      "type": "Feature",
      "properties": {
        "@id": "way/835044040",
        "addr:city": "Barnsley",
        "addr:postcode": "S70 5SZ",
        "addr:street": "Kestrel Way",
        "addr:suburb": "Hoyland Common",
        "amenity": "cafe",
        "brand": "Costa",
        "brand:wikidata": "Q608845",
        "brand:wikipedia": "en:Costa Coffee",
        "building": "yes",
        "cuisine": "coffee_shop",
        "drive_through": "yes",
        "name": "Costa",
        "ref:GB:uprn": "2007021748",
        "takeaway": "yes"
      },
      "geometry": {
        "type": "Polygon",
        "coordinates": [
          [
            [
              -1.4737386,
              53.5012414
            ],
            [
              -1.4738427,
              53.5010605
            ],
            [
              -1.4736743,
              53.5010262
            ],
            [
              -1.4736576,
              53.5010553
            ],
            [
              -1.4736344,
              53.5010505
            ],
            [
              -1.4736155,
              53.5010834
            ],
            [
              -1.4736388,
              53.5010881
            ],
            [
              -1.4735703,
              53.5012072
            ],
            [
              -1.4737386,
              53.5012414
            ]
          ]
        ]
      },
      "id": "way/835044040"
    },
    {
      "type": "Feature",
      "properties": {
        "@id": "way/837533452",
        "amenity": "cafe",
        "building": "yes",
        "name": "Edgworth Coffee Shop"
      },
      "geometry": {
        "type": "Polygon",
        "coordinates": [
          [
            [
              -2.3930168,
              53.6476362
            ],
            [
              -2.3929363,
              53.6476956
            ],
            [
              -2.3929825,
              53.6477175
            ],
            [
              -2.3930224,
              53.6476881
            ],
            [
              -2.3930318,
              53.6476925
            ],
            [
              -2.3930724,
              53.6476626
            ],
            [
              -2.3930168,
              53.6476362
            ]
          ]
        ]
      },
      "id": "way/837533452"
    },
    {
      "type": "Feature",
      "properties": {
        "@id": "way/838543889",
        "addr:city": "Sheffield",
        "addr:housenumber": "290",
        "addr:postcode": "S17 3LP",
        "addr:street": "Abbeydale Road South",
        "amenity": "cafe",
        "building": "yes",
        "name": "Seasons Cafe",
        "note": "Access through Seasons Gallery",
        "outdoor_seating": "yes"
      },
      "geometry": {
        "type": "Polygon",
        "coordinates": [
          [
            [
              -1.5242706,
              53.3216166
            ],
            [
              -1.5242357,
              53.3216516
            ],
            [
              -1.5245025,
              53.3217466
            ],
            [
              -1.5245374,
              53.3217117
            ],
            [
              -1.5243715,
              53.3216526
            ],
            [
              -1.5242706,
              53.3216166
            ]
          ]
        ]
      },
      "id": "way/838543889"
    },
    {
      "type": "Feature",
      "properties": {
        "@id": "way/845133977",
        "amenity": "cafe",
        "building": "yes",
        "name": "Hidden Gem Cafe",
        "outdoor_seating": "yes",
        "ref:GB:uprn": "10090425109"
      },
      "geometry": {
        "type": "Polygon",
        "coordinates": [
          [
            [
              -2.2643131,
              53.535717
            ],
            [
              -2.2643569,
              53.5357547
            ],
            [
              -2.264486,
              53.5357022
            ],
            [
              -2.2644446,
              53.5356682
            ],
            [
              -2.2643131,
              53.535717
            ]
          ]
        ]
      },
      "id": "way/845133977"
    },
    {
      "type": "Feature",
      "properties": {
        "@id": "way/850476984",
        "amenity": "cafe",
        "building": "yes",
        "contact:facebook": "https://www.facebook.com/Riverbankcoffee/",
        "name": "Riverbank Coffee",
        "opening_hours": "Mo-Su 08:00-17:00",
        "outdoor_seating": "yes"
      },
      "geometry": {
        "type": "Polygon",
        "coordinates": [
          [
            [
              -2.3350682,
              53.4379901
            ],
            [
              -2.3350795,
              53.437966
            ],
            [
              -2.335016,
              53.4379555
            ],
            [
              -2.3350047,
              53.4379796
            ],
            [
              -2.3350682,
              53.4379901
            ]
          ]
        ]
      },
      "id": "way/850476984"
    },
    {
      "type": "Feature",
      "properties": {
        "@id": "way/851688240",
        "amenity": "cafe",
        "brand": "Costa",
        "brand:wikidata": "Q608845",
        "brand:wikipedia": "en:Costa Coffee",
        "building": "yes",
        "cuisine": "coffee_shop",
        "drive_through": "yes",
        "name": "Costa",
        "takeaway": "yes"
      },
      "geometry": {
        "type": "Polygon",
        "coordinates": [
          [
            [
              -1.7627162,
              53.8150519
            ],
            [
              -1.7624695,
              53.8151304
            ],
            [
              -1.7625562,
              53.8152253
            ],
            [
              -1.7628028,
              53.8151468
            ],
            [
              -1.7627162,
              53.8150519
            ]
          ]
        ]
      },
      "id": "way/851688240"
    },
    {
      "type": "Feature",
      "properties": {
        "@id": "way/854603582",
        "amenity": "cafe",
        "building": "yes"
      },
      "geometry": {
        "type": "Polygon",
        "coordinates": [
          [
            [
              -1.6102915,
              53.5966753
            ],
            [
              -1.6103432,
              53.5967248
            ],
            [
              -1.6105544,
              53.5966472
            ],
            [
              -1.6105027,
              53.5965976
            ],
            [
              -1.6102915,
              53.5966753
            ]
          ]
        ]
      },
      "id": "way/854603582"
    },
    {
      "type": "Feature",
      "properties": {
        "@id": "way/864137394",
        "amenity": "cafe",
        "brand": "Starbucks",
        "brand:wikidata": "Q37158",
        "brand:wikipedia": "en:Starbucks",
        "building": "yes",
        "cuisine": "coffee_shop",
        "drive_through": "yes",
        "name": "Starbucks",
        "official_name": "Starbucks Coffee",
        "ref:GB:uprn": "10070462881",
        "takeaway": "yes",
        "website": "https://www.starbucks.com/store-locator/store/1019814/manchester-trafford-rp-dt-neary-way-urmston-manchester-eng-m-41-7-fn-gb"
      },
      "geometry": {
        "type": "Polygon",
        "coordinates": [
          [
            [
              -2.3584498,
              53.4617829
            ],
            [
              -2.3584805,
              53.4616244
            ],
            [
              -2.3583033,
              53.4616123
            ],
            [
              -2.3582726,
              53.4617707
            ],
            [
              -2.3584498,
              53.4617829
            ]
          ]
        ]
      },
      "id": "way/864137394"
    },
    {
      "type": "Feature",
      "properties": {
        "@id": "way/870823284",
        "amenity": "cafe",
        "building": "yes",
        "cuisine": "coffee_shop",
        "name": "Cafe 72",
        "outdoor_seating": "no",
        "phone": "+44 7922520301"
      },
      "geometry": {
        "type": "Polygon",
        "coordinates": [
          [
            [
              -1.8513795,
              53.7663479
            ],
            [
              -1.8513294,
              53.7663042
            ],
            [
              -1.8512201,
              53.766348
            ],
            [
              -1.8512702,
              53.7663916
            ],
            [
              -1.8513795,
              53.7663479
            ]
          ]
        ]
      },
      "id": "way/870823284"
    },
    {
      "type": "Feature",
      "properties": {
        "@id": "way/870908622",
        "addr:city": "Manchester",
        "addr:housenumber": "2A",
        "addr:postcode": "M14 6NA",
        "addr:street": "Landcross Road",
        "amenity": "cafe",
        "building": "retail",
        "contact:facebook": "https://www.facebook.com/hausfallowfield/",
        "cuisine": "pizza;coffee;regional;breakfast",
        "diet:vegan": "yes",
        "diet:vegetarian": "yes",
        "fhrs:id": "1821200",
        "food": "yes",
        "internet_access": "wlan",
        "name": "HAUS",
        "old_name": "Fallow",
        "ref:GB:uprn": "77240927;77133128",
        "toilets": "yes",
        "toilets:access": "customers"
      },
      "geometry": {
        "type": "Polygon",
        "coordinates": [
          [
            [
              -2.218986,
              53.4433049
            ],
            [
              -2.2189734,
              53.4433472
            ],
            [
              -2.2190464,
              53.4433549
            ],
            [
              -2.219038,
              53.4433833
            ],
            [
              -2.2191921,
              53.4433996
            ],
            [
              -2.2192132,
              53.4433289
            ],
            [
              -2.2190049,
              53.4433069
            ],
            [
              -2.218986,
              53.4433049
            ]
          ]
        ]
      },
      "id": "way/870908622"
    },
    {
      "type": "Feature",
      "properties": {
        "@id": "way/886240676",
        "amenity": "cafe",
        "building": "yes",
        "name": "Branch 14 Coffee Bar",
        "outdoor_seating": "yes",
        "ref:GB:uprn": "100012690753"
      },
      "geometry": {
        "type": "Polygon",
        "coordinates": [
          [
            [
              -2.3347815,
              53.5476747
            ],
            [
              -2.3347484,
              53.5475919
            ],
            [
              -2.3347159,
              53.5475103
            ],
            [
              -2.3346315,
              53.5475222
            ],
            [
              -2.3346972,
              53.5476866
            ],
            [
              -2.3347815,
              53.5476747
            ]
          ]
        ]
      },
      "id": "way/886240676"
    },
    {
      "type": "Feature",
      "properties": {
        "@id": "way/900533131",
        "amenity": "cafe",
        "building": "yes",
        "cuisine": "regional",
        "name": "Little Owl Farm Shop"
      },
      "geometry": {
        "type": "Polygon",
        "coordinates": [
          [
            [
              -2.0569607,
              53.5734443
            ],
            [
              -2.0570178,
              53.5733904
            ],
            [
              -2.0568431,
              53.5733251
            ],
            [
              -2.056786,
              53.573379
            ],
            [
              -2.0569607,
              53.5734443
            ]
          ]
        ]
      },
      "id": "way/900533131"
    },
    {
      "type": "Feature",
      "properties": {
        "@id": "way/902102924",
        "addr:city": "Leeds",
        "addr:housename": "Crossgates Shopping Centre",
        "addr:housenumber": "16A",
        "addr:postcode": "LS15 8ET",
        "addr:street": "Station Road",
        "addr:unit": "16a",
        "amenity": "cafe",
        "fhrs:id": "455716",
        "indoor": "room",
        "level": "1",
        "name": "Balcony Bites",
        "room": "retail",
        "toilets:wheelchair": "no",
        "unit": "16A",
        "wheelchair": "no"
      },
      "geometry": {
        "type": "Polygon",
        "coordinates": [
          [
            [
              -1.4503634,
              53.8062753
            ],
            [
              -1.4503638,
              53.8063072
            ],
            [
              -1.4503642,
              53.8063579
            ],
            [
              -1.4503647,
              53.8064052
            ],
            [
              -1.4504226,
              53.8064049
            ],
            [
              -1.4505684,
              53.8064043
            ],
            [
              -1.4505689,
              53.8063573
            ],
            [
              -1.4505692,
              53.8063072
            ],
            [
              -1.4505253,
              53.8063071
            ],
            [
              -1.4505258,
              53.8062134
            ],
            [
              -1.4504965,
              53.8062137
            ],
            [
              -1.4504961,
              53.8062569
            ],
            [
              -1.4504313,
              53.806257
            ],
            [
              -1.4504315,
              53.8062726
            ],
            [
              -1.4504964,
              53.8062723
            ],
            [
              -1.4504964,
              53.806275
            ],
            [
              -1.4503634,
              53.8062753
            ]
          ]
        ]
      },
      "id": "way/902102924"
    },
    {
      "type": "Feature",
      "properties": {
        "@id": "way/902102969",
        "addr:city": "Leeds",
        "addr:housename": "Crossgates Shopping Centre",
        "addr:housenumber": "17",
        "addr:postcode": "LS15 8ET",
        "addr:street": "Station Road",
        "addr:unit": "17",
        "amenity": "cafe",
        "fhrs:id": "1200376",
        "indoor": "room",
        "level": "0",
        "name": "DeNicos Bistro",
        "old_name": "Coffee Delight",
        "room": "retail",
        "source:addr": "FHRS Open Data",
        "wheelchair": "yes"
      },
      "geometry": {
        "type": "Polygon",
        "coordinates": [
          [
            [
              -1.4503632,
              53.8062679
            ],
            [
              -1.4503638,
              53.8063072
            ],
            [
              -1.4503642,
              53.8063579
            ],
            [
              -1.4505689,
              53.8063573
            ],
            [
              -1.4505692,
              53.8063072
            ],
            [
              -1.4505253,
              53.8063071
            ],
            [
              -1.4505258,
              53.8062134
            ],
            [
              -1.4504965,
              53.8062137
            ],
            [
              -1.4504793,
              53.8062136
            ],
            [
              -1.4503632,
              53.8062679
            ]
          ]
        ]
      },
      "id": "way/902102969"
    },
    {
      "type": "Feature",
      "properties": {
        "@id": "way/903122945",
        "addr:city": "Leeds",
        "addr:housename": "Crossgates Shopping Centre",
        "addr:housenumber": "35",
        "addr:postcode": "LS15 8EU",
        "addr:street": "Station Road",
        "addr:suburb": "Cross Gates",
        "addr:unit": "33-35",
        "amenity": "cafe",
        "fhrs:id": "1438208",
        "indoor": "room",
        "internet_access": "wlan",
        "internet_access:fee": "customers",
        "level": "0",
        "name": "Flowers",
        "outdoor_seating": "yes",
        "room": "retail"
      },
      "geometry": {
        "type": "Polygon",
        "coordinates": [
          [
            [
              -1.4499681,
              53.8069861
            ],
            [
              -1.4500651,
              53.8069886
            ],
            [
              -1.4501532,
              53.8069908
            ],
            [
              -1.4501662,
              53.806894
            ],
            [
              -1.4501661,
              53.8068474
            ],
            [
              -1.4500759,
              53.8068476
            ],
            [
              -1.450068,
              53.8069179
            ],
            [
              -1.4499709,
              53.8069155
            ],
            [
              -1.4499605,
              53.8069856
            ],
            [
              -1.4499681,
              53.8069861
            ]
          ]
        ]
      },
      "id": "way/903122945"
    },
    {
      "type": "Feature",
      "properties": {
        "@id": "way/903122950",
        "addr:city": "Leeds",
        "addr:housename": "Crossgates Shopping Centre",
        "addr:housenumber": "30",
        "addr:postcode": "LS15 8DX",
        "addr:street": "Austhorpe Road",
        "addr:suburb": "Cross Gates",
        "addr:unit": "30",
        "amenity": "cafe",
        "brand": "Costa",
        "brand:wikidata": "Q608845",
        "brand:wikipedia": "en:Costa Coffee",
        "cuisine": "coffee_shop",
        "fhrs:id": "778666",
        "indoor": "room",
        "level": "0",
        "name": "Costa",
        "old_name": "Priceless Shoes",
        "room": "retail",
        "takeaway": "yes"
      },
      "geometry": {
        "type": "Polygon",
        "coordinates": [
          [
            [
              -1.4504104,
              53.807052
            ],
            [
              -1.4503416,
              53.8070507
            ],
            [
              -1.4503372,
              53.8070809
            ],
            [
              -1.4503211,
              53.8070804
            ],
            [
              -1.4503189,
              53.8070942
            ],
            [
              -1.4502717,
              53.8071094
            ],
            [
              -1.4502603,
              53.807198
            ],
            [
              -1.4503064,
              53.8071992
            ],
            [
              -1.4503201,
              53.8071996
            ],
            [
              -1.4503122,
              53.8072535
            ],
            [
              -1.4503108,
              53.8072629
            ],
            [
              -1.4503727,
              53.8072656
            ],
            [
              -1.4503735,
              53.8072601
            ],
            [
              -1.4503828,
              53.8072013
            ],
            [
              -1.4503877,
              53.8071705
            ],
            [
              -1.4504021,
              53.8070952
            ],
            [
              -1.4504104,
              53.807052
            ]
          ]
        ]
      },
      "id": "way/903122950"
    },
    {
      "type": "Feature",
      "properties": {
        "@id": "way/905248545",
        "addr:city": "Leeds",
        "addr:housename": "The Newman Centre",
        "addr:postcode": "LS15 7JY",
        "addr:street": "Station Road",
        "addr:suburb": "Crossgates",
        "amenity": "cafe",
        "fhrs:id": "855830",
        "indoor": "room",
        "level": "0",
        "name": "Cross Gates Lunch Club",
        "room": "kitchen"
      },
      "geometry": {
        "type": "Polygon",
        "coordinates": [
          [
            [
              -1.4529632,
              53.8061138
            ],
            [
              -1.4529637,
              53.8061316
            ],
            [
              -1.4529638,
              53.8061448
            ],
            [
              -1.4530045,
              53.8061447
            ],
            [
              -1.4530326,
              53.8061445
            ],
            [
              -1.4530509,
              53.8061444
            ],
            [
              -1.4530508,
              53.8061341
            ],
            [
              -1.4530817,
              53.806134
            ],
            [
              -1.4530823,
              53.8061136
            ],
            [
              -1.4529632,
              53.8061138
            ]
          ]
        ]
      },
      "id": "way/905248545"
    },
    {
      "type": "Feature",
      "properties": {
        "@id": "way/906625811",
        "amenity": "cafe",
        "building": "yes",
        "name": "Flutterbites Cafe",
        "ref:GB:uprn": "10090220910"
      },
      "geometry": {
        "type": "Polygon",
        "coordinates": [
          [
            [
              -1.8666437,
              53.7074296
            ],
            [
              -1.8666596,
              53.7073219
            ],
            [
              -1.8665579,
              53.7073167
            ],
            [
              -1.866542,
              53.7074243
            ],
            [
              -1.8666437,
              53.7074296
            ]
          ]
        ]
      },
      "id": "way/906625811"
    },
    {
      "type": "Feature",
      "properties": {
        "@id": "way/908185112",
        "addr:city": "Hebden Bridge",
        "addr:country": "GB",
        "addr:hamlet": "Mytholmroyd",
        "addr:housenumber": "1",
        "addr:postcode": "HX7 5DZ",
        "addr:street": "New Road",
        "amenity": "cafe",
        "building": "yes",
        "cuisine": "sandwich;coffee_shop",
        "fhrs:id": "1547970",
        "name": "Jo's Kitchen",
        "opening_hours": "Mo-Sa 08:00-15:00,Su 09:30-14:30",
        "smoking": "no"
      },
      "geometry": {
        "type": "Polygon",
        "coordinates": [
          [
            [
              -1.9826033,
              53.7302538
            ],
            [
              -1.9826049,
              53.7301961
            ],
            [
              -1.9825781,
              53.7301913
            ],
            [
              -1.9825791,
              53.7301591
            ],
            [
              -1.982517,
              53.7301584
            ],
            [
              -1.9825142,
              53.7302529
            ],
            [
              -1.9826033,
              53.7302538
            ]
          ]
        ]
      },
      "id": "way/908185112"
    },
    {
      "type": "Feature",
      "properties": {
        "@id": "way/915905461",
        "amenity": "cafe",
        "building": "yes",
        "cuisine": "sandwich",
        "name": "Bee Happy Cafe"
      },
      "geometry": {
        "type": "Polygon",
        "coordinates": [
          [
            [
              -2.4098801,
              53.5266684
            ],
            [
              -2.4098179,
              53.5266519
            ],
            [
              -2.4097383,
              53.5267566
            ],
            [
              -2.4097755,
              53.5267665
            ],
            [
              -2.4098026,
              53.5267306
            ],
            [
              -2.409828,
              53.5267374
            ],
            [
              -2.4098801,
              53.5266684
            ]
          ]
        ]
      },
      "id": "way/915905461"
    },
    {
      "type": "Feature",
      "properties": {
        "@id": "way/919635643",
        "addr:city": "Wakefield",
        "addr:postcode": "WF1 5FW",
        "addr:street": "Neil Fox Way",
        "amenity": "cafe",
        "brand": "Starbucks",
        "brand:wikidata": "Q37158",
        "brand:wikipedia": "en:Starbucks",
        "building": "yes",
        "cuisine": "coffee_shop",
        "delivery": "yes",
        "drive_through": "yes",
        "fhrs:id": "1264665",
        "name": "Starbucks",
        "official_name": "Starbucks Coffee",
        "opening_hours": "Mo-Su 05:00-23:00",
        "outdoor_seating": "yes",
        "ref:GB:uprn": "63201424",
        "takeaway": "yes",
        "website": "https://www.starbucks.com/store-locator/store/1024361/wakefield-doncaster-road-dt-doncaster-road-wakefield-eng-wf-1-5-db-gb",
        "wheelchair": "yes"
      },
      "geometry": {
        "type": "Polygon",
        "coordinates": [
          [
            [
              -1.4707407,
              53.668853
            ],
            [
              -1.4705979,
              53.6689074
            ],
            [
              -1.4705041,
              53.6689431
            ],
            [
              -1.4705805,
              53.6690136
            ],
            [
              -1.4706065,
              53.6690375
            ],
            [
              -1.4708431,
              53.6689475
            ],
            [
              -1.4707407,
              53.668853
            ]
          ]
        ]
      },
      "id": "way/919635643"
    },
    {
      "type": "Feature",
      "properties": {
        "@id": "way/924123008",
        "addr:city": "Nelson",
        "addr:housenumber": "27",
        "addr:postcode": "BB9 8AP",
        "addr:street": "Glenfield Road",
        "amenity": "cafe",
        "building": "retail",
        "building:levels": "2",
        "name": "Glenfield Cafe",
        "roof:shape": "gabled"
      },
      "geometry": {
        "type": "Polygon",
        "coordinates": [
          [
            [
              -2.198217,
              53.8412456
            ],
            [
              -2.1982474,
              53.8412009
            ],
            [
              -2.1981156,
              53.8411698
            ],
            [
              -2.1980852,
              53.8412145
            ],
            [
              -2.198217,
              53.8412456
            ]
          ]
        ]
      },
      "id": "way/924123008"
    },
    {
      "type": "Feature",
      "properties": {
        "@id": "way/936224663",
        "addr:city": "Leeds",
        "addr:housename": "Armley Service Station",
        "addr:housenumber": "120",
        "addr:postcode": "LS12 2QN",
        "addr:street": "Armley Road",
        "addr:suburb": "Armley",
        "amenity": "cafe",
        "brand": "Starbucks",
        "brand:wikidata": "Q37158",
        "brand:wikipedia": "en:Starbucks",
        "building": "yes",
        "cuisine": "coffee_shop",
        "fhrs:id": "1666901",
        "name": "Starbucks",
        "official_name": "Starbucks Coffee",
        "takeaway": "yes",
        "website": "https://www.starbucks.com/store-locator/store/1020361/leeds-armley-road-armley-road-leeds-eng-ls-12-2-qn-gb"
      },
      "geometry": {
        "type": "Polygon",
        "coordinates": [
          [
            [
              -1.5756412,
              53.7978624
            ],
            [
              -1.5754608,
              53.7978092
            ],
            [
              -1.5754463,
              53.7978245
            ],
            [
              -1.5753649,
              53.7978026
            ],
            [
              -1.5753221,
              53.7978594
            ],
            [
              -1.57558,
              53.7979304
            ],
            [
              -1.5755965,
              53.797912
            ],
            [
              -1.5756412,
              53.7978624
            ]
          ]
        ]
      },
      "id": "way/936224663"
    },
    {
      "type": "Feature",
      "properties": {
        "@id": "way/937052833",
        "addr:city": "Leeds",
        "addr:housename": "Kirkstall Bridge Shopping Park",
        "addr:postcode": "LS5 3BL",
        "addr:street": "Bridge Road",
        "addr:suburb": "Kirkstall",
        "addr:unit": "7",
        "amenity": "cafe",
        "brand": "Costa",
        "brand:wikidata": "Q608845",
        "brand:wikipedia": "en:Costa Coffee",
        "building": "yes",
        "cuisine": "coffee_shop",
        "fhrs:id": "850313",
        "name": "Costa",
        "outdoor_seating": "yes",
        "ref:GB:uprn": "72748396",
        "takeaway": "yes"
      },
      "geometry": {
        "type": "Polygon",
        "coordinates": [
          [
            [
              -1.6049441,
              53.8162652
            ],
            [
              -1.6048759,
              53.8161382
            ],
            [
              -1.6048493,
              53.8160876
            ],
            [
              -1.6047356,
              53.8160848
            ],
            [
              -1.6047355,
              53.8163173
            ],
            [
              -1.6048176,
              53.8163192
            ],
            [
              -1.6048197,
              53.8162884
            ],
            [
              -1.6049441,
              53.8162652
            ]
          ]
        ]
      },
      "id": "way/937052833"
    },
    {
      "type": "Feature",
      "properties": {
        "@id": "way/939797515",
        "addr:street": "Lee Street",
        "amenity": "cafe",
        "building": "yes",
        "building:material": "stone",
        "check_date": "2024-12-22",
        "internet_access": "wlan",
        "internet_access:fee": "no",
        "level": "0",
        "name": "Reclamation Room",
        "opening_hours": "Mo-Sa 09:00-16:00; Su 10:00-16:00",
        "outdoor_seating": "yes",
        "ref:GB:uprn": "100012737931",
        "short_name": "Rec Room",
        "website": "https://rec-room.co.uk/",
        "wheelchair": "yes"
      },
      "geometry": {
        "type": "Polygon",
        "coordinates": [
          [
            [
              -2.003795,
              53.5477973
            ],
            [
              -2.0038363,
              53.5477816
            ],
            [
              -2.0040544,
              53.5476987
            ],
            [
              -2.0039337,
              53.5475866
            ],
            [
              -2.0038894,
              53.5476035
            ],
            [
              -2.0039154,
              53.5476275
            ],
            [
              -2.0038641,
              53.547647
            ],
            [
              -2.0037403,
              53.547694
            ],
            [
              -2.0037084,
              53.5476644
            ],
            [
              -2.0036683,
              53.5476796
            ],
            [
              -2.003795,
              53.5477973
            ]
          ]
        ]
      },
      "id": "way/939797515"
    },
    {
      "type": "Feature",
      "properties": {
        "@id": "way/940578376",
        "amenity": "cafe",
        "building": "yes",
        "cuisine": "coffee_shop",
        "name": "Bex's Coffee",
        "outdoor_seating": "yes",
        "website": "https://bexscoffee.com"
      },
      "geometry": {
        "type": "Polygon",
        "coordinates": [
          [
            [
              -1.8040616,
              53.6517178
            ],
            [
              -1.8040696,
              53.6518142
            ],
            [
              -1.8041692,
              53.6518028
            ],
            [
              -1.8041233,
              53.6517154
            ],
            [
              -1.8040616,
              53.6517178
            ]
          ]
        ]
      },
      "id": "way/940578376"
    },
    {
      "type": "Feature",
      "properties": {
        "@id": "way/942801390",
        "addr:housenumber": "84",
        "addr:street": "High Street",
        "addr:village": "Uppermill",
        "amenity": "cafe",
        "building": "retail",
        "building:material": "stone",
        "name": "Veloce",
        "outdoor_seating": "sidewalk",
        "ref:GB:uprn": "100011222189;422000057604",
        "shop": "deli",
        "takeaway": "yes",
        "website": "https://velocecoffee.co.uk/"
      },
      "geometry": {
        "type": "Polygon",
        "coordinates": [
          [
            [
              -2.0051523,
              53.5487732
            ],
            [
              -2.0051541,
              53.5487564
            ],
            [
              -2.0051589,
              53.5487127
            ],
            [
              -2.0049537,
              53.548712
            ],
            [
              -2.0049565,
              53.5487424
            ],
            [
              -2.0049873,
              53.5487427
            ],
            [
              -2.004987,
              53.5487726
            ],
            [
              -2.0051523,
              53.5487732
            ]
          ]
        ]
      },
      "id": "way/942801390"
    },
    {
      "type": "Feature",
      "properties": {
        "@id": "way/942854218",
        "addr:housenumber": "97",
        "addr:street": "High Street",
        "amenity": "cafe",
        "building": "yes",
        "building:levels": "2",
        "building:material": "stone",
        "name": "Star and Bean",
        "ref:GB:uprn": "422000057648;422000129025;422000129024",
        "roof:levels": "1",
        "roof:shape": "gabled"
      },
      "geometry": {
        "type": "Polygon",
        "coordinates": [
          [
            [
              -2.00569,
              53.5492716
            ],
            [
              -2.0056869,
              53.549219
            ],
            [
              -2.005606,
              53.5492202
            ],
            [
              -2.0054601,
              53.5492225
            ],
            [
              -2.0054646,
              53.5492768
            ],
            [
              -2.00569,
              53.5492716
            ]
          ]
        ]
      },
      "id": "way/942854218"
    },
    {
      "type": "Feature",
      "properties": {
        "@id": "way/942885924",
        "addr:housenumber": "83",
        "addr:postcode": "OL3 6AP",
        "addr:street": "High Street",
        "addr:village": "Uppermill",
        "amenity": "cafe",
        "building": "yes",
        "fhrs:id": "55128",
        "name": "Wilberrys",
        "source:addr": "FHRS OpenData"
      },
      "geometry": {
        "type": "Polygon",
        "coordinates": [
          [
            [
              -2.0055255,
              53.5488901
            ],
            [
              -2.0055417,
              53.5488627
            ],
            [
              -2.0053352,
              53.5488137
            ],
            [
              -2.0053175,
              53.5488691
            ],
            [
              -2.0054577,
              53.5488897
            ],
            [
              -2.0054615,
              53.5488775
            ],
            [
              -2.0055255,
              53.5488901
            ]
          ]
        ]
      },
      "id": "way/942885924"
    },
    {
      "type": "Feature",
      "properties": {
        "@id": "way/946149089",
        "amenity": "cafe",
        "building": "yes",
        "building:levels": "3",
        "building:material": "stone",
        "check_date": "2023-05-06",
        "name": "Saints Cafe",
        "outdoor_seating": "yes",
        "ref:GB:uprn": "422000058626",
        "roof:levels": "1",
        "roof:orientation": "across",
        "roof:shape": "gabled"
      },
      "geometry": {
        "type": "Polygon",
        "coordinates": [
          [
            [
              -2.0061942,
              53.5484124
            ],
            [
              -2.0062211,
              53.5483558
            ],
            [
              -2.0060959,
              53.5483348
            ],
            [
              -2.0060685,
              53.5483908
            ],
            [
              -2.0061663,
              53.5484084
            ],
            [
              -2.0061942,
              53.5484124
            ]
          ]
        ]
      },
      "id": "way/946149089"
    },
    {
      "type": "Feature",
      "properties": {
        "@id": "way/946995627",
        "addr:housenumber": "393",
        "addr:postcode": "SK4 5BY",
        "addr:street": "Manchester Road",
        "amenity": "cafe",
        "building": "yes",
        "check_date": "2025-10-14",
        "email": "feedgeneralstore@hotmail.com",
        "fhrs:id": "997674",
        "name": "Feed General Store",
        "opening_hours": "Mo 09:00-15:00; Tu-Sa 09:00-16:00; Su 10:00-16:00",
        "outdoor_seating": "yes",
        "payment:cash": "yes",
        "payment:credit_cards": "yes",
        "payment:debit_cards": "yes",
        "phone": "+44 161 312 4148",
        "website": "https://www.feedgeneralstore.co.uk/"
      },
      "geometry": {
        "type": "Polygon",
        "coordinates": [
          [
            [
              -2.1752819,
              53.4282144
            ],
            [
              -2.1753292,
              53.4281913
            ],
            [
              -2.1752793,
              53.4281549
            ],
            [
              -2.1752532,
              53.428136
            ],
            [
              -2.1753206,
              53.4281031
            ],
            [
              -2.1752998,
              53.4280879
            ],
            [
              -2.175185,
              53.4281439
            ],
            [
              -2.1752819,
              53.4282144
            ]
          ]
        ]
      },
      "id": "way/946995627"
    },
    {
      "type": "Feature",
      "properties": {
        "@id": "way/949525420",
        "amenity": "cafe",
        "building": "yes",
        "name": "Muse Annex"
      },
      "geometry": {
        "type": "Polygon",
        "coordinates": [
          [
            [
              -2.0072165,
              53.5469717
            ],
            [
              -2.0073055,
              53.5469978
            ],
            [
              -2.0073452,
              53.54695
            ],
            [
              -2.0072561,
              53.5469239
            ],
            [
              -2.0072165,
              53.5469717
            ]
          ]
        ]
      },
      "id": "way/949525420"
    },
    {
      "type": "Feature",
      "properties": {
        "@id": "way/956601159",
        "addr:city": "Huddersfield",
        "addr:postcode": "HD3 3SZ",
        "addr:street": "Haigh House Hill",
        "amenity": "cafe",
        "building": "yes",
        "name": "Graze @ Broster's Kitchen and Grill",
        "opening_hours": "Mo-Sa 08:30-15:30; Su 08:30-14:30",
        "website": "https://www.brostersfarmshop.co.uk/"
      },
      "geometry": {
        "type": "Polygon",
        "coordinates": [
          [
            [
              -1.8428442,
              53.6683284
            ],
            [
              -1.8428709,
              53.6683976
            ],
            [
              -1.8427747,
              53.6684106
            ],
            [
              -1.842796,
              53.6684569
            ],
            [
              -1.8429883,
              53.6684254
            ],
            [
              -1.842936,
              53.6683132
            ],
            [
              -1.8428442,
              53.6683284
            ]
          ]
        ]
      },
      "id": "way/956601159"
    },
    {
      "type": "Feature",
      "properties": {
        "@id": "way/961099924",
        "amenity": "cafe",
        "building": "shed",
        "name": "The Magic Wood Cafe"
      },
      "geometry": {
        "type": "Polygon",
        "coordinates": [
          [
            [
              -1.7152878,
              53.521216
            ],
            [
              -1.715285,
              53.5211901
            ],
            [
              -1.7152268,
              53.5211923
            ],
            [
              -1.7152296,
              53.5212182
            ],
            [
              -1.7152878,
              53.521216
            ]
          ]
        ]
      },
      "id": "way/961099924"
    },
    {
      "type": "Feature",
      "properties": {
        "@id": "way/961712997",
        "amenity": "cafe",
        "building": "retail",
        "name": "Riverside Cafe"
      },
      "geometry": {
        "type": "Polygon",
        "coordinates": [
          [
            [
              -2.0118234,
              53.1912335
            ],
            [
              -2.0118867,
              53.1913074
            ],
            [
              -2.0119599,
              53.1912849
            ],
            [
              -2.0119213,
              53.1912399
            ],
            [
              -2.0119303,
              53.1912371
            ],
            [
              -2.0119057,
              53.1912082
            ],
            [
              -2.0118234,
              53.1912335
            ]
          ]
        ]
      },
      "id": "way/961712997"
    },
    {
      "type": "Feature",
      "properties": {
        "@id": "way/962425851",
        "access": "employees",
        "amenity": "cafe",
        "building": "office",
        "outdoor_seating": "yes"
      },
      "geometry": {
        "type": "Polygon",
        "coordinates": [
          [
            [
              -2.3221107,
              53.5880563
            ],
            [
              -2.3222358,
              53.5880007
            ],
            [
              -2.321928,
              53.5877705
            ],
            [
              -2.3218304,
              53.5878154
            ],
            [
              -2.3218744,
              53.5878439
            ],
            [
              -2.3218593,
              53.5878513
            ],
            [
              -2.3219394,
              53.5879122
            ],
            [
              -2.3219297,
              53.5879167
            ],
            [
              -2.3221107,
              53.5880563
            ]
          ]
        ]
      },
      "id": "way/962425851"
    },
    {
      "type": "Feature",
      "properties": {
        "@id": "way/962958298",
        "amenity": "cafe",
        "building": "yes",
        "building:levels": "2",
        "name": "Bake n Butties",
        "ref:GB:uprn": "100010950170",
        "takeaway": "yes"
      },
      "geometry": {
        "type": "Polygon",
        "coordinates": [
          [
            [
              -2.3185271,
              53.5889041
            ],
            [
              -2.3186692,
              53.5890113
            ],
            [
              -2.3188081,
              53.5889464
            ],
            [
              -2.3185994,
              53.588789
            ],
            [
              -2.3185281,
              53.5888224
            ],
            [
              -2.3185819,
              53.588863
            ],
            [
              -2.3185734,
              53.588867
            ],
            [
              -2.3186219,
              53.5889036
            ],
            [
              -2.3186058,
              53.5889111
            ],
            [
              -2.3185699,
              53.5888841
            ],
            [
              -2.3185271,
              53.5889041
            ]
          ]
        ]
      },
      "id": "way/962958298"
    },
    {
      "type": "Feature",
      "properties": {
        "@id": "way/966430449",
        "addr:city": "Nelson",
        "addr:housenumber": "67A",
        "addr:postcode": "BB9 9RH",
        "addr:street": "Larch Street",
        "amenity": "cafe",
        "building": "retail",
        "building:levels": "2",
        "cuisine": "coffee_shop;tea;milkshake;shisha;cake;ice_cream;chai",
        "name": "ChaChi's Chai",
        "opening_hours": "Mo-Su 12:00-23:00",
        "outdoor_seating": "no",
        "roof:shape": "gabled"
      },
      "geometry": {
        "type": "Polygon",
        "coordinates": [
          [
            [
              -2.2046118,
              53.8352159
            ],
            [
              -2.2047188,
              53.8352751
            ],
            [
              -2.204767,
              53.8352445
            ],
            [
              -2.20466,
              53.8351856
            ],
            [
              -2.2046118,
              53.8352159
            ]
          ]
        ]
      },
      "id": "way/966430449"
    },
    {
      "type": "Feature",
      "properties": {
        "@id": "way/967121501",
        "addr:city": "Ashton-under-Lyne",
        "addr:housename": "Snipe Retail Park",
        "addr:postcode": "OL7 0DN",
        "addr:street": "Snipe Way",
        "amenity": "cafe",
        "brand": "Costa",
        "brand:wikidata": "Q608845",
        "building": "retail",
        "cuisine": "coffee_shop",
        "drive_through": "yes",
        "fhrs:id": "1499544",
        "internet_access": "wlan",
        "name": "Costa",
        "opening_hours": "Mo-Sa 07:00-20:00; Su 07:00-19:00",
        "takeaway": "yes"
      },
      "geometry": {
        "type": "Polygon",
        "coordinates": [
          [
            [
              -2.1257477,
              53.4781995
            ],
            [
              -2.1256781,
              53.4781055
            ],
            [
              -2.1254277,
              53.4781712
            ],
            [
              -2.1254974,
              53.4782652
            ],
            [
              -2.1257477,
              53.4781995
            ]
          ]
        ]
      },
      "id": "way/967121501"
    },
    {
      "type": "Feature",
      "properties": {
        "@id": "way/969614575",
        "amenity": "cafe",
        "building": "yes",
        "contact:facebook": "https://www.facebook.com/Milepostcafe/",
        "name": "MilePost Cafe",
        "outdoor_seating": "yes"
      },
      "geometry": {
        "type": "Polygon",
        "coordinates": [
          [
            [
              -1.6953162,
              53.7104551
            ],
            [
              -1.6953843,
              53.7104266
            ],
            [
              -1.6953422,
              53.7103898
            ],
            [
              -1.6952939,
              53.7104139
            ],
            [
              -1.6953101,
              53.7104285
            ],
            [
              -1.6952939,
              53.7104355
            ],
            [
              -1.6953162,
              53.7104551
            ]
          ]
        ]
      },
      "id": "way/969614575"
    },
    {
      "type": "Feature",
      "properties": {
        "@id": "way/970857387",
        "amenity": "cafe",
        "building": "yes",
        "cuisine": "sandwich",
        "name": "Ginger And Pickles"
      },
      "geometry": {
        "type": "Polygon",
        "coordinates": [
          [
            [
              -2.4105171,
              53.2191892
            ],
            [
              -2.4103161,
              53.2194699
            ],
            [
              -2.4104863,
              53.2195136
            ],
            [
              -2.4106873,
              53.2192329
            ],
            [
              -2.4105171,
              53.2191892
            ]
          ]
        ]
      },
      "id": "way/970857387"
    },
    {
      "type": "Feature",
      "properties": {
        "@id": "way/972302121",
        "addr:city": "Nelson",
        "addr:housenumber": "66",
        "addr:postcode": "BB9 9AH",
        "addr:street": "Railway Street",
        "amenity": "cafe",
        "building": "yes",
        "building:levels": "2",
        "name": "My Desserts",
        "opening_hours": "Mo-Su 15:00-23:00",
        "roof:shape": "gabled"
      },
      "geometry": {
        "type": "Polygon",
        "coordinates": [
          [
            [
              -2.2129572,
              53.8341034
            ],
            [
              -2.2130793,
              53.8340636
            ],
            [
              -2.2130382,
              53.8340198
            ],
            [
              -2.2129162,
              53.8340596
            ],
            [
              -2.2129572,
              53.8341034
            ]
          ]
        ]
      },
      "id": "way/972302121"
    },
    {
      "type": "Feature",
      "properties": {
        "@id": "way/973485627",
        "addr:city": "Oldham",
        "addr:country": "GB",
        "addr:housenumber": "73",
        "addr:postcode": "OL3 6AP",
        "addr:street": "High Street",
        "addr:village": "Uppermill",
        "amenity": "cafe",
        "building": "yes",
        "building:levels": "2",
        "check_date": "2023-06-26",
        "fhrs:id": "120617",
        "internet_access": "wlan",
        "internet_access:fee": "customers",
        "name": "Caffe Grande Abaco",
        "payment:mastercard": "yes",
        "payment:visa": "yes",
        "roof:levels": "1",
        "roof:shape": "gabled",
        "short_name": "Abaco",
        "source:addr": "FHRS Open Data",
        "website": "https://caffegrandeabaco.com/"
      },
      "geometry": {
        "type": "Polygon",
        "coordinates": [
          [
            [
              -2.0058466,
              53.5486057
            ],
            [
              -2.0058572,
              53.5485874
            ],
            [
              -2.0058415,
              53.5485837
            ],
            [
              -2.0058671,
              53.5485384
            ],
            [
              -2.0057011,
              53.5485101
            ],
            [
              -2.0056912,
              53.5485277
            ],
            [
              -2.0056597,
              53.5485655
            ],
            [
              -2.0058466,
              53.5486057
            ]
          ]
        ]
      },
      "id": "way/973485627"
    },
    {
      "type": "Feature",
      "properties": {
        "@id": "way/973849131",
        "addr:city": "Rainow",
        "addr:postcode": "SK10 5RP",
        "addr:street": "Oakenbank Lane",
        "amenity": "cafe",
        "building": "yes",
        "fhrs:id": "1083665",
        "name": "Farm Made Tearooms",
        "outdoor_seating": "yes",
        "ref:GB:uprn": "10094315434",
        "source:addr": "FHRS Open Data"
      },
      "geometry": {
        "type": "Polygon",
        "coordinates": [
          [
            [
              -2.0813357,
              53.2957405
            ],
            [
              -2.0812752,
              53.2956449
            ],
            [
              -2.0811762,
              53.2956688
            ],
            [
              -2.0812351,
              53.2957632
            ],
            [
              -2.0813357,
              53.2957405
            ]
          ]
        ]
      },
      "id": "way/973849131"
    },
    {
      "type": "Feature",
      "properties": {
        "@id": "way/979377157",
        "addr:city": "Stockport",
        "addr:housenumber": "32",
        "addr:postcode": "SK1 1JT",
        "addr:street": "Little Underbank",
        "amenity": "cafe",
        "building": "retail",
        "check_date:opening_hours": "2025-11-25",
        "name": "Laco Cafe & Bistro",
        "opening_hours:signed": "no"
      },
      "geometry": {
        "type": "Polygon",
        "coordinates": [
          [
            [
              -2.1567279,
              53.4108213
            ],
            [
              -2.1567958,
              53.4108414
            ],
            [
              -2.1568583,
              53.4107631
            ],
            [
              -2.1568258,
              53.4107503
            ],
            [
              -2.1568415,
              53.4107304
            ],
            [
              -2.1568018,
              53.4107156
            ],
            [
              -2.1567279,
              53.4108213
            ]
          ]
        ]
      },
      "id": "way/979377157"
    },
    {
      "type": "Feature",
      "properties": {
        "@id": "way/983811408",
        "amenity": "cafe",
        "building": "yes",
        "cuisine": "coffee_shop",
        "internet_access": "wlan",
        "internet_access:fee": "no",
        "name": "Kickback Coffee",
        "opening_hours": "Mo-Fr 10:00-16:00 Sa-Su 09:00-16:00",
        "outdoor_seating": "yes",
        "website": "https://kickbackcoffee.co.uk/"
      },
      "geometry": {
        "type": "Polygon",
        "coordinates": [
          [
            [
              -2.0737014,
              53.3139613
            ],
            [
              -2.0738454,
              53.313817
            ],
            [
              -2.0737806,
              53.313791
            ],
            [
              -2.0736375,
              53.3139368
            ],
            [
              -2.0737014,
              53.3139613
            ]
          ]
        ]
      },
      "id": "way/983811408"
    },
    {
      "type": "Feature",
      "properties": {
        "@id": "way/986228397",
        "addr:city": "Burnley",
        "addr:postcode": "BB12 9BX",
        "addr:street": "Guide Lane",
        "amenity": "cafe",
        "building": "yes",
        "cuisine": "sandwich;burger",
        "name": "The Rising Fishery Cafe",
        "opening_hours": "Tu-Su 09:00-17:00",
        "outdoor_seating": "yes",
        "phone": "+447725054976",
        "ref:GB:uprn": "10090962941",
        "website": "http://www.therisingfishery.co.uk"
      },
      "geometry": {
        "type": "Polygon",
        "coordinates": [
          [
            [
              -2.2833412,
              53.831458
            ],
            [
              -2.2833053,
              53.831393
            ],
            [
              -2.2832442,
              53.8314047
            ],
            [
              -2.2832066,
              53.8313368
            ],
            [
              -2.2831157,
              53.8313543
            ],
            [
              -2.2831891,
              53.8314872
            ],
            [
              -2.2833412,
              53.831458
            ]
          ]
        ]
      },
      "id": "way/986228397"
    },
    {
      "type": "Feature",
      "properties": {
        "@id": "way/988054029",
        "addr:city": "Stockport",
        "addr:postcode": "SK1 2HH",
        "addr:street": "Great Portwood Street",
        "amenity": "cafe",
        "brand": "Costa",
        "brand:wikidata": "Q608845",
        "brand:wikipedia": "en:Costa Coffee",
        "building": "retail",
        "building:levels": "2",
        "cuisine": "coffee_shop",
        "height": "4",
        "name": "Costa",
        "ref:GB:uprn": "10090546092",
        "takeaway": "yes"
      },
      "geometry": {
        "type": "Polygon",
        "coordinates": [
          [
            [
              -2.1536087,
              53.4134507
            ],
            [
              -2.1537059,
              53.413541
            ],
            [
              -2.1538867,
              53.4134719
            ],
            [
              -2.1537895,
              53.4133816
            ],
            [
              -2.1536087,
              53.4134507
            ]
          ]
        ]
      },
      "id": "way/988054029"
    },
    {
      "type": "Feature",
      "properties": {
        "@id": "way/990561031",
        "addr:city": "Brighouse",
        "addr:housenumber": "43",
        "addr:postcode": "HD6 1JR",
        "addr:street": "Bethel Street",
        "amenity": "cafe",
        "building": "yes",
        "cuisine": "coffee_shop",
        "name": "No. 43 Coffee House",
        "phone": "+44 1484 717403",
        "ref:GB:uprn": "100051996658"
      },
      "geometry": {
        "type": "Polygon",
        "coordinates": [
          [
            [
              -1.7816119,
              53.7011415
            ],
            [
              -1.781625,
              53.7009529
            ],
            [
              -1.7815578,
              53.7009501
            ],
            [
              -1.7815477,
              53.7010026
            ],
            [
              -1.7815268,
              53.7010497
            ],
            [
              -1.7814952,
              53.701145
            ],
            [
              -1.7816119,
              53.7011415
            ]
          ]
        ]
      },
      "id": "way/990561031"
    },
    {
      "type": "Feature",
      "properties": {
        "@id": "way/990561035",
        "addr:city": "Brighouse",
        "addr:housenumber": "31",
        "addr:postcode": "HD6 1JR",
        "addr:street": "Bethel Street",
        "amenity": "cafe",
        "building": "yes",
        "cuisine": "tea",
        "name": "The Secret Tea Rooms",
        "phone": "+44 1484 402227",
        "ref:GB:uprn": "100051996656",
        "website": "https://thesecrettearooms.co.uk/"
      },
      "geometry": {
        "type": "Polygon",
        "coordinates": [
          [
            [
              -1.7812417,
              53.7011345
            ],
            [
              -1.7812459,
              53.7010631
            ],
            [
              -1.7813252,
              53.7010682
            ],
            [
              -1.781341,
              53.7010264
            ],
            [
              -1.7813159,
              53.7010255
            ],
            [
              -1.7811681,
              53.7010204
            ],
            [
              -1.7811652,
              53.7011273
            ],
            [
              -1.7812417,
              53.7011345
            ]
          ]
        ]
      },
      "id": "way/990561035"
    },
    {
      "type": "Feature",
      "properties": {
        "@id": "way/990561040",
        "addr:city": "Brighouse",
        "addr:housenumber": "27A",
        "addr:postcode": "HD6 1JR",
        "addr:street": "Bethel Street",
        "amenity": "cafe",
        "building": "yes",
        "name": "Cristaz Cafe & Takeaway",
        "phone": "+44 1484 401511",
        "ref:GB:uprn": "10006737187"
      },
      "geometry": {
        "type": "Polygon",
        "coordinates": [
          [
            [
              -1.781022,
              53.7011222
            ],
            [
              -1.781056,
              53.7011233
            ],
            [
              -1.7810801,
              53.7011037
            ],
            [
              -1.7810855,
              53.7010391
            ],
            [
              -1.7810283,
              53.7010381
            ],
            [
              -1.781022,
              53.7011222
            ]
          ]
        ]
      },
      "id": "way/990561040"
    },
    {
      "type": "Feature",
      "properties": {
        "@id": "way/990843283",
        "addr:city": "Brighouse",
        "addr:postcode": "HD6 1UJ",
        "addr:street": "Wakefield Road",
        "amenity": "cafe",
        "building": "yes",
        "name": "Cafe Junc 25 East"
      },
      "geometry": {
        "type": "Polygon",
        "coordinates": [
          [
            [
              -1.7572631,
              53.6969593
            ],
            [
              -1.7572804,
              53.6969265
            ],
            [
              -1.7571724,
              53.6969064
            ],
            [
              -1.757155,
              53.6969393
            ],
            [
              -1.7572631,
              53.6969593
            ]
          ]
        ]
      },
      "id": "way/990843283"
    },
    {
      "type": "Feature",
      "properties": {
        "@id": "way/991755605",
        "amenity": "cafe",
        "branch": "DriveThru",
        "brand": "Costa",
        "brand:wikidata": "Q608845",
        "brand:wikipedia": "en:Costa Coffee",
        "building": "yes",
        "building:levels": "1",
        "cuisine": "coffee_shop",
        "drive_through": "yes",
        "name": "Costa",
        "roof:colour": "grey",
        "takeaway": "yes"
      },
      "geometry": {
        "type": "Polygon",
        "coordinates": [
          [
            [
              -2.2615792,
              53.0815513
            ],
            [
              -2.2613736,
              53.0814137
            ],
            [
              -2.2612352,
              53.0814884
            ],
            [
              -2.2614407,
              53.081626
            ],
            [
              -2.2615792,
              53.0815513
            ]
          ]
        ]
      },
      "id": "way/991755605"
    },
    {
      "type": "Feature",
      "properties": {
        "@id": "way/992657198",
        "amenity": "cafe",
        "building": "yes",
        "cuisine": "coffee_shop",
        "source": "Bing"
      },
      "geometry": {
        "type": "Polygon",
        "coordinates": [
          [
            [
              -1.611123,
              53.2283975
            ],
            [
              -1.611123,
              53.2283629
            ],
            [
              -1.6110279,
              53.2283629
            ],
            [
              -1.6110279,
              53.2283975
            ],
            [
              -1.611123,
              53.2283975
            ]
          ]
        ]
      },
      "id": "way/992657198"
    },
    {
      "type": "Feature",
      "properties": {
        "@id": "way/993777043",
        "addr:city": "Brighouse",
        "addr:housenumber": "9",
        "addr:postcode": "HD6 1NY",
        "addr:street": "Lawson Road",
        "amenity": "cafe",
        "building": "yes",
        "cuisine": "coffee_shop",
        "name": "Good Karma Coffee House",
        "ref:GB:uprn": "10093209831",
        "website": "https://www.goodkarmacoffeehouse.co.uk/"
      },
      "geometry": {
        "type": "Polygon",
        "coordinates": [
          [
            [
              -1.7787314,
              53.7020509
            ],
            [
              -1.7787623,
              53.7020273
            ],
            [
              -1.7787444,
              53.7019562
            ],
            [
              -1.7786918,
              53.701932
            ],
            [
              -1.7786094,
              53.7019948
            ],
            [
              -1.7787314,
              53.7020509
            ]
          ]
        ]
      },
      "id": "way/993777043"
    },
    {
      "type": "Feature",
      "properties": {
        "@id": "way/995057352",
        "addr:city": "Brighouse",
        "addr:housenumber": "1",
        "addr:postcode": "HD6 1NX",
        "addr:street": "King Street",
        "amenity": "cafe",
        "building": "yes",
        "name": "Fratellis Caffe Bar",
        "phone": "+44 1484 717800",
        "website": "https://fratelliscaffebar.co.uk/"
      },
      "geometry": {
        "type": "Polygon",
        "coordinates": [
          [
            [
              -1.7790139,
              53.7025613
            ],
            [
              -1.7790215,
              53.7026178
            ],
            [
              -1.7790066,
              53.7026207
            ],
            [
              -1.7790175,
              53.702656
            ],
            [
              -1.7790916,
              53.7026541
            ],
            [
              -1.7790923,
              53.7025491
            ],
            [
              -1.7790139,
              53.7025613
            ]
          ]
        ]
      },
      "id": "way/995057352"
    },
    {
      "type": "Feature",
      "properties": {
        "@id": "way/995416577",
        "addr:city": "Stockport",
        "addr:housename": "Pizza Hut",
        "addr:postcode": "SK1 2ED",
        "addr:street": "Garfield Street",
        "amenity": "cafe",
        "brand": "Starbucks",
        "brand:wikidata": "Q37158",
        "building": "retail",
        "cuisine": "coffee_shop",
        "name": "Starbucks",
        "official_name": "Starbucks Coffee",
        "takeaway": "yes"
      },
      "geometry": {
        "type": "Polygon",
        "coordinates": [
          [
            [
              -2.1498211,
              53.4155084
            ],
            [
              -2.1496951,
              53.4156673
            ],
            [
              -2.1496502,
              53.4157284
            ],
            [
              -2.1496913,
              53.4157374
            ],
            [
              -2.1497165,
              53.415703
            ],
            [
              -2.1498937,
              53.4157392
            ],
            [
              -2.1499012,
              53.4157276
            ],
            [
              -2.149952,
              53.4157388
            ],
            [
              -2.1499653,
              53.4157176
            ],
            [
              -2.1499998,
              53.4157252
            ],
            [
              -2.1500481,
              53.415657
            ],
            [
              -2.1500095,
              53.415648
            ],
            [
              -2.1500669,
              53.4155671
            ],
            [
              -2.1498211,
              53.4155084
            ]
          ]
        ]
      },
      "id": "way/995416577"
    },
    {
      "type": "Feature",
      "properties": {
        "@id": "way/1005603265",
        "addr:city": "Brighouse",
        "addr:housenumber": "34",
        "addr:postcode": "HD6 1HT",
        "addr:street": "Gooder Lane",
        "addr:suburb": "Rastrick",
        "amenity": "cafe",
        "building": "yes",
        "name": "Cafe Rio",
        "outdoor_seating": "yes",
        "phone": "+44 1484 718085",
        "ref:GB:uprn": "10035034278"
      },
      "geometry": {
        "type": "Polygon",
        "coordinates": [
          [
            [
              -1.7818074,
              53.6976323
            ],
            [
              -1.7817394,
              53.6975824
            ],
            [
              -1.7816944,
              53.6976039
            ],
            [
              -1.7817625,
              53.6976537
            ],
            [
              -1.7818074,
              53.6976323
            ]
          ]
        ]
      },
      "id": "way/1005603265"
    },
    {
      "type": "Feature",
      "properties": {
        "@id": "way/1007289485",
        "addr:city": "Oldham",
        "addr:postcode": "OL8 3QR",
        "addr:street": "Olive Claydon Way",
        "addr:unit": "1",
        "amenity": "cafe",
        "brand": "Costa",
        "brand:wikidata": "Q608845",
        "building": "yes",
        "cuisine": "coffee_shop",
        "drive_through": "yes",
        "fhrs:id": "1424457",
        "internet_access": "wlan",
        "name": "Costa Drive Thru",
        "takeaway": "only"
      },
      "geometry": {
        "type": "Polygon",
        "coordinates": [
          [
            [
              -2.1427051,
              53.5177726
            ],
            [
              -2.1425257,
              53.5176765
            ],
            [
              -2.1423147,
              53.5178156
            ],
            [
              -2.1424941,
              53.5179117
            ],
            [
              -2.1427051,
              53.5177726
            ]
          ]
        ]
      },
      "id": "way/1007289485"
    },
    {
      "type": "Feature",
      "properties": {
        "@id": "way/1008212402",
        "amenity": "cafe",
        "building": "yes"
      },
      "geometry": {
        "type": "Polygon",
        "coordinates": [
          [
            [
              -1.4711301,
              53.301504
            ],
            [
              -1.471132,
              53.3013865
            ],
            [
              -1.4709981,
              53.301385
            ],
            [
              -1.4710007,
              53.3015038
            ],
            [
              -1.4711301,
              53.301504
            ]
          ]
        ]
      },
      "id": "way/1008212402"
    },
    {
      "type": "Feature",
      "properties": {
        "@id": "way/1009554497",
        "addr:housenumber": "64",
        "addr:street": "Chew Valley Road",
        "amenity": "cafe",
        "building": "yes",
        "building:levels": "1",
        "cuisine": "coffee_shop",
        "name": "Pick Me Up",
        "old_name": "Weaver & Wilde",
        "ref:GB:uprn": "422000060759",
        "takeaway": "only"
      },
      "geometry": {
        "type": "Polygon",
        "coordinates": [
          [
            [
              -2.0088667,
              53.5367488
            ],
            [
              -2.0089138,
              53.5367007
            ],
            [
              -2.0088925,
              53.5366943
            ],
            [
              -2.0087946,
              53.5367425
            ],
            [
              -2.0088555,
              53.5367602
            ],
            [
              -2.0088667,
              53.5367488
            ]
          ]
        ]
      },
      "id": "way/1009554497"
    },
    {
      "type": "Feature",
      "properties": {
        "@id": "way/1010179149",
        "amenity": "cafe",
        "name": "Dronfield Leisure Centre Cafe"
      },
      "geometry": {
        "type": "Polygon",
        "coordinates": [
          [
            [
              -1.476324,
              53.3010557
            ],
            [
              -1.4762665,
              53.300962
            ],
            [
              -1.4761203,
              53.3009939
            ],
            [
              -1.4761777,
              53.3010877
            ],
            [
              -1.476324,
              53.3010557
            ]
          ]
        ]
      },
      "id": "way/1010179149"
    },
    {
      "type": "Feature",
      "properties": {
        "@id": "way/1013521493",
        "amenity": "cafe",
        "building": "yes",
        "takeaway": "only"
      },
      "geometry": {
        "type": "Polygon",
        "coordinates": [
          [
            [
              -1.6110605,
              53.2285354
            ],
            [
              -1.6110602,
              53.2285496
            ],
            [
              -1.6110927,
              53.2285499
            ],
            [
              -1.611093,
              53.2285356
            ],
            [
              -1.6111685,
              53.2285362
            ],
            [
              -1.6111682,
              53.2285493
            ],
            [
              -1.6112042,
              53.2285497
            ],
            [
              -1.6112045,
              53.2285364
            ],
            [
              -1.6112057,
              53.2284864
            ],
            [
              -1.6110435,
              53.228485
            ],
            [
              -1.6110422,
              53.2285353
            ],
            [
              -1.6110605,
              53.2285354
            ]
          ]
        ]
      },
      "id": "way/1013521493"
    },
    {
      "type": "Feature",
      "properties": {
        "@id": "way/1019396432",
        "addr:city": "Belper",
        "addr:postcode": "DE56 2GN",
        "addr:street": "Toadmoor Lane",
        "addr:village": "Ambergate",
        "amenity": "cafe",
        "building": "yes",
        "contact:facebook": "https://www.facebook.com/ambergatechipshop/",
        "fhrs:id": "198201",
        "name": "Ambergate Chip Shop",
        "phone": "+44 1773 857631",
        "ref:GB:uprn": "10009830416",
        "takeaway": "yes"
      },
      "geometry": {
        "type": "Polygon",
        "coordinates": [
          [
            [
              -1.4815659,
              53.0549881
            ],
            [
              -1.4814981,
              53.0549249
            ],
            [
              -1.4814447,
              53.0549573
            ],
            [
              -1.4815053,
              53.055012
            ],
            [
              -1.4815659,
              53.0549881
            ]
          ]
        ]
      },
      "id": "way/1019396432"
    },
    {
      "type": "Feature",
      "properties": {
        "@id": "way/1026198332",
        "amenity": "cafe",
        "building": "roof",
        "layer": "1"
      },
      "geometry": {
        "type": "Polygon",
        "coordinates": [
          [
            [
              -1.9244909,
              53.0610198
            ],
            [
              -1.9245637,
              53.0609313
            ],
            [
              -1.9244852,
              53.060908
            ],
            [
              -1.9244124,
              53.0609964
            ],
            [
              -1.9244909,
              53.0610198
            ]
          ]
        ]
      },
      "id": "way/1026198332"
    },
    {
      "type": "Feature",
      "properties": {
        "@id": "way/1026353397",
        "addr:city": "Ripley",
        "addr:housenumber": "33",
        "addr:postcode": "DE5 3AH",
        "addr:street": "Oxford Street",
        "amenity": "cafe",
        "building": "yes",
        "fhrs:id": "1246",
        "name": "Montys Cafe"
      },
      "geometry": {
        "type": "Polygon",
        "coordinates": [
          [
            [
              -1.405065,
              53.0497874
            ],
            [
              -1.4050238,
              53.0497132
            ],
            [
              -1.4049793,
              53.0497222
            ],
            [
              -1.4049623,
              53.0496916
            ],
            [
              -1.4049185,
              53.0497004
            ],
            [
              -1.4049766,
              53.0498051
            ],
            [
              -1.405065,
              53.0497874
            ]
          ]
        ]
      },
      "id": "way/1026353397"
    },
    {
      "type": "Feature",
      "properties": {
        "@id": "way/1026353398",
        "addr:city": "Ripley",
        "addr:housenumber": "31",
        "addr:postcode": "DE5 3AH",
        "addr:street": "Oxford Street",
        "amenity": "cafe",
        "building": "yes",
        "fhrs:id": "18291",
        "name": "The Tea Room",
        "old_name": "Sashas Salads"
      },
      "geometry": {
        "type": "Polygon",
        "coordinates": [
          [
            [
              -1.4051415,
              53.0497726
            ],
            [
              -1.4050953,
              53.0496929
            ],
            [
              -1.4050739,
              53.0496973
            ],
            [
              -1.4050556,
              53.0496658
            ],
            [
              -1.4050039,
              53.0496773
            ],
            [
              -1.4050238,
              53.0497132
            ],
            [
              -1.405065,
              53.0497874
            ],
            [
              -1.4051415,
              53.0497726
            ]
          ]
        ]
      },
      "id": "way/1026353398"
    },
    {
      "type": "Feature",
      "properties": {
        "@id": "way/1026354434",
        "addr:city": "Ripley",
        "addr:housenumber": "51",
        "addr:postcode": "DE5 3AH",
        "addr:street": "Oxford Street",
        "amenity": "cafe",
        "building": "yes",
        "fhrs:id": "1249",
        "name": "Coffee N Beans"
      },
      "geometry": {
        "type": "Polygon",
        "coordinates": [
          [
            [
              -1.4042458,
              53.0498188
            ],
            [
              -1.4042262,
              53.0498227
            ],
            [
              -1.4041877,
              53.0497535
            ],
            [
              -1.4041225,
              53.0497666
            ],
            [
              -1.4041509,
              53.0498179
            ],
            [
              -1.4042236,
              53.0499487
            ],
            [
              -1.4042274,
              53.0499555
            ],
            [
              -1.4043123,
              53.0499384
            ],
            [
              -1.4042458,
              53.0498188
            ]
          ]
        ]
      },
      "id": "way/1026354434"
    },
    {
      "type": "Feature",
      "properties": {
        "@id": "way/1026733447",
        "addr:city": "Ripley",
        "addr:housenumber": "5-7",
        "addr:postcode": "DE5 3AB",
        "addr:street": "High Street",
        "amenity": "cafe",
        "building": "yes",
        "fhrs:id": "494254",
        "name": "Brown Bear Cafe"
      },
      "geometry": {
        "type": "Polygon",
        "coordinates": [
          [
            [
              -1.4063352,
              53.0496262
            ],
            [
              -1.4062844,
              53.0496342
            ],
            [
              -1.4063071,
              53.049691
            ],
            [
              -1.4063463,
              53.049687
            ],
            [
              -1.4063352,
              53.0496262
            ]
          ]
        ]
      },
      "id": "way/1026733447"
    },
    {
      "type": "Feature",
      "properties": {
        "@id": "way/1026757426",
        "addr:city": "Ripley",
        "addr:housenumber": "34A",
        "addr:postcode": "DE5 3AP",
        "addr:street": "Oxford Street",
        "amenity": "cafe",
        "building": "retail",
        "contact:facebook": "https://www.facebook.com/brownbearripley",
        "cuisine": "coffee_shop",
        "fhrs:id": "1721551",
        "name": "The Brown Bear",
        "opening_hours": "Mo 09:30-15:00; We-Sa 09:30-15:00",
        "phone": "+44 1773 462449",
        "website": "https://www.thebrownbearcoffeeshop.co.uk/"
      },
      "geometry": {
        "type": "Polygon",
        "coordinates": [
          [
            [
              -1.4049885,
              53.0498869
            ],
            [
              -1.4049623,
              53.0498919
            ],
            [
              -1.4049257,
              53.0498989
            ],
            [
              -1.4048916,
              53.0499054
            ],
            [
              -1.4049757,
              53.05008
            ],
            [
              -1.404997,
              53.0500763
            ],
            [
              -1.4050108,
              53.0501051
            ],
            [
              -1.4050864,
              53.050092
            ],
            [
              -1.4049885,
              53.0498869
            ]
          ]
        ]
      },
      "id": "way/1026757426"
    },
    {
      "type": "Feature",
      "properties": {
        "@id": "way/1026757428",
        "addr:city": "Ripley",
        "addr:housenumber": "30",
        "addr:postcode": "DE5 3AP",
        "addr:street": "Oxford Street",
        "amenity": "cafe",
        "brand": "Costa",
        "brand:wikidata": "Q608845",
        "brand:wikipedia": "en:Costa Coffee",
        "building": "yes",
        "cuisine": "coffee_shop",
        "fhrs:id": "1015054",
        "name": "Costa",
        "not:addr:postcode": "DE5 3AJ",
        "takeaway": "yes"
      },
      "geometry": {
        "type": "Polygon",
        "coordinates": [
          [
            [
              -1.405332,
              53.0500672
            ],
            [
              -1.4052251,
              53.0498418
            ],
            [
              -1.4050987,
              53.0498659
            ],
            [
              -1.4052046,
              53.0500894
            ],
            [
              -1.405332,
              53.0500672
            ]
          ]
        ]
      },
      "id": "way/1026757428"
    },
    {
      "type": "Feature",
      "properties": {
        "@id": "way/1026766074",
        "addr:city": "Ripley",
        "addr:housenumber": "44",
        "addr:postcode": "DE5 3AP",
        "addr:street": "Oxford Street",
        "amenity": "cafe",
        "building": "yes",
        "name": "Amber",
        "old_fhrs:id": "1012362"
      },
      "geometry": {
        "type": "Polygon",
        "coordinates": [
          [
            [
              -1.4042362,
              53.0501109
            ],
            [
              -1.4041989,
              53.0500358
            ],
            [
              -1.404138,
              53.0500477
            ],
            [
              -1.4041752,
              53.050122
            ],
            [
              -1.4042362,
              53.0501109
            ]
          ]
        ]
      },
      "id": "way/1026766074"
    },
    {
      "type": "Feature",
      "properties": {
        "@id": "way/1026766075",
        "addr:city": "Ripley",
        "addr:housenumber": "42",
        "addr:postcode": "DE5 3AP",
        "addr:street": "Oxford Street",
        "amenity": "cafe",
        "building": "retail",
        "contact:facebook": "https://www.facebook.com/people/Honey-Bee-Bistro/100068364295002/",
        "fhrs:id": "865604",
        "name": "Honey Bee's"
      },
      "geometry": {
        "type": "Polygon",
        "coordinates": [
          [
            [
              -1.404304,
              53.0500153
            ],
            [
              -1.4041989,
              53.0500358
            ],
            [
              -1.4042362,
              53.0501109
            ],
            [
              -1.4042736,
              53.0501041
            ],
            [
              -1.4043095,
              53.0501752
            ],
            [
              -1.4043314,
              53.0501712
            ],
            [
              -1.4043513,
              53.0502107
            ],
            [
              -1.4043981,
              53.0502022
            ],
            [
              -1.404304,
              53.0500153
            ]
          ]
        ]
      },
      "id": "way/1026766075"
    },
    {
      "type": "Feature",
      "properties": {
        "@id": "way/1026811938",
        "addr:city": "Ripley",
        "addr:housenumber": "26-28",
        "addr:postcode": "DE5 3JF",
        "addr:street": "Grosvenor Road",
        "amenity": "cafe",
        "building": "yes",
        "cuisine": "dessert",
        "fhrs:id": "1619942",
        "name": "Monmos Desserts"
      },
      "geometry": {
        "type": "Polygon",
        "coordinates": [
          [
            [
              -1.4054469,
              53.0502201
            ],
            [
              -1.4054126,
              53.0501581
            ],
            [
              -1.4052859,
              53.0501835
            ],
            [
              -1.4053202,
              53.0502454
            ],
            [
              -1.4054469,
              53.0502201
            ]
          ]
        ]
      },
      "id": "way/1026811938"
    },
    {
      "type": "Feature",
      "properties": {
        "@id": "way/1026970382",
        "addr:city": "Ripley",
        "addr:housenumber": "4",
        "addr:postcode": "DE5 3FJ",
        "addr:street": "Market Place",
        "amenity": "cafe",
        "building": "yes",
        "fhrs:id": "21559",
        "name": "Market Place Cafe"
      },
      "geometry": {
        "type": "Polygon",
        "coordinates": [
          [
            [
              -1.4070682,
              53.0505407
            ],
            [
              -1.4070501,
              53.0504967
            ],
            [
              -1.4068238,
              53.0505389
            ],
            [
              -1.4068426,
              53.0505829
            ],
            [
              -1.4070682,
              53.0505407
            ]
          ]
        ]
      },
      "id": "way/1026970382"
    },
    {
      "type": "Feature",
      "properties": {
        "@id": "way/1028112235",
        "addr:city": "Sheffield",
        "addr:housenumber": "957",
        "addr:postcode": "S11 8TN",
        "addr:street": "Ecclesall Road",
        "amenity": "cafe",
        "building": "yes",
        "fhrs:id": "438008",
        "name": "Fired Arts",
        "source:addr": "FHRS Open Data"
      },
      "geometry": {
        "type": "Polygon",
        "coordinates": [
          [
            [
              -1.5081332,
              53.3619123
            ],
            [
              -1.5081357,
              53.3618655
            ],
            [
              -1.507992,
              53.3618612
            ],
            [
              -1.507989,
              53.3619049
            ],
            [
              -1.5081332,
              53.3619123
            ]
          ]
        ]
      },
      "id": "way/1028112235"
    },
    {
      "type": "Feature",
      "properties": {
        "@id": "way/1028116745",
        "addr:city": "Ripley",
        "addr:housenumber": "20",
        "addr:postcode": "DE5 3BU",
        "addr:street": "Church Street",
        "amenity": "cafe",
        "building": "yes",
        "fhrs:id": "1656617",
        "name": "Booboo Desserts Bubble Tea",
        "old_name": "Jenny's Lingerie",
        "source": "Bing;photograph"
      },
      "geometry": {
        "type": "Polygon",
        "coordinates": [
          [
            [
              -1.4056626,
              53.0509838
            ],
            [
              -1.4056177,
              53.050873
            ],
            [
              -1.4055682,
              53.0508802
            ],
            [
              -1.4055841,
              53.0509193
            ],
            [
              -1.4055538,
              53.0509238
            ],
            [
              -1.4055829,
              53.0509955
            ],
            [
              -1.4056626,
              53.0509838
            ]
          ]
        ]
      },
      "id": "way/1028116745"
    },
    {
      "type": "Feature",
      "properties": {
        "@id": "way/1029043854",
        "addr:city": "Sheffield",
        "addr:housenumber": "778-780",
        "addr:postcode": "S11 8TB",
        "addr:street": "Ecclesall Road",
        "amenity": "cafe",
        "building": "yes",
        "fhrs:id": "1348838",
        "name": "Dysh",
        "source:addr": "FHRS Open Data"
      },
      "geometry": {
        "type": "Polygon",
        "coordinates": [
          [
            [
              -1.5077543,
              53.365604
            ],
            [
              -1.5077721,
              53.3655766
            ],
            [
              -1.5078116,
              53.3655849
            ],
            [
              -1.5078396,
              53.3655376
            ],
            [
              -1.507659,
              53.3654994
            ],
            [
              -1.5076157,
              53.3655747
            ],
            [
              -1.5077543,
              53.365604
            ]
          ]
        ]
      },
      "id": "way/1029043854"
    },
    {
      "type": "Feature",
      "properties": {
        "@id": "way/1029260488",
        "addr:city": "Ripley",
        "addr:housenumber": "28",
        "addr:postcode": "DE5 3DJ",
        "addr:street": "Nottingham Road",
        "amenity": "cafe",
        "building": "yes",
        "fhrs:id": "1230",
        "name": "Cafe Rossa",
        "ref:GB:uprn": "100032238915"
      },
      "geometry": {
        "type": "Polygon",
        "coordinates": [
          [
            [
              -1.4034182,
              53.0503549
            ],
            [
              -1.4035457,
              53.0503524
            ],
            [
              -1.4035271,
              53.0502517
            ],
            [
              -1.4034362,
              53.0502585
            ],
            [
              -1.403427,
              53.0502129
            ],
            [
              -1.4035187,
              53.0502058
            ],
            [
              -1.4035145,
              53.0501838
            ],
            [
              -1.4034348,
              53.0501911
            ],
            [
              -1.4034337,
              53.0501862
            ],
            [
              -1.4033972,
              53.0501895
            ],
            [
              -1.4033842,
              53.0501907
            ],
            [
              -1.4033865,
              53.0501996
            ],
            [
              -1.4033992,
              53.0502598
            ],
            [
              -1.4034182,
              53.0503549
            ]
          ]
        ]
      },
      "id": "way/1029260488"
    },
    {
      "type": "Feature",
      "properties": {
        "@id": "way/1030111350",
        "addr:city": "Sheffield",
        "addr:housenumber": "507",
        "addr:postcode": "S2 2BS",
        "addr:street": "Gleadless Road",
        "amenity": "cafe",
        "building:part": "yes",
        "name": "Momma Katz"
      },
      "geometry": {
        "type": "Polygon",
        "coordinates": [
          [
            [
              -1.4491215,
              53.3561333
            ],
            [
              -1.4491818,
              53.356169
            ],
            [
              -1.4493339,
              53.3560707
            ],
            [
              -1.4492763,
              53.356037
            ],
            [
              -1.4491215,
              53.3561333
            ]
          ]
        ]
      },
      "id": "way/1030111350"
    },
    {
      "type": "Feature",
      "properties": {
        "@id": "way/1031325960",
        "addr:city": "Dronfield",
        "addr:postcode": "S18 7TD",
        "addr:street": "Hackney Lane",
        "addr:village": "Barlow",
        "amenity": "cafe",
        "building": "yes",
        "fhrs:id": "351559",
        "name": "Hackney House Gifts & Cafe",
        "source:addr": "FHRS Open Data"
      },
      "geometry": {
        "type": "Polygon",
        "coordinates": [
          [
            [
              -1.4846457,
              53.2675776
            ],
            [
              -1.4846265,
              53.2676201
            ],
            [
              -1.4846202,
              53.2676342
            ],
            [
              -1.4846945,
              53.2677666
            ],
            [
              -1.4848286,
              53.2677396
            ],
            [
              -1.4847872,
              53.2676658
            ],
            [
              -1.4847527,
              53.2676727
            ],
            [
              -1.4847046,
              53.2675871
            ],
            [
              -1.4846457,
              53.2675776
            ]
          ]
        ]
      },
      "id": "way/1031325960"
    },
    {
      "type": "Feature",
      "properties": {
        "@id": "way/1032019441",
        "addr:city": "Brighouse",
        "addr:housenumber": "9",
        "addr:postcode": "HD6 1HF",
        "addr:street": "Gooder Lane",
        "amenity": "cafe",
        "building": "yes",
        "name": "Station Cafe",
        "phone": "+44 1484 713701",
        "ref:GB:uprn": "100051298433;100051298432;100051996322"
      },
      "geometry": {
        "type": "Polygon",
        "coordinates": [
          [
            [
              -1.7795135,
              53.698409
            ],
            [
              -1.7796608,
              53.6983379
            ],
            [
              -1.7795337,
              53.6983202
            ],
            [
              -1.7794489,
              53.6983597
            ],
            [
              -1.7795135,
              53.698409
            ]
          ]
        ]
      },
      "id": "way/1032019441"
    },
    {
      "type": "Feature",
      "properties": {
        "@id": "way/1032045422",
        "addr:city": "Sheffield",
        "addr:housename": "Berkeley Precinct",
        "addr:housenumber": "451",
        "addr:postcode": "S11 8PN",
        "addr:street": "Ecclesall Road",
        "addr:unit": "15,16",
        "amenity": "cafe",
        "brand": "Costa",
        "brand:wikidata": "Q608845",
        "brand:wikipedia": "en:Costa Coffee",
        "building": "yes",
        "cuisine": "coffee_shop",
        "fhrs:id": "437082",
        "name": "Costa",
        "outdoor_seating": "yes",
        "takeaway": "yes"
      },
      "geometry": {
        "type": "Polygon",
        "coordinates": [
          [
            [
              -1.4941823,
              53.3689765
            ],
            [
              -1.4940588,
              53.3688379
            ],
            [
              -1.4940544,
              53.368833
            ],
            [
              -1.4939179,
              53.3688757
            ],
            [
              -1.4940442,
              53.3690194
            ],
            [
              -1.4941823,
              53.3689765
            ]
          ]
        ]
      },
      "id": "way/1032045422"
    },
    {
      "type": "Feature",
      "properties": {
        "@id": "way/1032875122",
        "addr:city": "Oldham",
        "addr:country": "GB",
        "addr:housename": "Greene's House At The Park",
        "addr:postcode": "OL3 6BA",
        "addr:street": "Wade Row",
        "addr:village": "Uppermill",
        "amenity": "cafe",
        "building": "retail",
        "building:levels": "1",
        "building:material": "stone",
        "ice_cream": "yes",
        "name": "Greene's Bistro & Parlour",
        "opening_hours": "Mo-Su 09:00-17:00",
        "operator": "Grandpa Greene's",
        "phone": "+441457872547",
        "ref:GB:uprn": "422000124718",
        "roof:shape": "flat",
        "takeaway": "yes",
        "website": "https://grandpagreenes.co.uk/bistro"
      },
      "geometry": {
        "type": "Polygon",
        "coordinates": [
          [
            [
              -2.0065187,
              53.5489552
            ],
            [
              -2.0065435,
              53.5489345
            ],
            [
              -2.0065569,
              53.5489402
            ],
            [
              -2.0065696,
              53.5489456
            ],
            [
              -2.0066219,
              53.5489019
            ],
            [
              -2.006499,
              53.5488498
            ],
            [
              -2.0064603,
              53.5488821
            ],
            [
              -2.0064219,
              53.5489141
            ],
            [
              -2.0065187,
              53.5489552
            ]
          ]
        ]
      },
      "id": "way/1032875122"
    },
    {
      "type": "Feature",
      "properties": {
        "@id": "way/1034567314",
        "addr:city": "Sheffield",
        "addr:housenumber": "237-239",
        "addr:postcode": "S11 7PU",
        "addr:street": "Ringinglow Road",
        "amenity": "cafe",
        "building": "yes",
        "fhrs:id": "1519833",
        "name": "Kringle",
        "ref:GB:uprn": "100052084047",
        "source:addr": "FHRS Open Data"
      },
      "geometry": {
        "type": "Polygon",
        "coordinates": [
          [
            [
              -1.5266763,
              53.3550252
            ],
            [
              -1.5265841,
              53.3549029
            ],
            [
              -1.5265264,
              53.3549184
            ],
            [
              -1.5265744,
              53.3549821
            ],
            [
              -1.5266185,
              53.3550408
            ],
            [
              -1.5266763,
              53.3550252
            ]
          ]
        ]
      },
      "id": "way/1034567314"
    },
    {
      "type": "Feature",
      "properties": {
        "@id": "way/1036044400",
        "addr:city": "Brighouse",
        "addr:street": "Grove Street",
        "amenity": "cafe",
        "building": "yes",
        "cuisine": "breakfast",
        "name": "Ruby's Cafe"
      },
      "geometry": {
        "type": "Polygon",
        "coordinates": [
          [
            [
              -1.7749189,
              53.7012349
            ],
            [
              -1.7749371,
              53.7012109
            ],
            [
              -1.7748035,
              53.7011755
            ],
            [
              -1.7747853,
              53.7011996
            ],
            [
              -1.7749189,
              53.7012349
            ]
          ]
        ]
      },
      "id": "way/1036044400"
    },
    {
      "type": "Feature",
      "properties": {
        "@id": "way/1036995784",
        "addr:city": "Sheffield",
        "addr:housename": "Sellers Wheel",
        "addr:housenumber": "149",
        "addr:postcode": "S1 2NU",
        "addr:street": "Arundel Street",
        "amenity": "cafe",
        "building": "yes",
        "check_date": "2026-02-22",
        "cuisine": "coffee_shop",
        "fhrs:id": "696804",
        "name": "Tamper"
      },
      "geometry": {
        "type": "Polygon",
        "coordinates": [
          [
            [
              -1.4675829,
              53.3774607
            ],
            [
              -1.4676422,
              53.3774073
            ],
            [
              -1.4675683,
              53.377378
            ],
            [
              -1.467286,
              53.3772663
            ],
            [
              -1.4672268,
              53.3773198
            ],
            [
              -1.4675829,
              53.3774607
            ]
          ]
        ]
      },
      "id": "way/1036995784"
    },
    {
      "type": "Feature",
      "properties": {
        "@id": "way/1037185506",
        "addr:city": "Sheffield",
        "addr:housename": "City Centre",
        "addr:housenumber": "27",
        "addr:postcode": "S1 2GA",
        "addr:street": "High Street",
        "amenity": "cafe",
        "building:part": "yes",
        "cuisine": "bubble_tea",
        "fhrs:id": "1567088",
        "name": "Babit's",
        "source:addr": "FHRS Open Data"
      },
      "geometry": {
        "type": "Polygon",
        "coordinates": [
          [
            [
              -1.46758,
              53.3830379
            ],
            [
              -1.4676179,
              53.3830387
            ],
            [
              -1.4676222,
              53.3830142
            ],
            [
              -1.4676026,
              53.3829079
            ],
            [
              -1.46755,
              53.3829205
            ],
            [
              -1.4675646,
              53.3829455
            ],
            [
              -1.46758,
              53.3830379
            ]
          ]
        ]
      },
      "id": "way/1037185506"
    },
    {
      "type": "Feature",
      "properties": {
        "@id": "way/1038038880",
        "addr:city": "Sheffield",
        "addr:housenumber": "6",
        "addr:postcode": "S6 4GY",
        "addr:street": "Middlewood Road",
        "amenity": "cafe",
        "building": "yes",
        "cuisine": "coffee_shop",
        "fhrs:id": "1076780",
        "name": "Coffee Boo"
      },
      "geometry": {
        "type": "Polygon",
        "coordinates": [
          [
            [
              -1.5014753,
              53.4029236
            ],
            [
              -1.5015739,
              53.4028509
            ],
            [
              -1.5015129,
              53.4028225
            ],
            [
              -1.5014177,
              53.4028958
            ],
            [
              -1.5014753,
              53.4029236
            ]
          ]
        ]
      },
      "id": "way/1038038880"
    },
    {
      "type": "Feature",
      "properties": {
        "@id": "way/1038038881",
        "addr:city": "Sheffield",
        "addr:housenumber": "4",
        "addr:street": "Middlewood Road",
        "amenity": "cafe",
        "building": "yes",
        "cuisine": "potatoes;pies",
        "name": "The Potato and Pie shop",
        "outdoor_seating": "no"
      },
      "geometry": {
        "type": "Polygon",
        "coordinates": [
          [
            [
              -1.5014177,
              53.4028958
            ],
            [
              -1.5015129,
              53.4028225
            ],
            [
              -1.501445,
              53.402791
            ],
            [
              -1.5013544,
              53.4028598
            ],
            [
              -1.5013755,
              53.4028702
            ],
            [
              -1.5013321,
              53.4029036
            ],
            [
              -1.5013792,
              53.4029253
            ],
            [
              -1.5014177,
              53.4028958
            ]
          ]
        ]
      },
      "id": "way/1038038881"
    },
    {
      "type": "Feature",
      "properties": {
        "@id": "way/1038804150",
        "addr:city": "Sheffield",
        "addr:housenumber": "277-279",
        "addr:postcode": "S11 8NX",
        "addr:street": "Ecclesall Road",
        "amenity": "cafe",
        "building": "yes",
        "fhrs:id": "436388",
        "name": "Copa Caffè",
        "opening_hours": "Mo-Fr 08:00-17:00; Sa,Su 09:00-17:00"
      },
      "geometry": {
        "type": "Polygon",
        "coordinates": [
          [
            [
              -1.4879248,
              53.3715349
            ],
            [
              -1.488046,
              53.371497
            ],
            [
              -1.4879679,
              53.3714062
            ],
            [
              -1.4879403,
              53.3713765
            ],
            [
              -1.4879237,
              53.3713817
            ],
            [
              -1.4878636,
              53.3713138
            ],
            [
              -1.4877768,
              53.3713412
            ],
            [
              -1.4878202,
              53.3713902
            ],
            [
              -1.4878011,
              53.3713959
            ],
            [
              -1.4879248,
              53.3715349
            ]
          ]
        ]
      },
      "id": "way/1038804150"
    },
    {
      "type": "Feature",
      "properties": {
        "@id": "way/1040200356",
        "amenity": "cafe",
        "brand": "Costa",
        "brand:wikidata": "Q608845",
        "brand:wikipedia": "en:Costa Coffee",
        "building": "yes",
        "cuisine": "coffee_shop",
        "name": "Costa",
        "opening_hours": "Mo-Fr 06:00-20:00; Sa 07:00-19:00; Su 07:30-18:00",
        "takeaway": "yes"
      },
      "geometry": {
        "type": "Polygon",
        "coordinates": [
          [
            [
              -1.467372,
              53.3280125
            ],
            [
              -1.4671921,
              53.328101
            ],
            [
              -1.4673573,
              53.3282217
            ],
            [
              -1.4675363,
              53.3281343
            ],
            [
              -1.467372,
              53.3280125
            ]
          ]
        ]
      },
      "id": "way/1040200356"
    },
    {
      "type": "Feature",
      "properties": {
        "@id": "way/1040827358",
        "addr:city": "Bradford",
        "addr:housename": "Apperley Bridge Marina",
        "addr:postcode": "BD10 0UR",
        "addr:street": "Waterfront Mews",
        "addr:suburb": "Apperley Bridge",
        "amenity": "cafe",
        "building": "yes",
        "fhrs:id": "778452",
        "name": "Marina View Coffee Shop",
        "ref:GB:uprn": "200004702086",
        "source:addr": "FHRS Open Data"
      },
      "geometry": {
        "type": "Polygon",
        "coordinates": [
          [
            [
              -1.7108017,
              53.836018
            ],
            [
              -1.7108748,
              53.8359041
            ],
            [
              -1.7107436,
              53.8358748
            ],
            [
              -1.7106706,
              53.8359887
            ],
            [
              -1.7108017,
              53.836018
            ]
          ]
        ]
      },
      "id": "way/1040827358"
    },
    {
      "type": "Feature",
      "properties": {
        "@id": "way/1044349422",
        "addr:city": "Sheffield",
        "addr:housenumber": "82",
        "addr:postcode": "S7 2EF",
        "addr:street": "Montrose Road",
        "amenity": "cafe",
        "building": "yes",
        "fhrs:id": "505618",
        "name": "Away We Go",
        "opening_hours": "Tu-Sa 09:00-20:00; Su 09:00-13:30",
        "ref:GB:uprn": "100052109721"
      },
      "geometry": {
        "type": "Polygon",
        "coordinates": [
          [
            [
              -1.5014171,
              53.3534354
            ],
            [
              -1.5015057,
              53.3534472
            ],
            [
              -1.5015357,
              53.3533663
            ],
            [
              -1.5014471,
              53.3533546
            ],
            [
              -1.5014171,
              53.3534354
            ]
          ]
        ]
      },
      "id": "way/1044349422"
    },
    {
      "type": "Feature",
      "properties": {
        "@id": "way/1044499889",
        "addr:city": "Sheffield",
        "addr:housenumber": "1",
        "addr:postcode": "S10 4GA",
        "addr:street": "Brooklands Avenue",
        "amenity": "cafe",
        "building": "yes",
        "cuisine": "coffee_shop",
        "fhrs:id": "1080879",
        "name": "The Coffee Rooms"
      },
      "geometry": {
        "type": "Polygon",
        "coordinates": [
          [
            [
              -1.5454341,
              53.3637682
            ],
            [
              -1.5453388,
              53.3637882
            ],
            [
              -1.5453835,
              53.363868
            ],
            [
              -1.5454779,
              53.3638481
            ],
            [
              -1.5454341,
              53.3637682
            ]
          ]
        ]
      },
      "id": "way/1044499889"
    },
    {
      "type": "Feature",
      "properties": {
        "@id": "way/1046242094",
        "addr:city": "Sheffield",
        "addr:housename": "Kilner Retail Park",
        "addr:postcode": "S6 1NN",
        "addr:street": "Kilner Way",
        "addr:unit": "3B",
        "amenity": "cafe",
        "brand": "Costa",
        "brand:wikidata": "Q608845",
        "brand:wikipedia": "en:Costa Coffee",
        "building": "yes",
        "cuisine": "coffee_shop",
        "fhrs:id": "907588",
        "name": "Costa",
        "takeaway": "yes"
      },
      "geometry": {
        "type": "Polygon",
        "coordinates": [
          [
            [
              -1.4962253,
              53.4188597
            ],
            [
              -1.4958611,
              53.4189893
            ],
            [
              -1.4959097,
              53.4190419
            ],
            [
              -1.4962806,
              53.4189103
            ],
            [
              -1.4962253,
              53.4188597
            ]
          ]
        ]
      },
      "id": "way/1046242094"
    },
    {
      "type": "Feature",
      "properties": {
        "@id": "way/1046300482",
        "amenity": "cafe",
        "contact:facebook": "https://www.facebook.com/profile.php?id=100057310305998",
        "cuisine": "coffee_shop",
        "delivery": "no",
        "diet:vegetarian": "yes",
        "name": "The Watering Can Tea Room",
        "opening_hours": "Mo-Fr 09:00-17:00",
        "outdoor_seating": "yes",
        "payment:contactless": "yes",
        "payment:mastercard": "yes",
        "payment:postfinance_card": "no",
        "payment:visa": "yes",
        "payment:visa_debit": "yes",
        "phone": "+44 1274 496270",
        "takeaway": "yes",
        "wheelchair": "limited"
      },
      "geometry": {
        "type": "Polygon",
        "coordinates": [
          [
            [
              -1.8302148,
              53.8198021
            ],
            [
              -1.8302343,
              53.8197718
            ],
            [
              -1.8301905,
              53.8197619
            ],
            [
              -1.830171,
              53.8197923
            ],
            [
              -1.8302148,
              53.8198021
            ]
          ]
        ]
      },
      "id": "way/1046300482"
    },
    {
      "type": "Feature",
      "properties": {
        "@id": "way/1047620250",
        "addr:city": "Sheffield",
        "addr:housenumber": "824",
        "addr:postcode": "S5 0QG",
        "addr:street": "Barnsley Road",
        "amenity": "cafe",
        "brand": "Costa",
        "brand:wikidata": "Q608845",
        "brand:wikipedia": "en:Costa Coffee",
        "building": "yes",
        "cuisine": "coffee_shop",
        "fhrs:id": "1080883",
        "name": "Costa",
        "ref:GB:uprn": "10094516209",
        "takeaway": "yes"
      },
      "geometry": {
        "type": "Polygon",
        "coordinates": [
          [
            [
              -1.4548028,
              53.4225335
            ],
            [
              -1.4548081,
              53.4224337
            ],
            [
              -1.4546462,
              53.4224335
            ],
            [
              -1.4546418,
              53.4225547
            ],
            [
              -1.4548028,
              53.4225335
            ]
          ]
        ]
      },
      "id": "way/1047620250"
    },
    {
      "type": "Feature",
      "properties": {
        "@id": "way/1049142672",
        "addr:city": "Sheffield",
        "addr:country": "GB",
        "addr:housename": "Ford House",
        "addr:housenumber": "4",
        "addr:postcode": "S36 2AD",
        "addr:street": "Fox Valley Way",
        "addr:town": "Stocksbridge",
        "addr:unit": "3A",
        "amenity": "cafe",
        "brand": "Costa",
        "brand:wikidata": "Q608845",
        "brand:wikipedia": "en:Costa Coffee",
        "building": "yes",
        "cuisine": "coffee_shop",
        "fhrs:id": "942645",
        "name": "Costa",
        "ref:GB:uprn": "10091732733",
        "takeaway": "yes"
      },
      "geometry": {
        "type": "Polygon",
        "coordinates": [
          [
            [
              -1.5862594,
              53.4822656
            ],
            [
              -1.5862855,
              53.4821529
            ],
            [
              -1.5859531,
              53.482125
            ],
            [
              -1.5853677,
              53.4820746
            ],
            [
              -1.5853405,
              53.4821866
            ],
            [
              -1.5862594,
              53.4822656
            ]
          ]
        ]
      },
      "id": "way/1049142672"
    },
    {
      "type": "Feature",
      "properties": {
        "@id": "way/1049172160",
        "addr:city": "Sheffield",
        "addr:housenumber": "872",
        "addr:postcode": "S8 0SH",
        "addr:street": "Chesterfield Road",
        "amenity": "cafe",
        "brand": "Costa",
        "brand:wikidata": "Q608845",
        "brand:wikipedia": "en:Costa Coffee",
        "building": "yes",
        "cuisine": "coffee_shop",
        "fhrs:id": "907571",
        "name": "Costa",
        "opening_hours": "Mo-Sa 07:00-17:30; Su 08:00-17:00",
        "ref:GB:uprn": "10093469283",
        "takeaway": "yes"
      },
      "geometry": {
        "type": "Polygon",
        "coordinates": [
          [
            [
              -1.4794747,
              53.3403253
            ],
            [
              -1.4796383,
              53.3403754
            ],
            [
              -1.4796471,
              53.340378
            ],
            [
              -1.4797302,
              53.3402812
            ],
            [
              -1.4795686,
              53.3402317
            ],
            [
              -1.4795517,
              53.3402266
            ],
            [
              -1.4794686,
              53.3403234
            ],
            [
              -1.4794747,
              53.3403253
            ]
          ]
        ]
      },
      "id": "way/1049172160"
    },
    {
      "type": "Feature",
      "properties": {
        "@id": "way/1050335705",
        "addr:city": "Sheffield",
        "addr:housenumber": "104",
        "addr:postcode": "S3 7SF",
        "addr:street": "Devonshire Street",
        "amenity": "cafe",
        "building:part": "retail",
        "cuisine": "bubble_tea",
        "fhrs:id": "436882",
        "name": "Little Snack Bar",
        "opening_hours": "Mo-Su 12:00-20:00"
      },
      "geometry": {
        "type": "Polygon",
        "coordinates": [
          [
            [
              -1.4770691,
              53.3796463
            ],
            [
              -1.4770253,
              53.3795552
            ],
            [
              -1.4769433,
              53.3795694
            ],
            [
              -1.4769868,
              53.3796607
            ],
            [
              -1.4770691,
              53.3796463
            ]
          ]
        ]
      },
      "id": "way/1050335705"
    },
    {
      "type": "Feature",
      "properties": {
        "@id": "way/1052108653",
        "addr:city": "Sheffield",
        "addr:housenumber": "4",
        "addr:postcode": "S1 2HE",
        "addr:street": "Fargate",
        "amenity": "cafe",
        "brand": "Starbucks",
        "brand:wikidata": "Q37158",
        "brand:wikipedia": "en:Starbucks",
        "check_date": "2025-04-29",
        "cuisine": "coffee_shop",
        "fhrs:id": "436638",
        "name": "Starbucks",
        "official_name": "Starbucks Coffee",
        "takeaway": "yes",
        "website": "https://www.starbucks.com/store-locator/store/1012641/sheffield-fargate-4-fargate-sheffield-eng-s-1-2-he-gb"
      },
      "geometry": {
        "type": "Polygon",
        "coordinates": [
          [
            [
              -1.4687161,
              53.3822717
            ],
            [
              -1.4686264,
              53.3823664
            ],
            [
              -1.4688559,
              53.3823627
            ],
            [
              -1.4690009,
              53.3823603
            ],
            [
              -1.4690083,
              53.3823349
            ],
            [
              -1.4687161,
              53.3822717
            ]
          ]
        ]
      },
      "id": "way/1052108653"
    },
    {
      "type": "Feature",
      "properties": {
        "@id": "way/1053640321",
        "addr:city": "Wilmslow",
        "addr:housenumber": "75",
        "addr:postcode": "SK9 5EJ",
        "addr:street": "Hawthorn Street",
        "amenity": "cafe",
        "building": "yes",
        "name": "The Old Garages",
        "ref:GB:uprn": "10094308321",
        "source:addr:postcode": "code-point_open",
        "website": "https://www.theoldgarages.co.uk/"
      },
      "geometry": {
        "type": "Polygon",
        "coordinates": [
          [
            [
              -2.2386186,
              53.3247609
            ],
            [
              -2.238455,
              53.3247457
            ],
            [
              -2.2384377,
              53.3248119
            ],
            [
              -2.2385128,
              53.3248189
            ],
            [
              -2.2386013,
              53.3248272
            ],
            [
              -2.2386186,
              53.3247609
            ]
          ]
        ]
      },
      "id": "way/1053640321"
    },
    {
      "type": "Feature",
      "properties": {
        "@id": "way/1056943719",
        "addr:housename": "Sandbach sevices (Northbound)",
        "addr:postcode": "CW11 2FZ",
        "amenity": "cafe",
        "brand": "Costa",
        "brand:wikidata": "Q608845",
        "building": "yes",
        "cuisine": "coffee_shop",
        "drive_through": "yes",
        "fhrs:id": "890396",
        "name": "Costa Drive Thru",
        "source:addr": "FHRS Open Data",
        "takeaway": "only"
      },
      "geometry": {
        "type": "Polygon",
        "coordinates": [
          [
            [
              -2.3368169,
              53.1384985
            ],
            [
              -2.3367973,
              53.1384161
            ],
            [
              -2.3367417,
              53.1384209
            ],
            [
              -2.3367613,
              53.1385032
            ],
            [
              -2.3368169,
              53.1384985
            ]
          ]
        ]
      },
      "id": "way/1056943719"
    },
    {
      "type": "Feature",
      "properties": {
        "@id": "way/1058187752",
        "amenity": "cafe",
        "building": "yes",
        "name": "Cakey’s"
      },
      "geometry": {
        "type": "Polygon",
        "coordinates": [
          [
            [
              -1.6277412,
              53.5874265
            ],
            [
              -1.6278107,
              53.5874602
            ],
            [
              -1.627934,
              53.5873637
            ],
            [
              -1.6278736,
              53.5873263
            ],
            [
              -1.6277412,
              53.5874265
            ]
          ]
        ]
      },
      "id": "way/1058187752"
    },
    {
      "type": "Feature",
      "properties": {
        "@id": "way/1058286000",
        "addr:city": "Sheffield",
        "addr:housenumber": "38",
        "addr:postcode": "S1 4GF",
        "addr:street": "Division Street",
        "amenity": "cafe",
        "brand": "Chatime",
        "brand:wikidata": "Q16829306",
        "building:part": "yes",
        "check_date": "2026-02-22",
        "cuisine": "bubble_tea",
        "fhrs:id": "1159259",
        "name": "Chatime",
        "opening_hours": "Su-Th 12:00-21:30; Fr,Sa 12:00-22:00",
        "takeaway": "yes"
      },
      "geometry": {
        "type": "Polygon",
        "coordinates": [
          [
            [
              -1.4742613,
              53.3801604
            ],
            [
              -1.474333,
              53.3801478
            ],
            [
              -1.4742779,
              53.3800355
            ],
            [
              -1.4742051,
              53.3800483
            ],
            [
              -1.4742613,
              53.3801604
            ]
          ]
        ]
      },
      "id": "way/1058286000"
    },
    {
      "type": "Feature",
      "properties": {
        "@id": "way/1059208726",
        "amenity": "cafe",
        "building": "yes"
      },
      "geometry": {
        "type": "Polygon",
        "coordinates": [
          [
            [
              -1.8172872,
              53.653337
            ],
            [
              -1.8172425,
              53.6533418
            ],
            [
              -1.8170982,
              53.6533659
            ],
            [
              -1.8171266,
              53.6534069
            ],
            [
              -1.8172648,
              53.6534309
            ],
            [
              -1.8173116,
              53.6533587
            ],
            [
              -1.8172872,
              53.6533514
            ],
            [
              -1.8172872,
              53.653337
            ]
          ]
        ]
      },
      "id": "way/1059208726"
    },
    {
      "type": "Feature",
      "properties": {
        "@id": "way/1059691344",
        "addr:city": "Sheffield",
        "addr:housenumber": "102",
        "addr:postcode": "S11 7ER",
        "addr:street": "Hangingwater Road",
        "amenity": "cafe",
        "building:part": "yes",
        "check_date": "2026-01-20",
        "craft": "pottery",
        "fhrs:id": "436648",
        "name": "Planet Pot"
      },
      "geometry": {
        "type": "Polygon",
        "coordinates": [
          [
            [
              -1.525159,
              53.3676058
            ],
            [
              -1.5252965,
              53.3676167
            ],
            [
              -1.5253094,
              53.3675519
            ],
            [
              -1.5251687,
              53.3675687
            ],
            [
              -1.525159,
              53.3676058
            ]
          ]
        ]
      },
      "id": "way/1059691344"
    },
    {
      "type": "Feature",
      "properties": {
        "@id": "way/1064382890",
        "amenity": "cafe",
        "building": "yes",
        "name": "Marshmallow"
      },
      "geometry": {
        "type": "Polygon",
        "coordinates": [
          [
            [
              -1.8061003,
              53.6515335
            ],
            [
              -1.8061119,
              53.6516378
            ],
            [
              -1.8062028,
              53.651634
            ],
            [
              -1.8061912,
              53.6515308
            ],
            [
              -1.8061003,
              53.6515335
            ]
          ]
        ]
      },
      "id": "way/1064382890"
    },
    {
      "type": "Feature",
      "properties": {
        "@id": "way/1064382900",
        "amenity": "cafe",
        "building": "yes",
        "name": "Bex's",
        "ref:GB:uprn": "83197821"
      },
      "geometry": {
        "type": "Polygon",
        "coordinates": [
          [
            [
              -1.8051939,
              53.6516585
            ],
            [
              -1.8051769,
              53.6516293
            ],
            [
              -1.8051476,
              53.6516156
            ],
            [
              -1.8051122,
              53.6516092
            ],
            [
              -1.8050752,
              53.6516101
            ],
            [
              -1.8050182,
              53.6516174
            ],
            [
              -1.8050383,
              53.6516722
            ],
            [
              -1.8051939,
              53.6516585
            ]
          ]
        ]
      },
      "id": "way/1064382900"
    },
    {
      "type": "Feature",
      "properties": {
        "@id": "way/1064384562",
        "amenity": "cafe",
        "building": "yes",
        "name": "Marsh Cafe",
        "ref:GB:uprn": "83047418"
      },
      "geometry": {
        "type": "Polygon",
        "coordinates": [
          [
            [
              -1.8046192,
              53.6516542
            ],
            [
              -1.8045413,
              53.651661
            ],
            [
              -1.8045661,
              53.6517455
            ],
            [
              -1.8046422,
              53.6517423
            ],
            [
              -1.8046192,
              53.6516542
            ]
          ]
        ]
      },
      "id": "way/1064384562"
    },
    {
      "type": "Feature",
      "properties": {
        "@id": "way/1065144281",
        "amenity": "cafe",
        "building": "yes",
        "building:levels": "2",
        "name": "Emily's Cafe"
      },
      "geometry": {
        "type": "Polygon",
        "coordinates": [
          [
            [
              -1.8090296,
              53.6514513
            ],
            [
              -1.8090161,
              53.6515351
            ],
            [
              -1.8090065,
              53.6515875
            ],
            [
              -1.80913,
              53.651595
            ],
            [
              -1.8091389,
              53.6515437
            ],
            [
              -1.8091537,
              53.6514585
            ],
            [
              -1.8090296,
              53.6514513
            ]
          ]
        ]
      },
      "id": "way/1065144281"
    },
    {
      "type": "Feature",
      "properties": {
        "@id": "way/1068999323",
        "amenity": "cafe",
        "building": "hut",
        "check_date:opening_hours": "2024-10-24",
        "contact:instagram": "https://www.instagram.com/theappleshack/",
        "name": "The Apple Shack!",
        "opening_hours": "Apr-Sep Sa-Mo 10:00-17:00",
        "outdoor_seating": "yes",
        "payment:cards": "yes",
        "payment:cash": "yes",
        "phone": "+44 7389 835957",
        "website": "https://sites.google.com/view/flying-horse-lawn/the-apple-shack"
      },
      "geometry": {
        "type": "Polygon",
        "coordinates": [
          [
            [
              -1.5589573,
              53.3797987
            ],
            [
              -1.5589697,
              53.3797346
            ],
            [
              -1.5588978,
              53.3797296
            ],
            [
              -1.5588947,
              53.3797458
            ],
            [
              -1.5588854,
              53.3797938
            ],
            [
              -1.5589573,
              53.3797987
            ]
          ]
        ]
      },
      "id": "way/1068999323"
    },
    {
      "type": "Feature",
      "properties": {
        "@id": "way/1071131653",
        "addr:postcode": "SK10 5SE",
        "addr:street": "Shrigley Road",
        "amenity": "cafe",
        "building": "yes",
        "fhrs:id": "891509",
        "name": "The Coffee Tavern",
        "outdoor_seating": "yes",
        "phone": "+44 1625 576370",
        "source:addr": "FHRS Open Data"
      },
      "geometry": {
        "type": "Polygon",
        "coordinates": [
          [
            [
              -2.085709,
              53.3229954
            ],
            [
              -2.0853858,
              53.3229087
            ],
            [
              -2.0853503,
              53.3229557
            ],
            [
              -2.0856742,
              53.3230394
            ],
            [
              -2.085709,
              53.3229954
            ]
          ]
        ]
      },
      "id": "way/1071131653"
    },
    {
      "type": "Feature",
      "properties": {
        "@id": "way/1073224908",
        "addr:city": "Sheffield",
        "addr:housenumber": "14",
        "addr:postcode": "S11 9EF",
        "addr:street": "Union Road",
        "amenity": "cafe",
        "building": "yes",
        "fhrs:id": "1890888",
        "name": "Nether Edge Cafe"
      },
      "geometry": {
        "type": "Polygon",
        "coordinates": [
          [
            [
              -1.4934594,
              53.360994
            ],
            [
              -1.4934885,
              53.3609083
            ],
            [
              -1.4934909,
              53.3609
            ],
            [
              -1.4934225,
              53.360891
            ],
            [
              -1.4934232,
              53.3609
            ],
            [
              -1.4934099,
              53.3609109
            ],
            [
              -1.4933789,
              53.3609094
            ],
            [
              -1.4933778,
              53.360937
            ],
            [
              -1.4933965,
              53.3609372
            ],
            [
              -1.4933864,
              53.3610101
            ],
            [
              -1.4934344,
              53.3610165
            ],
            [
              -1.4934419,
              53.3609917
            ],
            [
              -1.4934594,
              53.360994
            ]
          ]
        ]
      },
      "id": "way/1073224908"
    },
    {
      "type": "Feature",
      "properties": {
        "@id": "way/1073898020",
        "amenity": "cafe",
        "building": "yes",
        "name": "Abney Cafe",
        "opening_hours": "Tu-Su 07:00-19:30"
      },
      "geometry": {
        "type": "Polygon",
        "coordinates": [
          [
            [
              -2.2098948,
              53.3980146
            ],
            [
              -2.2099305,
              53.3978827
            ],
            [
              -2.2098219,
              53.3978722
            ],
            [
              -2.2097861,
              53.3980041
            ],
            [
              -2.2098948,
              53.3980146
            ]
          ]
        ]
      },
      "id": "way/1073898020"
    },
    {
      "type": "Feature",
      "properties": {
        "@id": "way/1075359632",
        "addr:city": "Sheffield",
        "addr:housenumber": "545",
        "addr:postcode": "S11 8PR",
        "addr:street": "Ecclesall Road",
        "amenity": "cafe",
        "building": "yes",
        "fhrs:id": "1767580",
        "name": "Higuys"
      },
      "geometry": {
        "type": "Polygon",
        "coordinates": [
          [
            [
              -1.4977243,
              53.3687017
            ],
            [
              -1.4976731,
              53.3685848
            ],
            [
              -1.4976443,
              53.3685192
            ],
            [
              -1.4975565,
              53.3685323
            ],
            [
              -1.4975319,
              53.3685364
            ],
            [
              -1.4975413,
              53.3685563
            ],
            [
              -1.4976146,
              53.3687198
            ],
            [
              -1.4977243,
              53.3687017
            ]
          ]
        ]
      },
      "id": "way/1075359632"
    },
    {
      "type": "Feature",
      "properties": {
        "@id": "way/1078279113",
        "amenity": "cafe",
        "building": "yes",
        "name": "The Walled Garden"
      },
      "geometry": {
        "type": "Polygon",
        "coordinates": [
          [
            [
              -1.4135578,
              53.4760978
            ],
            [
              -1.4136011,
              53.4760069
            ],
            [
              -1.4129933,
              53.4759041
            ],
            [
              -1.4129495,
              53.4759959
            ],
            [
              -1.412902,
              53.4759879
            ],
            [
              -1.412847,
              53.476103
            ],
            [
              -1.4129437,
              53.4761194
            ],
            [
              -1.4129565,
              53.4760926
            ],
            [
              -1.4130783,
              53.4761132
            ],
            [
              -1.4130866,
              53.4760958
            ],
            [
              -1.4131508,
              53.4761067
            ],
            [
              -1.4131414,
              53.4761264
            ],
            [
              -1.4132871,
              53.476151
            ],
            [
              -1.4132963,
              53.4761318
            ],
            [
              -1.4133738,
              53.4761449
            ],
            [
              -1.4133648,
              53.4761639
            ],
            [
              -1.4134634,
              53.4761806
            ],
            [
              -1.413507,
              53.4760892
            ],
            [
              -1.4135578,
              53.4760978
            ]
          ]
        ]
      },
      "id": "way/1078279113"
    },
    {
      "type": "Feature",
      "properties": {
        "@id": "way/1080642673",
        "addr:city": "Sheffield",
        "addr:housenumber": "215-219",
        "addr:postcode": "S10 3BA",
        "addr:street": "Fulwood Road",
        "amenity": "cafe",
        "building": "yes",
        "cuisine": "vietnamese",
        "fhrs:id": "657492",
        "name": "Nǎm Sông",
        "website": "https://www.namsong.co.uk/locations/sheffield-broomhill/"
      },
      "geometry": {
        "type": "Polygon",
        "coordinates": [
          [
            [
              -1.5006442,
              53.3774182
            ],
            [
              -1.5005363,
              53.3774467
            ],
            [
              -1.5005269,
              53.3774344
            ],
            [
              -1.5004642,
              53.3774514
            ],
            [
              -1.5005529,
              53.3775675
            ],
            [
              -1.5007235,
              53.377522
            ],
            [
              -1.5006442,
              53.3774182
            ]
          ]
        ]
      },
      "id": "way/1080642673"
    },
    {
      "type": "Feature",
      "properties": {
        "@id": "way/1080642674",
        "addr:city": "Sheffield",
        "addr:housenumber": "213",
        "addr:postcode": "S10 3BA",
        "addr:street": "Fulwood Road",
        "amenity": "cafe",
        "building": "yes",
        "name": "Lokanta"
      },
      "geometry": {
        "type": "Polygon",
        "coordinates": [
          [
            [
              -1.5005529,
              53.3775675
            ],
            [
              -1.5004642,
              53.3774514
            ],
            [
              -1.5004191,
              53.3774644
            ],
            [
              -1.5003871,
              53.3775003
            ],
            [
              -1.5004108,
              53.3775079
            ],
            [
              -1.5004714,
              53.3775546
            ],
            [
              -1.5004675,
              53.3775882
            ],
            [
              -1.5005529,
              53.3775675
            ]
          ]
        ]
      },
      "id": "way/1080642674"
    },
    {
      "type": "Feature",
      "properties": {
        "@id": "way/1081349602",
        "amenity": "cafe",
        "brand": "Costa",
        "brand:wikidata": "Q608845",
        "building": "yes",
        "check_date": "2023-08-02",
        "cuisine": "coffee_shop",
        "name": "Costa",
        "opening_hours": "Mo-Fr 06:00-19:00; Sa 07:00-18:00; Su 08:00-17:00",
        "outdoor_seating": "yes",
        "payment:cash": "yes",
        "payment:mastercard": "yes",
        "payment:visa": "yes",
        "ref:GB:uprn": "10094502995",
        "takeaway": "yes",
        "wheelchair": "yes"
      },
      "geometry": {
        "type": "Polygon",
        "coordinates": [
          [
            [
              -2.2023205,
              53.357564
            ],
            [
              -2.2023264,
              53.3577191
            ],
            [
              -2.2024915,
              53.3577175
            ],
            [
              -2.2024929,
              53.3575534
            ],
            [
              -2.2023199,
              53.3575542
            ],
            [
              -2.2023205,
              53.357564
            ]
          ]
        ]
      },
      "id": "way/1081349602"
    },
    {
      "type": "Feature",
      "properties": {
        "@id": "way/1085844249",
        "addr:city": "Wilmslow",
        "addr:postcode": "SK9 4JE",
        "addr:street": "Altrincham Road",
        "addr:suburb": "Styal",
        "amenity": "cafe",
        "landuse": "retail",
        "name": "Earlams",
        "outdoor_seating": "yes",
        "phone": "+44 1625 404713",
        "shop": "craft;general",
        "website": "https://earlams.co.uk/"
      },
      "geometry": {
        "type": "Polygon",
        "coordinates": [
          [
            [
              -2.2435934,
              53.3479279
            ],
            [
              -2.2435989,
              53.348049
            ],
            [
              -2.2436057,
              53.3480874
            ],
            [
              -2.243613,
              53.3481401
            ],
            [
              -2.2436137,
              53.3481683
            ],
            [
              -2.2436546,
              53.3481621
            ],
            [
              -2.2437281,
              53.3481514
            ],
            [
              -2.2438298,
              53.3481375
            ],
            [
              -2.2438273,
              53.3481295
            ],
            [
              -2.2438248,
              53.3481219
            ],
            [
              -2.2438043,
              53.3480655
            ],
            [
              -2.2438229,
              53.3480083
            ],
            [
              -2.2438172,
              53.3479391
            ],
            [
              -2.2436838,
              53.3479261
            ],
            [
              -2.2435934,
              53.3479279
            ]
          ]
        ]
      },
      "id": "way/1085844249"
    },
    {
      "type": "Feature",
      "properties": {
        "@id": "way/1087252869",
        "addr:city": "Oldham",
        "addr:housename": "Albion Farm",
        "addr:postcode": "OL3 5RQ",
        "addr:street": "Oldham Road",
        "addr:suburb": "Delph",
        "amenity": "cafe",
        "name": "Albion Cafe",
        "website": "https://www.albionfarmshop.co.uk/about/cafe/"
      },
      "geometry": {
        "type": "Polygon",
        "coordinates": [
          [
            [
              -2.0331194,
              53.5588405
            ],
            [
              -2.0331657,
              53.5588454
            ],
            [
              -2.0332586,
              53.5585553
            ],
            [
              -2.0331304,
              53.5585416
            ],
            [
              -2.0331116,
              53.5585987
            ],
            [
              -2.0330789,
              53.5586978
            ],
            [
              -2.0330509,
              53.5587829
            ],
            [
              -2.0331352,
              53.5587927
            ],
            [
              -2.0331194,
              53.5588405
            ]
          ]
        ]
      },
      "id": "way/1087252869"
    },
    {
      "type": "Feature",
      "properties": {
        "@id": "way/1090775074",
        "addr:city": "Sheffield",
        "addr:housenumber": "410",
        "addr:postcode": "S11 8ZP",
        "addr:street": "Sharrow Vale Road",
        "amenity": "cafe",
        "building": "yes",
        "cuisine": "coffee_shop",
        "fhrs:id": "1733002",
        "name": "Porter Coffee",
        "opening_hours": "Mo-Sa 08:00-17:00; Su 9:00-16:00",
        "website": "https://www.portercoffee.co.uk/"
      },
      "geometry": {
        "type": "Polygon",
        "coordinates": [
          [
            [
              -1.5012497,
              53.3674119
            ],
            [
              -1.501259,
              53.3672998
            ],
            [
              -1.5012081,
              53.3672981
            ],
            [
              -1.5012019,
              53.3673862
            ],
            [
              -1.5012127,
              53.3673865
            ],
            [
              -1.501211,
              53.3674106
            ],
            [
              -1.5012497,
              53.3674119
            ]
          ]
        ]
      },
      "id": "way/1090775074"
    },
    {
      "type": "Feature",
      "properties": {
        "@id": "way/1090775084",
        "addr:city": "Sheffield",
        "addr:housenumber": "388",
        "addr:postcode": "S11 8ZP",
        "addr:street": "Sharrow Vale Road",
        "amenity": "cafe",
        "building": "yes",
        "fhrs:id": "437250",
        "name": "Pom"
      },
      "geometry": {
        "type": "Polygon",
        "coordinates": [
          [
            [
              -1.5006225,
              53.36728
            ],
            [
              -1.5005589,
              53.3672777
            ],
            [
              -1.5005508,
              53.3673657
            ],
            [
              -1.500614,
              53.3673675
            ],
            [
              -1.5006225,
              53.36728
            ]
          ]
        ]
      },
      "id": "way/1090775084"
    },
    {
      "type": "Feature",
      "properties": {
        "@id": "way/1092076667",
        "amenity": "cafe",
        "building": "retail",
        "name": "Etherow Country Park Visitor Centre"
      },
      "geometry": {
        "type": "Polygon",
        "coordinates": [
          [
            [
              -2.0531892,
              53.4150164
            ],
            [
              -2.0531827,
              53.414986
            ],
            [
              -2.0531185,
              53.4149908
            ],
            [
              -2.0531249,
              53.4150212
            ],
            [
              -2.0531268,
              53.4150301
            ],
            [
              -2.0528005,
              53.4150547
            ],
            [
              -2.0528148,
              53.4151222
            ],
            [
              -2.0531412,
              53.4150976
            ],
            [
              -2.053145,
              53.4151157
            ],
            [
              -2.053223,
              53.4151098
            ],
            [
              -2.0532191,
              53.4150918
            ],
            [
              -2.0532444,
              53.4150899
            ],
            [
              -2.0532282,
              53.4150134
            ],
            [
              -2.0531892,
              53.4150164
            ]
          ]
        ]
      },
      "id": "way/1092076667"
    },
    {
      "type": "Feature",
      "properties": {
        "@id": "way/1092705023",
        "addr:city": "Sheffield",
        "addr:housenumber": "1",
        "addr:postcode": "S10 5BA",
        "addr:street": "Crookes Road",
        "amenity": "cafe",
        "brand": "Costa",
        "brand:wikidata": "Q608845",
        "building:levels": "3",
        "building:part": "yes",
        "cuisine": "coffee_shop",
        "fhrs:id": "907530",
        "name": "Costa",
        "takeaway": "yes"
      },
      "geometry": {
        "type": "Polygon",
        "coordinates": [
          [
            [
              -1.5010835,
              53.3775951
            ],
            [
              -1.5009,
              53.3776544
            ],
            [
              -1.5009196,
              53.3776764
            ],
            [
              -1.5008929,
              53.3776849
            ],
            [
              -1.5009573,
              53.3777589
            ],
            [
              -1.500993,
              53.3777478
            ],
            [
              -1.5010919,
              53.377717
            ],
            [
              -1.5011731,
              53.3776919
            ],
            [
              -1.501096,
              53.377609
            ],
            [
              -1.5010835,
              53.3775951
            ]
          ]
        ]
      },
      "id": "way/1092705023"
    },
    {
      "type": "Feature",
      "properties": {
        "@id": "way/1093982190",
        "amenity": "cafe",
        "brand": "Starbucks",
        "brand:wikidata": "Q37158",
        "building": "yes",
        "cuisine": "coffee_shop",
        "name": "Starbucks",
        "official_name": "Starbucks Coffee",
        "ref:GB:uprn": "10094111204",
        "takeaway": "yes",
        "website": "https://www.starbucks.com/store-locator/store/1024987/burnley-euro-garages-barracks-r-barracks-road-lancashire-burnley-eng-bb-11-4-sb-gb"
      },
      "geometry": {
        "type": "Polygon",
        "coordinates": [
          [
            [
              -2.2611633,
              53.7885018
            ],
            [
              -2.2612778,
              53.7883961
            ],
            [
              -2.2610325,
              53.7883033
            ],
            [
              -2.2609179,
              53.788409
            ],
            [
              -2.2611633,
              53.7885018
            ]
          ]
        ]
      },
      "id": "way/1093982190"
    },
    {
      "type": "Feature",
      "properties": {
        "@id": "way/1095245546",
        "addr:city": "Sheffield",
        "addr:housenumber": "754-756",
        "addr:postcode": "S9 3RQ",
        "addr:street": "Attercliffe Road",
        "amenity": "cafe",
        "building": "yes",
        "fhrs:id": "706466",
        "name": "Deli At The Don"
      },
      "geometry": {
        "type": "Polygon",
        "coordinates": [
          [
            [
              -1.4302404,
              53.3950046
            ],
            [
              -1.4304604,
              53.3951109
            ],
            [
              -1.430544,
              53.3950525
            ],
            [
              -1.430388,
              53.3949772
            ],
            [
              -1.4303636,
              53.3949952
            ],
            [
              -1.4303133,
              53.394971
            ],
            [
              -1.4302883,
              53.3949894
            ],
            [
              -1.4302718,
              53.3949815
            ],
            [
              -1.4302404,
              53.3950046
            ]
          ]
        ]
      },
      "id": "way/1095245546"
    },
    {
      "type": "Feature",
      "properties": {
        "@id": "way/1097407473",
        "amenity": "cafe",
        "building": "yes",
        "name": "Kathy's Tea Room"
      },
      "geometry": {
        "type": "Polygon",
        "coordinates": [
          [
            [
              -1.4300148,
              53.3749056
            ],
            [
              -1.4299359,
              53.374917
            ],
            [
              -1.4300169,
              53.3750317
            ],
            [
              -1.4300096,
              53.375035
            ],
            [
              -1.4300365,
              53.375061
            ],
            [
              -1.4301007,
              53.3750408
            ],
            [
              -1.4300148,
              53.3749056
            ]
          ]
        ]
      },
      "id": "way/1097407473"
    },
    {
      "type": "Feature",
      "properties": {
        "@id": "way/1104108180",
        "addr:city": "Sheffield",
        "addr:housenumber": "41-43",
        "addr:postcode": "S12 4HE",
        "addr:street": "Spa View Road",
        "amenity": "cafe",
        "fhrs:id": "1379712",
        "name": "Katie's Kafe",
        "source:addr": "FHRS Open Data"
      },
      "geometry": {
        "type": "Polygon",
        "coordinates": [
          [
            [
              -1.3880927,
              53.3456891
            ],
            [
              -1.388022,
              53.3456555
            ],
            [
              -1.3879077,
              53.3457413
            ],
            [
              -1.3879785,
              53.3457748
            ],
            [
              -1.3880182,
              53.345745
            ],
            [
              -1.3880927,
              53.3456891
            ]
          ]
        ]
      },
      "id": "way/1104108180"
    },
    {
      "type": "Feature",
      "properties": {
        "@id": "way/1104721858",
        "addr:city": "Sheffield",
        "addr:postcode": "S9 5HG",
        "addr:street": "Greenland Road",
        "addr:substreet": "Greenland Industrial And Trade Park",
        "addr:unit": "6",
        "amenity": "cafe",
        "brand": "Costa",
        "brand:wikidata": "Q608845",
        "building": "warehouse",
        "cuisine": "coffee_shop",
        "drive_through": "yes",
        "fhrs:id": "1602678",
        "name": "Costa Drive Thru",
        "source:addr": "FHRS Open Data",
        "takeaway": "only"
      },
      "geometry": {
        "type": "Polygon",
        "coordinates": [
          [
            [
              -1.4090634,
              53.3900855
            ],
            [
              -1.409014,
              53.3900889
            ],
            [
              -1.4090114,
              53.3900753
            ],
            [
              -1.4089522,
              53.3900794
            ],
            [
              -1.4089549,
              53.3900934
            ],
            [
              -1.4087856,
              53.3901049
            ],
            [
              -1.4088059,
              53.3902109
            ],
            [
              -1.4090838,
              53.390192
            ],
            [
              -1.4090634,
              53.3900855
            ]
          ]
        ]
      },
      "id": "way/1104721858"
    },
    {
      "type": "Feature",
      "properties": {
        "@id": "way/1105061583",
        "amenity": "cafe",
        "building": "carriage",
        "name": "Station Buffer",
        "outdoor_seating": "yes"
      },
      "geometry": {
        "type": "Polygon",
        "coordinates": [
          [
            [
              -1.9520664,
              53.8152232
            ],
            [
              -1.9522173,
              53.8150747
            ],
            [
              -1.9522024,
              53.8150694
            ],
            [
              -1.9521839,
              53.8150629
            ],
            [
              -1.952033,
              53.8152114
            ],
            [
              -1.9520664,
              53.8152232
            ]
          ]
        ]
      },
      "id": "way/1105061583"
    },
    {
      "type": "Feature",
      "properties": {
        "@id": "way/1110089325",
        "addr:city": "Sheffield",
        "addr:housenumber": "212",
        "addr:postcode": "S8 7BP",
        "addr:street": "Bocking Lane",
        "amenity": "cafe",
        "building:part": "retail",
        "cuisine": "coffee_shop",
        "fhrs:id": "436566",
        "level": "0",
        "name": "Cello Coffee House",
        "source:addr": "FHRS Open Data"
      },
      "geometry": {
        "type": "Polygon",
        "coordinates": [
          [
            [
              -1.4884178,
              53.3273513
            ],
            [
              -1.4885006,
              53.3273013
            ],
            [
              -1.4883942,
              53.3272385
            ],
            [
              -1.4883114,
              53.3272885
            ],
            [
              -1.4883286,
              53.3272987
            ],
            [
              -1.4884178,
              53.3273513
            ]
          ]
        ]
      },
      "id": "way/1110089325"
    },
    {
      "type": "Feature",
      "properties": {
        "@id": "way/1112069306",
        "amenity": "cafe",
        "brand": "Starbucks",
        "brand:wikidata": "Q37158",
        "building": "yes",
        "cuisine": "coffee_shop",
        "name": "Starbucks",
        "official_name": "Starbucks Coffee",
        "outdoor_seating": "yes",
        "ref:GB:uprn": "100012788211",
        "takeaway": "yes",
        "website": "https://www.starbucks.com/store-locator/store/1032365/cheadle-high-street-33-35-high-street-cheadle-manchester-manchester-en"
      },
      "geometry": {
        "type": "Polygon",
        "coordinates": [
          [
            [
              -2.215224,
              53.3946231
            ],
            [
              -2.2150023,
              53.3943758
            ],
            [
              -2.2148351,
              53.3944229
            ],
            [
              -2.2148605,
              53.3944513
            ],
            [
              -2.2150581,
              53.3946718
            ],
            [
              -2.215224,
              53.3946231
            ]
          ]
        ]
      },
      "id": "way/1112069306"
    },
    {
      "type": "Feature",
      "properties": {
        "@id": "way/1115286750",
        "addr:city": "Bradford",
        "addr:housename": "Petergate Mall",
        "addr:housenumber": "18",
        "addr:postcode": "BD1 1AH",
        "amenity": "cafe",
        "brand": "Costa",
        "brand:wikidata": "Q608845",
        "building:part": "retail",
        "cuisine": "coffee_shop",
        "fhrs:id": "805083",
        "name": "Costa",
        "source:addr": "FHRS Open Data",
        "takeaway": "yes"
      },
      "geometry": {
        "type": "Polygon",
        "coordinates": [
          [
            [
              -1.7488657,
              53.7943109
            ],
            [
              -1.7487961,
              53.7942442
            ],
            [
              -1.748414,
              53.794385
            ],
            [
              -1.7484876,
              53.7944516
            ],
            [
              -1.7488657,
              53.7943109
            ]
          ]
        ]
      },
      "id": "way/1115286750"
    },
    {
      "type": "Feature",
      "properties": {
        "@id": "way/1115605317",
        "addr:city": "Sheffield",
        "addr:housenumber": "99",
        "addr:postcode": "S11 9PH",
        "addr:street": "Ecclesall Road South",
        "amenity": "cafe",
        "building": "yes",
        "building:part": "retail",
        "cuisine": "coffee_shop",
        "fhrs:id": "1337404",
        "level": "0",
        "name": "Bruno Espresso Bar",
        "source:addr": "FHRS Open Data"
      },
      "geometry": {
        "type": "Polygon",
        "coordinates": [
          [
            [
              -1.5109593,
              53.3563307
            ],
            [
              -1.5108553,
              53.3562638
            ],
            [
              -1.5108004,
              53.3562953
            ],
            [
              -1.5109084,
              53.3563616
            ],
            [
              -1.5109593,
              53.3563307
            ]
          ]
        ]
      },
      "id": "way/1115605317"
    },
    {
      "type": "Feature",
      "properties": {
        "@id": "way/1115745080",
        "addr:city": "Manchester",
        "addr:housenumber": "3",
        "addr:postcode": "M30 0BP",
        "addr:street": "Regent Street",
        "amenity": "cafe",
        "building:part": "retail",
        "fhrs:id": "89381",
        "level": "0",
        "name": "King's Cafe",
        "source:addr": "FHRS Open Data"
      },
      "geometry": {
        "type": "Polygon",
        "coordinates": [
          [
            [
              -2.3351347,
              53.4832354
            ],
            [
              -2.3351113,
              53.4831704
            ],
            [
              -2.3350471,
              53.4831792
            ],
            [
              -2.3350708,
              53.4832438
            ],
            [
              -2.3351347,
              53.4832354
            ]
          ]
        ]
      },
      "id": "way/1115745080"
    },
    {
      "type": "Feature",
      "properties": {
        "@id": "way/1115975152",
        "amenity": "cafe",
        "building": "ship",
        "indoor_seating": "no",
        "name": "Walton Perk",
        "old_name": "Brew Boat Company",
        "opening_hours": "Tu-Fr 08:30-15:00; Sa-Su 09:00-16:00",
        "outdoor_seating": "yes",
        "ship:type": "narrowboat",
        "website": "https://www.waltonperk.co.uk/"
      },
      "geometry": {
        "type": "Polygon",
        "coordinates": [
          [
            [
              -2.3299967,
              53.4135638
            ],
            [
              -2.3299941,
              53.4135542
            ],
            [
              -2.329978,
              53.4135582
            ],
            [
              -2.3298475,
              53.4137013
            ],
            [
              -2.3298659,
              53.4137072
            ],
            [
              -2.3299967,
              53.4135638
            ]
          ]
        ]
      },
      "id": "way/1115975152"
    },
    {
      "type": "Feature",
      "properties": {
        "@id": "way/1116843102",
        "addr:housename": "Centre 27 Business Park",
        "addr:postcode": "WF17 9TB",
        "addr:street": "Bankwood Way",
        "addr:suburb": "Birstall",
        "amenity": "cafe",
        "brand": "Tim Hortons",
        "brand:wikidata": "Q175106",
        "building": "yes",
        "cuisine": "coffee_shop",
        "fhrs:id": "1429630",
        "name": "Tim Hortons",
        "ref:GB:uprn": "83190109",
        "source:addr": "FHRS Open Data",
        "takeaway": "yes"
      },
      "geometry": {
        "type": "Polygon",
        "coordinates": [
          [
            [
              -1.6418129,
              53.744687
            ],
            [
              -1.6417905,
              53.7444514
            ],
            [
              -1.6415518,
              53.7444593
            ],
            [
              -1.6415593,
              53.7445385
            ],
            [
              -1.6415307,
              53.7445395
            ],
            [
              -1.6415385,
              53.7446219
            ],
            [
              -1.6415661,
              53.744621
            ],
            [
              -1.6415731,
              53.7446948
            ],
            [
              -1.6416182,
              53.7446933
            ],
            [
              -1.6416227,
              53.7447402
            ],
            [
              -1.6417049,
              53.7447374
            ],
            [
              -1.6417002,
              53.7446906
            ],
            [
              -1.6418129,
              53.744687
            ]
          ]
        ]
      },
      "id": "way/1116843102"
    },
    {
      "type": "Feature",
      "properties": {
        "@id": "way/1120557659",
        "amenity": "cafe",
        "brand": "Costa",
        "brand:wikidata": "Q608845",
        "building": "yes",
        "cuisine": "coffee_shop",
        "drive_through": "yes",
        "fhrs:id": "1104803",
        "fixme": "Check on ground",
        "name": "Costa Drive Thru",
        "source": "FHRS Open Data",
        "source:outline": "Bing",
        "takeaway": "only"
      },
      "geometry": {
        "type": "Polygon",
        "coordinates": [
          [
            [
              -2.3363907,
              53.1401765
            ],
            [
              -2.3363675,
              53.1400691
            ],
            [
              -2.3363031,
              53.1400741
            ],
            [
              -2.3363263,
              53.1401815
            ],
            [
              -2.3363907,
              53.1401765
            ]
          ]
        ]
      },
      "id": "way/1120557659"
    },
    {
      "type": "Feature",
      "properties": {
        "@id": "way/1122291444",
        "addr:city": "Sheffield",
        "addr:housenumber": "732",
        "addr:postcode": "S9 3RQ",
        "addr:street": "Attercliffe Road",
        "amenity": "cafe",
        "building": "yes",
        "name": "Elios Coffee Lounge"
      },
      "geometry": {
        "type": "Polygon",
        "coordinates": [
          [
            [
              -1.4307933,
              53.3948803
            ],
            [
              -1.4308482,
              53.3948378
            ],
            [
              -1.4307509,
              53.3947925
            ],
            [
              -1.4307444,
              53.3947281
            ],
            [
              -1.4307825,
              53.3946968
            ],
            [
              -1.4306676,
              53.3946458
            ],
            [
              -1.4305715,
              53.3947141
            ],
            [
              -1.4305042,
              53.3946822
            ],
            [
              -1.4304511,
              53.3947193
            ],
            [
              -1.4307933,
              53.3948803
            ]
          ]
        ]
      },
      "id": "way/1122291444"
    },
    {
      "type": "Feature",
      "properties": {
        "@id": "way/1127333090",
        "addr:city": "Sheffield",
        "addr:housenumber": "141",
        "addr:postcode": "S35 9UA",
        "addr:street": "High Street",
        "addr:village": "Ecclesfield",
        "amenity": "cafe",
        "building:part": "yes",
        "fhrs:id": "438289",
        "name": "Village Café",
        "source:addr": "FHRS Open Data"
      },
      "geometry": {
        "type": "Polygon",
        "coordinates": [
          [
            [
              -1.4638558,
              53.4390074
            ],
            [
              -1.4637068,
              53.4390852
            ],
            [
              -1.4637634,
              53.4391243
            ],
            [
              -1.4639129,
              53.4390467
            ],
            [
              -1.4638558,
              53.4390074
            ]
          ]
        ]
      },
      "id": "way/1127333090"
    },
    {
      "type": "Feature",
      "properties": {
        "@id": "way/1128222855",
        "amenity": "cafe",
        "building": "yes",
        "building:levels": "1",
        "building:material": "stone",
        "highchair": "2",
        "internet_access": "no",
        "name": "Pavilion Cafe",
        "outdoor_seating": "yes",
        "payment:cash": "no",
        "payment:contactless": "yes",
        "payment:debit_cards": "yes",
        "ref:GB:uprn": "23088396",
        "takeaway": "yes",
        "toilets": "yes",
        "wheelchair": "yes"
      },
      "geometry": {
        "type": "Polygon",
        "coordinates": [
          [
            [
              -2.0960642,
              53.6293653
            ],
            [
              -2.0961293,
              53.6292518
            ],
            [
              -2.0959258,
              53.6292108
            ],
            [
              -2.0958607,
              53.6293242
            ],
            [
              -2.0959271,
              53.6293376
            ],
            [
              -2.0960642,
              53.6293653
            ]
          ]
        ]
      },
      "id": "way/1128222855"
    },
    {
      "type": "Feature",
      "properties": {
        "@id": "way/1131131736",
        "addr:city": "Huddersfield",
        "addr:housenumber": "22",
        "addr:postcode": "HD1 2PT",
        "addr:street": "Cross Church Street",
        "amenity": "cafe",
        "building": "yes",
        "name": "Guzel",
        "phone": "+44 1484 917144"
      },
      "geometry": {
        "type": "Polygon",
        "coordinates": [
          [
            [
              -1.7806765,
              53.6465671
            ],
            [
              -1.780668,
              53.6465341
            ],
            [
              -1.7804655,
              53.6465541
            ],
            [
              -1.7804743,
              53.6465865
            ],
            [
              -1.7806765,
              53.6465671
            ]
          ]
        ]
      },
      "id": "way/1131131736"
    },
    {
      "type": "Feature",
      "properties": {
        "@id": "way/1131170395",
        "addr:city": "Huddersfield",
        "addr:housenumber": "36",
        "addr:postcode": "HD1 2QT",
        "addr:street": "King Street",
        "amenity": "cafe",
        "building": "yes",
        "name": "Northern Tea House",
        "wheelchair": "yes"
      },
      "geometry": {
        "type": "Polygon",
        "coordinates": [
          [
            [
              -1.7799165,
              53.6454548
            ],
            [
              -1.779862,
              53.6455994
            ],
            [
              -1.7799797,
              53.6456071
            ],
            [
              -1.7800039,
              53.645462
            ],
            [
              -1.7799165,
              53.6454548
            ]
          ]
        ]
      },
      "id": "way/1131170395"
    },
    {
      "type": "Feature",
      "properties": {
        "@id": "way/1131170400",
        "addr:city": "Huddersfield",
        "addr:housenumber": "38",
        "addr:street": "King Street",
        "amenity": "cafe",
        "building": "yes",
        "cuisine": "coffee_shop",
        "name": "Brewed",
        "wheelchair": "yes"
      },
      "geometry": {
        "type": "Polygon",
        "coordinates": [
          [
            [
              -1.7797644,
              53.6455204
            ],
            [
              -1.7797451,
              53.645588
            ],
            [
              -1.7798417,
              53.6455977
            ],
            [
              -1.7798668,
              53.6455326
            ],
            [
              -1.7797644,
              53.6455204
            ]
          ]
        ]
      },
      "id": "way/1131170400"
    },
    {
      "type": "Feature",
      "properties": {
        "@id": "way/1131954509",
        "addr:city": "Sheffield",
        "addr:country": "GB",
        "addr:housenumber": "22",
        "addr:postcode": "S1 4GF",
        "addr:street": "Division Street",
        "amenity": "cafe",
        "building:part": "yes",
        "check_date": "2026-02-22",
        "fhrs:id": "558033",
        "name": "Sandwich Division",
        "note": "more fast food?",
        "opening_hours": "Mo-Fr 07:00-15:00",
        "source:addr": "FHRS Open Data"
      },
      "geometry": {
        "type": "Polygon",
        "coordinates": [
          [
            [
              -1.4735207,
              53.3802455
            ],
            [
              -1.4735761,
              53.3802357
            ],
            [
              -1.4735376,
              53.380163
            ],
            [
              -1.4734841,
              53.3801728
            ],
            [
              -1.4735207,
              53.3802455
            ]
          ]
        ]
      },
      "id": "way/1131954509"
    },
    {
      "type": "Feature",
      "properties": {
        "@id": "way/1132946991",
        "addr:city": "Sheffield",
        "addr:housenumber": "144",
        "addr:postcode": "S2 4LT",
        "addr:street": "London Road",
        "amenity": "cafe",
        "building:part": "yes",
        "fhrs:id": "1003230",
        "level": "0",
        "name": "Desi Cafe"
      },
      "geometry": {
        "type": "Polygon",
        "coordinates": [
          [
            [
              -1.4774525,
              53.3697611
            ],
            [
              -1.477483,
              53.3698003
            ],
            [
              -1.4777582,
              53.3697178
            ],
            [
              -1.4777246,
              53.3696801
            ],
            [
              -1.4774525,
              53.3697611
            ]
          ]
        ]
      },
      "id": "way/1132946991"
    },
    {
      "type": "Feature",
      "properties": {
        "@id": "way/1132995537",
        "addr:city": "Sheffield",
        "addr:country": "GB",
        "addr:housenumber": "272",
        "addr:postcode": "S2 4NA",
        "addr:street": "London Road",
        "amenity": "cafe",
        "building:part": "yes",
        "check_date": "2025-07-05",
        "fhrs:id": "578719",
        "name": "Cafe Indus"
      },
      "geometry": {
        "type": "Polygon",
        "coordinates": [
          [
            [
              -1.4759328,
              53.3672529
            ],
            [
              -1.4758946,
              53.3672334
            ],
            [
              -1.4758307,
              53.3672506
            ],
            [
              -1.475634,
              53.3673037
            ],
            [
              -1.4756843,
              53.3673705
            ],
            [
              -1.4757514,
              53.3673801
            ],
            [
              -1.4759328,
              53.3672529
            ]
          ]
        ]
      },
      "id": "way/1132995537"
    },
    {
      "type": "Feature",
      "properties": {
        "@id": "way/1135497326",
        "addr:city": "Sheffield",
        "addr:housenumber": "44",
        "addr:postcode": "S12 4WD",
        "addr:street": "Birley Moor Road",
        "amenity": "cafe",
        "building:part": "retail",
        "fhrs:id": "1852956",
        "name": "Mary's Pantry",
        "source:addr": "FHRS Open Data"
      },
      "geometry": {
        "type": "Polygon",
        "coordinates": [
          [
            [
              -1.4024142,
              53.3497945
            ],
            [
              -1.40253,
              53.3497348
            ],
            [
              -1.4024913,
              53.3497081
            ],
            [
              -1.4025466,
              53.3496796
            ],
            [
              -1.4025068,
              53.349652
            ],
            [
              -1.4023357,
              53.3497402
            ],
            [
              -1.4024142,
              53.3497945
            ]
          ]
        ]
      },
      "id": "way/1135497326"
    },
    {
      "type": "Feature",
      "properties": {
        "@id": "way/1135609973",
        "addr:city": "Ashton-under-Lyne",
        "addr:country": "GB",
        "addr:postcode": "OL7 0PG",
        "addr:street": "Fold Way",
        "amenity": "cafe",
        "brand": "Costa",
        "brand:wikidata": "Q608845",
        "building": "yes",
        "cuisine": "coffee_shop",
        "drive_through": "yes",
        "fhrs:id": "959958",
        "name": "Costa",
        "takeaway": "yes"
      },
      "geometry": {
        "type": "Polygon",
        "coordinates": [
          [
            [
              -2.1134324,
              53.4881938
            ],
            [
              -2.1133928,
              53.4881746
            ],
            [
              -2.1134066,
              53.4881645
            ],
            [
              -2.1133595,
              53.4881417
            ],
            [
              -2.1133514,
              53.4881476
            ],
            [
              -2.1132242,
              53.4880858
            ],
            [
              -2.1131004,
              53.488176
            ],
            [
              -2.1133143,
              53.4882799
            ],
            [
              -2.1134324,
              53.4881938
            ]
          ]
        ]
      },
      "id": "way/1135609973"
    },
    {
      "type": "Feature",
      "properties": {
        "@id": "way/1137051742",
        "addr:city": "Sheffield",
        "addr:housenumber": "378-380",
        "addr:postcode": "S11 8ZP",
        "addr:street": "Sharrow Vale Road",
        "amenity": "cafe",
        "building:part": "yes",
        "fhrs:id": "948586",
        "name": "Eve Kitchen"
      },
      "geometry": {
        "type": "Polygon",
        "coordinates": [
          [
            [
              -1.5003062,
              53.3673641
            ],
            [
              -1.500333,
              53.3673613
            ],
            [
              -1.5003661,
              53.3673609
            ],
            [
              -1.5004322,
              53.3673621
            ],
            [
              -1.5004247,
              53.3672746
            ],
            [
              -1.5004003,
              53.3672736
            ],
            [
              -1.5002753,
              53.3672773
            ],
            [
              -1.5003062,
              53.3673641
            ]
          ]
        ]
      },
      "id": "way/1137051742"
    },
    {
      "type": "Feature",
      "properties": {
        "@id": "way/1137051756",
        "addr:city": "Sheffield",
        "addr:housenumber": "345",
        "addr:postcode": "S11 8ZG",
        "addr:street": "Sharrow Vale Road",
        "amenity": "cafe",
        "building:part": "yes",
        "fhrs:id": "606657",
        "name": "Paradiso",
        "source:addr": "FHRS Open Data"
      },
      "geometry": {
        "type": "Polygon",
        "coordinates": [
          [
            [
              -1.4993924,
              53.3671677
            ],
            [
              -1.499349,
              53.3671782
            ],
            [
              -1.4993833,
              53.3672288
            ],
            [
              -1.4993609,
              53.3672342
            ],
            [
              -1.4994157,
              53.3673153
            ],
            [
              -1.4994815,
              53.3672994
            ],
            [
              -1.4994066,
              53.3671888
            ],
            [
              -1.4993924,
              53.3671677
            ]
          ]
        ]
      },
      "id": "way/1137051756"
    },
    {
      "type": "Feature",
      "properties": {
        "@id": "way/1137663859",
        "amenity": "cafe",
        "building": "yes",
        "name": "Barnshaw Smithy",
        "outdoor_seating": "yes",
        "phone": "+44 1565 872286",
        "website": "https://www.barnshaw-smithy.com/"
      },
      "geometry": {
        "type": "Polygon",
        "coordinates": [
          [
            [
              -2.3348828,
              53.3353212
            ],
            [
              -2.3348305,
              53.3352936
            ],
            [
              -2.3346635,
              53.3354065
            ],
            [
              -2.3347146,
              53.3354335
            ],
            [
              -2.3346212,
              53.3354966
            ],
            [
              -2.3346674,
              53.335521
            ],
            [
              -2.3346343,
              53.3355434
            ],
            [
              -2.3346939,
              53.3355748
            ],
            [
              -2.3348776,
              53.3354506
            ],
            [
              -2.3348206,
              53.3354205
            ],
            [
              -2.3348671,
              53.3353891
            ],
            [
              -2.3348195,
              53.335364
            ],
            [
              -2.3348828,
              53.3353212
            ]
          ]
        ]
      },
      "id": "way/1137663859"
    },
    {
      "type": "Feature",
      "properties": {
        "@id": "way/1144887921",
        "addr:city": "Sheffield",
        "addr:housenumber": "166",
        "addr:postcode": "S9 5HQ",
        "addr:street": "Main Road",
        "amenity": "cafe",
        "building:part": "retail",
        "name": "Teasmaid"
      },
      "geometry": {
        "type": "Polygon",
        "coordinates": [
          [
            [
              -1.4113066,
              53.3869246
            ],
            [
              -1.4112958,
              53.3869583
            ],
            [
              -1.4114574,
              53.386977
            ],
            [
              -1.4115779,
              53.3869917
            ],
            [
              -1.4115891,
              53.3869584
            ],
            [
              -1.4114953,
              53.3869473
            ],
            [
              -1.4113066,
              53.3869246
            ]
          ]
        ]
      },
      "id": "way/1144887921"
    },
    {
      "type": "Feature",
      "properties": {
        "@id": "way/1144887922",
        "addr:city": "Sheffield",
        "addr:housenumber": "164",
        "addr:postcode": "S9 5HQ",
        "addr:street": "Main Road",
        "amenity": "cafe",
        "building:part": "retail",
        "name": "Flavourz Cafe"
      },
      "geometry": {
        "type": "Polygon",
        "coordinates": [
          [
            [
              -1.4112861,
              53.3869892
            ],
            [
              -1.4114476,
              53.3870082
            ],
            [
              -1.4114574,
              53.386977
            ],
            [
              -1.4112958,
              53.3869583
            ],
            [
              -1.4112861,
              53.3869892
            ]
          ]
        ]
      },
      "id": "way/1144887922"
    },
    {
      "type": "Feature",
      "properties": {
        "@id": "way/1144986800",
        "addr:city": "Sheffield",
        "addr:housenumber": "659",
        "addr:postcode": "S9 4RD",
        "addr:street": "Staniforth Road",
        "amenity": "cafe",
        "building:part": "retail",
        "fhrs:id": "779253",
        "name": "Maa Ji"
      },
      "geometry": {
        "type": "Polygon",
        "coordinates": [
          [
            [
              -1.4132024,
              53.3866296
            ],
            [
              -1.4132437,
              53.3865441
            ],
            [
              -1.4131865,
              53.3865342
            ],
            [
              -1.4131327,
              53.3866445
            ],
            [
              -1.413177,
              53.3866522
            ],
            [
              -1.4131892,
              53.3866273
            ],
            [
              -1.4132024,
              53.3866296
            ]
          ]
        ]
      },
      "id": "way/1144986800"
    },
    {
      "type": "Feature",
      "properties": {
        "@id": "way/1144986817",
        "addr:city": "Sheffield",
        "addr:housenumber": "5",
        "addr:postcode": "S9 4PJ",
        "addr:street": "Waverley Road",
        "amenity": "cafe",
        "building:part": "retail",
        "fhrs:id": "437660",
        "name": "The Little Mesters Cafe",
        "source:addr": "FHRS Open Data"
      },
      "geometry": {
        "type": "Polygon",
        "coordinates": [
          [
            [
              -1.4083241,
              53.3853014
            ],
            [
              -1.4082153,
              53.3852692
            ],
            [
              -1.4081561,
              53.3853396
            ],
            [
              -1.4082655,
              53.3853723
            ],
            [
              -1.4083065,
              53.3853224
            ],
            [
              -1.4083241,
              53.3853014
            ]
          ]
        ]
      },
      "id": "way/1144986817"
    },
    {
      "type": "Feature",
      "properties": {
        "@id": "way/1144986819",
        "addr:city": "Sheffield",
        "addr:housenumber": "295",
        "addr:postcode": "S9 4QG",
        "addr:street": "Main Road",
        "amenity": "cafe",
        "building": "yes",
        "facebook": "https://www.facebook.com/Chaiinastha/",
        "fhrs:id": "1569352",
        "instagram": "https://www.instagram.com/chaiinastha/",
        "name": "Chaii Nastha",
        "opening_hours": "Tu-Fr 9:00-14:00; Sa-Su 10:00-15:00",
        "phone": "+44 114 457 2651",
        "source:addr:postcode": "code-point_open"
      },
      "geometry": {
        "type": "Polygon",
        "coordinates": [
          [
            [
              -1.4080151,
              53.385086
            ],
            [
              -1.4080951,
              53.3851084
            ],
            [
              -1.4081756,
              53.3850059
            ],
            [
              -1.4081661,
              53.3849881
            ],
            [
              -1.4081055,
              53.3849712
            ],
            [
              -1.4080151,
              53.385086
            ]
          ]
        ]
      },
      "id": "way/1144986819"
    },
    {
      "type": "Feature",
      "properties": {
        "@id": "way/1147700440",
        "addr:city": "Barnsley",
        "addr:housenumber": "4",
        "addr:postcode": "S74 9JP",
        "addr:street": "King Street",
        "amenity": "cafe",
        "building:part": "yes",
        "cuisine": "coffee_shop",
        "name": "The Yorkshire Coffee Roasters"
      },
      "geometry": {
        "type": "Polygon",
        "coordinates": [
          [
            [
              -1.437802,
              53.5008718
            ],
            [
              -1.4377215,
              53.5008799
            ],
            [
              -1.4377587,
              53.5010096
            ],
            [
              -1.4378386,
              53.5010014
            ],
            [
              -1.437802,
              53.5008718
            ]
          ]
        ]
      },
      "id": "way/1147700440"
    },
    {
      "type": "Feature",
      "properties": {
        "@id": "way/1147921779",
        "addr:city": "Huddersfield",
        "addr:country": "GB",
        "addr:housenumber": "8",
        "addr:postcode": "HD8 8AA",
        "addr:street": "Station Road",
        "addr:village": "Shepley",
        "amenity": "cafe",
        "building": "retail",
        "dog": "permissive",
        "indoor_seating": "yes",
        "internet_access": "wlan",
        "level": "0",
        "name": "Chamberlain's Coffee and Cakes",
        "opening_hours": "Mo 09:00-14:00; Tu-Th 08:30-14:00; Fr 08:30-16:00; Sa 09:00-15:00",
        "outdoor_seating": "no",
        "ref:GB:uprn": "83100607"
      },
      "geometry": {
        "type": "Polygon",
        "coordinates": [
          [
            [
              -1.7094453,
              53.584452
            ],
            [
              -1.7093081,
              53.5844721
            ],
            [
              -1.709326,
              53.5845153
            ],
            [
              -1.7094633,
              53.5844952
            ],
            [
              -1.7094453,
              53.584452
            ]
          ]
        ]
      },
      "id": "way/1147921779"
    },
    {
      "type": "Feature",
      "properties": {
        "@id": "way/1147940836",
        "addr:street": "Little Ees Lane",
        "amenity": "cafe",
        "building": "yes",
        "dog": "yes",
        "facebook": "https://www.facebook.com/boundarycoffee/",
        "instagram": "https://www.instagram.com/theboundarycoffee/",
        "internet_access": "no",
        "name": "Boundary Cafe",
        "opening_hours": "Fr 09:30-13:30; Sa-Su 09:30-15:30; ",
        "outdoor_seating": "yes"
      },
      "geometry": {
        "type": "Polygon",
        "coordinates": [
          [
            [
              -2.3349747,
              53.4360025
            ],
            [
              -2.3350022,
              53.4359441
            ],
            [
              -2.3349506,
              53.435937
            ],
            [
              -2.3349235,
              53.4359933
            ],
            [
              -2.3349747,
              53.4360025
            ]
          ]
        ]
      },
      "id": "way/1147940836"
    },
    {
      "type": "Feature",
      "properties": {
        "@id": "way/1148284919",
        "addr:city": "Bradford",
        "addr:housenumber": "24",
        "addr:postcode": "BD1 1LH",
        "addr:street": "Market Street",
        "amenity": "cafe",
        "brand": "Caffè Nero",
        "brand:wikidata": "Q675808",
        "building:part": "yes",
        "check_date": "2024-08-22",
        "check_date:opening_hours": "2024-08-22",
        "cuisine": "coffee_shop",
        "fhrs:id": "328453",
        "name": "Caffè Nero",
        "opening_hours": "Mo-Fr 06:30-18:30; Sa 08:00-18:30; Su 08:30-17:00",
        "takeaway": "yes",
        "website": "https://www.caffenero.com/uk/stores/bradford"
      },
      "geometry": {
        "type": "Polygon",
        "coordinates": [
          [
            [
              -1.7528412,
              53.7937532
            ],
            [
              -1.7526985,
              53.7937089
            ],
            [
              -1.7526068,
              53.7938024
            ],
            [
              -1.7526204,
              53.7938364
            ],
            [
              -1.7527082,
              53.7938934
            ],
            [
              -1.7528412,
              53.7937532
            ]
          ]
        ]
      },
      "id": "way/1148284919"
    },
    {
      "type": "Feature",
      "properties": {
        "@id": "way/1148284921",
        "addr:city": "Bradford",
        "addr:housenumber": "9",
        "addr:postcode": "BD1 1RU",
        "addr:street": "Tyrell Street",
        "amenity": "cafe",
        "building:part": "yes",
        "fhrs:id": "324738",
        "name": "Lefteris"
      },
      "geometry": {
        "type": "Polygon",
        "coordinates": [
          [
            [
              -1.7531209,
              53.7936361
            ],
            [
              -1.7529634,
              53.7938208
            ],
            [
              -1.7530805,
              53.7938629
            ],
            [
              -1.7531623,
              53.7938916
            ],
            [
              -1.7533118,
              53.7937165
            ],
            [
              -1.7532985,
              53.7936902
            ],
            [
              -1.7531209,
              53.7936361
            ]
          ]
        ]
      },
      "id": "way/1148284921"
    },
    {
      "type": "Feature",
      "properties": {
        "@id": "way/1148329828",
        "addr:city": "Bradford",
        "addr:housenumber": "44",
        "addr:postcode": "BD1 1US",
        "addr:street": "Charles Street Mall",
        "amenity": "cafe",
        "brand": "Muffin Break",
        "brand:wikidata": "Q16964876",
        "building:part": "retail",
        "cuisine": "coffee_shop",
        "fhrs:id": "1568272",
        "name": "Muffin Break",
        "source:addr": "FHRS Open Data",
        "takeaway": "yes"
      },
      "geometry": {
        "type": "Polygon",
        "coordinates": [
          [
            [
              -1.749746,
              53.7943957
            ],
            [
              -1.7497534,
              53.7941822
            ],
            [
              -1.7496028,
              53.7941778
            ],
            [
              -1.7495952,
              53.7943939
            ],
            [
              -1.749746,
              53.7943957
            ]
          ]
        ]
      },
      "id": "way/1148329828"
    },
    {
      "type": "Feature",
      "properties": {
        "@id": "way/1148906995",
        "addr:city": "Sheffield",
        "addr:housenumber": "267",
        "addr:postcode": "S5 8AU",
        "addr:street": "Buchanan Road",
        "amenity": "cafe",
        "building:part": "retail",
        "fhrs:id": "437049",
        "name": "Tracy’s Kitchen",
        "source:addr": "FHRS Open Data"
      },
      "geometry": {
        "type": "Polygon",
        "coordinates": [
          [
            [
              -1.4834769,
              53.4262131
            ],
            [
              -1.4835969,
              53.4262366
            ],
            [
              -1.4836349,
              53.4261669
            ],
            [
              -1.4835144,
              53.4261437
            ],
            [
              -1.4834769,
              53.4262131
            ]
          ]
        ]
      },
      "id": "way/1148906995"
    },
    {
      "type": "Feature",
      "properties": {
        "@id": "way/1148907002",
        "addr:city": "Sheffield",
        "addr:housenumber": "283",
        "addr:postcode": "S5 8AU",
        "addr:street": "Buchanan Road",
        "amenity": "cafe",
        "building:part": "retail",
        "name": "Corner Cafe and Restaurant"
      },
      "geometry": {
        "type": "Polygon",
        "coordinates": [
          [
            [
              -1.4844596,
              53.4264025
            ],
            [
              -1.4845873,
              53.4264276
            ],
            [
              -1.4846577,
              53.4262981
            ],
            [
              -1.4845874,
              53.4262845
            ],
            [
              -1.4845782,
              53.4263014
            ],
            [
              -1.4845377,
              53.4262936
            ],
            [
              -1.4845307,
              53.4263065
            ],
            [
              -1.4845143,
              53.4263034
            ],
            [
              -1.4845029,
              53.4263227
            ],
            [
              -1.4844596,
              53.4264025
            ]
          ]
        ]
      },
      "id": "way/1148907002"
    },
    {
      "type": "Feature",
      "properties": {
        "@id": "way/1149710751",
        "addr:city": "Sheffield",
        "addr:housenumber": "5",
        "addr:postcode": "S9 5EZ",
        "addr:street": "Clipstone Gardens",
        "amenity": "cafe",
        "building": "yes",
        "name": "Tea And Toast"
      },
      "geometry": {
        "type": "Polygon",
        "coordinates": [
          [
            [
              -1.4140378,
              53.3944027
            ],
            [
              -1.413991,
              53.394358
            ],
            [
              -1.4139434,
              53.3943109
            ],
            [
              -1.4138696,
              53.3943378
            ],
            [
              -1.4139188,
              53.3943858
            ],
            [
              -1.4139639,
              53.3944298
            ],
            [
              -1.4140378,
              53.3944027
            ]
          ]
        ]
      },
      "id": "way/1149710751"
    },
    {
      "type": "Feature",
      "properties": {
        "@id": "way/1149961619",
        "addr:city": "Bradford",
        "addr:housename": "Unit C",
        "addr:postcode": "BD1 1HY",
        "addr:street": "Centenary Square",
        "amenity": "cafe",
        "brand": "Starbucks",
        "brand:wikidata": "Q37158",
        "brand:wikipedia": "en:Starbucks",
        "building:part": "retail",
        "cuisine": "coffee_shop",
        "fhrs:id": "325606",
        "name": "Starbucks",
        "official_name": "Starbucks Coffee",
        "source:addr": "FHRS Open Data",
        "takeaway": "yes",
        "toilets": "yes",
        "toilets:wheelchair": "yes",
        "website": "https://www.starbucks.com/store-locator/store/1013520/bradford-centenary-square-centenary-square-market-street-part-unit-c-bradfor",
        "wheelchair": "yes"
      },
      "geometry": {
        "type": "Polygon",
        "coordinates": [
          [
            [
              -1.7550074,
              53.792988
            ],
            [
              -1.7549379,
              53.793014
            ],
            [
              -1.7551311,
              53.7931876
            ],
            [
              -1.7551385,
              53.7931934
            ],
            [
              -1.7551513,
              53.7931996
            ],
            [
              -1.7551683,
              53.7932033
            ],
            [
              -1.7552006,
              53.7932025
            ],
            [
              -1.755277,
              53.7931621
            ],
            [
              -1.7550074,
              53.792988
            ]
          ]
        ]
      },
      "id": "way/1149961619"
    },
    {
      "type": "Feature",
      "properties": {
        "@id": "way/1153335610",
        "addr:city": "Sheffield",
        "addr:housenumber": "253",
        "addr:postcode": "S10 3BD",
        "addr:street": "Fulwood Road",
        "amenity": "cafe",
        "building": "yes",
        "cuisine": "coffee_shop",
        "fhrs:id": "1348835",
        "level": "0",
        "name": "CAWA Coffee",
        "website": "http://cawa.coffee/"
      },
      "geometry": {
        "type": "Polygon",
        "coordinates": [
          [
            [
              -1.5022942,
              53.3770312
            ],
            [
              -1.5021881,
              53.3769144
            ],
            [
              -1.5020982,
              53.3769404
            ],
            [
              -1.5021937,
              53.3770619
            ],
            [
              -1.5022942,
              53.3770312
            ]
          ]
        ]
      },
      "id": "way/1153335610"
    },
    {
      "type": "Feature",
      "properties": {
        "@id": "way/1155085825",
        "addr:city": "Sheffield",
        "addr:country": "GB",
        "addr:housenumber": "1A",
        "addr:postcode": "S35 9WE",
        "addr:street": "Church Street",
        "addr:suburb": "Ecclesfield",
        "amenity": "cafe",
        "building:part": "retail",
        "fhrs:id": "779260",
        "level": "0",
        "name": "Brown's Cafe",
        "not:brand:wikidata": "Q4976672"
      },
      "geometry": {
        "type": "Polygon",
        "coordinates": [
          [
            [
              -1.4704578,
              53.4425169
            ],
            [
              -1.4705938,
              53.4426004
            ],
            [
              -1.4706665,
              53.4425625
            ],
            [
              -1.4705534,
              53.4425014
            ],
            [
              -1.4705147,
              53.4424805
            ],
            [
              -1.4704578,
              53.4425169
            ]
          ]
        ]
      },
      "id": "way/1155085825"
    },
    {
      "type": "Feature",
      "properties": {
        "@id": "way/1155650982",
        "addr:city": "Sheffield",
        "addr:housenumber": "77",
        "addr:postcode": "S2 4LR",
        "addr:street": "London Road",
        "amenity": "cafe",
        "building:part": "retail",
        "check_date": "2025-07-05",
        "fhrs:id": "1590644",
        "name": "Mr Chai"
      },
      "geometry": {
        "type": "Polygon",
        "coordinates": [
          [
            [
              -1.4771798,
              53.3711563
            ],
            [
              -1.4772228,
              53.3710738
            ],
            [
              -1.477113,
              53.3710546
            ],
            [
              -1.4770583,
              53.3711214
            ],
            [
              -1.4771798,
              53.3711563
            ]
          ]
        ]
      },
      "id": "way/1155650982"
    },
    {
      "type": "Feature",
      "properties": {
        "@id": "way/1155714664",
        "amenity": "cafe",
        "building": "yes"
      },
      "geometry": {
        "type": "Polygon",
        "coordinates": [
          [
            [
              -2.400142,
              53.6222981
            ],
            [
              -2.400233,
              53.6221553
            ],
            [
              -2.4001131,
              53.6221284
            ],
            [
              -2.4000221,
              53.6222713
            ],
            [
              -2.400142,
              53.6222981
            ]
          ]
        ]
      },
      "id": "way/1155714664"
    },
    {
      "type": "Feature",
      "properties": {
        "@id": "way/1157522609",
        "addr:city": "Sheffield",
        "addr:housenumber": "477",
        "addr:postcode": "S11 8PP",
        "addr:street": "Ecclesall Road",
        "amenity": "cafe",
        "building:part": "retail",
        "fhrs:id": "436830",
        "level": "0",
        "name": "Red Rock Cafe"
      },
      "geometry": {
        "type": "Polygon",
        "coordinates": [
          [
            [
              -1.4950516,
              53.3691736
            ],
            [
              -1.4951064,
              53.3691604
            ],
            [
              -1.4950387,
              53.3690596
            ],
            [
              -1.4949838,
              53.3690729
            ],
            [
              -1.4950516,
              53.3691736
            ]
          ]
        ]
      },
      "id": "way/1157522609"
    },
    {
      "type": "Feature",
      "properties": {
        "@id": "way/1162508566",
        "amenity": "cafe",
        "building": "yes",
        "name": "Harpers"
      },
      "geometry": {
        "type": "Polygon",
        "coordinates": [
          [
            [
              -2.1135273,
              53.4222098
            ],
            [
              -2.1133615,
              53.4220836
            ],
            [
              -2.1131385,
              53.4221877
            ],
            [
              -2.1133581,
              53.4223548
            ],
            [
              -2.1135012,
              53.422288
            ],
            [
              -2.1134475,
              53.4222471
            ],
            [
              -2.1135273,
              53.4222098
            ]
          ]
        ]
      },
      "id": "way/1162508566"
    },
    {
      "type": "Feature",
      "properties": {
        "@id": "way/1164644947",
        "addr:city": "Sheffield",
        "addr:housenumber": "16",
        "addr:postcode": "S1 2EF",
        "addr:street": "Campo Lane",
        "amenity": "cafe",
        "building:part": "retail",
        "cuisine": "matcha",
        "fhrs:id": "1916598",
        "name": "The Matcha Spot"
      },
      "geometry": {
        "type": "Polygon",
        "coordinates": [
          [
            [
              -1.469505,
              53.3837128
            ],
            [
              -1.4695187,
              53.3837634
            ],
            [
              -1.4695842,
              53.3837583
            ],
            [
              -1.4695719,
              53.3837063
            ],
            [
              -1.469505,
              53.3837128
            ]
          ]
        ]
      },
      "id": "way/1164644947"
    },
    {
      "type": "Feature",
      "properties": {
        "@id": "way/1164644948",
        "addr:city": "Sheffield",
        "addr:country": "GB",
        "addr:housenumber": "12",
        "addr:postcode": "S1 2EF",
        "addr:street": "Campo Lane",
        "amenity": "cafe",
        "building:part": "retail",
        "cuisine": "juice",
        "fhrs:id": "1401503",
        "name": "Juice Presso",
        "opening_hours": "Mo-Sa 11:00-22:00"
      },
      "geometry": {
        "type": "Polygon",
        "coordinates": [
          [
            [
              -1.4694642,
              53.3837168
            ],
            [
              -1.4694053,
              53.3837225
            ],
            [
              -1.4694188,
              53.3837712
            ],
            [
              -1.4694776,
              53.3837666
            ],
            [
              -1.4694642,
              53.3837168
            ]
          ]
        ]
      },
      "id": "way/1164644948"
    },
    {
      "type": "Feature",
      "properties": {
        "@id": "way/1164644951",
        "addr:city": "Sheffield",
        "addr:housenumber": "26a",
        "addr:postcode": "S1 2EF",
        "addr:street": "Campo Lane",
        "amenity": "cafe",
        "building:part": "retail",
        "cuisine": "bagel;cake;coffee_shop",
        "fhrs:id": "1399755",
        "name": "townes"
      },
      "geometry": {
        "type": "Polygon",
        "coordinates": [
          [
            [
              -1.4698816,
              53.383668
            ],
            [
              -1.4698844,
              53.3837436
            ],
            [
              -1.4699578,
              53.3837433
            ],
            [
              -1.4699567,
              53.3836736
            ],
            [
              -1.469928,
              53.3836619
            ],
            [
              -1.4698816,
              53.383668
            ]
          ]
        ]
      },
      "id": "way/1164644951"
    },
    {
      "type": "Feature",
      "properties": {
        "@id": "way/1167159341",
        "addr:city": "Sheffield",
        "addr:housename": "Bell House",
        "addr:housenumber": "5",
        "addr:postcode": "S1 2AY",
        "addr:street": "Fitzalan Square",
        "amenity": "cafe",
        "building:part": "retail",
        "cuisine": "indian",
        "diet:vegan": "yes",
        "diet:vegetarian": "yes",
        "fhrs:id": "1296620",
        "level": "0",
        "name": "The Chakra Lounge",
        "opening_hours": "Mo-Th 09:00-17:00; Fr,Sa 09:00-18:00; Su 09:00-16:00",
        "outdoor_seating": "yes"
      },
      "geometry": {
        "type": "Polygon",
        "coordinates": [
          [
            [
              -1.4637686,
              53.382886
            ],
            [
              -1.4640547,
              53.3828779
            ],
            [
              -1.4642211,
              53.3828812
            ],
            [
              -1.4642265,
              53.3828305
            ],
            [
              -1.4639892,
              53.3828273
            ],
            [
              -1.463759,
              53.3828393
            ],
            [
              -1.4637686,
              53.382886
            ]
          ]
        ]
      },
      "id": "way/1167159341"
    },
    {
      "type": "Feature",
      "properties": {
        "@id": "way/1177266892",
        "addr:city": "Prestwich",
        "addr:housenumber": "3",
        "addr:postcode": "M25 0PD",
        "addr:street": "Scholes Lane",
        "amenity": "cafe",
        "building": "yes",
        "name": "The Coffee Sack",
        "outdoor_seating": "yes",
        "phone": "+44 161 773 2000",
        "website": "https://www.thecoffeesack.shop"
      },
      "geometry": {
        "type": "Polygon",
        "coordinates": [
          [
            [
              -2.2760581,
              53.5243522
            ],
            [
              -2.2761745,
              53.5242945
            ],
            [
              -2.2760801,
              53.5242228
            ],
            [
              -2.2759669,
              53.524282
            ],
            [
              -2.2759602,
              53.5242876
            ],
            [
              -2.2760581,
              53.5243522
            ]
          ]
        ]
      },
      "id": "way/1177266892"
    },
    {
      "type": "Feature",
      "properties": {
        "@id": "way/1190062278",
        "addr:place": "Wythenshawe Shopping Centre",
        "addr:postcode": "M22 5RF",
        "addr:unit": "23A",
        "amenity": "cafe",
        "brand": "Costa",
        "brand:wikidata": "Q608845",
        "building:part": "retail",
        "cuisine": "coffee_shop",
        "fhrs:id": "1198858",
        "name": "Costa",
        "takeaway": "yes",
        "wheelchair": "yes"
      },
      "geometry": {
        "type": "Polygon",
        "coordinates": [
          [
            [
              -2.262623,
              53.3795244
            ],
            [
              -2.2625967,
              53.3795923
            ],
            [
              -2.2629922,
              53.3796463
            ],
            [
              -2.2630185,
              53.3795788
            ],
            [
              -2.262623,
              53.3795244
            ]
          ]
        ]
      },
      "id": "way/1190062278"
    },
    {
      "type": "Feature",
      "properties": {
        "@id": "way/1190243164",
        "addr:city": "Huddersfield",
        "addr:housenumber": "16",
        "addr:postcode": "HD7 6BW",
        "addr:street": "Peel Street",
        "addr:suburb": "Marsden",
        "amenity": "cafe",
        "building": "yes",
        "name": "Lil Olive",
        "ref:GB:uprn": "83239159;83238503;83239158;83239157;83239156;83200420;83000361"
      },
      "geometry": {
        "type": "Polygon",
        "coordinates": [
          [
            [
              -1.9270494,
              53.6008495
            ],
            [
              -1.9269901,
              53.6008021
            ],
            [
              -1.9268772,
              53.6008584
            ],
            [
              -1.9269476,
              53.6009004
            ],
            [
              -1.9270494,
              53.6008495
            ]
          ]
        ]
      },
      "id": "way/1190243164"
    },
    {
      "type": "Feature",
      "properties": {
        "@id": "way/1190243166",
        "addr:city": "Huddersfield",
        "addr:housenumber": "18",
        "addr:postcode": "HD7 6BW",
        "addr:street": "Peel Street",
        "addr:suburb": "Marsden",
        "amenity": "cafe",
        "building": "yes",
        "name": "Ohmare",
        "ref:GB:uprn": "83000902"
      },
      "geometry": {
        "type": "Polygon",
        "coordinates": [
          [
            [
              -1.9269901,
              53.6008021
            ],
            [
              -1.9269181,
              53.6007427
            ],
            [
              -1.9267969,
              53.6008032
            ],
            [
              -1.9268772,
              53.6008584
            ],
            [
              -1.9269901,
              53.6008021
            ]
          ]
        ]
      },
      "id": "way/1190243166"
    },
    {
      "type": "Feature",
      "properties": {
        "@id": "way/1190626386",
        "addr:city": "Huddersfield",
        "addr:postcode": "HD1 6NW",
        "addr:street": "Leeds Road",
        "amenity": "cafe",
        "branch": "Huddersfield D Thru",
        "brand": "Costa",
        "brand:wikidata": "Q608845",
        "building": "yes",
        "cuisine": "coffee_shop",
        "delivery": "yes",
        "diet:vegetarian": "yes",
        "drive_through": "yes",
        "fhrs:id": "228783",
        "internet_access": "wlan",
        "name": "Costa Drive Thru",
        "opening_hours": "Mo-Fr 06:00-20:30; Sa 07:00-19:30; Su 07:00-19:00",
        "outdoor_seating": "yes",
        "takeaway": "yes",
        "toilets": "yes",
        "website": "https://www.costa.co.uk/locations/store-locator/map?latitude=53.655528&longitude=-1.775485&open=1",
        "website:menu": "https://www.costa.co.uk/menu",
        "wheelchair": "yes"
      },
      "geometry": {
        "type": "Polygon",
        "coordinates": [
          [
            [
              -1.7758176,
              53.6552025
            ],
            [
              -1.775746,
              53.6551726
            ],
            [
              -1.7756813,
              53.6551456
            ],
            [
              -1.7755288,
              53.6552737
            ],
            [
              -1.7756651,
              53.6553307
            ],
            [
              -1.7758176,
              53.6552025
            ]
          ]
        ]
      },
      "id": "way/1190626386"
    },
    {
      "type": "Feature",
      "properties": {
        "@id": "way/1190718493",
        "addr:city": "Sheffield",
        "addr:housenumber": "1",
        "addr:postcode": "S35 0GY",
        "addr:street": "Langsett Road South",
        "addr:village": "Oughtibridge",
        "amenity": "cafe",
        "building": "yes",
        "fhrs:id": "1021525",
        "name": "Joni",
        "source:addr": "FHRS Open Data"
      },
      "geometry": {
        "type": "Polygon",
        "coordinates": [
          [
            [
              -1.5393785,
              53.4360269
            ],
            [
              -1.5394426,
              53.4360085
            ],
            [
              -1.5393929,
              53.4359421
            ],
            [
              -1.5392761,
              53.4359733
            ],
            [
              -1.5393031,
              53.4360092
            ],
            [
              -1.5393553,
              53.4359953
            ],
            [
              -1.5393785,
              53.4360269
            ]
          ]
        ]
      },
      "id": "way/1190718493"
    },
    {
      "type": "Feature",
      "properties": {
        "@id": "way/1192968785",
        "addr:city": "Sheffield",
        "addr:housenumber": "42",
        "addr:postcode": "S1 4HP",
        "addr:street": "Cambridge Street",
        "amenity": "cafe",
        "building:part": "retail",
        "fhrs:id": "1211649",
        "level": "0",
        "name": "Marmadukes",
        "opening_hours": "Mo-Fr 08:30-16:00; Sa 09:00-17:00; Su 09:00-16:00"
      },
      "geometry": {
        "type": "Polygon",
        "coordinates": [
          [
            [
              -1.4718527,
              53.37871
            ],
            [
              -1.4718841,
              53.3788406
            ],
            [
              -1.4719071,
              53.3788385
            ],
            [
              -1.4719517,
              53.3788566
            ],
            [
              -1.4720629,
              53.3787571
            ],
            [
              -1.471998,
              53.378735
            ],
            [
              -1.4719825,
              53.378698
            ],
            [
              -1.4718527,
              53.37871
            ]
          ]
        ]
      },
      "id": "way/1192968785"
    },
    {
      "type": "Feature",
      "properties": {
        "@id": "way/1198621845",
        "addr:city": "Sheffield",
        "addr:housenumber": "3",
        "addr:postcode": "S35 2XE",
        "addr:street": "Station Road",
        "addr:town": "Chapeltown",
        "amenity": "cafe",
        "building:part": "yes",
        "fhrs:id": "435925",
        "level": "0",
        "name": "Station Cafe",
        "source:addr": "FHRS Open Data"
      },
      "geometry": {
        "type": "Polygon",
        "coordinates": [
          [
            [
              -1.4650478,
              53.4619653
            ],
            [
              -1.4650508,
              53.4619244
            ],
            [
              -1.4648372,
              53.4619188
            ],
            [
              -1.4648342,
              53.4619597
            ],
            [
              -1.4650478,
              53.4619653
            ]
          ]
        ]
      },
      "id": "way/1198621845"
    },
    {
      "type": "Feature",
      "properties": {
        "@id": "way/1201816748",
        "addr:city": "Shipley",
        "addr:housename": "Shipley Wharf Retail Park",
        "addr:postcode": "BD17 7BS",
        "addr:street": "Salts Mill Road",
        "addr:unit": "Unit 1",
        "amenity": "cafe",
        "brand": "Costa",
        "brand:wikidata": "Q608845",
        "building": "yes",
        "cuisine": "coffee_shop",
        "drive_through": "yes",
        "fhrs:id": "1434704",
        "name": "Costa Drive Thru",
        "source:addr": "FHRS Open Data",
        "takeaway": "only"
      },
      "geometry": {
        "type": "Polygon",
        "coordinates": [
          [
            [
              -1.7765645,
              53.8368831
            ],
            [
              -1.7756562,
              53.8365542
            ],
            [
              -1.7756598,
              53.8369066
            ],
            [
              -1.7765645,
              53.8368831
            ]
          ]
        ]
      },
      "id": "way/1201816748"
    },
    {
      "type": "Feature",
      "properties": {
        "@id": "way/1205883100",
        "amenity": "cafe",
        "building": "yes",
        "name": "Wild Cafe"
      },
      "geometry": {
        "type": "Polygon",
        "coordinates": [
          [
            [
              -1.9122318,
              53.6087066
            ],
            [
              -1.9120028,
              53.6085987
            ],
            [
              -1.9119511,
              53.6086378
            ],
            [
              -1.9122154,
              53.6087607
            ],
            [
              -1.9122332,
              53.6087576
            ],
            [
              -1.9122541,
              53.608754
            ],
            [
              -1.9122318,
              53.6087066
            ]
          ]
        ]
      },
      "id": "way/1205883100"
    },
    {
      "type": "Feature",
      "properties": {
        "@id": "way/1206232931",
        "amenity": "cafe",
        "building": "yes",
        "name": "The Weston",
        "toilets": "yes",
        "website": "https://ysp.org.uk/visit-us/the-weston"
      },
      "geometry": {
        "type": "Polygon",
        "coordinates": [
          [
            [
              -1.5574046,
              53.6088774
            ],
            [
              -1.5573413,
              53.6088391
            ],
            [
              -1.5572809,
              53.6087882
            ],
            [
              -1.5572232,
              53.6087373
            ],
            [
              -1.5571944,
              53.6087065
            ],
            [
              -1.5571656,
              53.6086756
            ],
            [
              -1.5571304,
              53.6086139
            ],
            [
              -1.5570925,
              53.6085505
            ],
            [
              -1.55707,
              53.6084704
            ],
            [
              -1.556831,
              53.6085471
            ],
            [
              -1.5570002,
              53.6087433
            ],
            [
              -1.5571684,
              53.6089383
            ],
            [
              -1.5574046,
              53.6088774
            ]
          ]
        ]
      },
      "id": "way/1206232931"
    },
    {
      "type": "Feature",
      "properties": {
        "@id": "way/1208527212",
        "addr:city": "Sheffield",
        "addr:housenumber": "45",
        "addr:postcode": "S3 7AG",
        "addr:street": "Copper Street",
        "amenity": "cafe",
        "building": "yes",
        "fhrs:id": "578761",
        "name": "The Copper Kettle"
      },
      "geometry": {
        "type": "Polygon",
        "coordinates": [
          [
            [
              -1.473432,
              53.3869561
            ],
            [
              -1.4734171,
              53.3868573
            ],
            [
              -1.4731418,
              53.386872
            ],
            [
              -1.4731567,
              53.3869709
            ],
            [
              -1.473432,
              53.3869561
            ]
          ]
        ]
      },
      "id": "way/1208527212"
    },
    {
      "type": "Feature",
      "properties": {
        "@id": "way/1210606548",
        "addr:city": "Sheffield",
        "addr:housenumber": "210-212",
        "addr:postcode": "S2 5AT",
        "addr:street": "Cricket Inn Road",
        "amenity": "cafe",
        "building:part": "retail",
        "fhrs:id": "1296612",
        "name": "Claire's Kitchen"
      },
      "geometry": {
        "type": "Polygon",
        "coordinates": [
          [
            [
              -1.4462677,
              53.3835696
            ],
            [
              -1.4464128,
              53.3836058
            ],
            [
              -1.4464203,
              53.3835952
            ],
            [
              -1.4464746,
              53.3835184
            ],
            [
              -1.4463295,
              53.3834823
            ],
            [
              -1.4462748,
              53.3835596
            ],
            [
              -1.4462677,
              53.3835696
            ]
          ]
        ]
      },
      "id": "way/1210606548"
    },
    {
      "type": "Feature",
      "properties": {
        "@id": "way/1213660073",
        "addr:city": "Sheffield",
        "addr:country": "GB",
        "addr:housenumber": "8",
        "addr:postcode": "S4 7HQ",
        "addr:street": "Grimesthorpe Road South",
        "amenity": "cafe",
        "building": "yes",
        "fhrs:id": "436879",
        "name": "Togdeere Cafe"
      },
      "geometry": {
        "type": "Polygon",
        "coordinates": [
          [
            [
              -1.4580032,
              53.393294
            ],
            [
              -1.4579924,
              53.3933098
            ],
            [
              -1.4579721,
              53.3933048
            ],
            [
              -1.4579352,
              53.3933581
            ],
            [
              -1.4580598,
              53.3933887
            ],
            [
              -1.4581096,
              53.3933202
            ],
            [
              -1.4580265,
              53.3932997
            ],
            [
              -1.4580032,
              53.393294
            ]
          ]
        ]
      },
      "id": "way/1213660073"
    },
    {
      "type": "Feature",
      "properties": {
        "@id": "way/1213810878",
        "addr:city": "Sheffield",
        "addr:housenumber": "17",
        "addr:postcode": "S1 2AW",
        "addr:street": "Haymarket",
        "amenity": "cafe",
        "building": "yes",
        "cuisine": "coffee_shop",
        "name": "Coffee Rules"
      },
      "geometry": {
        "type": "Polygon",
        "coordinates": [
          [
            [
              -1.4646361,
              53.3838826
            ],
            [
              -1.4646513,
              53.3838132
            ],
            [
              -1.4645729,
              53.3838071
            ],
            [
              -1.4644007,
              53.3837937
            ],
            [
              -1.4643873,
              53.3838631
            ],
            [
              -1.4646361,
              53.3838826
            ]
          ]
        ]
      },
      "id": "way/1213810878"
    },
    {
      "type": "Feature",
      "properties": {
        "@id": "way/1214005532",
        "addr:city": "Sheffield",
        "addr:country": "GB",
        "addr:housenumber": "28",
        "addr:postcode": "S4 7JB",
        "addr:street": "Ellesmere Road",
        "amenity": "cafe",
        "building": "yes",
        "fhrs:id": "1409526",
        "level": "0",
        "name": "Meez"
      },
      "geometry": {
        "type": "Polygon",
        "coordinates": [
          [
            [
              -1.4572492,
              53.3927503
            ],
            [
              -1.4572348,
              53.3927722
            ],
            [
              -1.4572738,
              53.3927813
            ],
            [
              -1.4572613,
              53.3928001
            ],
            [
              -1.4573784,
              53.3928275
            ],
            [
              -1.4573981,
              53.3928321
            ],
            [
              -1.4574249,
              53.3927915
            ],
            [
              -1.4572492,
              53.3927503
            ]
          ]
        ]
      },
      "id": "way/1214005532"
    },
    {
      "type": "Feature",
      "properties": {
        "@id": "way/1216124099",
        "addr:city": "Sheffield",
        "addr:housenumber": "20",
        "addr:postcode": "S6 2PD",
        "addr:street": "Holme Lane",
        "amenity": "cafe",
        "building:part": "retail",
        "fhrs:id": "1723693",
        "level": "0",
        "name": "When Butter Met Sugar"
      },
      "geometry": {
        "type": "Polygon",
        "coordinates": [
          [
            [
              -1.5018226,
              53.4022943
            ],
            [
              -1.5019303,
              53.4024029
            ],
            [
              -1.5019421,
              53.4023986
            ],
            [
              -1.5019732,
              53.4023873
            ],
            [
              -1.5018752,
              53.4022745
            ],
            [
              -1.5018226,
              53.4022943
            ]
          ]
        ]
      },
      "id": "way/1216124099"
    },
    {
      "type": "Feature",
      "properties": {
        "@id": "way/1216315934",
        "addr:city": "Sheffield",
        "addr:country": "GB",
        "addr:housenumber": "94",
        "addr:postcode": "S6 4HA",
        "addr:street": "Middlewood Road",
        "amenity": "cafe",
        "building:part": "retail",
        "fhrs:id": "558060",
        "level": "0",
        "name": "The Delightful Touch"
      },
      "geometry": {
        "type": "Polygon",
        "coordinates": [
          [
            [
              -1.5037059,
              53.4046505
            ],
            [
              -1.5034028,
              53.4047137
            ],
            [
              -1.5034291,
              53.4047519
            ],
            [
              -1.5035423,
              53.4047277
            ],
            [
              -1.5037293,
              53.4046911
            ],
            [
              -1.5037059,
              53.4046505
            ]
          ]
        ]
      },
      "id": "way/1216315934"
    },
    {
      "type": "Feature",
      "properties": {
        "@id": "way/1217817646",
        "addr:city": "Sheffield",
        "addr:housenumber": "560A",
        "addr:postcode": "S7 1TD",
        "addr:street": "Abbeydale Road",
        "amenity": "cafe",
        "building": "yes",
        "fhrs:id": "1170553",
        "name": "Puckafood"
      },
      "geometry": {
        "type": "Polygon",
        "coordinates": [
          [
            [
              -1.4846602,
              53.3562705
            ],
            [
              -1.4846461,
              53.3562638
            ],
            [
              -1.4846441,
              53.3562656
            ],
            [
              -1.4845538,
              53.3563419
            ],
            [
              -1.4846333,
              53.3563786
            ],
            [
              -1.4846784,
              53.3563928
            ],
            [
              -1.4847474,
              53.3564115
            ],
            [
              -1.4848287,
              53.3564073
            ],
            [
              -1.4849072,
              53.35636
            ],
            [
              -1.4848619,
              53.3563378
            ],
            [
              -1.4848456,
              53.3563512
            ],
            [
              -1.4846602,
              53.3562705
            ]
          ]
        ]
      },
      "id": "way/1217817646"
    },
    {
      "type": "Feature",
      "properties": {
        "@id": "way/1221126721",
        "addr:city": "Barnsley",
        "addr:postcode": "S70 3AL",
        "addr:street": "Birk Avenue",
        "amenity": "cafe",
        "building": "yes",
        "name": "Jane's Cafe",
        "ref:GB:uprn": "10032789209",
        "source": "survey"
      },
      "geometry": {
        "type": "Polygon",
        "coordinates": [
          [
            [
              -1.4473954,
              53.5405646
            ],
            [
              -1.4473724,
              53.5406435
            ],
            [
              -1.4475548,
              53.5406623
            ],
            [
              -1.4475692,
              53.5406131
            ],
            [
              -1.4474957,
              53.5406055
            ],
            [
              -1.4475014,
              53.540586
            ],
            [
              -1.4474646,
              53.5405822
            ],
            [
              -1.4474676,
              53.540572
            ],
            [
              -1.4473954,
              53.5405646
            ]
          ]
        ]
      },
      "id": "way/1221126721"
    },
    {
      "type": "Feature",
      "properties": {
        "@id": "way/1221527609",
        "addr:city": "High Peak",
        "addr:country": "GB",
        "addr:housenumber": "50",
        "addr:postcode": "SK22 4AA",
        "addr:street": "Market Street",
        "addr:suburb": "New Mills",
        "amenity": "cafe",
        "building": "retail",
        "cuisine": "coffee_shop",
        "fhrs:id": "1259185",
        "internet_access": "wlan",
        "internet_access:fee": "no",
        "name": "Revive",
        "opening_hours": "Mo,Tu,Fr 09:00-14:00; We,Th,Sa,Su off",
        "ref:GB:uprn": "10010749851",
        "source:addr": "FHRS Open Data"
      },
      "geometry": {
        "type": "Polygon",
        "coordinates": [
          [
            [
              -2.0020146,
              53.3664964
            ],
            [
              -2.0020135,
              53.3664434
            ],
            [
              -2.0018831,
              53.3664446
            ],
            [
              -2.0018844,
              53.3664976
            ],
            [
              -2.0020146,
              53.3664964
            ]
          ]
        ]
      },
      "id": "way/1221527609"
    },
    {
      "type": "Feature",
      "properties": {
        "@id": "way/1222062009",
        "addr:city": "Manchester",
        "addr:housenumber": "1",
        "addr:postcode": "M30 0DL",
        "addr:street": "Church Street",
        "amenity": "cafe",
        "building": "yes",
        "cuisine": "coffee_shop",
        "name": "Malaga Drift Coffee Co",
        "ref:GB:uprn": "100012850199;10095312236;10095312237;100012697875;200002851452;10070740302"
      },
      "geometry": {
        "type": "Polygon",
        "coordinates": [
          [
            [
              -2.3344822,
              53.4850619
            ],
            [
              -2.3344507,
              53.4850636
            ],
            [
              -2.3344912,
              53.4852118
            ],
            [
              -2.3345478,
              53.4852158
            ],
            [
              -2.3346234,
              53.4851057
            ],
            [
              -2.3344837,
              53.485072
            ],
            [
              -2.3344822,
              53.4850619
            ]
          ]
        ]
      },
      "id": "way/1222062009"
    },
    {
      "type": "Feature",
      "properties": {
        "@id": "way/1222240533",
        "addr:city": "High Peak",
        "addr:country": "GB",
        "addr:housenumber": "41",
        "addr:postcode": "SK22 4AA",
        "addr:street": "Market Street",
        "addr:suburb": "New Mills",
        "amenity": "cafe",
        "building": "yes",
        "fhrs:id": "1259019",
        "name": "Gioia Mia",
        "opening_hours": "Mo-Sa 09:00-17:00; Su 09:00-16:00",
        "source:addr": "FHRS Open Data"
      },
      "geometry": {
        "type": "Polygon",
        "coordinates": [
          [
            [
              -2.0015312,
              53.3662569
            ],
            [
              -2.0015327,
              53.366301
            ],
            [
              -2.001689,
              53.3662991
            ],
            [
              -2.0016876,
              53.366255
            ],
            [
              -2.0015312,
              53.3662569
            ]
          ]
        ]
      },
      "id": "way/1222240533"
    },
    {
      "type": "Feature",
      "properties": {
        "@id": "way/1225428446",
        "amenity": "cafe",
        "building": "yes",
        "outdoor_seating": "yes"
      },
      "geometry": {
        "type": "Polygon",
        "coordinates": [
          [
            [
              -2.1796442,
              53.541302
            ],
            [
              -2.1799687,
              53.5411635
            ],
            [
              -2.1799415,
              53.541141
            ],
            [
              -2.1798912,
              53.5410994
            ],
            [
              -2.1798378,
              53.5411222
            ],
            [
              -2.1798728,
              53.5411512
            ],
            [
              -2.1797945,
              53.5411846
            ],
            [
              -2.1797664,
              53.5411614
            ],
            [
              -2.1797004,
              53.5411895
            ],
            [
              -2.1797387,
              53.5412212
            ],
            [
              -2.1796119,
              53.5412753
            ],
            [
              -2.1796442,
              53.541302
            ]
          ]
        ]
      },
      "id": "way/1225428446"
    },
    {
      "type": "Feature",
      "properties": {
        "@id": "way/1225903470",
        "addr:city": "Sheffield",
        "addr:country": "GB",
        "addr:housenumber": "395-397",
        "addr:postcode": "S11 8PG",
        "addr:street": "Ecclesall Road",
        "amenity": "cafe",
        "brand": "Starbucks",
        "brand:wikidata": "Q37158",
        "brand:wikipedia": "en:Starbucks",
        "building": "yes",
        "cuisine": "coffee_shop",
        "fhrs:id": "436421",
        "name": "Starbucks",
        "official_name": "Starbucks Coffee",
        "opening_hours": "Mo-Fr 07:00-19:00; Sa 07:30-19:00; Su 08:30-18:00; PH 08:30-18:00",
        "takeaway": "yes",
        "website": "https://www.starbucks.com/store-locator/store/1012632/sheffield-ecclesall-road-395-397-ecclesall-road-sheffield-eng-s-11-8-pg-gb"
      },
      "geometry": {
        "type": "Polygon",
        "coordinates": [
          [
            [
              -1.4917574,
              53.3700544
            ],
            [
              -1.4916381,
              53.3700926
            ],
            [
              -1.4916734,
              53.3701318
            ],
            [
              -1.4917727,
              53.3702415
            ],
            [
              -1.4919105,
              53.3701954
            ],
            [
              -1.4918181,
              53.3700928
            ],
            [
              -1.4917978,
              53.3700992
            ],
            [
              -1.4917574,
              53.3700544
            ]
          ]
        ]
      },
      "id": "way/1225903470"
    },
    {
      "type": "Feature",
      "properties": {
        "@id": "way/1226032580",
        "addr:city": "Sheffield",
        "addr:country": "GB",
        "addr:housenumber": "621",
        "addr:postcode": "S11 8PT",
        "addr:street": "Ecclesall Road",
        "amenity": "cafe",
        "building": "yes",
        "fhrs:id": "436348",
        "name": "La Patisserie"
      },
      "geometry": {
        "type": "Polygon",
        "coordinates": [
          [
            [
              -1.5001317,
              53.3681902
            ],
            [
              -1.5000411,
              53.3680925
            ],
            [
              -1.4999902,
              53.3681069
            ],
            [
              -1.500016,
              53.3681365
            ],
            [
              -1.4999889,
              53.3681455
            ],
            [
              -1.500049,
              53.3682167
            ],
            [
              -1.5001317,
              53.3681902
            ]
          ]
        ]
      },
      "id": "way/1226032580"
    },
    {
      "type": "Feature",
      "properties": {
        "@id": "way/1226034963",
        "addr:city": "Sheffield",
        "addr:housenumber": "653",
        "addr:postcode": "S11 8PT",
        "addr:street": "Ecclesall Road",
        "amenity": "cafe",
        "building": "yes",
        "cuisine": "bubble_tea",
        "fhrs:id": "1538248",
        "name": "K tea"
      },
      "geometry": {
        "type": "Polygon",
        "coordinates": [
          [
            [
              -1.5012498,
              53.3676044
            ],
            [
              -1.5013631,
              53.3677112
            ],
            [
              -1.5014135,
              53.3676909
            ],
            [
              -1.5013375,
              53.3676192
            ],
            [
              -1.5013215,
              53.3676252
            ],
            [
              -1.5012852,
              53.367591
            ],
            [
              -1.5012498,
              53.3676044
            ]
          ]
        ]
      },
      "id": "way/1226034963"
    },
    {
      "type": "Feature",
      "properties": {
        "@id": "way/1226034964",
        "addr:city": "Sheffield",
        "addr:housenumber": "655",
        "addr:postcode": "S11 8PT",
        "addr:street": "Ecclesall Road",
        "amenity": "cafe",
        "building": "yes",
        "fhrs:id": "578737",
        "name": "Caffe Tucci",
        "ref:GB:uprn": "100052084240"
      },
      "geometry": {
        "type": "Polygon",
        "coordinates": [
          [
            [
              -1.5014848,
              53.3676623
            ],
            [
              -1.5014228,
              53.367605
            ],
            [
              -1.5013884,
              53.3675995
            ],
            [
              -1.5013375,
              53.3676192
            ],
            [
              -1.5014135,
              53.3676909
            ],
            [
              -1.5014848,
              53.3676623
            ]
          ]
        ]
      },
      "id": "way/1226034964"
    },
    {
      "type": "Feature",
      "properties": {
        "@id": "way/1230089342",
        "addr:city": "Buxton",
        "addr:country": "GB",
        "addr:housenumber": "85",
        "addr:postcode": "SK17 6BP",
        "addr:street": "Spring Gardens",
        "amenity": "cafe",
        "brand": "Costa",
        "brand:wikidata": "Q608845",
        "brand:wikipedia": "en:Costa Coffee",
        "contact:tripadvisor": "https://www.tripadvisor.com/Restaurant_Review-g190756-d5263709-Reviews-or15-Costa_Coffee_Buxton-Buxton_Derbyshire_England.html",
        "cuisine": "coffee_shop",
        "drive_through": "no",
        "fhrs:id": "1855855",
        "name": "Costa",
        "old_name": "KFC",
        "opening_hours": "Mo-Fr 07:00-17:30; Sa 07:00-18:00; Su 08:00-17:00",
        "takeaway": "yes",
        "website": "https://www.costa.co.uk/stores/buxton",
        "wheelchair": "limited"
      },
      "geometry": {
        "type": "Polygon",
        "coordinates": [
          [
            [
              -1.9093016,
              53.2595927
            ],
            [
              -1.9093039,
              53.2594569
            ],
            [
              -1.9092153,
              53.2594622
            ],
            [
              -1.9091942,
              53.2595978
            ],
            [
              -1.9093016,
              53.2595927
            ]
          ]
        ]
      },
      "id": "way/1230089342"
    },
    {
      "type": "Feature",
      "properties": {
        "@id": "way/1233502311",
        "addr:city": "Sheffield",
        "addr:housenumber": "134",
        "addr:postcode": "S6 3DH",
        "addr:street": "Infirmary Road",
        "amenity": "cafe",
        "building": "yes",
        "fhrs:id": "437216",
        "name": "Ness’ Caffe",
        "ref:GB:uprn": "100052187582"
      },
      "geometry": {
        "type": "Polygon",
        "coordinates": [
          [
            [
              -1.4833686,
              53.3914255
            ],
            [
              -1.4832824,
              53.391488
            ],
            [
              -1.4833322,
              53.3915124
            ],
            [
              -1.4834184,
              53.3914499
            ],
            [
              -1.4833686,
              53.3914255
            ]
          ]
        ]
      },
      "id": "way/1233502311"
    },
    {
      "type": "Feature",
      "properties": {
        "@id": "way/1234441063",
        "addr:city": "Buxton",
        "addr:housenumber": "73",
        "addr:postcode": "SK17 6BJ",
        "addr:street": "Spring Gardens",
        "amenity": "cafe",
        "area": "yes",
        "brand": "Coffee#1",
        "brand:wikidata": "Q22032058",
        "cuisine": "coffee_shop",
        "fhrs:id": "1502351",
        "internet_access": "yes",
        "internet_access:fee": "no",
        "name": "Coffee#1",
        "opening_hours": "Mo-Sa 07:30-18:00; Su 09:00-17:00",
        "outdoor_seating": "yes",
        "phone": "+44 1298 767542",
        "takeaway": "yes",
        "toilets": "yes",
        "website": "https://www.coffee1.co.uk/locations/buxton/",
        "wheelchair": "yes"
      },
      "geometry": {
        "type": "Polygon",
        "coordinates": [
          [
            [
              -1.9099831,
              53.2595203
            ],
            [
              -1.9099767,
              53.2594088
            ],
            [
              -1.9098254,
              53.2594183
            ],
            [
              -1.9098523,
              53.259527
            ],
            [
              -1.9099831,
              53.2595203
            ]
          ]
        ]
      },
      "id": "way/1234441063"
    },
    {
      "type": "Feature",
      "properties": {
        "@id": "way/1237638158",
        "amenity": "cafe",
        "building": "yes",
        "name": "Lydia's Tearoom",
        "outdoor_seating": "yes",
        "toilets": "yes"
      },
      "geometry": {
        "type": "Polygon",
        "coordinates": [
          [
            [
              -2.1610587,
              53.5380984
            ],
            [
              -2.1610221,
              53.5380039
            ],
            [
              -2.1610078,
              53.537967
            ],
            [
              -2.1608389,
              53.5379901
            ],
            [
              -2.1608643,
              53.5380558
            ],
            [
              -2.1608898,
              53.5381215
            ],
            [
              -2.1610587,
              53.5380984
            ]
          ]
        ]
      },
      "id": "way/1237638158"
    },
    {
      "type": "Feature",
      "properties": {
        "@id": "way/1239474891",
        "addr:city": "Sheffield",
        "addr:housenumber": "7",
        "addr:postcode": "S6 4GU",
        "addr:street": "Middlewood Road",
        "amenity": "cafe",
        "building": "yes",
        "cuisine": "mediterranean",
        "fhrs:id": "1348869",
        "name": "Ayla's"
      },
      "geometry": {
        "type": "Polygon",
        "coordinates": [
          [
            [
              -1.5016986,
              53.4026491
            ],
            [
              -1.5016692,
              53.4026718
            ],
            [
              -1.501679,
              53.4026763
            ],
            [
              -1.5016131,
              53.4027272
            ],
            [
              -1.501691,
              53.4027638
            ],
            [
              -1.5018256,
              53.4027334
            ],
            [
              -1.5017877,
              53.40267
            ],
            [
              -1.5016986,
              53.4026491
            ]
          ]
        ]
      },
      "id": "way/1239474891"
    },
    {
      "type": "Feature",
      "properties": {
        "@id": "way/1240042758",
        "addr:city": "Barnsley",
        "addr:postcode": "S73 8DA",
        "addr:street": "High Street",
        "amenity": "cafe",
        "building": "yes",
        "name": "Linda's Cafe",
        "ref:GB:uprn": "100052115415"
      },
      "geometry": {
        "type": "Polygon",
        "coordinates": [
          [
            [
              -1.4006673,
              53.5240777
            ],
            [
              -1.4006171,
              53.5240425
            ],
            [
              -1.4004558,
              53.524123
            ],
            [
              -1.4005071,
              53.5241608
            ],
            [
              -1.4006673,
              53.5240777
            ]
          ]
        ]
      },
      "id": "way/1240042758"
    },
    {
      "type": "Feature",
      "properties": {
        "@id": "way/1240981139",
        "amenity": "cafe",
        "brand": "Costa",
        "brand:wikidata": "Q608845",
        "brand:wikipedia": "en:Costa Coffee",
        "building": "yes",
        "cuisine": "coffee_shop",
        "drive_through": "yes",
        "indoor_seating": "yes",
        "name": "Costa",
        "outdoor_seating": "yes",
        "takeaway": "no"
      },
      "geometry": {
        "type": "Polygon",
        "coordinates": [
          [
            [
              -1.4160778,
              53.1731316
            ],
            [
              -1.416038,
              53.1729942
            ],
            [
              -1.4158309,
              53.1730158
            ],
            [
              -1.4158706,
              53.1731532
            ],
            [
              -1.4160778,
              53.1731316
            ]
          ]
        ]
      },
      "id": "way/1240981139"
    },
    {
      "type": "Feature",
      "properties": {
        "@id": "way/1242333273",
        "addr:city": "Sheffield",
        "addr:country": "GB",
        "addr:housenumber": "442",
        "addr:postcode": "S5 6HH",
        "addr:street": "Firth Park Road",
        "amenity": "cafe",
        "building:part": "retail",
        "cuisine": "dessert",
        "fhrs:id": "998433",
        "name": "Sugar Xpress"
      },
      "geometry": {
        "type": "Polygon",
        "coordinates": [
          [
            [
              -1.4471893,
              53.4180535
            ],
            [
              -1.4471133,
              53.418145
            ],
            [
              -1.4470878,
              53.4181757
            ],
            [
              -1.4471471,
              53.4181932
            ],
            [
              -1.4472484,
              53.418071
            ],
            [
              -1.4471893,
              53.4180535
            ]
          ]
        ]
      },
      "id": "way/1242333273"
    },
    {
      "type": "Feature",
      "properties": {
        "@id": "way/1244742935",
        "addr:city": "Sheffield",
        "addr:country": "GB",
        "addr:housenumber": "353-355",
        "addr:postcode": "S10 2HP",
        "addr:street": "Glossop Road",
        "amenity": "cafe",
        "building": "yes",
        "cuisine": "coffee_shop",
        "fhrs:id": "1531834",
        "name": "Elm"
      },
      "geometry": {
        "type": "Polygon",
        "coordinates": [
          [
            [
              -1.4898805,
              53.3786321
            ],
            [
              -1.4899976,
              53.3786995
            ],
            [
              -1.4901017,
              53.3786351
            ],
            [
              -1.4899846,
              53.3785677
            ],
            [
              -1.4898805,
              53.3786321
            ]
          ]
        ]
      },
      "id": "way/1244742935"
    },
    {
      "type": "Feature",
      "properties": {
        "@id": "way/1244742938",
        "addr:city": "Sheffield",
        "addr:country": "GB",
        "addr:housenumber": "347",
        "addr:postcode": "S10 2HP",
        "addr:street": "Glossop Road",
        "amenity": "cafe",
        "building": "yes",
        "fhrs:id": "435739",
        "name": "Assaje"
      },
      "geometry": {
        "type": "Polygon",
        "coordinates": [
          [
            [
              -1.4898945,
              53.3787634
            ],
            [
              -1.4897778,
              53.3786951
            ],
            [
              -1.4897256,
              53.3787269
            ],
            [
              -1.489843,
              53.3787956
            ],
            [
              -1.4898945,
              53.3787634
            ]
          ]
        ]
      },
      "id": "way/1244742938"
    },
    {
      "type": "Feature",
      "properties": {
        "@id": "way/1244742952",
        "addr:city": "Sheffield",
        "addr:housenumber": "327",
        "addr:postcode": "S10 2HP",
        "addr:street": "Glossop Road",
        "amenity": "cafe",
        "building:part": "retail",
        "check_date": "2025-05-29",
        "cuisine": "malaysian",
        "fhrs:id": "578710",
        "level": "0",
        "name": "Zurul"
      },
      "geometry": {
        "type": "Polygon",
        "coordinates": [
          [
            [
              -1.4893175,
              53.3791081
            ],
            [
              -1.4893586,
              53.3790833
            ],
            [
              -1.4892572,
              53.3790239
            ],
            [
              -1.4892328,
              53.3790096
            ],
            [
              -1.4891918,
              53.3790345
            ],
            [
              -1.4892242,
              53.3790535
            ],
            [
              -1.4893175,
              53.3791081
            ]
          ]
        ]
      },
      "id": "way/1244742952"
    },
    {
      "type": "Feature",
      "properties": {
        "@id": "way/1244763616",
        "addr:city": "Manchester",
        "addr:postcode": "M20 6WH",
        "addr:street": "Gillbrook Road",
        "addr:suburb": "Didsbury",
        "amenity": "cafe",
        "building": "yes",
        "fhrs:id": "1816912",
        "name": "The Pavilion Café",
        "ref:GB:uprn": "10090665676"
      },
      "geometry": {
        "type": "Polygon",
        "coordinates": [
          [
            [
              -2.2293637,
              53.4148043
            ],
            [
              -2.2293371,
              53.4147528
            ],
            [
              -2.2290995,
              53.4147964
            ],
            [
              -2.2291262,
              53.4148479
            ],
            [
              -2.2293637,
              53.4148043
            ]
          ]
        ]
      },
      "id": "way/1244763616"
    },
    {
      "type": "Feature",
      "properties": {
        "@id": "way/1247216833",
        "addr:city": "Sheffield",
        "addr:housenumber": "129",
        "addr:postcode": "S10 2PL",
        "addr:street": "Newbould Lane",
        "amenity": "cafe",
        "fhrs:id": "436706",
        "name": "Nomad's Cup",
        "source:addr": "FHRS Open Data"
      },
      "geometry": {
        "type": "Polygon",
        "coordinates": [
          [
            [
              -1.4997346,
              53.37782
            ],
            [
              -1.4996252,
              53.3777015
            ],
            [
              -1.4995386,
              53.3777353
            ],
            [
              -1.4995632,
              53.3777613
            ],
            [
              -1.4995911,
              53.3777503
            ],
            [
              -1.499668,
              53.3778316
            ],
            [
              -1.4996909,
              53.3778355
            ],
            [
              -1.4997346,
              53.37782
            ]
          ]
        ]
      },
      "id": "way/1247216833"
    },
    {
      "type": "Feature",
      "properties": {
        "@id": "way/1254710267",
        "addr:city": "Huddersfield",
        "addr:housenumber": "32",
        "addr:postcode": "HD1 2SP",
        "addr:street": "Queen Street",
        "amenity": "cafe",
        "building": "yes",
        "name": "Noofe Cafe"
      },
      "geometry": {
        "type": "Polygon",
        "coordinates": [
          [
            [
              -1.7802014,
              53.644274
            ],
            [
              -1.7801895,
              53.6442175
            ],
            [
              -1.7799976,
              53.6442317
            ],
            [
              -1.7800095,
              53.6442882
            ],
            [
              -1.7802014,
              53.644274
            ]
          ]
        ]
      },
      "id": "way/1254710267"
    },
    {
      "type": "Feature",
      "properties": {
        "@id": "way/1258321909",
        "addr:city": "Sheffield",
        "addr:housenumber": "7",
        "addr:postcode": "S12 3GD",
        "addr:street": "White Lane",
        "addr:substreet": "Selig Parade",
        "addr:suburb": "Gleadless",
        "amenity": "cafe",
        "building:part": "retail",
        "fhrs:id": "558040",
        "level": "0",
        "name": "#tastee",
        "source:addr": "FHRS Open Data"
      },
      "geometry": {
        "type": "Polygon",
        "coordinates": [
          [
            [
              -1.4134121,
              53.34166
            ],
            [
              -1.4133399,
              53.3416397
            ],
            [
              -1.4132812,
              53.3417139
            ],
            [
              -1.4133162,
              53.3417237
            ],
            [
              -1.4132917,
              53.3417547
            ],
            [
              -1.413329,
              53.3417652
            ],
            [
              -1.4134121,
              53.34166
            ]
          ]
        ]
      },
      "id": "way/1258321909"
    },
    {
      "type": "Feature",
      "properties": {
        "@id": "way/1265069215",
        "addr:city": "Sheffield",
        "addr:country": "GB",
        "addr:housenumber": "9",
        "addr:postcode": "S7 1RU",
        "addr:street": "Nether Edge Road",
        "amenity": "cafe",
        "building": "retail",
        "fhrs:id": "435478",
        "internet_access": "yes",
        "internet_access:fee": "no",
        "name": "Cafe #9",
        "outdoor_seating": "yes",
        "source:addr": "FHRS Open Data"
      },
      "geometry": {
        "type": "Polygon",
        "coordinates": [
          [
            [
              -1.4877859,
              53.3590749
            ],
            [
              -1.4877568,
              53.3591235
            ],
            [
              -1.4878381,
              53.359142
            ],
            [
              -1.4878291,
              53.359157
            ],
            [
              -1.4879092,
              53.3591722
            ],
            [
              -1.4879646,
              53.35911
            ],
            [
              -1.4879343,
              53.359104
            ],
            [
              -1.4877859,
              53.3590749
            ]
          ]
        ]
      },
      "id": "way/1265069215"
    },
    {
      "type": "Feature",
      "properties": {
        "@id": "way/1265232234",
        "addr:city": "Sheffield",
        "addr:country": "GB",
        "addr:housenumber": "725",
        "addr:postcode": "S7 2BE",
        "addr:street": "Abbeydale Road",
        "amenity": "cafe",
        "building": "yes",
        "fhrs:id": "435395",
        "name": "Bloomers"
      },
      "geometry": {
        "type": "Polygon",
        "coordinates": [
          [
            [
              -1.4853644,
              53.3543745
            ],
            [
              -1.48538,
              53.3543765
            ],
            [
              -1.4855827,
              53.3544028
            ],
            [
              -1.4855991,
              53.3543578
            ],
            [
              -1.4853807,
              53.3543296
            ],
            [
              -1.4853644,
              53.3543745
            ]
          ]
        ]
      },
      "id": "way/1265232234"
    },
    {
      "type": "Feature",
      "properties": {
        "@id": "way/1265475625",
        "addr:city": "Sheffield",
        "addr:country": "GB",
        "addr:housenumber": "26",
        "addr:postcode": "S17 3GU",
        "addr:street": "High Street",
        "amenity": "cafe",
        "building:part": "retail",
        "fhrs:id": "437064",
        "level": "0",
        "name": "Dore Cafe",
        "wheelchair": "no"
      },
      "geometry": {
        "type": "Polygon",
        "coordinates": [
          [
            [
              -1.5395592,
              53.3269406
            ],
            [
              -1.5393617,
              53.3268993
            ],
            [
              -1.5393373,
              53.326941
            ],
            [
              -1.5394551,
              53.3269662
            ],
            [
              -1.5395084,
              53.3269684
            ],
            [
              -1.539553,
              53.3269701
            ],
            [
              -1.5395592,
              53.3269406
            ]
          ]
        ]
      },
      "id": "way/1265475625"
    },
    {
      "type": "Feature",
      "properties": {
        "@id": "way/1265475633",
        "addr:city": "Sheffield",
        "addr:housenumber": "10",
        "addr:postcode": "S17 3DT",
        "addr:street": "Causeway Head Road",
        "amenity": "cafe",
        "building:part": "retail",
        "level": "0",
        "name": "Caffè d'Amour"
      },
      "geometry": {
        "type": "Polygon",
        "coordinates": [
          [
            [
              -1.5399753,
              53.3279713
            ],
            [
              -1.5400412,
              53.327886
            ],
            [
              -1.5400731,
              53.327845
            ],
            [
              -1.539933,
              53.3278064
            ],
            [
              -1.5398717,
              53.3278855
            ],
            [
              -1.5399259,
              53.3279005
            ],
            [
              -1.5398565,
              53.3279899
            ],
            [
              -1.5399423,
              53.3280137
            ],
            [
              -1.5399753,
              53.3279713
            ]
          ]
        ]
      },
      "id": "way/1265475633"
    },
    {
      "type": "Feature",
      "properties": {
        "@id": "way/1273170665",
        "addr:city": "Manchester",
        "addr:housenumber": "63",
        "addr:postcode": "M18 8TX",
        "addr:street": "Wellington Street",
        "amenity": "cafe",
        "building": "yes",
        "cuisine": "romanian",
        "fhrs:id": "1518266",
        "name": "Prajitura Casei",
        "ref:GB:uprn": "10093076956;10093076957;10093076955",
        "shop": "deli"
      },
      "geometry": {
        "type": "Polygon",
        "coordinates": [
          [
            [
              -2.1713076,
              53.4632026
            ],
            [
              -2.1712838,
              53.4631579
            ],
            [
              -2.1711285,
              53.4631837
            ],
            [
              -2.1711512,
              53.4632295
            ],
            [
              -2.1713076,
              53.4632026
            ]
          ]
        ]
      },
      "id": "way/1273170665"
    },
    {
      "type": "Feature",
      "properties": {
        "@id": "way/1274236060",
        "addr:city": "Sheffield",
        "addr:housename": "Church Gates",
        "addr:postcode": "S11 9PL",
        "addr:street": "Ecclesall Road South",
        "amenity": "cafe",
        "building": "yes",
        "fhrs:id": "785489",
        "name": "Monument Coffee",
        "opening_hours": "Mo-Sa 10:00-16:00",
        "source": "Bing",
        "website": "http://monumentcoffee.co.uk"
      },
      "geometry": {
        "type": "Polygon",
        "coordinates": [
          [
            [
              -1.5121678,
              53.3562811
            ],
            [
              -1.512248,
              53.356318
            ],
            [
              -1.5122654,
              53.3563046
            ],
            [
              -1.5123172,
              53.3563284
            ],
            [
              -1.5123581,
              53.3562968
            ],
            [
              -1.5123211,
              53.3562798
            ],
            [
              -1.5123399,
              53.3562652
            ],
            [
              -1.5122491,
              53.3562234
            ],
            [
              -1.5122304,
              53.3562379
            ],
            [
              -1.5121975,
              53.3562228
            ],
            [
              -1.5121637,
              53.3562489
            ],
            [
              -1.5121923,
              53.3562621
            ],
            [
              -1.5121678,
              53.3562811
            ]
          ]
        ]
      },
      "id": "way/1274236060"
    },
    {
      "type": "Feature",
      "properties": {
        "@id": "way/1274522664",
        "addr:city": "Sheffield",
        "addr:housenumber": "54a",
        "addr:postcode": "S10 5RY",
        "addr:street": "Sandygate Road",
        "amenity": "cafe",
        "building:part": "retail",
        "fhrs:id": "1003225",
        "level": "0",
        "name": "Hudson's Kitchen",
        "opening_hours": "Mo-Sa 08:30-16:30",
        "source:addr": "FHRS Open Data"
      },
      "geometry": {
        "type": "Polygon",
        "coordinates": [
          [
            [
              -1.5211781,
              53.3791808
            ],
            [
              -1.5212259,
              53.3792778
            ],
            [
              -1.5213252,
              53.3792606
            ],
            [
              -1.521283,
              53.379174
            ],
            [
              -1.5212475,
              53.3791801
            ],
            [
              -1.5212424,
              53.3791696
            ],
            [
              -1.5211781,
              53.3791808
            ]
          ]
        ]
      },
      "id": "way/1274522664"
    },
    {
      "type": "Feature",
      "properties": {
        "@id": "way/1274522665",
        "addr:city": "Sheffield",
        "addr:housenumber": "52a",
        "addr:postcode": "S10 5RY",
        "addr:street": "Sandygate Road",
        "amenity": "cafe",
        "building:part": "retail",
        "cuisine": "coffee_shop",
        "fhrs:id": "1519835",
        "level": "0",
        "name": "Aesthete Coffee + Kitchen",
        "source:addr": "FHRS Open Data"
      },
      "geometry": {
        "type": "Polygon",
        "coordinates": [
          [
            [
              -1.5211087,
              53.3791928
            ],
            [
              -1.5211133,
              53.3792023
            ],
            [
              -1.5211467,
              53.3792713
            ],
            [
              -1.5211587,
              53.3792959
            ],
            [
              -1.5212288,
              53.3792837
            ],
            [
              -1.5212259,
              53.3792778
            ],
            [
              -1.5211781,
              53.3791808
            ],
            [
              -1.5211087,
              53.3791928
            ]
          ]
        ]
      },
      "id": "way/1274522665"
    },
    {
      "type": "Feature",
      "properties": {
        "@id": "way/1274522689",
        "addr:city": "Sheffield",
        "addr:housenumber": "20",
        "addr:postcode": "S10 5NH",
        "addr:street": "Sandygate Road",
        "amenity": "cafe",
        "building:part": "retail",
        "cuisine": "coffee_shop",
        "fhrs:id": "444851",
        "level": "0",
        "name": "Crosspool Social",
        "source:addr": "FHRS Open Data"
      },
      "geometry": {
        "type": "Polygon",
        "coordinates": [
          [
            [
              -1.520038,
              53.3795183
            ],
            [
              -1.5199678,
              53.3795433
            ],
            [
              -1.5200763,
              53.3796518
            ],
            [
              -1.5201246,
              53.3796346
            ],
            [
              -1.5200996,
              53.3796096
            ],
            [
              -1.5201216,
              53.3796018
            ],
            [
              -1.520038,
              53.3795183
            ]
          ]
        ]
      },
      "id": "way/1274522689"
    },
    {
      "type": "Feature",
      "properties": {
        "@id": "way/1274522696",
        "addr:city": "Sheffield",
        "addr:housenumber": "4",
        "addr:postcode": "S10 5NH",
        "addr:street": "Sandygate Road",
        "amenity": "cafe",
        "building:part": "retail",
        "fhrs:id": "1093012",
        "level": "0",
        "name": "Ellie's",
        "source:addr": "FHRS Open Data"
      },
      "geometry": {
        "type": "Polygon",
        "coordinates": [
          [
            [
              -1.5195886,
              53.379788
            ],
            [
              -1.5195189,
              53.3797152
            ],
            [
              -1.5194621,
              53.3797347
            ],
            [
              -1.519531,
              53.3798075
            ],
            [
              -1.5195886,
              53.379788
            ]
          ]
        ]
      },
      "id": "way/1274522696"
    },
    {
      "type": "Feature",
      "properties": {
        "@id": "way/1274720874",
        "addr:housename": "Plantation Way",
        "addr:postcode": "LS27 7FP",
        "addr:town": "Morley",
        "addr:unit": "2",
        "addr:village": "Gildersome",
        "amenity": "cafe",
        "brand": "Starbucks",
        "brand:wikidata": "Q37158",
        "building": "retail",
        "cuisine": "coffee_shop",
        "drive_through": "yes",
        "fhrs:id": "1265237",
        "name": "Starbucks",
        "official_name": "Starbucks Coffee",
        "source:addr": "FHRS Open Data",
        "takeaway": "yes"
      },
      "geometry": {
        "type": "Polygon",
        "coordinates": [
          [
            [
              -1.6320735,
              53.7486277
            ],
            [
              -1.6319873,
              53.748727
            ],
            [
              -1.6322442,
              53.748805
            ],
            [
              -1.6323304,
              53.7487057
            ],
            [
              -1.6320735,
              53.7486277
            ]
          ]
        ]
      },
      "id": "way/1274720874"
    },
    {
      "type": "Feature",
      "properties": {
        "@id": "way/1278470133",
        "addr:city": "Crewe",
        "addr:country": "GB",
        "addr:county": "Cheshire",
        "addr:district": "Cheshire East",
        "addr:housename": "The Old Chapel",
        "addr:housenumber": "22",
        "addr:postcode": "CW12 2AD",
        "addr:street": "Mill Street",
        "addr:suburb": "Buglawton",
        "addr:town": "Congleton",
        "amenity": "cafe",
        "building": "yes",
        "cuisine": "coffee_shop;cake",
        "email": "info@homeoffeast.co.uk",
        "name": "Feast",
        "opening_hours": "Tu-Sa 09:00-16:00",
        "outdoor_seating": "yes",
        "ref:GB:uprn": "100012598583",
        "website": "https://homeoffeast.co.uk"
      },
      "geometry": {
        "type": "Polygon",
        "coordinates": [
          [
            [
              -2.2028055,
              53.1694054
            ],
            [
              -2.202697,
              53.1694607
            ],
            [
              -2.2027502,
              53.1694983
            ],
            [
              -2.2028588,
              53.169443
            ],
            [
              -2.2028055,
              53.1694054
            ]
          ]
        ]
      },
      "id": "way/1278470133"
    },
    {
      "type": "Feature",
      "properties": {
        "@id": "way/1279208866",
        "addr:city": "Chesterfield",
        "addr:housenumber": "16",
        "addr:postcode": "S40 1RB",
        "addr:street": "Packers Row",
        "addr:unit": "4",
        "amenity": "cafe",
        "brand": "Costa",
        "brand:wikidata": "Q608845",
        "brand:wikipedia": "en:Costa Coffee",
        "building": "yes",
        "cuisine": "coffee_shop",
        "fhrs:id": "215419",
        "name": "Costa",
        "source:addr": "FHRS Open Data",
        "takeaway": "yes"
      },
      "geometry": {
        "type": "Polygon",
        "coordinates": [
          [
            [
              -1.426973,
              53.2350416
            ],
            [
              -1.4267132,
              53.2350291
            ],
            [
              -1.4266891,
              53.2351148
            ],
            [
              -1.4271401,
              53.235091
            ],
            [
              -1.4270972,
              53.2350638
            ],
            [
              -1.4270735,
              53.2350488
            ],
            [
              -1.426973,
              53.2350416
            ]
          ]
        ]
      },
      "id": "way/1279208866"
    },
    {
      "type": "Feature",
      "properties": {
        "@id": "way/1279208875",
        "addr:city": "Chesterfield",
        "addr:housenumber": "6",
        "addr:postcode": "S40 1SD",
        "addr:street": "Steeplegate",
        "amenity": "cafe",
        "building:part": "retail",
        "check_date": "2023-12-29",
        "cuisine": "coffee_shop",
        "fhrs:id": "1028014",
        "level": "0",
        "name": "Qoozies",
        "source:addr": "FHRS Open Data"
      },
      "geometry": {
        "type": "Polygon",
        "coordinates": [
          [
            [
              -1.426065,
              53.2356822
            ],
            [
              -1.426056,
              53.2356207
            ],
            [
              -1.4260254,
              53.2355816
            ],
            [
              -1.4258325,
              53.2355841
            ],
            [
              -1.4258262,
              53.2356832
            ],
            [
              -1.426065,
              53.2356822
            ]
          ]
        ]
      },
      "id": "way/1279208875"
    },
    {
      "type": "Feature",
      "properties": {
        "@id": "way/1281315248",
        "addr:city": "Sheffield",
        "addr:country": "GB",
        "addr:housenumber": "552-554",
        "addr:postcode": "S6 2LX",
        "addr:street": "Langsett Road",
        "amenity": "cafe",
        "building": "yes",
        "fhrs:id": "1789033",
        "name": "Coffee Boo",
        "old_fhrs:id": "696820",
        "old_name": "Costa"
      },
      "geometry": {
        "type": "Polygon",
        "coordinates": [
          [
            [
              -1.4998126,
              53.4020473
            ],
            [
              -1.4997134,
              53.402123
            ],
            [
              -1.4997343,
              53.4021332
            ],
            [
              -1.4996951,
              53.4021621
            ],
            [
              -1.4997514,
              53.4021892
            ],
            [
              -1.4997621,
              53.4021813
            ],
            [
              -1.4997777,
              53.4021889
            ],
            [
              -1.4998089,
              53.4021658
            ],
            [
              -1.499893,
              53.4022063
            ],
            [
              -1.5000405,
              53.4021823
            ],
            [
              -1.5000561,
              53.4021568
            ],
            [
              -1.4998126,
              53.4020473
            ]
          ]
        ]
      },
      "id": "way/1281315248"
    },
    {
      "type": "Feature",
      "properties": {
        "@id": "way/1281788455",
        "addr:city": "Sheffield",
        "addr:country": "GB",
        "addr:housenumber": "301-305",
        "addr:postcode": "S6 1TG",
        "addr:street": "Middlewood Road",
        "amenity": "cafe",
        "brand": "Costa",
        "brand:wikidata": "Q608845",
        "brand:wikipedia": "en:Costa Coffee",
        "building:part": "retail",
        "cuisine": "coffee_shop",
        "fhrs:id": "438351",
        "level": "0",
        "name": "Costa",
        "takeaway": "yes"
      },
      "geometry": {
        "type": "Polygon",
        "coordinates": [
          [
            [
              -1.5046106,
              53.4112357
            ],
            [
              -1.5048433,
              53.4112129
            ],
            [
              -1.5048586,
              53.4112114
            ],
            [
              -1.5048501,
              53.4111834
            ],
            [
              -1.5047918,
              53.4111885
            ],
            [
              -1.5047612,
              53.4111034
            ],
            [
              -1.5045891,
              53.4111169
            ],
            [
              -1.5045709,
              53.4111335
            ],
            [
              -1.5046106,
              53.4112357
            ]
          ]
        ]
      },
      "id": "way/1281788455"
    },
    {
      "type": "Feature",
      "properties": {
        "@id": "way/1282030996",
        "amenity": "cafe",
        "building": "yes",
        "name": "The Refuel Hub"
      },
      "geometry": {
        "type": "Polygon",
        "coordinates": [
          [
            [
              -1.5537951,
              53.7343285
            ],
            [
              -1.5538292,
              53.7342134
            ],
            [
              -1.5534368,
              53.7341726
            ],
            [
              -1.5534026,
              53.7342877
            ],
            [
              -1.5537951,
              53.7343285
            ]
          ]
        ]
      },
      "id": "way/1282030996"
    },
    {
      "type": "Feature",
      "properties": {
        "@id": "way/1283692761",
        "addr:city": "Chesterfield",
        "addr:postcode": "S41 7LG",
        "addr:street": "Meltham Lane",
        "amenity": "cafe",
        "brand": "Starbucks",
        "brand:wikidata": "Q37158",
        "building": "yes",
        "cuisine": "coffee_shop",
        "drive_through": "yes",
        "fhrs:id": "1624285",
        "indoor_seating": "yes",
        "name": "Starbucks",
        "not:addr:postcode": "S41",
        "official_name": "Starbucks Coffee",
        "outdoor_seating": "yes",
        "source:addr": "FHRS Open Data",
        "source:addr:postcode": "code-point_open",
        "takeaway": "yes",
        "website": "https://www.starbucks.co.uk/store-locator/61649-292287"
      },
      "geometry": {
        "type": "Polygon",
        "coordinates": [
          [
            [
              -1.4227565,
              53.2508568
            ],
            [
              -1.4227784,
              53.2506841
            ],
            [
              -1.4225717,
              53.2506748
            ],
            [
              -1.4225498,
              53.2508474
            ],
            [
              -1.4227565,
              53.2508568
            ]
          ]
        ]
      },
      "id": "way/1283692761"
    },
    {
      "type": "Feature",
      "properties": {
        "@id": "way/1288459950",
        "amenity": "cafe"
      },
      "geometry": {
        "type": "Polygon",
        "coordinates": [
          [
            [
              -1.6706353,
              53.6938782
            ],
            [
              -1.6705779,
              53.6939454
            ],
            [
              -1.6707709,
              53.6940031
            ],
            [
              -1.6708282,
              53.6939359
            ],
            [
              -1.6706353,
              53.6938782
            ]
          ]
        ]
      },
      "id": "way/1288459950"
    },
    {
      "type": "Feature",
      "properties": {
        "@id": "way/1298802970",
        "amenity": "cafe",
        "brand": "Starbucks",
        "brand:wikidata": "Q37158",
        "building": "yes",
        "cuisine": "coffee_shop",
        "name": "Starbucks",
        "official_name": "Starbucks Coffee",
        "takeaway": "yes",
        "website": "https://www.starbucks.co.uk/store-locator/63919-297760/ashton-cavendish-street-dt"
      },
      "geometry": {
        "type": "Polygon",
        "coordinates": [
          [
            [
              -2.0952097,
              53.4836185
            ],
            [
              -2.095382,
              53.4836595
            ],
            [
              -2.095503,
              53.4834796
            ],
            [
              -2.0953522,
              53.4834437
            ],
            [
              -2.0953207,
              53.4834905
            ],
            [
              -2.0952632,
              53.4834768
            ],
            [
              -2.095242,
              53.4835082
            ],
            [
              -2.0952781,
              53.4835167
            ],
            [
              -2.0952097,
              53.4836185
            ]
          ]
        ]
      },
      "id": "way/1298802970"
    },
    {
      "type": "Feature",
      "properties": {
        "@id": "way/1301272710",
        "addr:housenumber": "60",
        "addr:street": "Spear Street",
        "amenity": "cafe",
        "building": "yes",
        "name": "Companio",
        "opening_hours": "Tu-Th 08:00-15:00; Fr-Su 08:00-14:00",
        "operator": "Companio Bakery",
        "payment:contactless": "yes",
        "payment:credit_cards": "yes",
        "payment:debit_cards": "yes",
        "phone": "+44 7765 914603",
        "shop": "bakery",
        "website": "https://companiobakery.co.uk"
      },
      "geometry": {
        "type": "Polygon",
        "coordinates": [
          [
            [
              -2.2328429,
              53.4836414
            ],
            [
              -2.2330325,
              53.4837398
            ],
            [
              -2.2331167,
              53.4836816
            ],
            [
              -2.2330683,
              53.4836568
            ],
            [
              -2.2331426,
              53.4836054
            ],
            [
              -2.2330003,
              53.4835326
            ],
            [
              -2.2328429,
              53.4836414
            ]
          ]
        ]
      },
      "id": "way/1301272710"
    },
    {
      "type": "Feature",
      "properties": {
        "@id": "way/1304796431",
        "amenity": "cafe",
        "building": "yes"
      },
      "geometry": {
        "type": "Polygon",
        "coordinates": [
          [
            [
              -1.7805026,
              53.7025925
            ],
            [
              -1.7804726,
              53.7025212
            ],
            [
              -1.7803857,
              53.702534
            ],
            [
              -1.7804157,
              53.7026053
            ],
            [
              -1.7805026,
              53.7025925
            ]
          ]
        ]
      },
      "id": "way/1304796431"
    },
    {
      "type": "Feature",
      "properties": {
        "@id": "way/1306893860",
        "addr:city": "Sowerby Bridge",
        "addr:postcode": "HX6 3RP",
        "addr:street": "Moor Bottom Lane",
        "amenity": "cafe",
        "building": "yes",
        "cuisine": "coffee_shop",
        "name": "Outhouse Norland",
        "opening_hours": "Th-Tu 07:00-15:00"
      },
      "geometry": {
        "type": "Polygon",
        "coordinates": [
          [
            [
              -1.9181528,
              53.692893
            ],
            [
              -1.9181158,
              53.6928617
            ],
            [
              -1.9180423,
              53.6928922
            ],
            [
              -1.9180793,
              53.6929235
            ],
            [
              -1.9181528,
              53.692893
            ]
          ]
        ]
      },
      "id": "way/1306893860"
    },
    {
      "type": "Feature",
      "properties": {
        "@id": "way/1308130589",
        "addr:city": "Chesterfield",
        "addr:housenumber": "64",
        "addr:postcode": "S40 2EN",
        "addr:street": "Jawbones Hill",
        "amenity": "cafe",
        "building": "retail",
        "fhrs:id": "1535646",
        "name": "Ibzy Coffee Lounge",
        "not:addr:postcode": "S40 2EF",
        "smoking": "shisha",
        "source:addr": "FHRS Open Data",
        "website": "https://www.ibzysalon.co.uk/shisha"
      },
      "geometry": {
        "type": "Polygon",
        "coordinates": [
          [
            [
              -1.4265802,
              53.2246848
            ],
            [
              -1.4265941,
              53.224694
            ],
            [
              -1.4266314,
              53.2246777
            ],
            [
              -1.4265423,
              53.2246047
            ],
            [
              -1.4265264,
              53.2246808
            ],
            [
              -1.4265802,
              53.2246848
            ]
          ]
        ]
      },
      "id": "way/1308130589"
    },
    {
      "type": "Feature",
      "properties": {
        "@id": "way/1312314648",
        "addr:city": "Wakefield",
        "addr:postcode": "WF5 9TH",
        "addr:street": "Goldsmith Avenue",
        "amenity": "cafe",
        "brand": "Costa",
        "brand:wikidata": "Q608845",
        "building": "yes",
        "cuisine": "coffee_shop",
        "drive_through": "yes",
        "fhrs:id": "649619",
        "internet_access": "yes",
        "name": "Costa Drive Thru",
        "outdoor_seating": "yes",
        "takeaway": "yes"
      },
      "geometry": {
        "type": "Polygon",
        "coordinates": [
          [
            [
              -1.5475284,
              53.68144
            ],
            [
              -1.5476835,
              53.6814877
            ],
            [
              -1.5477656,
              53.6815129
            ],
            [
              -1.5478524,
              53.6814138
            ],
            [
              -1.5477153,
              53.6813717
            ],
            [
              -1.5477017,
              53.6813871
            ],
            [
              -1.5476438,
              53.6813693
            ],
            [
              -1.5476624,
              53.681348
            ],
            [
              -1.5476203,
              53.6813351
            ],
            [
              -1.5475284,
              53.68144
            ]
          ]
        ]
      },
      "id": "way/1312314648"
    },
    {
      "type": "Feature",
      "properties": {
        "@id": "way/1323661495",
        "amenity": "cafe",
        "building": "yes",
        "name": "Cutthorpe Creamery Cafe And Farm Shop."
      },
      "geometry": {
        "type": "Polygon",
        "coordinates": [
          [
            [
              -1.4834509,
              53.2551238
            ],
            [
              -1.4833689,
              53.2550085
            ],
            [
              -1.4829677,
              53.2551105
            ],
            [
              -1.4830497,
              53.2552259
            ],
            [
              -1.4834509,
              53.2551238
            ]
          ]
        ]
      },
      "id": "way/1323661495"
    },
    {
      "type": "Feature",
      "properties": {
        "@id": "way/1326152006",
        "amenity": "cafe",
        "brand": "Tim Hortons",
        "brand:wikidata": "Q175106",
        "building": "yes",
        "cuisine": "coffee_shop",
        "name": "Tim Hortons",
        "takeaway": "yes"
      },
      "geometry": {
        "type": "Polygon",
        "coordinates": [
          [
            [
              -2.344418,
              53.4671635
            ],
            [
              -2.3441698,
              53.466959
            ],
            [
              -2.3440026,
              53.467031
            ],
            [
              -2.3442508,
              53.4672354
            ],
            [
              -2.344418,
              53.4671635
            ]
          ]
        ]
      },
      "id": "way/1326152006"
    },
    {
      "type": "Feature",
      "properties": {
        "@id": "way/1334261450",
        "addr:city": "Huddersfield",
        "addr:housenumber": "54",
        "addr:postcode": "HD1 2BW",
        "addr:street": "New Street",
        "amenity": "cafe",
        "building": "yes",
        "fhrs:id": "229001",
        "name": "Merrie England",
        "wheelchair": "yes"
      },
      "geometry": {
        "type": "Polygon",
        "coordinates": [
          [
            [
              -1.7836454,
              53.644988
            ],
            [
              -1.7836785,
              53.6449212
            ],
            [
              -1.7834987,
              53.6448898
            ],
            [
              -1.7832993,
              53.6448551
            ],
            [
              -1.7832974,
              53.6448588
            ],
            [
              -1.7832662,
              53.6449219
            ],
            [
              -1.7836454,
              53.644988
            ]
          ]
        ]
      },
      "id": "way/1334261450"
    },
    {
      "type": "Feature",
      "properties": {
        "@id": "way/1334270752",
        "addr:city": "Huddersfield",
        "addr:housenumber": "4",
        "addr:postcode": "HD1 2JY",
        "addr:street": "Macaulay Street",
        "amenity": "cafe",
        "building": "yes",
        "name": "Florence's"
      },
      "geometry": {
        "type": "Polygon",
        "coordinates": [
          [
            [
              -1.7855059,
              53.6452597
            ],
            [
              -1.7855676,
              53.6451642
            ],
            [
              -1.7855017,
              53.6451492
            ],
            [
              -1.78544,
              53.6452448
            ],
            [
              -1.7855059,
              53.6452597
            ]
          ]
        ]
      },
      "id": "way/1334270752"
    },
    {
      "type": "Feature",
      "properties": {
        "@id": "way/1334319589",
        "addr:city": "Sheffield",
        "addr:country": "GB",
        "addr:housenumber": "54",
        "addr:postcode": "S11 7BN",
        "addr:street": "Greystones Road",
        "amenity": "cafe",
        "building": "yes",
        "fhrs:id": "1071293",
        "name": "Gilmours Coffee Shop"
      },
      "geometry": {
        "type": "Polygon",
        "coordinates": [
          [
            [
              -1.5099977,
              53.3640728
            ],
            [
              -1.5100223,
              53.3641503
            ],
            [
              -1.5100297,
              53.3641737
            ],
            [
              -1.5100697,
              53.3641692
            ],
            [
              -1.5101342,
              53.3640762
            ],
            [
              -1.5101011,
              53.3640611
            ],
            [
              -1.5099977,
              53.3640728
            ]
          ]
        ]
      },
      "id": "way/1334319589"
    },
    {
      "type": "Feature",
      "properties": {
        "@id": "way/1334492145",
        "addr:city": "Huddersfield",
        "addr:housenumber": "18",
        "addr:street": "Westgate",
        "amenity": "cafe",
        "building": "yes",
        "name": "Mood"
      },
      "geometry": {
        "type": "Polygon",
        "coordinates": [
          [
            [
              -1.7834508,
              53.6471658
            ],
            [
              -1.7834771,
              53.6470861
            ],
            [
              -1.7834235,
              53.6470794
            ],
            [
              -1.7833947,
              53.6471596
            ],
            [
              -1.7834508,
              53.6471658
            ]
          ]
        ]
      },
      "id": "way/1334492145"
    },
    {
      "type": "Feature",
      "properties": {
        "@id": "way/1334903518",
        "addr:city": "Barnsley",
        "addr:country": "GB",
        "addr:postcode": "S71 1JE",
        "addr:street": "Dryden Road",
        "addr:unit": "10",
        "amenity": "cafe",
        "brand": "Starbucks",
        "brand:wikidata": "Q37158",
        "building": "retail",
        "cuisine": "coffee_shop",
        "drive_through": "yes",
        "name": "Starbucks",
        "nohousenumber": "yes",
        "official_name": "Starbucks Coffee",
        "takeaway": "yes",
        "website": "https://www.starbucks.co.uk/store-locator/57417-289202"
      },
      "geometry": {
        "type": "Polygon",
        "coordinates": [
          [
            [
              -1.4692659,
              53.5580873
            ],
            [
              -1.4689821,
              53.5580644
            ],
            [
              -1.468956,
              53.5581786
            ],
            [
              -1.4690221,
              53.5581839
            ],
            [
              -1.4690194,
              53.5581957
            ],
            [
              -1.4690717,
              53.5582
            ],
            [
              -1.4690745,
              53.5581875
            ],
            [
              -1.4692399,
              53.5582009
            ],
            [
              -1.4692659,
              53.5580873
            ]
          ]
        ]
      },
      "id": "way/1334903518"
    },
    {
      "type": "Feature",
      "properties": {
        "@id": "way/1345703766",
        "addr:city": "Huddersfield",
        "addr:housenumber": "Unit 57",
        "addr:postcode": "HD8 9QY",
        "addr:street": "Leys Lane",
        "addr:substreet": "Emley Moor Business Park",
        "addr:suburb": "Emley",
        "amenity": "cafe",
        "building": "yes",
        "name": "Lucy's Cabin Cafe",
        "phone": "+441924848486",
        "ref:GB:uprn": "83243611"
      },
      "geometry": {
        "type": "Polygon",
        "coordinates": [
          [
            [
              -1.6425042,
              53.6119963
            ],
            [
              -1.642386,
              53.6119988
            ],
            [
              -1.642392,
              53.6120367
            ],
            [
              -1.6425077,
              53.6120362
            ],
            [
              -1.6425042,
              53.6119963
            ]
          ]
        ]
      },
      "id": "way/1345703766"
    },
    {
      "type": "Feature",
      "properties": {
        "@id": "way/1348382118",
        "addr:housenumber": "1",
        "addr:postcode": "ST13 5HG",
        "addr:street": "Stanley Street",
        "amenity": "cafe",
        "building": "yes",
        "fhrs:id": "1698989",
        "name": "Flo's Diner",
        "old_name": "Andalucia",
        "source:addr": "FHRS Open Data",
        "was:fhrs:id": "1259571",
        "was:name": "Market Kitchen Cafe"
      },
      "geometry": {
        "type": "Polygon",
        "coordinates": [
          [
            [
              -2.0256452,
              53.1057856
            ],
            [
              -2.0256369,
              53.1057356
            ],
            [
              -2.025547,
              53.1057424
            ],
            [
              -2.0255549,
              53.1057932
            ],
            [
              -2.0256452,
              53.1057856
            ]
          ]
        ]
      },
      "id": "way/1348382118"
    },
    {
      "type": "Feature",
      "properties": {
        "@id": "way/1350364278",
        "amenity": "cafe",
        "building": "retail",
        "building:levels": "2",
        "building:material": "brick",
        "name": "Jessie's",
        "roof:colour": "grey"
      },
      "geometry": {
        "type": "Polygon",
        "coordinates": [
          [
            [
              -2.2411649,
              53.0870105
            ],
            [
              -2.2412475,
              53.0870236
            ],
            [
              -2.2413008,
              53.0869168
            ],
            [
              -2.2412653,
              53.0869139
            ],
            [
              -2.2412921,
              53.0868584
            ],
            [
              -2.2412441,
              53.0868501
            ],
            [
              -2.2411649,
              53.0870105
            ]
          ]
        ]
      },
      "id": "way/1350364278"
    },
    {
      "type": "Feature",
      "properties": {
        "@id": "way/1355504675",
        "addr:housenumber": "395",
        "addr:postcode": "SK4 5BY",
        "addr:street": "Manchester Road",
        "amenity": "cafe",
        "building": "yes",
        "check_date": "2025-12-24",
        "check_date:opening_hours": "2025-10-21",
        "cuisine": "coffee_shop",
        "name": "Briola",
        "opening_hours:signed": "no",
        "outdoor_seating": "no",
        "ref:GB:uprn": "100012849199"
      },
      "geometry": {
        "type": "Polygon",
        "coordinates": [
          [
            [
              -2.1754213,
              53.4281829
            ],
            [
              -2.1753012,
              53.4281374
            ],
            [
              -2.1752793,
              53.4281549
            ],
            [
              -2.1753292,
              53.4281913
            ],
            [
              -2.1752819,
              53.4282144
            ],
            [
              -2.1753137,
              53.4282294
            ],
            [
              -2.1753482,
              53.4282291
            ],
            [
              -2.1753781,
              53.4282191
            ],
            [
              -2.1754213,
              53.4281829
            ]
          ]
        ]
      },
      "id": "way/1355504675"
    },
    {
      "type": "Feature",
      "properties": {
        "@id": "way/1355822927",
        "addr:city": "Sandbach",
        "addr:housenumber": "2",
        "addr:postcode": "CW11 1GX",
        "addr:street": "Green Street",
        "amenity": "cafe",
        "check_date": "2026-01-31",
        "fhrs:id": "891969",
        "indoor_seating": "yes",
        "level": "0",
        "name": "Sally's Cafe",
        "opening_hours": "Tu-Sa 08:00-14:00; Su,Mo off",
        "outdoor_seating": "no",
        "source:addr": "FHRS Open Data"
      },
      "geometry": {
        "type": "Polygon",
        "coordinates": [
          [
            [
              -2.3634533,
              53.1450853
            ],
            [
              -2.3635954,
              53.1450437
            ],
            [
              -2.3636383,
              53.1450307
            ],
            [
              -2.3635894,
              53.1449802
            ],
            [
              -2.3634245,
              53.145049
            ],
            [
              -2.3634533,
              53.1450853
            ]
          ]
        ]
      },
      "id": "way/1355822927"
    },
    {
      "type": "Feature",
      "properties": {
        "@id": "way/1355996752",
        "addr:city": "Sandbach",
        "addr:housenumber": "11",
        "addr:postcode": "CW11 1GT",
        "addr:street": "Welles Street",
        "amenity": "cafe",
        "building": "retail",
        "building:levels": "2",
        "building:material": "brick",
        "cuisine": "coffee_shop",
        "fhrs:id": "1400460",
        "name": "The Black Cat Coffee House",
        "opening_hours": "Mo-Fr 09:00-16:00; Sa-Su 10:00-16:00",
        "payment:cash": "yes",
        "payment:credit_cards": "yes",
        "payment:debit_cards": "yes",
        "phone": "+44 1270 747737",
        "ref:GB:uprn": "100012597391",
        "roof:colour": "grey"
      },
      "geometry": {
        "type": "Polygon",
        "coordinates": [
          [
            [
              -2.36402,
              53.145121
            ],
            [
              -2.3639114,
              53.1451552
            ],
            [
              -2.3639212,
              53.1451664
            ],
            [
              -2.3638356,
              53.1451934
            ],
            [
              -2.3638517,
              53.1452118
            ],
            [
              -2.3639028,
              53.1451957
            ],
            [
              -2.3640459,
              53.1451506
            ],
            [
              -2.36402,
              53.145121
            ]
          ]
        ]
      },
      "id": "way/1355996752"
    },
    {
      "type": "Feature",
      "properties": {
        "@id": "way/1356055302",
        "addr:housenumber": "2",
        "addr:street": "Market Square",
        "amenity": "cafe",
        "building": "retail",
        "building:levels": "3",
        "building:material": "brick",
        "image": "https://archive.org/details/sandbach-2022-06-19/DSCN0189.JPG",
        "name": "The Cafe on the Square",
        "opening_hours": "We-Fr 10:00-16:00; Sa 09:30-16:00; Su 10:00-14:30",
        "ref:GB:uprn": "10007642135",
        "roof:colour": "grey"
      },
      "geometry": {
        "type": "Polygon",
        "coordinates": [
          [
            [
              -2.3626101,
              53.1440405
            ],
            [
              -2.3624627,
              53.1439782
            ],
            [
              -2.3624265,
              53.1440172
            ],
            [
              -2.3625796,
              53.1440745
            ],
            [
              -2.3626134,
              53.1440469
            ],
            [
              -2.3626101,
              53.1440405
            ]
          ]
        ]
      },
      "id": "way/1356055302"
    },
    {
      "type": "Feature",
      "properties": {
        "@id": "way/1356055323",
        "addr:city": "Sandbach",
        "addr:housenumber": "3",
        "addr:postcode": "CW11 1AH",
        "addr:street": "High Street",
        "amenity": "cafe",
        "building": "retail",
        "building:colour": "white",
        "building:levels": "2",
        "fhrs:id": "892020",
        "name": "Chatwins",
        "opening_hours": "Mo-Sa 08:00-17:00; Su 09:00-16:00",
        "roof:colour": "grey",
        "source:addr": "FHRS Open Data"
      },
      "geometry": {
        "type": "Polygon",
        "coordinates": [
          [
            [
              -2.3637698,
              53.1443401
            ],
            [
              -2.3638905,
              53.1443636
            ],
            [
              -2.363924,
              53.144278
            ],
            [
              -2.3639535,
              53.1442715
            ],
            [
              -2.3639455,
              53.1442506
            ],
            [
              -2.3639792,
              53.1442438
            ],
            [
              -2.3639542,
              53.1441762
            ],
            [
              -2.3639394,
              53.144167
            ],
            [
              -2.3638704,
              53.1442028
            ],
            [
              -2.3638972,
              53.1442211
            ],
            [
              -2.3638777,
              53.1442323
            ],
            [
              -2.3638281,
              53.1441993
            ],
            [
              -2.363868,
              53.1441782
            ],
            [
              -2.3638378,
              53.1441579
            ],
            [
              -2.3637986,
              53.1441793
            ],
            [
              -2.3637658,
              53.1441971
            ],
            [
              -2.3637845,
              53.14421
            ],
            [
              -2.3636712,
              53.1442675
            ],
            [
              -2.3637698,
              53.1443401
            ]
          ]
        ]
      },
      "id": "way/1356055323"
    },
    {
      "type": "Feature",
      "properties": {
        "@id": "way/1356055327",
        "addr:housenumber": "11-13",
        "addr:postcode": "CW11 1AD",
        "addr:street": "Hightown",
        "amenity": "cafe",
        "brand": "Costa",
        "brand:wikidata": "Q608845",
        "brand:wikipedia": "en:Costa Coffee",
        "building": "yes",
        "cuisine": "coffee_shop",
        "fhrs:id": "890315",
        "indoor_seating": "yes",
        "name": "Costa",
        "opening_hours": "Mo-Fr 06:30-18:30; Sa 07:00-18:30; Su 08:00-17:00",
        "outdoor_seating": "no",
        "source:addr": "FHRS Open Data",
        "takeaway": "yes"
      },
      "geometry": {
        "type": "Polygon",
        "coordinates": [
          [
            [
              -2.3641084,
              53.1443739
            ],
            [
              -2.3641144,
              53.1443331
            ],
            [
              -2.3640635,
              53.1441674
            ],
            [
              -2.3640543,
              53.1441615
            ],
            [
              -2.364034,
              53.1441585
            ],
            [
              -2.3639542,
              53.1441762
            ],
            [
              -2.3639792,
              53.1442438
            ],
            [
              -2.3640266,
              53.1443717
            ],
            [
              -2.3641084,
              53.1443739
            ]
          ]
        ]
      },
      "id": "way/1356055327"
    },
    {
      "type": "Feature",
      "properties": {
        "@id": "way/1363329003",
        "addr:city": "Sheffield",
        "addr:housenumber": "134",
        "addr:postcode": "S2 1QS",
        "addr:street": "Harborough Avenue",
        "amenity": "cafe",
        "building:part": "retail",
        "fhrs:id": "437246",
        "level": "0",
        "name": "Steel Inn Café",
        "opening_hours": "Mo-Th 07:00-14:00; Fr 07:00-13:00; Sa 09:00-13:00",
        "outdoor_seating": "no",
        "phone": "+44 114 239 0039"
      },
      "geometry": {
        "type": "Polygon",
        "coordinates": [
          [
            [
              -1.4256168,
              53.3721961
            ],
            [
              -1.4255239,
              53.3721395
            ],
            [
              -1.4254175,
              53.3722018
            ],
            [
              -1.4255105,
              53.3722584
            ],
            [
              -1.4256168,
              53.3721961
            ]
          ]
        ]
      },
      "id": "way/1363329003"
    },
    {
      "type": "Feature",
      "properties": {
        "@id": "way/1368104263",
        "addr:city": "Oldham",
        "addr:postcode": "OL9 9GQ",
        "addr:street": "Lydia Becker Way",
        "addr:suburb": "Chadderton",
        "addr:unit": "2",
        "amenity": "cafe",
        "brand": "Costa",
        "brand:wikidata": "Q608845",
        "building": "yes",
        "cuisine": "coffee_shop",
        "drive_through": "yes",
        "name": "Costa",
        "takeaway": "yes"
      },
      "geometry": {
        "type": "Polygon",
        "coordinates": [
          [
            [
              -2.1599638,
              53.5419303
            ],
            [
              -2.1600359,
              53.5418324
            ],
            [
              -2.1597875,
              53.541769
            ],
            [
              -2.1597114,
              53.5418675
            ],
            [
              -2.1599638,
              53.5419303
            ]
          ]
        ]
      },
      "id": "way/1368104263"
    },
    {
      "type": "Feature",
      "properties": {
        "@id": "way/1368460532",
        "addr:city": "Barnsley",
        "addr:country": "GB",
        "addr:housenumber": "2",
        "addr:postcode": "S75 3QN",
        "addr:street": "Saville Road",
        "addr:suburb": "Gilroyd",
        "amenity": "cafe",
        "building": "yes",
        "building:levels": "1",
        "level": "0",
        "name": "T Pot Cafe",
        "ref:GB:uprn": "100052116827"
      },
      "geometry": {
        "type": "Polygon",
        "coordinates": [
          [
            [
              -1.5131973,
              53.5371882
            ],
            [
              -1.5131988,
              53.5371112
            ],
            [
              -1.5130995,
              53.5371105
            ],
            [
              -1.513098,
              53.5371875
            ],
            [
              -1.5131973,
              53.5371882
            ]
          ]
        ]
      },
      "id": "way/1368460532"
    },
    {
      "type": "Feature",
      "properties": {
        "@id": "way/1370693876",
        "addr:city": "Bradford",
        "addr:postcode": "BD3 7DW",
        "addr:street": "Gain Lane",
        "amenity": "cafe",
        "brand": "Starbucks",
        "brand:wikidata": "Q37158",
        "brand:wikipedia": "en:Starbucks",
        "cuisine": "coffee_shop",
        "drive_through": "yes",
        "fhrs:id": "1225183",
        "name": "Starbucks",
        "note": "Site of former pub The Junction",
        "official_name": "Starbucks Coffee",
        "source:addr": "FHRS Open Data",
        "takeaway": "yes",
        "website": "https://www.starbucks.com/store-locator/store/1027865/bradford-leeds-road-dt-leeds-road-bradford-eng-bd-3-7-dd-gb"
      },
      "geometry": {
        "type": "Polygon",
        "coordinates": [
          [
            [
              -1.7025337,
              53.8022897
            ],
            [
              -1.702011,
              53.8023911
            ],
            [
              -1.7020105,
              53.8024371
            ],
            [
              -1.7020314,
              53.8024889
            ],
            [
              -1.7027985,
              53.8027263
            ],
            [
              -1.7029131,
              53.8027012
            ],
            [
              -1.7029018,
              53.8026811
            ],
            [
              -1.7028795,
              53.80264
            ],
            [
              -1.7028454,
              53.802574
            ],
            [
              -1.7028018,
              53.8024921
            ],
            [
              -1.7027308,
              53.8025053
            ],
            [
              -1.7026374,
              53.8024732
            ],
            [
              -1.7025962,
              53.8023995
            ],
            [
              -1.7025436,
              53.8023058
            ],
            [
              -1.7025337,
              53.8022897
            ]
          ]
        ]
      },
      "id": "way/1370693876"
    },
    {
      "type": "Feature",
      "properties": {
        "@id": "way/1380804608",
        "amenity": "cafe",
        "building": "yes",
        "check_date:opening_hours": "2025-09-28",
        "name": "Snax-Bar",
        "opening_hours:signed": "no",
        "outdoor_seating": "yes"
      },
      "geometry": {
        "type": "Polygon",
        "coordinates": [
          [
            [
              -1.4509829,
              53.5646367
            ],
            [
              -1.4509752,
              53.5646155
            ],
            [
              -1.4508924,
              53.564626
            ],
            [
              -1.4509,
              53.5646472
            ],
            [
              -1.4509829,
              53.5646367
            ]
          ]
        ]
      },
      "id": "way/1380804608"
    },
    {
      "type": "Feature",
      "properties": {
        "@id": "way/1384781965",
        "amenity": "cafe",
        "brand": "Starbucks",
        "brand:wikidata": "Q37158",
        "building": "yes",
        "cuisine": "coffee_shop",
        "drive_through": "yes",
        "name": "Starbucks",
        "official_name": "Starbucks Coffee",
        "takeaway": "only"
      },
      "geometry": {
        "type": "Polygon",
        "coordinates": [
          [
            [
              -2.1084629,
              53.5370593
            ],
            [
              -2.1085943,
              53.537123
            ],
            [
              -2.1086641,
              53.537072
            ],
            [
              -2.1085327,
              53.5370099
            ],
            [
              -2.1084629,
              53.5370593
            ]
          ]
        ]
      },
      "id": "way/1384781965"
    },
    {
      "type": "Feature",
      "properties": {
        "@id": "way/1388751641",
        "amenity": "cafe",
        "brand": "Starbucks",
        "brand:wikidata": "Q37158",
        "building": "yes",
        "cuisine": "coffee_shop",
        "layer": "1",
        "name": "Starbucks",
        "official_name": "Starbucks Coffee",
        "ref:GB:uprn": "4210020902",
        "takeaway": "yes"
      },
      "geometry": {
        "type": "Polygon",
        "coordinates": [
          [
            [
              -2.3266519,
              53.5574982
            ],
            [
              -2.3268186,
              53.5573249
            ],
            [
              -2.3266483,
              53.5572671
            ],
            [
              -2.3266068,
              53.5573102
            ],
            [
              -2.3265645,
              53.5572959
            ],
            [
              -2.3265204,
              53.5573417
            ],
            [
              -2.3265823,
              53.5573627
            ],
            [
              -2.3265012,
              53.557447
            ],
            [
              -2.3266519,
              53.5574982
            ]
          ]
        ]
      },
      "id": "way/1388751641"
    },
    {
      "type": "Feature",
      "properties": {
        "@id": "way/1388886363",
        "addr:city": "Wakefield",
        "addr:housenumber": "18",
        "addr:postcode": "WF3 3AA",
        "addr:street": "Copley Lane",
        "amenity": "cafe",
        "building": "retail",
        "fhrs:id": "1597006",
        "name": "The Sorting Office Coffee House"
      },
      "geometry": {
        "type": "Polygon",
        "coordinates": [
          [
            [
              -1.5073437,
              53.7430526
            ],
            [
              -1.5073271,
              53.7430971
            ],
            [
              -1.5073994,
              53.7431063
            ],
            [
              -1.5074157,
              53.7430618
            ],
            [
              -1.5073437,
              53.7430526
            ]
          ]
        ]
      },
      "id": "way/1388886363"
    },
    {
      "type": "Feature",
      "properties": {
        "@id": "way/1391319024",
        "addr:city": "Manchester",
        "addr:postcode": "M16 0SN",
        "addr:street": "Chester Road",
        "amenity": "cafe",
        "brand": "Costa",
        "brand:wikidata": "Q608845",
        "building": "yes",
        "cuisine": "coffee_shop",
        "name": "Costa",
        "ref:GB:uprn": "10070457419",
        "takeaway": "yes",
        "website": "https://www.costa.co.uk/locations/store-locator/"
      },
      "geometry": {
        "type": "Polygon",
        "coordinates": [
          [
            [
              -2.2847497,
              53.4620618
            ],
            [
              -2.2846502,
              53.4619775
            ],
            [
              -2.2846045,
              53.4619958
            ],
            [
              -2.2845885,
              53.4619822
            ],
            [
              -2.2845474,
              53.4619999
            ],
            [
              -2.2845646,
              53.4620149
            ],
            [
              -2.284432,
              53.4620727
            ],
            [
              -2.2845348,
              53.4621537
            ],
            [
              -2.2847497,
              53.4620618
            ]
          ]
        ]
      },
      "id": "way/1391319024"
    },
    {
      "type": "Feature",
      "properties": {
        "@id": "way/1391568551",
        "addr:city": "Sheffield",
        "addr:housenumber": "474",
        "addr:postcode": "S6 1TQ",
        "addr:street": "Middlewood Road",
        "amenity": "cafe",
        "building:part": "retail",
        "fhrs:id": "1175394",
        "level": "0",
        "name": "Ck’s Cafe",
        "source:addr": "FHRS Open Data"
      },
      "geometry": {
        "type": "Polygon",
        "coordinates": [
          [
            [
              -1.5108651,
              53.4166309
            ],
            [
              -1.5108055,
              53.4165799
            ],
            [
              -1.5106574,
              53.4166413
            ],
            [
              -1.5107165,
              53.4166919
            ],
            [
              -1.5108651,
              53.4166309
            ]
          ]
        ]
      },
      "id": "way/1391568551"
    },
    {
      "type": "Feature",
      "properties": {
        "@id": "way/1393739214",
        "amenity": "cafe",
        "brand": "Chaiiwala",
        "brand:wikidata": "Q124478909",
        "building": "yes",
        "cuisine": "coffee_shop",
        "name": "Chaiiwala",
        "ref:GB:uprn": "10070932878",
        "takeaway": "yes"
      },
      "geometry": {
        "type": "Polygon",
        "coordinates": [
          [
            [
              -2.4123597,
              53.5632019
            ],
            [
              -2.4123179,
              53.5632232
            ],
            [
              -2.4121995,
              53.5631412
            ],
            [
              -2.412068,
              53.5632081
            ],
            [
              -2.4122381,
              53.5633259
            ],
            [
              -2.4122484,
              53.5633207
            ],
            [
              -2.4123231,
              53.5633724
            ],
            [
              -2.4124345,
              53.5633156
            ],
            [
              -2.4123591,
              53.5632635
            ],
            [
              -2.4124107,
              53.5632372
            ],
            [
              -2.4123597,
              53.5632019
            ]
          ]
        ]
      },
      "id": "way/1393739214"
    },
    {
      "type": "Feature",
      "properties": {
        "@id": "way/1415139829",
        "addr:city": "Tintwistle",
        "addr:postcode": "SK13 1HP",
        "addr:street": "Manchester Road",
        "amenity": "cafe",
        "building": "yes",
        "cuisine": "tea;coffee_shop;breakfast;burger",
        "name": "Arnfield Fly Fishery",
        "outdoor_seating": "yes",
        "website": "https://www.arnfield-fly-fishery.com/"
      },
      "geometry": {
        "type": "Polygon",
        "coordinates": [
          [
            [
              -1.9776793,
              53.473413
            ],
            [
              -1.9775767,
              53.4733544
            ],
            [
              -1.9774822,
              53.473413
            ],
            [
              -1.9775848,
              53.4734716
            ],
            [
              -1.9776793,
              53.473413
            ]
          ]
        ]
      },
      "id": "way/1415139829"
    },
    {
      "type": "Feature",
      "properties": {
        "@id": "way/1415798762",
        "amenity": "cafe",
        "building": "yes",
        "cuisine": "coffee_shop;chicken;chips",
        "name": "Konga Coffee"
      },
      "geometry": {
        "type": "Polygon",
        "coordinates": [
          [
            [
              -1.5434106,
              53.8010773
            ],
            [
              -1.5434129,
              53.8010566
            ],
            [
              -1.5434166,
              53.801024
            ],
            [
              -1.5433431,
              53.8010233
            ],
            [
              -1.5433417,
              53.8010752
            ],
            [
              -1.5434106,
              53.8010773
            ]
          ]
        ]
      },
      "id": "way/1415798762"
    },
    {
      "type": "Feature",
      "properties": {
        "@id": "way/1416222912",
        "addr:city": "Leeds",
        "addr:housename": "The Merrion Centre",
        "addr:postcode": "LS2 8NG",
        "addr:street": "Merrion Centre",
        "addr:unit": "Upper Kiosk",
        "amenity": "cafe",
        "brand": "Morrisons",
        "brand:wikidata": "Q922344",
        "building": "yes",
        "cuisine": "coffee_shop",
        "fhrs:id": "964264",
        "name": "Morrisons Cafe",
        "takeaway": "yes"
      },
      "geometry": {
        "type": "Polygon",
        "coordinates": [
          [
            [
              -1.5443473,
              53.8019811
            ],
            [
              -1.5444209,
              53.8019916
            ],
            [
              -1.5444504,
              53.8019324
            ],
            [
              -1.5444273,
              53.8019199
            ],
            [
              -1.5443797,
              53.8019146
            ],
            [
              -1.5443854,
              53.801924
            ],
            [
              -1.5443786,
              53.8019457
            ],
            [
              -1.5443572,
              53.8019533
            ],
            [
              -1.5443473,
              53.8019811
            ]
          ]
        ]
      },
      "id": "way/1416222912"
    },
    {
      "type": "Feature",
      "properties": {
        "@id": "way/1418389327",
        "amenity": "cafe",
        "building": "shed",
        "building:levels": "1",
        "internet_access": "no",
        "layer": "1",
        "name": "Marmita",
        "nickname": "The Juncshed",
        "takeaway": "only"
      },
      "geometry": {
        "type": "Polygon",
        "coordinates": [
          [
            [
              -1.5616315,
              53.7937943
            ],
            [
              -1.5616126,
              53.7937511
            ],
            [
              -1.5615524,
              53.7937582
            ],
            [
              -1.5615731,
              53.7938034
            ],
            [
              -1.5616315,
              53.7937943
            ]
          ]
        ]
      },
      "id": "way/1418389327"
    },
    {
      "type": "Feature",
      "properties": {
        "@id": "way/1418514974",
        "addr:city": "Altrincham",
        "addr:housename": "Hale Library",
        "addr:housenumber": "25",
        "addr:postcode": "WA15 9NT",
        "addr:street": "Cecil Road, Hale",
        "amenity": "cafe",
        "building": "retail",
        "building:levels": "1",
        "layer": "-1",
        "name": "The Pavilion by Francs",
        "opening_hours": "Monday 09:00 - 17:00 Tuesday 09:00 - 17:00 Wednesday CLOSED Thursday 09:00 - 17:00 Friday 09:00 - 17:00 Saturday 09:00 - 17:00 Sunday 09:00 - 17:00",
        "outdoor_seating": "yes"
      },
      "geometry": {
        "type": "Polygon",
        "coordinates": [
          [
            [
              -2.3454456,
              53.3759974
            ],
            [
              -2.3455247,
              53.375978
            ],
            [
              -2.3454608,
              53.3759313
            ],
            [
              -2.3454215,
              53.3759492
            ],
            [
              -2.3454562,
              53.3759763
            ],
            [
              -2.3454456,
              53.3759974
            ]
          ]
        ]
      },
      "id": "way/1418514974"
    },
    {
      "type": "Feature",
      "properties": {
        "@id": "way/1421305316",
        "addr:city": "Manchester",
        "addr:housename": "Cringle Park Cafe",
        "addr:housenumber": "71",
        "addr:postcode": "M19 2QH",
        "addr:street": "Errwood Road",
        "amenity": "cafe",
        "building": "container",
        "cuisine": "coffee_shop;cake",
        "diet:vegan": "yes",
        "diet:vegetarian": "yes",
        "name": "Grounded MCR",
        "outdoor_seating": "yes",
        "toilets": "customers",
        "website": "https://www.groundedmcr.org/",
        "wheelchair": "limited"
      },
      "geometry": {
        "type": "Polygon",
        "coordinates": [
          [
            [
              -2.1927969,
              53.4377473
            ],
            [
              -2.192811,
              53.4377082
            ],
            [
              -2.1926038,
              53.4376817
            ],
            [
              -2.1925898,
              53.4377208
            ],
            [
              -2.1927969,
              53.4377473
            ]
          ]
        ]
      },
      "id": "way/1421305316"
    },
    {
      "type": "Feature",
      "properties": {
        "@id": "way/1426189355",
        "amenity": "cafe",
        "building": "yes",
        "opening_hours": "Mo-Su 10:00-17:00",
        "website": "https://www.facebook.com/AdamsHappyHens/?locale=en_GB"
      },
      "geometry": {
        "type": "Polygon",
        "coordinates": [
          [
            [
              -1.4903537,
              53.2325386
            ],
            [
              -1.4903102,
              53.2325302
            ],
            [
              -1.4902884,
              53.2325707
            ],
            [
              -1.4903319,
              53.2325791
            ],
            [
              -1.4903537,
              53.2325386
            ]
          ]
        ]
      },
      "id": "way/1426189355"
    },
    {
      "type": "Feature",
      "properties": {
        "@id": "way/1426660117",
        "addr:city": "Elland",
        "addr:housenumber": "23-25",
        "addr:street": "Southgate",
        "amenity": "cafe",
        "building": "yes",
        "name": "Barley Box"
      },
      "geometry": {
        "type": "Polygon",
        "coordinates": [
          [
            [
              -1.8378816,
              53.686023
            ],
            [
              -1.8379395,
              53.6859979
            ],
            [
              -1.8380347,
              53.6859566
            ],
            [
              -1.8379532,
              53.6858935
            ],
            [
              -1.8378316,
              53.6859511
            ],
            [
              -1.8378771,
              53.6859843
            ],
            [
              -1.8378489,
              53.6859965
            ],
            [
              -1.8378816,
              53.686023
            ]
          ]
        ]
      },
      "id": "way/1426660117"
    },
    {
      "type": "Feature",
      "properties": {
        "@id": "way/1427074935",
        "addr:city": "Bradford",
        "addr:country": "GB",
        "addr:housenumber": "2B",
        "addr:postcode": "BD6 3BQ",
        "addr:street": "Mill Street",
        "addr:suburb": "Wibsey",
        "amenity": "cafe",
        "building": "retail",
        "name": "Lilly's Cafe",
        "old_name": "Scoffers",
        "ref:GB:uprn": "100051952749"
      },
      "geometry": {
        "type": "Polygon",
        "coordinates": [
          [
            [
              -1.7852218,
              53.768574
            ],
            [
              -1.7853016,
              53.7685676
            ],
            [
              -1.785301,
              53.7685222
            ],
            [
              -1.7852096,
              53.7685219
            ],
            [
              -1.7852093,
              53.7685516
            ],
            [
              -1.7852218,
              53.768574
            ]
          ]
        ]
      },
      "id": "way/1427074935"
    },
    {
      "type": "Feature",
      "properties": {
        "@id": "way/1427921591",
        "addr:city": "Huddersfield",
        "addr:postcode": "HD5 8SH",
        "addr:street": "Aldonley",
        "amenity": "cafe",
        "building": "yes",
        "building:levels": "3",
        "ref:GB:uprn": "83085974;83185083"
      },
      "geometry": {
        "type": "Polygon",
        "coordinates": [
          [
            [
              -1.7405477,
              53.6392105
            ],
            [
              -1.7405093,
              53.639276
            ],
            [
              -1.7405314,
              53.6392806
            ],
            [
              -1.7405147,
              53.6393091
            ],
            [
              -1.7406048,
              53.6393276
            ],
            [
              -1.7406598,
              53.6392335
            ],
            [
              -1.7405477,
              53.6392105
            ]
          ]
        ]
      },
      "id": "way/1427921591"
    },
    {
      "type": "Feature",
      "properties": {
        "@id": "way/1427960620",
        "amenity": "cafe",
        "building": "yes",
        "name": "The Chai Company"
      },
      "geometry": {
        "type": "Polygon",
        "coordinates": [
          [
            [
              -1.7641001,
              53.794624
            ],
            [
              -1.7640541,
              53.7945863
            ],
            [
              -1.7638433,
              53.7946759
            ],
            [
              -1.7638892,
              53.7947137
            ],
            [
              -1.7641001,
              53.794624
            ]
          ]
        ]
      },
      "id": "way/1427960620"
    },
    {
      "type": "Feature",
      "properties": {
        "@id": "way/1431210326",
        "addr:city": "Sheffield",
        "addr:postcode": "S6 2DF",
        "amenity": "cafe",
        "building": "yes",
        "fhrs:id": "1852966",
        "name": "Courtside Café",
        "opening_hours": "Mo-Fr 08:00-21:00; Sa-Su 08:00-19:00",
        "toilets": "yes",
        "website": "https://courtside.uk/hillsborough/cafe"
      },
      "geometry": {
        "type": "Polygon",
        "coordinates": [
          [
            [
              -1.4986675,
              53.408382
            ],
            [
              -1.4985686,
              53.4082097
            ],
            [
              -1.4981935,
              53.4082862
            ],
            [
              -1.4982924,
              53.4084585
            ],
            [
              -1.4984842,
              53.4084194
            ],
            [
              -1.4986675,
              53.408382
            ]
          ]
        ]
      },
      "id": "way/1431210326"
    },
    {
      "type": "Feature",
      "properties": {
        "@id": "way/1442145257",
        "addr:city": "Holmfirth",
        "addr:housenumber": "4",
        "addr:postcode": "HD9 1AB",
        "addr:street": "Station Road",
        "amenity": "cafe",
        "building": "yes",
        "cuisine": "burger;coffee_shop;sandwich;breakfast",
        "name": "Corner House Cafe",
        "phone": "+441484683012",
        "ref:GB:uprn": "83051595;83052289;83052097",
        "website": "https://www.cornerhousecafe.online/"
      },
      "geometry": {
        "type": "Polygon",
        "coordinates": [
          [
            [
              -1.7854541,
              53.5707507
            ],
            [
              -1.7854931,
              53.5707072
            ],
            [
              -1.7852927,
              53.5706507
            ],
            [
              -1.7852412,
              53.5707028
            ],
            [
              -1.7852227,
              53.5707503
            ],
            [
              -1.7853775,
              53.570793
            ],
            [
              -1.7854541,
              53.5707507
            ]
          ]
        ]
      },
      "id": "way/1442145257"
    },
    {
      "type": "Feature",
      "properties": {
        "@id": "way/1449457603",
        "addr:city": "Sheffield",
        "addr:housenumber": "443-447",
        "addr:postcode": "S2 4DR",
        "addr:street": "Queens Road",
        "addr:suburb": "Highfield",
        "amenity": "cafe",
        "brand": "Costa",
        "brand:wikidata": "Q608845",
        "brand:wikipedia": "en:Costa Coffee",
        "building": "retail",
        "fhrs:id": "1864037",
        "name": "Costa Coffee"
      },
      "geometry": {
        "type": "Polygon",
        "coordinates": [
          [
            [
              -1.467608,
              53.3669521
            ],
            [
              -1.4678031,
              53.366783
            ],
            [
              -1.4676647,
              53.3667262
            ],
            [
              -1.4674696,
              53.3668953
            ],
            [
              -1.467608,
              53.3669521
            ]
          ]
        ]
      },
      "id": "way/1449457603"
    },
    {
      "type": "Feature",
      "properties": {
        "@id": "way/1451492530",
        "addr:housenumber": "89",
        "addr:street": "Ford Green Road",
        "amenity": "cafe",
        "building": "yes",
        "name": "The Corner Cafe",
        "outdoor_seating": "no",
        "smoking": "no",
        "toilets": "yes"
      },
      "geometry": {
        "type": "Polygon",
        "coordinates": [
          [
            [
              -2.1745394,
              53.0512872
            ],
            [
              -2.1744523,
              53.0512368
            ],
            [
              -2.1743772,
              53.0512836
            ],
            [
              -2.1745016,
              53.0513556
            ],
            [
              -2.1745383,
              53.0513327
            ],
            [
              -2.174501,
              53.0513111
            ],
            [
              -2.1745394,
              53.0512872
            ]
          ]
        ]
      },
      "id": "way/1451492530"
    },
    {
      "type": "Feature",
      "properties": {
        "@id": "way/1451993973",
        "amenity": "cafe",
        "building": "yes",
        "building:levels": "1",
        "cuisine": "barbecue;jamaica",
        "name": "Grill on The Green",
        "outdoor_seating": "yes",
        "website": "https://www.facebook.com/people/Grill-On-The-Green/100090356704714/"
      },
      "geometry": {
        "type": "Polygon",
        "coordinates": [
          [
            [
              -2.3806364,
              53.5094908
            ],
            [
              -2.3806578,
              53.5094414
            ],
            [
              -2.3804889,
              53.5094159
            ],
            [
              -2.3804674,
              53.5094669
            ],
            [
              -2.3806364,
              53.5094908
            ]
          ]
        ]
      },
      "id": "way/1451993973"
    },
    {
      "type": "Feature",
      "properties": {
        "@id": "way/1453002907",
        "amenity": "cafe",
        "brand": "Starbucks",
        "brand:wikidata": "Q37158",
        "building": "retail",
        "cuisine": "coffee_shop",
        "name": "Starbucks",
        "official_name": "Starbucks Coffee",
        "opening_hours": "Mo-Fr 06:00-21:00; Sa 06:30-21:00; Su,PH 07:00-21:00",
        "takeaway": "yes"
      },
      "geometry": {
        "type": "Polygon",
        "coordinates": [
          [
            [
              -1.908805,
              53.3305918
            ],
            [
              -1.9087176,
              53.3305258
            ],
            [
              -1.9086618,
              53.3305522
            ],
            [
              -1.9086414,
              53.3305368
            ],
            [
              -1.908442,
              53.3306311
            ],
            [
              -1.9084859,
              53.3306642
            ],
            [
              -1.9085498,
              53.3307124
            ],
            [
              -1.908805,
              53.3305918
            ]
          ]
        ]
      },
      "id": "way/1453002907"
    },
    {
      "type": "Feature",
      "properties": {
        "@id": "way/1453673251",
        "addr:city": "Stockport",
        "addr:housename": "Market Hall",
        "addr:postcode": "SK1 1ES",
        "addr:street": "Market Place",
        "addr:unit": "35",
        "amenity": "cafe",
        "check_date:opening_hours": "2025-12-22",
        "indoor": "room",
        "level": "0",
        "name": "Auntie Lou's",
        "opening_hours:signed": "no",
        "source": "survey"
      },
      "geometry": {
        "type": "Polygon",
        "coordinates": [
          [
            [
              -2.1569661,
              53.4116932
            ],
            [
              -2.156895,
              53.4116652
            ],
            [
              -2.1568674,
              53.4116912
            ],
            [
              -2.1569465,
              53.411727
            ],
            [
              -2.1569661,
              53.4116932
            ]
          ]
        ]
      },
      "id": "way/1453673251"
    },
    {
      "type": "Feature",
      "properties": {
        "@id": "way/1453673257",
        "addr:city": "Stockport",
        "addr:housename": "Market Hall",
        "addr:postcode": "SK1 1ES",
        "addr:street": "Market Place",
        "addr:unit": "30a",
        "amenity": "cafe",
        "indoor": "room",
        "level": "0",
        "name": "Cafe O'Mara",
        "source": "survey"
      },
      "geometry": {
        "type": "Polygon",
        "coordinates": [
          [
            [
              -2.1563681,
              53.4114365
            ],
            [
              -2.1562789,
              53.4113963
            ],
            [
              -2.1562596,
              53.4114169
            ],
            [
              -2.1563472,
              53.4114564
            ],
            [
              -2.1563681,
              53.4114365
            ]
          ]
        ]
      },
      "id": "way/1453673257"
    },
    {
      "type": "Feature",
      "properties": {
        "@id": "way/1453673260",
        "addr:city": "Stockport",
        "addr:housename": "Market Hall",
        "addr:postcode": "SK1 1ES",
        "addr:street": "Market Place",
        "addr:unit": "8",
        "amenity": "cafe",
        "indoor": "room",
        "level": "0",
        "name": "Lynn's Cafe",
        "source": "survey"
      },
      "geometry": {
        "type": "Polygon",
        "coordinates": [
          [
            [
              -2.1564425,
              53.4113225
            ],
            [
              -2.1563826,
              53.4113104
            ],
            [
              -2.1563676,
              53.4113377
            ],
            [
              -2.1564273,
              53.4113507
            ],
            [
              -2.1564425,
              53.4113225
            ]
          ]
        ]
      },
      "id": "way/1453673260"
    },
    {
      "type": "Feature",
      "properties": {
        "@id": "way/1453673267",
        "addr:city": "Stockport",
        "addr:housename": "Market Hall",
        "addr:postcode": "SK1 1ES",
        "addr:street": "Market Place",
        "addr:unit": "1",
        "amenity": "cafe",
        "indoor": "room",
        "level": "0",
        "name": "The Oak Tree Cafe",
        "source": "survey"
      },
      "geometry": {
        "type": "Polygon",
        "coordinates": [
          [
            [
              -2.1570833,
              53.4114909
            ],
            [
              -2.1571022,
              53.4114582
            ],
            [
              -2.1570066,
              53.4114386
            ],
            [
              -2.156988,
              53.4114705
            ],
            [
              -2.1570833,
              53.4114909
            ]
          ]
        ]
      },
      "id": "way/1453673267"
    },
    {
      "type": "Feature",
      "properties": {
        "@id": "way/1454504053",
        "addr:housenumber": "96",
        "addr:postcode": "LS8 1HR",
        "addr:street": "Lidgett Lane",
        "addr:suburb": "Gledhow",
        "amenity": "cafe",
        "building:levels": "1",
        "building:part": "retail",
        "contact:facebook": "https://www.facebook.com/profile.php?id=61578710811256",
        "fhrs:id": "1859346",
        "name": "The 96 Location Cafe",
        "source:addr": "FHRS Open Data",
        "source:name": "FHRS Open Data"
      },
      "geometry": {
        "type": "Polygon",
        "coordinates": [
          [
            [
              -1.5206239,
              53.8360438
            ],
            [
              -1.5206461,
              53.8360837
            ],
            [
              -1.5206987,
              53.8360735
            ],
            [
              -1.5208123,
              53.8360515
            ],
            [
              -1.5207902,
              53.8360117
            ],
            [
              -1.5206765,
              53.8360337
            ],
            [
              -1.5206239,
              53.8360438
            ]
          ]
        ]
      },
      "id": "way/1454504053"
    },
    {
      "type": "Feature",
      "properties": {
        "@id": "way/1455761187",
        "addr:city": "Stockport",
        "addr:housenumber": "5",
        "addr:postcode": "SK4 4LU",
        "addr:street": "Tatton Road South",
        "amenity": "cafe",
        "building": "yes",
        "cuisine": "coffee_shop",
        "name": "B'spoke Coffee",
        "website": "https://www.bspokecoffeehouse.co.uk/"
      },
      "geometry": {
        "type": "Polygon",
        "coordinates": [
          [
            [
              -2.1789969,
              53.425067
            ],
            [
              -2.178982,
              53.4250498
            ],
            [
              -2.1789257,
              53.425067
            ],
            [
              -2.1789406,
              53.4250842
            ],
            [
              -2.1789969,
              53.425067
            ]
          ]
        ]
      },
      "id": "way/1455761187"
    },
    {
      "type": "Feature",
      "properties": {
        "@id": "way/1458187196",
        "addr:city": "Sheffield",
        "addr:postcode": "S35 9WG",
        "addr:street": "Church Street",
        "amenity": "cafe",
        "brand": "Starbucks",
        "brand:wikidata": "Q37158",
        "building": "yes",
        "cuisine": "coffee_shop",
        "drive_through": "yes",
        "fhrs:id": "1767567",
        "name": "Starbucks",
        "official_name": "Starbucks Coffee",
        "source:addr": "FHRS Open Data",
        "takeaway": "yes"
      },
      "geometry": {
        "type": "Polygon",
        "coordinates": [
          [
            [
              -1.4655351,
              53.4467013
            ],
            [
              -1.4652965,
              53.44677
            ],
            [
              -1.4653734,
              53.4468647
            ],
            [
              -1.4654101,
              53.4468542
            ],
            [
              -1.4654269,
              53.4468748
            ],
            [
              -1.4654781,
              53.4468601
            ],
            [
              -1.4654611,
              53.4468391
            ],
            [
              -1.4656118,
              53.4467957
            ],
            [
              -1.4655351,
              53.4467013
            ]
          ]
        ]
      },
      "id": "way/1458187196"
    },
    {
      "type": "Feature",
      "properties": {
        "@id": "way/1461838192",
        "addr:housename": "Vintage Tea Rooms",
        "addr:housenumber": "215",
        "addr:postcode": "M24 1JT",
        "addr:street": "Manchester New Road",
        "amenity": "cafe",
        "building": "yes",
        "outdoor_seating": "yes"
      },
      "geometry": {
        "type": "Polygon",
        "coordinates": [
          [
            [
              -2.2010721,
              53.5404576
            ],
            [
              -2.2011179,
              53.540407
            ],
            [
              -2.2010301,
              53.5403781
            ],
            [
              -2.2009828,
              53.5404352
            ],
            [
              -2.2009992,
              53.54044
            ],
            [
              -2.2010721,
              53.5404576
            ]
          ]
        ]
      },
      "id": "way/1461838192"
    },
    {
      "type": "Feature",
      "properties": {
        "@id": "way/1461868904",
        "addr:city": "Holmfirth",
        "addr:postcode": "HD9 3TD",
        "addr:street": "Deanhouse Lane",
        "amenity": "cafe",
        "building": "yes",
        "ref:GB:uprn": "83238631",
        "website": "https://www.purenorthciderpress.com/contact/"
      },
      "geometry": {
        "type": "Polygon",
        "coordinates": [
          [
            [
              -1.7910023,
              53.5868642
            ],
            [
              -1.7910308,
              53.587008
            ],
            [
              -1.7911407,
              53.5870003
            ],
            [
              -1.7911121,
              53.5868565
            ],
            [
              -1.7910023,
              53.5868642
            ]
          ]
        ]
      },
      "id": "way/1461868904"
    },
    {
      "type": "Feature",
      "properties": {
        "@id": "way/1465620744",
        "addr:city": "Stockport",
        "addr:housenumber": "34-35",
        "addr:postcode": "SK1 1QD",
        "addr:street": "Merseyway",
        "amenity": "cafe",
        "brand": "Costa",
        "brand:wikidata": "Q608845",
        "brand:wikipedia": "en:Costa Coffee",
        "building": "retail",
        "cuisine": "coffee_shop",
        "fhrs:id": "102214",
        "name": "Costa",
        "opening_hours": "Mo-Fr 06:30-18:30; Sa 07:30-18:30; Su 07:00-17:30",
        "source": "survey",
        "source:addr:postcode": "code-point_open",
        "takeaway": "yes",
        "vatin": "243292864"
      },
      "geometry": {
        "type": "Polygon",
        "coordinates": [
          [
            [
              -2.1598565,
              53.4118534
            ],
            [
              -2.1599844,
              53.4117846
            ],
            [
              -2.1598016,
              53.4116663
            ],
            [
              -2.1596738,
              53.4117353
            ],
            [
              -2.1598565,
              53.4118534
            ]
          ]
        ]
      },
      "id": "way/1465620744"
    },
    {
      "type": "Feature",
      "properties": {
        "@id": "way/1465994421",
        "amenity": "cafe",
        "building": "yes",
        "building:levels": "1",
        "cuisine": "coffee_shop",
        "description": "A little unstaffed shop in a hut where you can buy hot drinks, ice cream, and cakes",
        "ice_cream": "yes",
        "indoor_seating": "no",
        "name": "Honesty Shop",
        "opening_hours": "Mo-Su 07:30-19:30",
        "outdoor_seating": "yes",
        "payment:cash": "yes",
        "payment:credit_cards": "yes",
        "payment:debit_cards": "yes",
        "takeaway": "yes",
        "toilets": "no"
      },
      "geometry": {
        "type": "Polygon",
        "coordinates": [
          [
            [
              -1.8987805,
              53.1970651
            ],
            [
              -1.8987698,
              53.1970286
            ],
            [
              -1.8987173,
              53.1970341
            ],
            [
              -1.898728,
              53.1970707
            ],
            [
              -1.8987805,
              53.1970651
            ]
          ]
        ]
      },
      "id": "way/1465994421"
    },
    {
      "type": "Feature",
      "properties": {
        "@id": "way/1467546378",
        "addr:city": "Holmfirth",
        "addr:postcode": "HD9 6AD",
        "addr:street": "Lupton Square",
        "addr:suburb": "Honley",
        "amenity": "cafe",
        "building": "yes",
        "name": "Gallery Cafe"
      },
      "geometry": {
        "type": "Polygon",
        "coordinates": [
          [
            [
              -1.7928966,
              53.6034302
            ],
            [
              -1.7927373,
              53.6033756
            ],
            [
              -1.792691,
              53.6034231
            ],
            [
              -1.7928503,
              53.6034777
            ],
            [
              -1.7928966,
              53.6034302
            ]
          ]
        ]
      },
      "id": "way/1467546378"
    },
    {
      "type": "Feature",
      "properties": {
        "@id": "way/1469348671",
        "amenity": "cafe",
        "building": "yes",
        "layer": "1"
      },
      "geometry": {
        "type": "Polygon",
        "coordinates": [
          [
            [
              -1.5783021,
              53.6794375
            ],
            [
              -1.5782224,
              53.6793675
            ],
            [
              -1.5780866,
              53.6794399
            ],
            [
              -1.5779894,
              53.6793759
            ],
            [
              -1.5779228,
              53.6794091
            ],
            [
              -1.5778323,
              53.6794565
            ],
            [
              -1.577741,
              53.6795036
            ],
            [
              -1.5779188,
              53.6796265
            ],
            [
              -1.5780995,
              53.6795419
            ],
            [
              -1.5783021,
              53.6794375
            ]
          ]
        ]
      },
      "id": "way/1469348671"
    },
    {
      "type": "Feature",
      "properties": {
        "@id": "way/1473740381",
        "addr:city": "Sheffield",
        "addr:housenumber": "86",
        "addr:postcode": "S4 8GU",
        "addr:street": "Page Hall Road",
        "amenity": "cafe",
        "building:part": "retail",
        "level": "0",
        "name": "Caféccino Lounge"
      },
      "geometry": {
        "type": "Polygon",
        "coordinates": [
          [
            [
              -1.446019,
              53.4081902
            ],
            [
              -1.4460728,
              53.4082075
            ],
            [
              -1.4461569,
              53.4081149
            ],
            [
              -1.4461252,
              53.4081046
            ],
            [
              -1.4461042,
              53.4081277
            ],
            [
              -1.4460822,
              53.4081206
            ],
            [
              -1.446019,
              53.4081902
            ]
          ]
        ]
      },
      "id": "way/1473740381"
    },
    {
      "type": "Feature",
      "properties": {
        "@id": "way/1475001067",
        "addr:city": "Sheffield",
        "addr:housenumber": "11",
        "addr:postcode": "S5 7TR",
        "addr:street": "Elm Lane",
        "amenity": "cafe",
        "building:part": "retail",
        "fhrs:id": "619407",
        "level": "0",
        "name": "Lane Top Kitchen"
      },
      "geometry": {
        "type": "Polygon",
        "coordinates": [
          [
            [
              -1.4556959,
              53.4216622
            ],
            [
              -1.4557111,
              53.4217756
            ],
            [
              -1.4557798,
              53.4217723
            ],
            [
              -1.4557642,
              53.4216588
            ],
            [
              -1.4556959,
              53.4216622
            ]
          ]
        ]
      },
      "id": "way/1475001067"
    }
  ]
}