{
  "type": "FeatureCollection",
  "generator": "overpass-turbo",
  "copyright": "The data included in this document is from www.openstreetmap.org. The data is made available under ODbL.",
  "timestamp": "2026-06-19T21:15:20Z",
  "features": [
    {
      "type": "Feature",
      "properties": {
        "@id": "relation/2301658",
        "building": "yes",
        "historic": "castle",
        "name": "Peveril Castle",
        "type": "multipolygon",
        "website": "https://www.english-heritage.org.uk/visit/places/peveril-castle/"
      },
      "geometry": {
        "type": "Polygon",
        "coordinates": [
          [
            [
              -1.7775165,
              53.3399345
            ],
            [
              -1.7773936,
              53.3398465
            ],
            [
              -1.777351,
              53.3398677
            ],
            [
              -1.7773105,
              53.3398879
            ],
            [
              -1.7772573,
              53.3399143
            ],
            [
              -1.7773803,
              53.3400023
            ],
            [
              -1.7775165,
              53.3399345
            ]
          ],
          [
            [
              -1.7774669,
              53.3399318
            ],
            [
              -1.7773847,
              53.3399727
            ],
            [
              -1.777307,
              53.339917
            ],
            [
              -1.7773891,
              53.3398761
            ],
            [
              -1.7774669,
              53.3399318
            ]
          ]
        ]
      },
      "id": "relation/2301658"
    },
    {
      "type": "Feature",
      "properties": {
        "@id": "relation/3134597",
        "HE_ref": "1000679",
        "addr:city": "Bakewell",
        "addr:postcode": "DE45 1LA",
        "building": "yes",
        "building:condition": "preserved",
        "castle_type": "palace",
        "heritage": "2",
        "heritage:operator": "English Heritage",
        "historic": "castle",
        "listed_status": "Grade I",
        "name": "Haddon Hall",
        "name:zh": "哈頓莊園遊",
        "source": "bing",
        "tourism": "attraction",
        "type": "multipolygon",
        "wikidata": "Q3080996",
        "wikipedia": "en:Haddon Hall"
      },
      "geometry": {
        "type": "Polygon",
        "coordinates": [
          [
            [
              -1.6495206,
              53.1941908
            ],
            [
              -1.6501619,
              53.1938515
            ],
            [
              -1.6502002,
              53.1938305
            ],
            [
              -1.6503044,
              53.1937813
            ],
            [
              -1.6501288,
              53.1936601
            ],
            [
              -1.649935,
              53.1935189
            ],
            [
              -1.6498693,
              53.1934482
            ],
            [
              -1.6497658,
              53.1934765
            ],
            [
              -1.649793,
              53.1935105
            ],
            [
              -1.6496833,
              53.1935443
            ],
            [
              -1.6497139,
              53.1935782
            ],
            [
              -1.6496866,
              53.193593
            ],
            [
              -1.6496665,
              53.1935821
            ],
            [
              -1.6494887,
              53.1936907
            ],
            [
              -1.6495163,
              53.1937109
            ],
            [
              -1.649434,
              53.1937546
            ],
            [
              -1.6492802,
              53.1938564
            ],
            [
              -1.6492286,
              53.1938299
            ],
            [
              -1.6491586,
              53.1938731
            ],
            [
              -1.6492047,
              53.1939016
            ],
            [
              -1.6490303,
              53.1940033
            ],
            [
              -1.6491081,
              53.194047
            ],
            [
              -1.6491647,
              53.194016
            ],
            [
              -1.6492127,
              53.1940383
            ],
            [
              -1.6492781,
              53.1940686
            ],
            [
              -1.6493831,
              53.1941173
            ],
            [
              -1.6495206,
              53.1941908
            ]
          ],
          [
            [
              -1.6495211,
              53.1940928
            ],
            [
              -1.6494708,
              53.1940627
            ],
            [
              -1.6494016,
              53.1940253
            ],
            [
              -1.6494127,
              53.1940162
            ],
            [
              -1.6494077,
              53.1939987
            ],
            [
              -1.6493842,
              53.1939884
            ],
            [
              -1.649358,
              53.1939863
            ],
            [
              -1.6493419,
              53.193998
            ],
            [
              -1.6492636,
              53.1939603
            ],
            [
              -1.6494656,
              53.1938321
            ],
            [
              -1.6495095,
              53.1938633
            ],
            [
              -1.6495602,
              53.1938394
            ],
            [
              -1.6497212,
              53.1939375
            ],
            [
              -1.6496642,
              53.193968
            ],
            [
              -1.6497127,
              53.1939999
            ],
            [
              -1.6496285,
              53.1940443
            ],
            [
              -1.6495997,
              53.1940278
            ],
            [
              -1.6495579,
              53.194052
            ],
            [
              -1.6495867,
              53.1940688
            ],
            [
              -1.6495329,
              53.1940983
            ],
            [
              -1.6495211,
              53.1940928
            ]
          ],
          [
            [
              -1.6499893,
              53.1938566
            ],
            [
              -1.6499262,
              53.1938154
            ],
            [
              -1.64987,
              53.1938489
            ],
            [
              -1.6498197,
              53.1938117
            ],
            [
              -1.6497974,
              53.1937956
            ],
            [
              -1.649745,
              53.1938216
            ],
            [
              -1.6496355,
              53.193743
            ],
            [
              -1.6496609,
              53.1937277
            ],
            [
              -1.6496098,
              53.1936926
            ],
            [
              -1.6497277,
              53.1936205
            ],
            [
              -1.649735,
              53.1936143
            ],
            [
              -1.6497163,
              53.1936013
            ],
            [
              -1.6498615,
              53.193559
            ],
            [
              -1.6499093,
              53.1935936
            ],
            [
              -1.6501564,
              53.193772
            ],
            [
              -1.6501354,
              53.1937849
            ],
            [
              -1.6499893,
              53.1938566
            ]
          ]
        ]
      },
      "id": "relation/3134597"
    },
    {
      "type": "Feature",
      "properties": {
        "@id": "relation/3756737",
        "HE_ref": "1232013",
        "addr:city": "Stockport",
        "addr:postcode": "SK12 2NU",
        "building": "yes",
        "heritage": "2",
        "heritage:operator": "Historic England",
        "historic": "heritage",
        "listed_status": "Grade II",
        "name": "The Stables",
        "operator": "National Trust",
        "ref:GB:nhle": "1232013",
        "start_date": "1863",
        "type": "multipolygon",
        "website": "https://historicengland.org.uk/listing/the-list/list-entry/1232013"
      },
      "geometry": {
        "type": "Polygon",
        "coordinates": [
          [
            [
              -2.0530731,
              53.3389695
            ],
            [
              -2.0525413,
              53.3389868
            ],
            [
              -2.0525471,
              53.3390496
            ],
            [
              -2.052326,
              53.3390568
            ],
            [
              -2.0523303,
              53.3391036
            ],
            [
              -2.0525575,
              53.3390962
            ],
            [
              -2.0525719,
              53.3392538
            ],
            [
              -2.052489,
              53.3392565
            ],
            [
              -2.0524935,
              53.3393059
            ],
            [
              -2.053102,
              53.3392861
            ],
            [
              -2.0530731,
              53.3389695
            ]
          ],
          [
            [
              -2.052986,
              53.3392247
            ],
            [
              -2.0526567,
              53.3392323
            ],
            [
              -2.0526446,
              53.3390452
            ],
            [
              -2.052974,
              53.3390376
            ],
            [
              -2.052986,
              53.3392247
            ]
          ]
        ]
      },
      "id": "relation/3756737"
    },
    {
      "type": "Feature",
      "properties": {
        "@id": "relation/7067453",
        "historic": "roman_road",
        "historic:civilization": "ancient_roman",
        "name": "Watling Street Iter II",
        "route": "historic",
        "source": "OS_OpenData_StreetView",
        "type": "route"
      },
      "geometry": {
        "type": "MultiLineString",
        "coordinates": [
          [
            [
              -1.167419,
              53.9096352
            ],
            [
              -1.1674757,
              53.9096171
            ],
            [
              -1.1680182,
              53.9094437
            ],
            [
              -1.1688767,
              53.9092862
            ],
            [
              -1.1696913,
              53.909083
            ],
            [
              -1.1704489,
              53.9088426
            ],
            [
              -1.1708881,
              53.9086981
            ],
            [
              -1.171398,
              53.9085511
            ],
            [
              -1.1742841,
              53.9078967
            ],
            [
              -1.1745764,
              53.907855
            ],
            [
              -1.1773787,
              53.9072278
            ],
            [
              -1.1802482,
              53.9066145
            ],
            [
              -1.1805509,
              53.9065378
            ],
            [
              -1.1805824,
              53.9065295
            ],
            [
              -1.1807321,
              53.906523
            ],
            [
              -1.1809923,
              53.9064815
            ],
            [
              -1.1830299,
              53.9060415
            ],
            [
              -1.184452,
              53.9057153
            ],
            [
              -1.185635,
              53.9054567
            ],
            [
              -1.1876048,
              53.9049898
            ],
            [
              -1.1900483,
              53.9045363
            ],
            [
              -1.1921699,
              53.9039406
            ],
            [
              -1.1975193,
              53.9025552
            ],
            [
              -1.1976485,
              53.9025917
            ],
            [
              -1.1977432,
              53.9025961
            ],
            [
              -1.1978445,
              53.9025976
            ],
            [
              -1.1982198,
              53.9025739
            ],
            [
              -1.1984114,
              53.9025619
            ],
            [
              -1.198993,
              53.9025057
            ],
            [
              -1.1993566,
              53.9023933
            ],
            [
              -1.1995471,
              53.9023475
            ],
            [
              -1.1996753,
              53.9023244
            ],
            [
              -1.1998931,
              53.9022851
            ],
            [
              -1.2005288,
              53.9021824
            ],
            [
              -1.2010183,
              53.9020955
            ],
            [
              -1.2012931,
              53.9020634
            ],
            [
              -1.2014353,
              53.9020338
            ],
            [
              -1.2018124,
              53.9019056
            ],
            [
              -1.2039745,
              53.9014595
            ],
            [
              -1.2050777,
              53.9011605
            ],
            [
              -1.2066983,
              53.9007603
            ],
            [
              -1.2077984,
              53.9005225
            ],
            [
              -1.2105588,
              53.8998872
            ],
            [
              -1.2131003,
              53.8992838
            ],
            [
              -1.2156154,
              53.8985278
            ],
            [
              -1.2157158,
              53.8984827
            ],
            [
              -1.21605,
              53.8983461
            ],
            [
              -1.2191687,
              53.897346
            ],
            [
              -1.2197616,
              53.8970899
            ],
            [
              -1.2210587,
              53.896662
            ],
            [
              -1.2211301,
              53.89664
            ],
            [
              -1.2274864,
              53.8946768
            ],
            [
              -1.2276042,
              53.8946439
            ],
            [
              -1.2281056,
              53.8944817
            ],
            [
              -1.2294082,
              53.8941002
            ],
            [
              -1.2295431,
              53.8940607
            ],
            [
              -1.2331592,
              53.8930159
            ],
            [
              -1.2404791,
              53.8909585
            ]
          ],
          [
            [
              -2.3766824,
              53.3785975
            ],
            [
              -2.3765941,
              53.3787369
            ],
            [
              -2.3760395,
              53.3792705
            ],
            [
              -2.3757085,
              53.379589
            ],
            [
              -2.3752934,
              53.3800349
            ],
            [
              -2.3751945,
              53.3801672
            ],
            [
              -2.3750109,
              53.3803652
            ],
            [
              -2.3746644,
              53.3807708
            ],
            [
              -2.3742854,
              53.381169
            ],
            [
              -2.3738666,
              53.3815828
            ],
            [
              -2.3734325,
              53.3819518
            ],
            [
              -2.3737683,
              53.3815268
            ],
            [
              -2.3740452,
              53.3812242
            ],
            [
              -2.3746573,
              53.3805554
            ],
            [
              -2.3747417,
              53.3804362
            ],
            [
              -2.374895,
              53.3802559
            ],
            [
              -2.3750495,
              53.3800991
            ],
            [
              -2.3752594,
              53.379865
            ],
            [
              -2.3758931,
              53.3792433
            ],
            [
              -2.3764762,
              53.3787136
            ],
            [
              -2.3766824,
              53.3785975
            ],
            [
              -2.37874,
              53.3766511
            ],
            [
              -2.3789812,
              53.3764219
            ],
            [
              -2.3797311,
              53.3757094
            ],
            [
              -2.3806791,
              53.3748194
            ]
          ],
          [
            [
              -2.3734325,
              53.3819518
            ],
            [
              -2.373235,
              53.3821437
            ],
            [
              -2.3730392,
              53.382334
            ],
            [
              -2.3726426,
              53.3827036
            ],
            [
              -2.371242,
              53.3838088
            ],
            [
              -2.3708776,
              53.3840951
            ],
            [
              -2.3706221,
              53.3842843
            ],
            [
              -2.3702999,
              53.3845031
            ],
            [
              -2.3701508,
              53.384591
            ],
            [
              -2.3689329,
              53.385092
            ],
            [
              -2.3686987,
              53.3851965
            ],
            [
              -2.3674761,
              53.3857515
            ],
            [
              -2.3665387,
              53.3862622
            ],
            [
              -2.3662023,
              53.3864455
            ],
            [
              -2.3657888,
              53.3866471
            ],
            [
              -2.3656982,
              53.3866767
            ]
          ],
          [
            [
              -1.2579731,
              53.8870828
            ],
            [
              -1.2642827,
              53.8854726
            ]
          ],
          [
            [
              -1.6064481,
              53.7663043
            ],
            [
              -1.5979685,
              53.775098
            ]
          ],
          [
            [
              -1.6187826,
              53.7563101
            ],
            [
              -1.6177713,
              53.7567788
            ],
            [
              -1.6157351,
              53.7576402
            ],
            [
              -1.6138298,
              53.7589654
            ],
            [
              -1.6121766,
              53.7602023
            ],
            [
              -1.610841,
              53.7613728
            ],
            [
              -1.6087488,
              53.7635537
            ],
            [
              -1.6080857,
              53.7642549
            ]
          ],
          [
            [
              -1.7106277,
              53.6918731
            ],
            [
              -1.7038839,
              53.6954786
            ]
          ],
          [
            [
              -1.725615,
              53.6863084
            ],
            [
              -1.7252957,
              53.6863349
            ],
            [
              -1.7250497,
              53.6863624
            ],
            [
              -1.7242803,
              53.6864395
            ],
            [
              -1.7241697,
              53.6864506
            ],
            [
              -1.7238879,
              53.6864841
            ],
            [
              -1.7236733,
              53.6865106
            ],
            [
              -1.7230225,
              53.686608
            ],
            [
              -1.7226211,
              53.686668
            ],
            [
              -1.7222905,
              53.6867276
            ],
            [
              -1.7220027,
              53.6867748
            ],
            [
              -1.7216784,
              53.6868279
            ],
            [
              -1.7216367,
              53.6868347
            ],
            [
              -1.721486,
              53.6868723
            ],
            [
              -1.7212072,
              53.6869418
            ],
            [
              -1.7206679,
              53.68716
            ],
            [
              -1.7200914,
              53.6873933
            ],
            [
              -1.7190232,
              53.6878743
            ],
            [
              -1.7189348,
              53.6879141
            ],
            [
              -1.7188419,
              53.6879553
            ],
            [
              -1.7182331,
              53.6882254
            ],
            [
              -1.7177519,
              53.6884389
            ],
            [
              -1.7177013,
              53.6884614
            ],
            [
              -1.7176415,
              53.6884879
            ],
            [
              -1.7171986,
              53.6886874
            ],
            [
              -1.7167028,
              53.6889107
            ],
            [
              -1.715661,
              53.6893486
            ],
            [
              -1.714492,
              53.6898381
            ],
            [
              -1.7142165,
              53.6900229
            ],
            [
              -1.714186,
              53.6900579
            ],
            [
              -1.7141393,
              53.6900849
            ],
            [
              -1.7140285,
              53.6901283
            ],
            [
              -1.7139498,
              53.6901685
            ],
            [
              -1.7137071,
              53.6903052
            ],
            [
              -1.7131142,
              53.6906104
            ],
            [
              -1.7123809,
              53.6909879
            ],
            [
              -1.7122193,
              53.6910706
            ],
            [
              -1.7121516,
              53.6911047
            ],
            [
              -1.7114397,
              53.6914449
            ],
            [
              -1.7111441,
              53.6915943
            ],
            [
              -1.710996,
              53.691668
            ],
            [
              -1.7108801,
              53.6917384
            ]
          ],
          [
            [
              -1.7500447,
              53.6830173
            ],
            [
              -1.7323723,
              53.6855795
            ],
            [
              -1.730912,
              53.6859689
            ],
            [
              -1.7299169,
              53.6861009
            ],
            [
              -1.7290989,
              53.6861724
            ],
            [
              -1.7278137,
              53.6862068
            ]
          ],
          [
            [
              -1.7747724,
              53.678838
            ],
            [
              -1.7743783,
              53.6788787
            ],
            [
              -1.7741124,
              53.6789061
            ],
            [
              -1.7724385,
              53.6790948
            ],
            [
              -1.7719686,
              53.6791424
            ],
            [
              -1.7714359,
              53.6792112
            ],
            [
              -1.7713754,
              53.6792182
            ],
            [
              -1.7703473,
              53.6793237
            ],
            [
              -1.7692668,
              53.6794698
            ],
            [
              -1.7683676,
              53.6796208
            ],
            [
              -1.768005,
              53.679686
            ],
            [
              -1.7677283,
              53.6797436
            ],
            [
              -1.7666867,
              53.679966
            ],
            [
              -1.7656872,
              53.6801841
            ],
            [
              -1.7647001,
              53.6804349
            ],
            [
              -1.7636163,
              53.6807219
            ],
            [
              -1.7625962,
              53.6809861
            ],
            [
              -1.7615638,
              53.681232
            ],
            [
              -1.7605913,
              53.6814204
            ],
            [
              -1.7600902,
              53.6815191
            ],
            [
              -1.7595891,
              53.6816032
            ],
            [
              -1.758908,
              53.6817069
            ],
            [
              -1.7581143,
              53.6818306
            ],
            [
              -1.7577628,
              53.6818816
            ],
            [
              -1.7552632,
              53.6822595
            ],
            [
              -1.7544637,
              53.6823752
            ],
            [
              -1.7541859,
              53.6824151
            ],
            [
              -1.7532615,
              53.6825633
            ],
            [
              -1.7528905,
              53.6826184
            ],
            [
              -1.7520706,
              53.6827402
            ],
            [
              -1.751563,
              53.682786
            ]
          ],
          [
            [
              -1.7789853,
              53.6784725
            ],
            [
              -1.7786072,
              53.6784883
            ],
            [
              -1.7777846,
              53.6785321
            ],
            [
              -1.7762236,
              53.6786839
            ]
          ],
          [
            [
              -1.887529,
              53.640236
            ],
            [
              -1.8889839,
              53.6411525
            ],
            [
              -1.8896634,
              53.6415374
            ],
            [
              -1.8900441,
              53.6418018
            ],
            [
              -1.8902145,
              53.6422102
            ],
            [
              -1.8902566,
              53.6425923
            ],
            [
              -1.8902286,
              53.6428636
            ],
            [
              -1.8900138,
              53.6445236
            ],
            [
              -1.8899923,
              53.6446901
            ],
            [
              -1.8882765,
              53.646946
            ]
          ],
          [
            [
              -1.8864891,
              53.639476
            ],
            [
              -1.8857779,
              53.638903
            ],
            [
              -1.8852436,
              53.6380971
            ],
            [
              -1.885213,
              53.6371421
            ],
            [
              -1.8855332,
              53.6363616
            ],
            [
              -1.8860447,
              53.6355942
            ],
            [
              -1.8865316,
              53.6351046
            ],
            [
              -1.8875608,
              53.6346259
            ],
            [
              -1.8903156,
              53.633917
            ],
            [
              -1.8925342,
              53.6334127
            ],
            [
              -1.893171,
              53.6332328
            ],
            [
              -1.8936814,
              53.6329751
            ],
            [
              -1.8939112,
              53.632858
            ],
            [
              -1.8939883,
              53.6327882
            ],
            [
              -1.8942166,
              53.632408
            ],
            [
              -1.8944276,
              53.631836
            ],
            [
              -1.8944862,
              53.6314029
            ],
            [
              -1.8945065,
              53.6309154
            ],
            [
              -1.8944501,
              53.6306881
            ],
            [
              -1.8943906,
              53.6300069
            ],
            [
              -1.8942273,
              53.6292888
            ],
            [
              -1.8941503,
              53.6289855
            ],
            [
              -1.8941349,
              53.6288539
            ],
            [
              -1.8942027,
              53.6287233
            ],
            [
              -1.8945478,
              53.6283304
            ]
          ],
          [
            [
              -1.8945414,
              53.6271634
            ],
            [
              -1.8944965,
              53.6269149
            ],
            [
              -1.8944711,
              53.626635
            ]
          ],
          [
            [
              -1.8944736,
              53.6265875
            ],
            [
              -1.8945501,
              53.6262784
            ],
            [
              -1.8946296,
              53.6259742
            ],
            [
              -1.8946789,
              53.6259059
            ]
          ],
          [
            [
              -1.8982181,
              53.6181144
            ],
            [
              -1.8980744,
              53.6182265
            ],
            [
              -1.8973021,
              53.6185937
            ],
            [
              -1.8966872,
              53.6189647
            ],
            [
              -1.8960681,
              53.6193475
            ],
            [
              -1.8953253,
              53.6199019
            ],
            [
              -1.894686,
              53.6202453
            ],
            [
              -1.8942896,
              53.6205998
            ],
            [
              -1.8931576,
              53.6215236
            ],
            [
              -1.8930467,
              53.6217064
            ],
            [
              -1.8930467,
              53.6219111
            ],
            [
              -1.8933487,
              53.6225507
            ],
            [
              -1.8935643,
              53.6228102
            ],
            [
              -1.894119,
              53.6230917
            ],
            [
              -1.8948216,
              53.6233768
            ],
            [
              -1.8955056,
              53.6237569
            ],
            [
              -1.8958207,
              53.6239501
            ],
            [
              -1.8959987,
              53.6241078
            ],
            [
              -1.8959957,
              53.6245112
            ],
            [
              -1.8957763,
              53.62488
            ],
            [
              -1.8952832,
              53.6252985
            ],
            [
              -1.895046,
              53.6255123
            ]
          ],
          [
            [
              -1.8983247,
              53.6180815
            ],
            [
              -1.8998724,
              53.6178609
            ]
          ],
          [
            [
              -1.9100912,
              53.616213
            ],
            [
              -1.9099248,
              53.6162623
            ],
            [
              -1.9096783,
              53.6164195
            ],
            [
              -1.9089819,
              53.6168838
            ],
            [
              -1.9087415,
              53.6170739
            ],
            [
              -1.9085331,
              53.6172552
            ],
            [
              -1.9083734,
              53.6173208
            ],
            [
              -1.9063812,
              53.617763
            ],
            [
              -1.9055092,
              53.6178543
            ],
            [
              -1.9049661,
              53.6179005
            ],
            [
              -1.9040021,
              53.61795
            ],
            [
              -1.9029197,
              53.6180147
            ],
            [
              -1.9022009,
              53.6180226
            ],
            [
              -1.9010721,
              53.6180047
            ],
            [
              -1.9003834,
              53.6179836
            ],
            [
              -1.9003492,
              53.6179825
            ]
          ],
          [
            [
              -1.9114102,
              53.6158913
            ],
            [
              -1.9115813,
              53.6157742
            ],
            [
              -1.9117286,
              53.6156749
            ],
            [
              -1.9118095,
              53.6156012
            ],
            [
              -1.9118788,
              53.6155413
            ],
            [
              -1.9119437,
              53.6155008
            ],
            [
              -1.9119895,
              53.6154731
            ],
            [
              -1.9120614,
              53.6154408
            ],
            [
              -1.912245,
              53.6153007
            ],
            [
              -1.9124334,
              53.6151365
            ],
            [
              -1.9125686,
              53.61505
            ],
            [
              -1.9130039,
              53.614901
            ],
            [
              -1.9130529,
              53.6148524
            ],
            [
              -1.9133765,
              53.6147583
            ],
            [
              -1.9136511,
              53.6146541
            ],
            [
              -1.9141759,
              53.6145474
            ],
            [
              -1.9143078,
              53.6145114
            ],
            [
              -1.9144143,
              53.6144735
            ],
            [
              -1.9144601,
              53.6144072
            ],
            [
              -1.9144558,
              53.6143055
            ],
            [
              -1.9145356,
              53.614214
            ],
            [
              -1.9145356,
              53.6140419
            ]
          ],
          [
            [
              -1.9145609,
              53.6140468
            ],
            [
              -1.9151097,
              53.6139125
            ],
            [
              -1.9152369,
              53.6138411
            ],
            [
              -1.9153689,
              53.6137088
            ],
            [
              -1.9160064,
              53.6130729
            ],
            [
              -1.9166029,
              53.6123732
            ],
            [
              -1.9166182,
              53.6123553
            ],
            [
              -1.9170106,
              53.6120755
            ],
            [
              -1.9180101,
              53.6116626
            ],
            [
              -1.9182856,
              53.6114631
            ],
            [
              -1.9193036,
              53.6111258
            ],
            [
              -1.9203782,
              53.6110404
            ],
            [
              -1.9214457,
              53.6105896
            ],
            [
              -1.9219413,
              53.6100375
            ],
            [
              -1.9223821,
              53.6096677
            ],
            [
              -1.9228954,
              53.6091231
            ]
          ],
          [
            [
              -1.9237725,
              53.6084812
            ],
            [
              -1.9238153,
              53.6084339
            ],
            [
              -1.9239935,
              53.6082879
            ],
            [
              -1.9241886,
              53.6080414
            ],
            [
              -1.9243077,
              53.6079139
            ],
            [
              -1.9245634,
              53.6077057
            ],
            [
              -1.9248267,
              53.6075009
            ],
            [
              -1.9251957,
              53.6072381
            ],
            [
              -1.9255102,
              53.6070452
            ],
            [
              -1.9256655,
              53.6069667
            ],
            [
              -1.925733,
              53.606932
            ],
            [
              -1.9258549,
              53.6068984
            ],
            [
              -1.9260487,
              53.6068034
            ],
            [
              -1.9264744,
              53.6065295
            ],
            [
              -1.926634,
              53.6063884
            ],
            [
              -1.9267256,
              53.6062938
            ],
            [
              -1.9267729,
              53.606263
            ],
            [
              -1.9270661,
              53.6060568
            ],
            [
              -1.9274917,
              53.6058166
            ],
            [
              -1.9278315,
              53.6056559
            ],
            [
              -1.9281002,
              53.6054516
            ],
            [
              -1.928353,
              53.605356
            ],
            [
              -1.9286145,
              53.605255
            ],
            [
              -1.9288884,
              53.605178
            ],
            [
              -1.9292416,
              53.6050845
            ],
            [
              -1.929747,
              53.6050186
            ],
            [
              -1.9299545,
              53.6049749
            ],
            [
              -1.9300568,
              53.6049536
            ],
            [
              -1.9302033,
              53.6048894
            ],
            [
              -1.9305716,
              53.6046819
            ],
            [
              -1.9307075,
              53.6044938
            ],
            [
              -1.9309006,
              53.60422
            ],
            [
              -1.9309496,
              53.6040311
            ],
            [
              -1.9308666,
              53.6037632
            ],
            [
              -1.9308475,
              53.6036815
            ],
            [
              -1.9308106,
              53.603517
            ]
          ],
          [
            [
              -1.9312219,
              53.6043451
            ],
            [
              -1.9311081,
              53.6045381
            ],
            [
              -1.9309048,
              53.6048951
            ],
            [
              -1.9307015,
              53.6051147
            ],
            [
              -1.9304738,
              53.6052667
            ],
            [
              -1.9292866,
              53.6052474
            ],
            [
              -1.9286076,
              53.6055417
            ],
            [
              -1.9275382,
              53.6062799
            ],
            [
              -1.9257248,
              53.608094
            ],
            [
              -1.9250255,
              53.6088587
            ],
            [
              -1.9243546,
              53.6095076
            ]
          ],
          [
            [
              -1.9331132,
              53.6005451
            ],
            [
              -1.9342399,
              53.5991183
            ],
            [
              -1.9348719,
              53.5984235
            ],
            [
              -1.9349619,
              53.5981493
            ],
            [
              -1.9349352,
              53.5977096
            ],
            [
              -1.9349791,
              53.5975669
            ],
            [
              -1.9350617,
              53.5974195
            ],
            [
              -1.935192,
              53.5972817
            ],
            [
              -1.9354686,
              53.597139
            ],
            [
              -1.935904,
              53.596873
            ],
            [
              -1.9366162,
              53.5966104
            ],
            [
              -1.9382398,
              53.5958278
            ],
            [
              -1.939163,
              53.5948149
            ],
            [
              -1.9394747,
              53.5942698
            ],
            [
              -1.9395526,
              53.5941336
            ],
            [
              -1.9397343,
              53.5939457
            ],
            [
              -1.9398876,
              53.5937506
            ],
            [
              -1.9399908,
              53.5935853
            ],
            [
              -1.9403269,
              53.5928652
            ],
            [
              -1.9405095,
              53.5926675
            ],
            [
              -1.94079,
              53.5924563
            ],
            [
              -1.9410384,
              53.5922883
            ],
            [
              -1.941346,
              53.5921422
            ],
            [
              -1.942457,
              53.591771
            ],
            [
              -1.9427315,
              53.5916394
            ],
            [
              -1.9442129,
              53.5910274
            ],
            [
              -1.9442156,
              53.5910263
            ],
            [
              -1.9454876,
              53.5903544
            ],
            [
              -1.9461531,
              53.5899489
            ],
            [
              -1.9466114,
              53.5897088
            ],
            [
              -1.9476468,
              53.5896101
            ],
            [
              -1.9483275,
              53.5896001
            ],
            [
              -1.9488844,
              53.5895696
            ],
            [
              -1.9493709,
              53.589468
            ],
            [
              -1.9498437,
              53.5893733
            ],
            [
              -1.9504506,
              53.58914
            ],
            [
              -1.9514929,
              53.5886869
            ],
            [
              -1.9521365,
              53.588444
            ],
            [
              -1.9527557,
              53.5882712
            ],
            [
              -1.9540715,
              53.5880188
            ],
            [
              -1.9551397,
              53.5877635
            ],
            [
              -1.9566783,
              53.5873585
            ]
          ],
          [
            [
              -1.9567534,
              53.5872978
            ],
            [
              -1.9586135,
              53.5873045
            ],
            [
              -1.9594831,
              53.5873061
            ]
          ],
          [
            [
              -2.0344065,
              53.5603787
            ],
            [
              -2.0344898,
              53.560363
            ],
            [
              -2.0346998,
              53.5603294
            ],
            [
              -2.0353957,
              53.5601999
            ],
            [
              -2.0356844,
              53.5601479
            ],
            [
              -2.0362747,
              53.5600339
            ],
            [
              -2.0363515,
              53.5599761
            ],
            [
              -2.0363292,
              53.5599099
            ],
            [
              -2.0359965,
              53.5594417
            ],
            [
              -2.0356799,
              53.5577682
            ],
            [
              -2.0356947,
              53.5572474
            ],
            [
              -2.0357227,
              53.5569737
            ],
            [
              -2.0358366,
              53.5566873
            ],
            [
              -2.0359563,
              53.5564901
            ],
            [
              -2.0362047,
              53.5562548
            ],
            [
              -2.0367553,
              53.5558604
            ],
            [
              -2.0376203,
              53.5552821
            ],
            [
              -2.0386345,
              53.5546495
            ],
            [
              -2.0458324,
              53.5538005
            ],
            [
              -2.049369,
              53.5534914
            ],
            [
              -2.0506126,
              53.5546291
            ],
            [
              -2.052781,
              53.5536835
            ],
            [
              -2.0537199,
              53.5531729
            ],
            [
              -2.0551415,
              53.5524965
            ],
            [
              -2.0581624,
              53.5510633
            ],
            [
              -2.0589664,
              53.5505191
            ],
            [
              -2.060233,
              53.5497836
            ],
            [
              -2.0607707,
              53.5495095
            ],
            [
              -2.0611334,
              53.5493676
            ],
            [
              -2.0619735,
              53.5488975
            ],
            [
              -2.0620209,
              53.5488673
            ],
            [
              -2.062048,
              53.5487846
            ],
            [
              -2.0622303,
              53.5485382
            ],
            [
              -2.0622333,
              53.5485391
            ],
            [
              -2.0623538,
              53.5483781
            ],
            [
              -2.0624864,
              53.5482378
            ],
            [
              -2.0626235,
              53.5480993
            ],
            [
              -2.0629145,
              53.5478772
            ],
            [
              -2.0631617,
              53.5476631
            ],
            [
              -2.0634767,
              53.5474077
            ],
            [
              -2.063528,
              53.5473203
            ],
            [
              -2.0636394,
              53.5472134
            ],
            [
              -2.0639333,
              53.5469445
            ],
            [
              -2.0640646,
              53.5468254
            ],
            [
              -2.064176,
              53.5467296
            ],
            [
              -2.0643689,
              53.5465551
            ],
            [
              -2.064607,
              53.5463437
            ],
            [
              -2.0648089,
              53.5461081
            ],
            [
              -2.0649174,
              53.5460083
            ],
            [
              -2.065136,
              53.5458697
            ],
            [
              -2.0652732,
              53.5457843
            ],
            [
              -2.0654466,
              53.5456817
            ],
            [
              -2.0656276,
              53.5456016
            ],
            [
              -2.0662625,
              53.5453379
            ],
            [
              -2.0665295,
              53.5452442
            ],
            [
              -2.0668373,
              53.5451641
            ],
            [
              -2.066967,
              53.5451137
            ],
            [
              -2.0670891,
              53.5450597
            ],
            [
              -2.0673062,
              53.5449202
            ]
          ],
          [
            [
              -1.8182922,
              53.6724085
            ],
            [
              -1.8148282,
              53.6731222
            ],
            [
              -1.8122689,
              53.6736002
            ],
            [
              -1.808366,
              53.6746882
            ],
            [
              -1.8057899,
              53.6754847
            ],
            [
              -1.8026694,
              53.6760568
            ],
            [
              -1.7977565,
              53.6768858
            ],
            [
              -1.7958038,
              53.6772164
            ],
            [
              -1.7810153,
              53.6782323
            ]
          ],
          [
            [
              -1.8303886,
              53.6707334
            ],
            [
              -1.8305565,
              53.6707089
            ],
            [
              -1.8316039,
              53.6703658
            ]
          ],
          [
            [
              -1.8418294,
              53.6661984
            ],
            [
              -1.8411026,
              53.6664836
            ],
            [
              -1.8397186,
              53.6671065
            ],
            [
              -1.8390856,
              53.6673735
            ],
            [
              -1.8362612,
              53.6685972
            ],
            [
              -1.8355428,
              53.6689137
            ],
            [
              -1.8354712,
              53.6689395
            ]
          ],
          [
            [
              -1.0937466,
              53.954017
            ],
            [
              -1.0938626,
              53.9539337
            ],
            [
              -1.0939027,
              53.9539038
            ],
            [
              -1.093949,
              53.953872
            ],
            [
              -1.0941061,
              53.9537651
            ],
            [
              -1.0942106,
              53.9536882
            ],
            [
              -1.0942396,
              53.9536677
            ],
            [
              -1.0942576,
              53.9536549
            ],
            [
              -1.0943283,
              53.9536022
            ],
            [
              -1.0944373,
              53.9535273
            ],
            [
              -1.0948536,
              53.9532316
            ],
            [
              -1.094946,
              53.953166
            ],
            [
              -1.0950708,
              53.9530761
            ],
            [
              -1.0951934,
              53.9529894
            ],
            [
              -1.0952819,
              53.9529246
            ],
            [
              -1.0954155,
              53.952824
            ],
            [
              -1.095465,
              53.9527867
            ],
            [
              -1.0955147,
              53.9527514
            ],
            [
              -1.0955328,
              53.9527389
            ],
            [
              -1.0956891,
              53.9526307
            ],
            [
              -1.0958288,
              53.9525296
            ],
            [
              -1.0958683,
              53.9525006
            ],
            [
              -1.0960493,
              53.9523673
            ],
            [
              -1.0962297,
              53.9522354
            ],
            [
              -1.0962726,
              53.9522042
            ],
            [
              -1.0963203,
              53.9521697
            ],
            [
              -1.0964547,
              53.9520719
            ],
            [
              -1.0965584,
              53.951996
            ],
            [
              -1.0966165,
              53.9519498
            ],
            [
              -1.0966547,
              53.9519192
            ],
            [
              -1.0967036,
              53.9518817
            ],
            [
              -1.0970474,
              53.951612
            ],
            [
              -1.0971822,
              53.9515037
            ],
            [
              -1.0972431,
              53.9514583
            ],
            [
              -1.0973089,
              53.951405
            ],
            [
              -1.0973878,
              53.951343
            ],
            [
              -1.0974822,
              53.951261
            ],
            [
              -1.0978595,
              53.9509332
            ],
            [
              -1.0980429,
              53.9507623
            ],
            [
              -1.0984809,
              53.9503333
            ],
            [
              -1.0985732,
              53.950234
            ],
            [
              -1.0986536,
              53.950157
            ],
            [
              -1.0988103,
              53.9500003
            ],
            [
              -1.0989472,
              53.9498633
            ],
            [
              -1.0990837,
              53.9497244
            ],
            [
              -1.0991618,
              53.9496449
            ],
            [
              -1.0992409,
              53.9495717
            ],
            [
              -1.0995104,
              53.9493061
            ],
            [
              -1.0996341,
              53.9491778
            ],
            [
              -1.0997499,
              53.9490645
            ],
            [
              -1.0997694,
              53.9490449
            ],
            [
              -1.0999316,
              53.9488823
            ],
            [
              -1.1000814,
              53.9487221
            ],
            [
              -1.1001268,
              53.9486796
            ],
            [
              -1.1002451,
              53.9485558
            ],
            [
              -1.1002964,
              53.9484959
            ],
            [
              -1.1004886,
              53.9482636
            ],
            [
              -1.1006937,
              53.9479217
            ],
            [
              -1.1012219,
              53.9470012
            ],
            [
              -1.1013488,
              53.946828
            ],
            [
              -1.1014886,
              53.9466372
            ],
            [
              -1.1015973,
              53.9464916
            ],
            [
              -1.1016292,
              53.9464505
            ],
            [
              -1.1016523,
              53.9464166
            ],
            [
              -1.1017689,
              53.9462549
            ],
            [
              -1.1022511,
              53.945581
            ],
            [
              -1.1023187,
              53.9454946
            ],
            [
              -1.1024678,
              53.9453041
            ],
            [
              -1.1026301,
              53.9450966
            ],
            [
              -1.1030871,
              53.9445126
            ],
            [
              -1.1033856,
              53.9441392
            ],
            [
              -1.1035671,
              53.9439122
            ],
            [
              -1.1037564,
              53.9436754
            ],
            [
              -1.1040377,
              53.9433216
            ],
            [
              -1.1042655,
              53.9430303
            ],
            [
              -1.1049076,
              53.9422052
            ],
            [
              -1.1049834,
              53.9421081
            ],
            [
              -1.1050814,
              53.9419783
            ],
            [
              -1.1053004,
              53.9416882
            ],
            [
              -1.1054745,
              53.9414556
            ],
            [
              -1.1056754,
              53.9412067
            ],
            [
              -1.1057122,
              53.941157
            ],
            [
              -1.105753,
              53.9411021
            ],
            [
              -1.1057791,
              53.94107
            ],
            [
              -1.1058371,
              53.9409984
            ],
            [
              -1.1059208,
              53.9408953
            ],
            [
              -1.1060288,
              53.940771
            ],
            [
              -1.1060463,
              53.9407488
            ],
            [
              -1.1061965,
              53.9405787
            ],
            [
              -1.1062279,
              53.9405413
            ],
            [
              -1.1062432,
              53.9405264
            ],
            [
              -1.1063273,
              53.9404356
            ],
            [
              -1.1063817,
              53.940382
            ],
            [
              -1.1064246,
              53.9403307
            ],
            [
              -1.1064498,
              53.9403022
            ],
            [
              -1.1065134,
              53.9402307
            ],
            [
              -1.1065269,
              53.940216
            ],
            [
              -1.1065965,
              53.9401396
            ],
            [
              -1.1066245,
              53.9401112
            ],
            [
              -1.1066701,
              53.9400666
            ],
            [
              -1.1067968,
              53.939937
            ],
            [
              -1.1068817,
              53.9398536
            ],
            [
              -1.1072583,
              53.9394841
            ],
            [
              -1.107412,
              53.9393262
            ],
            [
              -1.1074867,
              53.9392494
            ],
            [
              -1.1076364,
              53.9390941
            ],
            [
              -1.1077588,
              53.9389641
            ],
            [
              -1.107841,
              53.9388744
            ],
            [
              -1.1078786,
              53.9388334
            ],
            [
              -1.1079207,
              53.9387867
            ],
            [
              -1.1081004,
              53.938584
            ],
            [
              -1.1082392,
              53.9384274
            ],
            [
              -1.1085497,
              53.9381123
            ],
            [
              -1.1088014,
              53.9378397
            ],
            [
              -1.1089453,
              53.9376838
            ],
            [
              -1.1090765,
              53.9375417
            ],
            [
              -1.1091013,
              53.9375149
            ],
            [
              -1.1092065,
              53.9374008
            ],
            [
              -1.1094309,
              53.9371578
            ],
            [
              -1.109492,
              53.9370822
            ],
            [
              -1.1096513,
              53.9368851
            ],
            [
              -1.1098948,
              53.936584
            ],
            [
              -1.1102939,
              53.9360757
            ],
            [
              -1.110613,
              53.9357157
            ],
            [
              -1.1107169,
              53.9355866
            ],
            [
              -1.1111165,
              53.9351137
            ],
            [
              -1.1114531,
              53.9347345
            ],
            [
              -1.1118778,
              53.9342237
            ],
            [
              -1.1121633,
              53.9339204
            ],
            [
              -1.1122028,
              53.9338774
            ],
            [
              -1.1122377,
              53.9338373
            ]
          ],
          [
            [
              -1.1126835,
              53.9334555
            ],
            [
              -1.1126545,
              53.9334102
            ],
            [
              -1.1126407,
              53.9333625
            ],
            [
              -1.1126428,
              53.9333141
            ],
            [
              -1.112663,
              53.9332625
            ],
            [
              -1.1127012,
              53.9332145
            ],
            [
              -1.1127556,
              53.9331723
            ],
            [
              -1.11281,
              53.9331436
            ],
            [
              -1.112872,
              53.9331207
            ],
            [
              -1.1129397,
              53.9331045
            ],
            [
              -1.1130161,
              53.9330522
            ],
            [
              -1.113041,
              53.9330122
            ],
            [
              -1.1130507,
              53.9329675
            ],
            [
              -1.1130596,
              53.9328952
            ],
            [
              -1.1130725,
              53.9328448
            ],
            [
              -1.1130812,
              53.932813
            ],
            [
              -1.1131067,
              53.932769
            ],
            [
              -1.1131476,
              53.9327181
            ],
            [
              -1.1132417,
              53.9326538
            ],
            [
              -1.1133041,
              53.9325734
            ],
            [
              -1.1135805,
              53.9322045
            ],
            [
              -1.1139674,
              53.9316957
            ],
            [
              -1.1141404,
              53.931444
            ],
            [
              -1.114287,
              53.9312245
            ],
            [
              -1.1144972,
              53.930887
            ],
            [
              -1.1145909,
              53.9307494
            ],
            [
              -1.1147089,
              53.930552
            ],
            [
              -1.1147368,
              53.9305021
            ],
            [
              -1.1147663,
              53.9304492
            ],
            [
              -1.1147952,
              53.9303979
            ],
            [
              -1.1148213,
              53.9303569
            ],
            [
              -1.1148736,
              53.9302791
            ],
            [
              -1.1150144,
              53.9300658
            ],
            [
              -1.1151136,
              53.9299248
            ],
            [
              -1.1153685,
              53.9296142
            ],
            [
              -1.1154972,
              53.9294649
            ],
            [
              -1.1158191,
              53.9291413
            ],
            [
              -1.1159693,
              53.9289836
            ],
            [
              -1.1161575,
              53.9287796
            ],
            [
              -1.1162866,
              53.9286418
            ],
            [
              -1.1164165,
              53.928496
            ],
            [
              -1.1165691,
              53.9284159
            ],
            [
              -1.1166791,
              53.9283136
            ],
            [
              -1.1168629,
              53.9281565
            ],
            [
              -1.1170025,
              53.9280279
            ],
            [
              -1.117213,
              53.9279337
            ],
            [
              -1.1176771,
              53.927568
            ],
            [
              -1.1178897,
              53.9274071
            ],
            [
              -1.1179756,
              53.9273504
            ],
            [
              -1.1182496,
              53.9271868
            ],
            [
              -1.11848,
              53.9270679
            ],
            [
              -1.1186219,
              53.9270005
            ],
            [
              -1.1188023,
              53.9269169
            ],
            [
              -1.1189908,
              53.9268339
            ],
            [
              -1.1190878,
              53.9267911
            ],
            [
              -1.1192479,
              53.9267111
            ],
            [
              -1.1202478,
              53.9262932
            ],
            [
              -1.1207903,
              53.9260622
            ],
            [
              -1.1212135,
              53.9258618
            ],
            [
              -1.1220042,
              53.9255046
            ],
            [
              -1.1223555,
              53.9253575
            ],
            [
              -1.1228378,
              53.9251634
            ],
            [
              -1.1234287,
              53.9249576
            ],
            [
              -1.1238924,
              53.9248211
            ]
          ],
          [
            [
              -1.1249591,
              53.9245526
            ],
            [
              -1.125772,
              53.9243337
            ],
            [
              -1.1258779,
              53.9243064
            ],
            [
              -1.126098,
              53.9242538
            ],
            [
              -1.1263347,
              53.9241843
            ],
            [
              -1.1264574,
              53.9241406
            ],
            [
              -1.1266089,
              53.9240894
            ],
            [
              -1.1266699,
              53.9240696
            ],
            [
              -1.1274704,
              53.9238012
            ],
            [
              -1.1280783,
              53.9236317
            ],
            [
              -1.1287872,
              53.9234341
            ],
            [
              -1.1296195,
              53.9232188
            ],
            [
              -1.1296535,
              53.92321
            ],
            [
              -1.1308201,
              53.9229129
            ],
            [
              -1.1314254,
              53.9227437
            ],
            [
              -1.1321528,
              53.9225329
            ],
            [
              -1.1335325,
              53.9221536
            ],
            [
              -1.1339302,
              53.9220313
            ],
            [
              -1.1362156,
              53.9213048
            ],
            [
              -1.137827,
              53.9207926
            ],
            [
              -1.13808,
              53.9206628
            ],
            [
              -1.1384324,
              53.9204821
            ],
            [
              -1.138808,
              53.9202685
            ],
            [
              -1.1389676,
              53.9201778
            ],
            [
              -1.1391249,
              53.9200883
            ],
            [
              -1.1400846,
              53.9195895
            ],
            [
              -1.1406939,
              53.9192537
            ],
            [
              -1.140885,
              53.9191546
            ],
            [
              -1.1411233,
              53.9190235
            ],
            [
              -1.1411471,
              53.9190117
            ],
            [
              -1.141429,
              53.9188718
            ],
            [
              -1.1420522,
              53.9185905
            ],
            [
              -1.1422933,
              53.9184922
            ],
            [
              -1.1424988,
              53.918422
            ],
            [
              -1.1447163,
              53.9178607
            ],
            [
              -1.1449596,
              53.9177892
            ],
            [
              -1.1461632,
              53.9173754
            ],
            [
              -1.1503647,
              53.9162392
            ],
            [
              -1.1517722,
              53.9158146
            ],
            [
              -1.1527433,
              53.9154639
            ],
            [
              -1.1537592,
              53.9150651
            ],
            [
              -1.1591499,
              53.9126912
            ],
            [
              -1.1607122,
              53.9120857
            ],
            [
              -1.1646387,
              53.9105476
            ],
            [
              -1.1650161,
              53.9103848
            ],
            [
              -1.1654372,
              53.9102056
            ],
            [
              -1.1670976,
              53.9096297
            ],
            [
              -1.1672083,
              53.9095412
            ]
          ],
          [
            [
              -2.7110091,
              53.2125548
            ],
            [
              -2.7120393,
              53.2123894
            ],
            [
              -2.7123797,
              53.2123348
            ],
            [
              -2.713922,
              53.2121533
            ],
            [
              -2.716175,
              53.2119107
            ],
            [
              -2.7182675,
              53.2116732
            ],
            [
              -2.7207243,
              53.2113558
            ],
            [
              -2.7258949,
              53.2105256
            ],
            [
              -2.7263596,
              53.210451
            ],
            [
              -2.7265545,
              53.2104577
            ],
            [
              -2.7270732,
              53.2103862
            ],
            [
              -2.7274659,
              53.2103077
            ],
            [
              -2.7276138,
              53.2102845
            ],
            [
              -2.7318592,
              53.2096024
            ],
            [
              -2.7321647,
              53.2095336
            ],
            [
              -2.7326454,
              53.2094252
            ],
            [
              -2.7332569,
              53.209316
            ],
            [
              -2.7338738,
              53.209226
            ],
            [
              -2.7348609,
              53.209136
            ],
            [
              -2.7352293,
              53.2091092
            ],
            [
              -2.7355963,
              53.2091297
            ],
            [
              -2.7357348,
              53.2091173
            ],
            [
              -2.7369174,
              53.2090118
            ],
            [
              -2.7375962,
              53.2089513
            ],
            [
              -2.7379241,
              53.2089185
            ],
            [
              -2.7393976,
              53.2087711
            ],
            [
              -2.7399813,
              53.2087047
            ],
            [
              -2.7414294,
              53.2085288
            ],
            [
              -2.7418947,
              53.2084588
            ],
            [
              -2.7428619,
              53.2082991
            ],
            [
              -2.7433127,
              53.2082145
            ],
            [
              -2.7438543,
              53.2081128
            ],
            [
              -2.7499916,
              53.2072605
            ],
            [
              -2.7542359,
              53.2066664
            ],
            [
              -2.757226,
              53.2062504
            ],
            [
              -2.761144,
              53.2056552
            ],
            [
              -2.7612171,
              53.2056978
            ],
            [
              -2.7700831,
              53.2042849
            ],
            [
              -2.7729286,
              53.2035099
            ],
            [
              -2.7748818,
              53.2031742
            ],
            [
              -2.7753409,
              53.2032354
            ],
            [
              -2.7771159,
              53.2028957
            ],
            [
              -2.7792513,
              53.2025721
            ],
            [
              -2.781303,
              53.202226
            ],
            [
              -2.7843958,
              53.2018105
            ],
            [
              -2.787125,
              53.201298
            ],
            [
              -2.7895654,
              53.2009427
            ],
            [
              -2.7896134,
              53.2009357
            ],
            [
              -2.7902659,
              53.2008412
            ],
            [
              -2.790298,
              53.2008353
            ],
            [
              -2.7906752,
              53.2008043
            ],
            [
              -2.790872,
              53.200734
            ],
            [
              -2.7958826,
              53.2000526
            ]
          ],
          [
            [
              -2.6896372,
              53.214985
            ],
            [
              -2.6881889,
              53.2147537
            ],
            [
              -2.6876739,
              53.2147087
            ],
            [
              -2.6869014,
              53.2147537
            ],
            [
              -2.6822987,
              53.2151006
            ],
            [
              -2.679477,
              53.2152677
            ],
            [
              -2.6765588,
              53.2155118
            ],
            [
              -2.6749066,
              53.2158073
            ],
            [
              -2.6733187,
              53.2158908
            ],
            [
              -2.6591148,
              53.2177071
            ],
            [
              -2.6576744,
              53.2177288
            ],
            [
              -2.6557304,
              53.2181887
            ],
            [
              -2.6546704,
              53.2186281
            ],
            [
              -2.6540996,
              53.2188825
            ],
            [
              -2.65337,
              53.2198846
            ],
            [
              -2.6525675,
              53.2202726
            ],
            [
              -2.630575,
              53.2257512
            ],
            [
              -2.6280369,
              53.2261436
            ],
            [
              -2.6247669,
              53.2264407
            ],
            [
              -2.6231295,
              53.2265895
            ],
            [
              -2.6223098,
              53.2266707
            ],
            [
              -2.621502,
              53.2267815
            ],
            [
              -2.6201109,
              53.226993
            ]
          ],
          [
            [
              -2.8497996,
              53.1943075
            ],
            [
              -2.8504329,
              53.194215
            ],
            [
              -2.8510188,
              53.1941191
            ],
            [
              -2.851235,
              53.1940861
            ],
            [
              -2.8516976,
              53.1940154
            ],
            [
              -2.852166,
              53.1939438
            ],
            [
              -2.852779,
              53.1938511
            ],
            [
              -2.8546228,
              53.1935601
            ],
            [
              -2.8552808,
              53.1934573
            ],
            [
              -2.8553655,
              53.1934451
            ],
            [
              -2.8559245,
              53.1933673
            ],
            [
              -2.8566765,
              53.1933061
            ],
            [
              -2.856753,
              53.1933014
            ],
            [
              -2.8568236,
              53.193297
            ],
            [
              -2.8571793,
              53.1932749
            ]
          ],
          [
            [
              -2.8172474,
              53.1980664
            ],
            [
              -2.817627,
              53.1980282
            ],
            [
              -2.8177864,
              53.1980124
            ],
            [
              -2.818511,
              53.1979377
            ],
            [
              -2.8186141,
              53.1979266
            ],
            [
              -2.8187737,
              53.1979094
            ],
            [
              -2.8197105,
              53.1978085
            ],
            [
              -2.8210985,
              53.1976619
            ],
            [
              -2.822293,
              53.1975125
            ],
            [
              -2.8230203,
              53.1974167
            ],
            [
              -2.8236694,
              53.1973229
            ],
            [
              -2.8246547,
              53.1971776
            ],
            [
              -2.8256071,
              53.1970389
            ],
            [
              -2.8263631,
              53.1969439
            ],
            [
              -2.8265874,
              53.1969157
            ],
            [
              -2.8275773,
              53.1968061
            ],
            [
              -2.8276645,
              53.1967963
            ],
            [
              -2.8285042,
              53.1967047
            ],
            [
              -2.8290952,
              53.1966423
            ],
            [
              -2.8293971,
              53.1966104
            ],
            [
              -2.830024,
              53.1965433
            ],
            [
              -2.831136,
              53.1964199
            ],
            [
              -2.8323085,
              53.1962957
            ],
            [
              -2.8330445,
              53.1962174
            ],
            [
              -2.8332511,
              53.1961984
            ],
            [
              -2.8338252,
              53.1961419
            ],
            [
              -2.8341466,
              53.1961072
            ],
            [
              -2.8373607,
              53.1957599
            ],
            [
              -2.8381624,
              53.1956802
            ],
            [
              -2.8384396,
              53.1956527
            ],
            [
              -2.8395198,
              53.1955453
            ],
            [
              -2.8398181,
              53.1955141
            ],
            [
              -2.8399488,
              53.1955019
            ],
            [
              -2.8406176,
              53.1954285
            ],
            [
              -2.8412694,
              53.1953658
            ],
            [
              -2.8426804,
              53.1952578
            ]
          ],
          [
            [
              -2.8084015,
              53.1988093
            ],
            [
              -2.8123712,
              53.1983336
            ],
            [
              -2.8214907,
              53.1973439
            ],
            [
              -2.8254818,
              53.1969325
            ],
            [
              -2.8338252,
              53.1961419
            ]
          ],
          [
            [
              -2.4150734,
              53.3197857
            ],
            [
              -2.4151163,
              53.3196963
            ],
            [
              -2.4151562,
              53.3195713
            ],
            [
              -2.415181,
              53.3194633
            ],
            [
              -2.4151918,
              53.319395
            ],
            [
              -2.4152212,
              53.3192945
            ],
            [
              -2.4153581,
              53.3189752
            ],
            [
              -2.4154697,
              53.3187145
            ],
            [
              -2.4155768,
              53.3184638
            ],
            [
              -2.4156653,
              53.3182613
            ],
            [
              -2.4158193,
              53.3179022
            ],
            [
              -2.4159025,
              53.3177114
            ],
            [
              -2.4159657,
              53.3175387
            ],
            [
              -2.4160038,
              53.3174054
            ],
            [
              -2.416044,
              53.3171643
            ],
            [
              -2.4160793,
              53.3169809
            ],
            [
              -2.4160949,
              53.3168923
            ],
            [
              -2.4161282,
              53.3167755
            ],
            [
              -2.4162361,
              53.3165052
            ],
            [
              -2.416387,
              53.3161394
            ],
            [
              -2.4164003,
              53.3161023
            ],
            [
              -2.4164882,
              53.3158663
            ],
            [
              -2.4165933,
              53.3156047
            ],
            [
              -2.4169163,
              53.3148897
            ],
            [
              -2.4170386,
              53.31458
            ],
            [
              -2.4173671,
              53.3138278
            ],
            [
              -2.4174066,
              53.3137372
            ],
            [
              -2.4174654,
              53.3135932
            ],
            [
              -2.4175266,
              53.3134385
            ]
          ],
          [
            [
              -1.752814,
              53.7436581
            ],
            [
              -1.7521702,
              53.7445337
            ],
            [
              -1.7518055,
              53.7452316
            ]
          ],
          [
            [
              -1.4049207,
              53.8639624
            ],
            [
              -1.4004661,
              53.8642509
            ],
            [
              -1.3994941,
              53.8641459
            ],
            [
              -1.3939018,
              53.8646117
            ],
            [
              -1.3883534,
              53.8640836
            ],
            [
              -1.386315,
              53.8638328
            ],
            [
              -1.3853727,
              53.8638174
            ],
            [
              -1.3780493,
              53.8639599
            ],
            [
              -1.3698905,
              53.8656927
            ],
            [
              -1.3617778,
              53.8664818
            ],
            [
              -1.350029,
              53.8698573
            ],
            [
              -1.3470821,
              53.8718585
            ],
            [
              -1.3451022,
              53.8723935
            ],
            [
              -1.340619,
              53.8734728
            ],
            [
              -1.3397037,
              53.873638
            ],
            [
              -1.3358079,
              53.8737021
            ],
            [
              -1.3095803,
              53.873033
            ],
            [
              -1.3028721,
              53.8735479
            ],
            [
              -1.2976499,
              53.8735517
            ],
            [
              -1.2879412,
              53.8735102
            ]
          ],
          [
            [
              -1.257561,
              53.887114
            ],
            [
              -1.2569764,
              53.8873297
            ],
            [
              -1.2567583,
              53.8874138
            ],
            [
              -1.2564936,
              53.8874782
            ],
            [
              -1.2560859,
              53.8875467
            ],
            [
              -1.2559096,
              53.8875713
            ],
            [
              -1.2552409,
              53.8876646
            ],
            [
              -1.2548184,
              53.8877456
            ],
            [
              -1.2546091,
              53.8877962
            ],
            [
              -1.254387,
              53.8878499
            ],
            [
              -1.2542762,
              53.887865
            ],
            [
              -1.254018,
              53.8879004
            ],
            [
              -1.253949,
              53.8879117
            ],
            [
              -1.2536484,
              53.8879595
            ],
            [
              -1.2531752,
              53.8880205
            ],
            [
              -1.2529871,
              53.8880448
            ],
            [
              -1.2519334,
              53.8882016
            ],
            [
              -1.2507103,
              53.888489
            ],
            [
              -1.2496664,
              53.8886002
            ],
            [
              -1.2489039,
              53.8887077
            ],
            [
              -1.2485897,
              53.8887699
            ],
            [
              -1.2484043,
              53.8888124
            ],
            [
              -1.2483519,
              53.8888257
            ],
            [
              -1.2481189,
              53.8888848
            ],
            [
              -1.2479622,
              53.8889311
            ],
            [
              -1.2476019,
              53.8890336
            ],
            [
              -1.2468864,
              53.8892605
            ],
            [
              -1.2456038,
              53.8896541
            ],
            [
              -1.2448896,
              53.889874
            ],
            [
              -1.2442651,
              53.8900581
            ],
            [
              -1.2437104,
              53.8901996
            ],
            [
              -1.2434191,
              53.8902695
            ],
            [
              -1.2433148,
              53.8902922
            ],
            [
              -1.2428058,
              53.8904043
            ]
          ],
          [
            [
              -1.2657621,
              53.8851187
            ],
            [
              -1.2661312,
              53.8849836
            ],
            [
              -1.2666463,
              53.8847875
            ],
            [
              -1.2673627,
              53.884523
            ],
            [
              -1.2677701,
              53.884391
            ],
            [
              -1.2679045,
              53.8843585
            ],
            [
              -1.2680712,
              53.8843653
            ],
            [
              -1.2681687,
              53.8842537
            ],
            [
              -1.2683362,
              53.8841818
            ],
            [
              -1.2685126,
              53.88412
            ],
            [
              -1.2690714,
              53.8839244
            ],
            [
              -1.2692972,
              53.8838453
            ],
            [
              -1.2697018,
              53.8836989
            ],
            [
              -1.2702624,
              53.8834959
            ],
            [
              -1.2703357,
              53.8834694
            ],
            [
              -1.2707451,
              53.8833226
            ],
            [
              -1.2713068,
              53.8831212
            ],
            [
              -1.2713993,
              53.88309
            ],
            [
              -1.2721017,
              53.8828475
            ],
            [
              -1.2724548,
              53.8827256
            ],
            [
              -1.2725355,
              53.8826977
            ],
            [
              -1.2737465,
              53.8822546
            ],
            [
              -1.2753643,
              53.8815983
            ],
            [
              -1.2755971,
              53.8815039
            ],
            [
              -1.2756723,
              53.8814688
            ],
            [
              -1.2757209,
              53.8814343
            ],
            [
              -1.2757452,
              53.8813648
            ]
          ],
          [
            [
              -1.2874946,
              53.8735363
            ],
            [
              -1.2872025,
              53.8736623
            ],
            [
              -1.2870392,
              53.8737536
            ],
            [
              -1.2867258,
              53.8739509
            ],
            [
              -1.2863046,
              53.8742731
            ],
            [
              -1.2861431,
              53.8743835
            ],
            [
              -1.2854097,
              53.8747807
            ],
            [
              -1.2850333,
              53.8750341
            ],
            [
              -1.2842853,
              53.8756468
            ],
            [
              -1.2838036,
              53.8760543
            ],
            [
              -1.2816142,
              53.8774566
            ]
          ],
          [
            [
              -1.7589946,
              53.7385653
            ],
            [
              -1.7590107,
              53.7397646
            ],
            [
              -1.7590035,
              53.7405673
            ],
            [
              -1.7589982,
              53.7412447
            ],
            [
              -1.7589526,
              53.7422123
            ],
            [
              -1.7588131,
              53.7433846
            ]
          ],
          [
            [
              -1.7554502,
              53.7216852
            ],
            [
              -1.7554073,
              53.7223201
            ],
            [
              -1.7554288,
              53.7236246
            ],
            [
              -1.7554232,
              53.7238611
            ],
            [
              -1.755431,
              53.7242166
            ],
            [
              -1.7553915,
              53.7251641
            ],
            [
              -1.7553429,
              53.7257734
            ],
            [
              -1.7553805,
              53.7264224
            ],
            [
              -1.7553917,
              53.7271286
            ],
            [
              -1.7554824,
              53.7286044
            ]
          ],
          [
            [
              -1.7719757,
              53.7026958
            ],
            [
              -1.7661392,
              53.7070652
            ],
            [
              -1.7623841,
              53.7102658
            ],
            [
              -1.7598735,
              53.7127041
            ],
            [
              -1.7580711,
              53.7157392
            ],
            [
              -1.7557537,
              53.7198279
            ]
          ],
          [
            [
              -1.8586633,
              53.6604524
            ],
            [
              -1.8584592,
              53.6605333
            ],
            [
              -1.8582486,
              53.6605977
            ],
            [
              -1.8580603,
              53.6606522
            ],
            [
              -1.8569258,
              53.6609755
            ],
            [
              -1.8555027,
              53.6614102
            ],
            [
              -1.854911,
              53.6615816
            ],
            [
              -1.8531865,
              53.6621594
            ],
            [
              -1.8518508,
              53.6625999
            ],
            [
              -1.8513374,
              53.6627663
            ],
            [
              -1.8500875,
              53.6631798
            ],
            [
              -1.8484258,
              53.6637497
            ],
            [
              -1.847065,
              53.664217
            ],
            [
              -1.8467851,
              53.6643179
            ],
            [
              -1.8455,
              53.6647561
            ],
            [
              -1.8452871,
              53.6648329
            ],
            [
              -1.844907,
              53.6649714
            ],
            [
              -1.8445949,
              53.6650851
            ],
            [
              -1.8442153,
              53.66524
            ],
            [
              -1.842556,
              53.6659223
            ],
            [
              -1.8420164,
              53.6661401
            ]
          ],
          [
            [
              -1.8658412,
              53.6575406
            ],
            [
              -1.8743084,
              53.6546697
            ]
          ],
          [
            [
              -1.8838295,
              53.6516127
            ],
            [
              -1.8824248,
              53.6523214
            ],
            [
              -1.8802405,
              53.6531525
            ],
            [
              -1.8780062,
              53.6538252
            ]
          ],
          [
            [
              -2.2177305,
              53.4852433
            ],
            [
              -2.2176908,
              53.4852641
            ],
            [
              -2.2176407,
              53.4852792
            ],
            [
              -2.2173623,
              53.4853632
            ],
            [
              -2.2169729,
              53.4854744
            ],
            [
              -2.216552,
              53.4855989
            ],
            [
              -2.2164248,
              53.4856359
            ],
            [
              -2.2163084,
              53.4856701
            ],
            [
              -2.2161204,
              53.4857252
            ],
            [
              -2.2159582,
              53.4857728
            ],
            [
              -2.2159335,
              53.4857801
            ],
            [
              -2.2157961,
              53.4858198
            ],
            [
              -2.2155322,
              53.4858963
            ],
            [
              -2.215509,
              53.4859033
            ],
            [
              -2.2147113,
              53.486137
            ],
            [
              -2.2145033,
              53.4862054
            ],
            [
              -2.2142663,
              53.4862903
            ],
            [
              -2.2138938,
              53.4864426
            ],
            [
              -2.2133757,
              53.4866523
            ],
            [
              -2.2131185,
              53.4867673
            ],
            [
              -2.2120775,
              53.4872016
            ],
            [
              -2.2118045,
              53.4873146
            ],
            [
              -2.2106846,
              53.4877838
            ],
            [
              -2.2104391,
              53.4878858
            ],
            [
              -2.2100664,
              53.4880424
            ],
            [
              -2.2099754,
              53.4880806
            ]
          ],
          [
            [
              -2.1995946,
              53.4911012
            ],
            [
              -2.1992469,
              53.4912097
            ],
            [
              -2.1986945,
              53.4913762
            ],
            [
              -2.1982492,
              53.4915197
            ],
            [
              -2.1978571,
              53.4916756
            ],
            [
              -2.1971132,
              53.4919934
            ],
            [
              -2.1962488,
              53.4923667
            ],
            [
              -2.194968,
              53.492902
            ],
            [
              -2.194779,
              53.4929829
            ],
            [
              -2.1946935,
              53.4930221
            ],
            [
              -2.1945597,
              53.4930813
            ],
            [
              -2.1938106,
              53.4933946
            ],
            [
              -2.1917382,
              53.4942932
            ],
            [
              -2.1908375,
              53.4946838
            ],
            [
              -2.1896335,
              53.4951922
            ],
            [
              -2.1883816,
              53.4956957
            ],
            [
              -2.1877594,
              53.495951
            ],
            [
              -2.1867616,
              53.4963914
            ],
            [
              -2.1866687,
              53.4964307
            ],
            [
              -2.1864173,
              53.4965368
            ],
            [
              -2.185648,
              53.4968617
            ],
            [
              -2.1844562,
              53.4974123
            ],
            [
              -2.1843096,
              53.4974714
            ],
            [
              -2.1842809,
              53.4974832
            ],
            [
              -2.1832281,
              53.4979427
            ],
            [
              -2.1827424,
              53.4981444
            ],
            [
              -2.1819162,
              53.4984552
            ],
            [
              -2.1817788,
              53.4985126
            ],
            [
              -2.1817113,
              53.4985365
            ],
            [
              -2.1812232,
              53.4987323
            ],
            [
              -2.1802935,
              53.4991121
            ],
            [
              -2.1798066,
              53.4992943
            ],
            [
              -2.17938,
              53.4994539
            ],
            [
              -2.1791808,
              53.4995285
            ],
            [
              -2.1784755,
              53.4997924
            ],
            [
              -2.1781281,
              53.4999447
            ],
            [
              -2.1783754,
              53.5001772
            ],
            [
              -2.1782525,
              53.5002327
            ],
            [
              -2.1777715,
              53.50045
            ],
            [
              -2.1776631,
              53.5004989
            ],
            [
              -2.1768477,
              53.5001313
            ],
            [
              -2.1764257,
              53.5003032
            ],
            [
              -2.1762211,
              53.5003865
            ],
            [
              -2.1757649,
              53.5006367
            ],
            [
              -2.1748651,
              53.5011262
            ],
            [
              -2.1743246,
              53.5014253
            ],
            [
              -2.1730822,
              53.5021205
            ],
            [
              -2.1726124,
              53.5023908
            ],
            [
              -2.1526592,
              53.5101293
            ]
          ],
          [
            [
              -2.0249833,
              53.5666566
            ],
            [
              -2.0242968,
              53.5660714
            ],
            [
              -2.0240633,
              53.5658468
            ],
            [
              -2.0239886,
              53.5655306
            ],
            [
              -2.0241256,
              53.5651923
            ],
            [
              -2.0244163,
              53.5648049
            ],
            [
              -2.0246228,
              53.5644508
            ],
            [
              -2.0253828,
              53.5638222
            ],
            [
              -2.0264584,
              53.5633402
            ],
            [
              -2.027393,
              53.5628105
            ],
            [
              -2.0284817,
              53.5622059
            ],
            [
              -2.0296684,
              53.5617764
            ],
            [
              -2.031164,
              53.561243
            ],
            [
              -2.0328148,
              53.5606984
            ],
            [
              -2.0337319,
              53.5605152
            ],
            [
              -2.0356682,
              53.5602251
            ]
          ],
          [
            [
              -2.0069965,
              53.5811208
            ],
            [
              -2.0098897,
              53.5786888
            ],
            [
              -2.0111897,
              53.5776227
            ],
            [
              -2.0112731,
              53.5775543
            ],
            [
              -2.0124496,
              53.5765895
            ],
            [
              -2.0144886,
              53.5752784
            ],
            [
              -2.0159165,
              53.5744604
            ],
            [
              -2.0180636,
              53.5730628
            ]
          ],
          [
            [
              -2.1000423,
              53.531406
            ],
            [
              -2.1005117,
              53.531068
            ],
            [
              -2.1010213,
              53.5308608
            ],
            [
              -2.1020593,
              53.530518
            ],
            [
              -2.1024187,
              53.5303299
            ],
            [
              -2.10261,
              53.5303538
            ],
            [
              -2.102649,
              53.5303325
            ],
            [
              -2.1033107,
              53.5300406
            ],
            [
              -2.1033554,
              53.530039
            ],
            [
              -2.1034145,
              53.5300448
            ],
            [
              -2.1034447,
              53.5300084
            ],
            [
              -2.1037056,
              53.5299017
            ],
            [
              -2.1039427,
              53.5298069
            ],
            [
              -2.1041036,
              53.5297396
            ],
            [
              -2.1043246,
              53.5296492
            ],
            [
              -2.104507,
              53.5295745
            ],
            [
              -2.1048802,
              53.5294254
            ],
            [
              -2.1051313,
              53.5293215
            ],
            [
              -2.1052524,
              53.5292729
            ],
            [
              -2.1055673,
              53.5291452
            ],
            [
              -2.106164,
              53.528892
            ],
            [
              -2.1065637,
              53.528728
            ],
            [
              -2.1073065,
              53.5284233
            ],
            [
              -2.1074181,
              53.5283788
            ],
            [
              -2.1083608,
              53.5280042
            ],
            [
              -2.1084775,
              53.5279622
            ],
            [
              -2.1088528,
              53.5278344
            ],
            [
              -2.1092091,
              53.5277109
            ],
            [
              -2.1094694,
              53.5276139
            ],
            [
              -2.1099008,
              53.5274306
            ],
            [
              -2.1099988,
              53.527389
            ],
            [
              -2.1101712,
              53.5273096
            ],
            [
              -2.1110124,
              53.5269304
            ],
            [
              -2.1111894,
              53.5268556
            ],
            [
              -2.1112351,
              53.5268363
            ],
            [
              -2.1113579,
              53.5268101
            ],
            [
              -2.111437,
              53.5267991
            ]
          ],
          [
            [
              -2.1511967,
              53.5107215
            ],
            [
              -2.1511564,
              53.5107923
            ],
            [
              -2.1511322,
              53.5108152
            ],
            [
              -2.1510975,
              53.5108354
            ],
            [
              -2.1507513,
              53.5109765
            ],
            [
              -2.1501504,
              53.5112155
            ],
            [
              -2.1500394,
              53.5112629
            ],
            [
              -2.1498676,
              53.5113368
            ],
            [
              -2.1495064,
              53.5114854
            ],
            [
              -2.1492382,
              53.5115944
            ],
            [
              -2.1490535,
              53.5116709
            ],
            [
              -2.1490165,
              53.511686
            ],
            [
              -2.1489616,
              53.5117025
            ],
            [
              -2.1488704,
              53.5117377
            ],
            [
              -2.1482599,
              53.5119922
            ],
            [
              -2.1480685,
              53.5120727
            ],
            [
              -2.1471036,
              53.5124648
            ],
            [
              -2.1470756,
              53.5124762
            ],
            [
              -2.1458091,
              53.5129899
            ],
            [
              -2.1449664,
              53.5133361
            ],
            [
              -2.1448505,
              53.5133837
            ],
            [
              -2.1446595,
              53.5134541
            ],
            [
              -2.1443895,
              53.5135572
            ],
            [
              -2.1432048,
              53.5140367
            ],
            [
              -2.1431489,
              53.5140537
            ],
            [
              -2.1430771,
              53.5140664
            ],
            [
              -2.1425551,
              53.5142839
            ],
            [
              -2.1418547,
              53.5146159
            ],
            [
              -2.1416625,
              53.5146999
            ],
            [
              -2.141221,
              53.5148537
            ],
            [
              -2.1407858,
              53.5149714
            ],
            [
              -2.1402598,
              53.5151578
            ],
            [
              -2.1398516,
              53.5153088
            ],
            [
              -2.1385733,
              53.5157816
            ],
            [
              -2.1383157,
              53.5158769
            ],
            [
              -2.1375812,
              53.5161419
            ],
            [
              -2.1371571,
              53.5162988
            ],
            [
              -2.1369837,
              53.5163646
            ],
            [
              -2.1366509,
              53.5164891
            ],
            [
              -2.1364554,
              53.5165617
            ],
            [
              -2.1358713,
              53.5167792
            ],
            [
              -2.1357168,
              53.5168587
            ],
            [
              -2.1355639,
              53.5169367
            ],
            [
              -2.1352839,
              53.5170795
            ],
            [
              -2.1348549,
              53.5172965
            ],
            [
              -2.1345619,
              53.5174493
            ],
            [
              -2.1342435,
              53.5176084
            ],
            [
              -2.1337618,
              53.5178492
            ],
            [
              -2.1336683,
              53.5178836
            ],
            [
              -2.1332113,
              53.5179912
            ],
            [
              -2.1330901,
              53.5180211
            ],
            [
              -2.1326802,
              53.5181191
            ],
            [
              -2.1323094,
              53.5182109
            ],
            [
              -2.1322707,
              53.5182205
            ],
            [
              -2.1322372,
              53.518231
            ]
          ],
          [
            [
              -1.9998386,
              53.5841445
            ],
            [
              -1.999161,
              53.5845026
            ],
            [
              -1.9987666,
              53.584773
            ],
            [
              -1.9982469,
              53.5850664
            ],
            [
              -1.9901325,
              53.5877764
            ],
            [
              -1.9883589,
              53.5884712
            ],
            [
              -1.9878375,
              53.588547
            ],
            [
              -1.9871689,
              53.5885594
            ],
            [
              -1.9801228,
              53.5879476
            ],
            [
              -1.9777229,
              53.5878656
            ],
            [
              -1.9751789,
              53.5877732
            ],
            [
              -1.9730076,
              53.5876072
            ],
            [
              -1.9698874,
              53.5875555
            ],
            [
              -1.9653068,
              53.5875236
            ],
            [
              -1.9626466,
              53.5873467
            ],
            [
              -1.9598817,
              53.587331
            ]
          ],
          [
            [
              -2.0067541,
              53.581137
            ],
            [
              -2.0066211,
              53.5812379
            ],
            [
              -2.006675,
              53.5813996
            ],
            [
              -2.0066513,
              53.5814236
            ],
            [
              -2.0060189,
              53.5817065
            ],
            [
              -2.0051284,
              53.5821177
            ],
            [
              -2.0044035,
              53.5824498
            ],
            [
              -2.004153,
              53.5825559
            ],
            [
              -2.0040257,
              53.5826098
            ],
            [
              -2.0039321,
              53.5826494
            ],
            [
              -2.003116,
              53.5829774
            ],
            [
              -2.0023742,
              53.5833004
            ],
            [
              -2.001989,
              53.5834659
            ],
            [
              -2.0015547,
              53.5836103
            ],
            [
              -2.0015189,
              53.5836544
            ]
          ],
          [
            [
              -2.2454353,
              53.4846276
            ],
            [
              -2.245491,
              53.4845475
            ],
            [
              -2.2455203,
              53.4845055
            ],
            [
              -2.245541,
              53.4844757
            ],
            [
              -2.2455481,
              53.4844655
            ],
            [
              -2.2456603,
              53.4843042
            ],
            [
              -2.2459165,
              53.4839359
            ],
            [
              -2.246162,
              53.483583
            ],
            [
              -2.2462608,
              53.4834512
            ],
            [
              -2.2463349,
              53.4833354
            ],
            [
              -2.2465395,
              53.4830157
            ],
            [
              -2.246653,
              53.4828475
            ],
            [
              -2.2467887,
              53.4826562
            ],
            [
              -2.2470884,
              53.4822062
            ],
            [
              -2.2471327,
              53.4821396
            ],
            [
              -2.2472045,
              53.4820318
            ],
            [
              -2.2472609,
              53.4819435
            ],
            [
              -2.2472722,
              53.4819258
            ],
            [
              -2.2472926,
              53.4818937
            ],
            [
              -2.2475562,
              53.4814808
            ],
            [
              -2.2476337,
              53.481386
            ],
            [
              -2.2476724,
              53.4813262
            ],
            [
              -2.247691,
              53.481298
            ],
            [
              -2.2477124,
              53.4812656
            ],
            [
              -2.2478132,
              53.481113
            ],
            [
              -2.2478992,
              53.4809838
            ],
            [
              -2.2479223,
              53.4809491
            ],
            [
              -2.2479417,
              53.4809201
            ],
            [
              -2.2480036,
              53.4808291
            ],
            [
              -2.2480687,
              53.4807349
            ],
            [
              -2.2480768,
              53.4807223
            ],
            [
              -2.2482795,
              53.4804253
            ],
            [
              -2.2483992,
              53.4802544
            ],
            [
              -2.248417,
              53.480227
            ],
            [
              -2.248434,
              53.4802004
            ],
            [
              -2.2485176,
              53.4800691
            ],
            [
              -2.248548,
              53.4800254
            ],
            [
              -2.2486758,
              53.4798299
            ],
            [
              -2.2487232,
              53.4797467
            ],
            [
              -2.2489111,
              53.4794402
            ],
            [
              -2.2489277,
              53.4794125
            ],
            [
              -2.2490972,
              53.479131
            ],
            [
              -2.2492391,
              53.4788819
            ],
            [
              -2.2493711,
              53.4786397
            ],
            [
              -2.2494664,
              53.4784734
            ],
            [
              -2.2494855,
              53.4784435
            ],
            [
              -2.2494927,
              53.4784322
            ],
            [
              -2.2495052,
              53.4784127
            ],
            [
              -2.2495709,
              53.4783098
            ],
            [
              -2.2496131,
              53.47823
            ],
            [
              -2.2496332,
              53.478195
            ],
            [
              -2.2496537,
              53.4781574
            ],
            [
              -2.2496715,
              53.4781269
            ],
            [
              -2.2500473,
              53.4774825
            ],
            [
              -2.2502873,
              53.4770864
            ],
            [
              -2.2508033,
              53.4762142
            ],
            [
              -2.25083,
              53.4761691
            ],
            [
              -2.2508815,
              53.4760827
            ],
            [
              -2.2509481,
              53.475971
            ],
            [
              -2.2509606,
              53.4759501
            ],
            [
              -2.2509693,
              53.4759355
            ],
            [
              -2.2509815,
              53.4759156
            ],
            [
              -2.2510416,
              53.4758179
            ]
          ],
          [
            [
              -2.2511074,
              53.4757085
            ],
            [
              -2.2511691,
              53.47561
            ],
            [
              -2.2511988,
              53.4755653
            ],
            [
              -2.2512187,
              53.4755317
            ],
            [
              -2.251233,
              53.4755045
            ],
            [
              -2.2513776,
              53.475254
            ],
            [
              -2.2515071,
              53.4750258
            ],
            [
              -2.2515317,
              53.4749796
            ],
            [
              -2.2516525,
              53.4747524
            ]
          ],
          [
            [
              -2.2659918,
              53.4695727
            ],
            [
              -2.2657319,
              53.4696445
            ],
            [
              -2.2655121,
              53.4697104
            ],
            [
              -2.2653246,
              53.4697308
            ],
            [
              -2.265312,
              53.4697344
            ],
            [
              -2.2651294,
              53.4697865
            ],
            [
              -2.2650364,
              53.4698149
            ],
            [
              -2.2644189,
              53.4700052
            ],
            [
              -2.2639958,
              53.4701313
            ],
            [
              -2.2637505,
              53.4702044
            ],
            [
              -2.262824,
              53.4704877
            ],
            [
              -2.2622219,
              53.4706787
            ],
            [
              -2.2616036,
              53.4708864
            ],
            [
              -2.2610272,
              53.4710724
            ],
            [
              -2.2608943,
              53.4711118
            ],
            [
              -2.2607644,
              53.4711503
            ],
            [
              -2.2605349,
              53.4712183
            ],
            [
              -2.2604525,
              53.4712421
            ],
            [
              -2.2601067,
              53.4713822
            ],
            [
              -2.2595654,
              53.471549
            ],
            [
              -2.2588671,
              53.4717602
            ],
            [
              -2.2585273,
              53.4718702
            ],
            [
              -2.2584611,
              53.4718954
            ],
            [
              -2.2583959,
              53.4719202
            ],
            [
              -2.2583606,
              53.4719334
            ],
            [
              -2.2582464,
              53.4719648
            ],
            [
              -2.2576485,
              53.4721608
            ],
            [
              -2.2571732,
              53.4723046
            ],
            [
              -2.2569558,
              53.4723637
            ],
            [
              -2.2568166,
              53.4724073
            ],
            [
              -2.2567643,
              53.4724223
            ],
            [
              -2.2567294,
              53.4724324
            ],
            [
              -2.2564916,
              53.472511
            ],
            [
              -2.2562891,
              53.4725704
            ],
            [
              -2.2551317,
              53.4729102
            ],
            [
              -2.2543294,
              53.4731449
            ],
            [
              -2.2542246,
              53.4731774
            ],
            [
              -2.2539884,
              53.4732064
            ]
          ],
          [
            [
              -2.2706957,
              53.4672209
            ],
            [
              -2.2698962,
              53.4677968
            ],
            [
              -2.269319,
              53.4682149
            ],
            [
              -2.2690239,
              53.4684029
            ],
            [
              -2.2686695,
              53.4686149
            ],
            [
              -2.2679862,
              53.4689311
            ],
            [
              -2.2675418,
              53.4690982
            ],
            [
              -2.2670016,
              53.4692658
            ],
            [
              -2.2667053,
              53.4693575
            ],
            [
              -2.2666519,
              53.4693736
            ],
            [
              -2.2665153,
              53.4694164
            ],
            [
              -2.2663947,
              53.4694536
            ]
          ],
          [
            [
              -2.3012907,
              53.4515236
            ],
            [
              -2.3012238,
              53.4515999
            ],
            [
              -2.3010255,
              53.4518258
            ],
            [
              -2.3009847,
              53.4518748
            ],
            [
              -2.3008588,
              53.4520174
            ],
            [
              -2.300696,
              53.4521826
            ],
            [
              -2.3005411,
              53.4523211
            ],
            [
              -2.3004943,
              53.4523616
            ],
            [
              -2.300416,
              53.4524397
            ],
            [
              -2.3003437,
              53.4525194
            ],
            [
              -2.3002221,
              53.4526657
            ],
            [
              -2.300135,
              53.4527739
            ],
            [
              -2.299796,
              53.4531337
            ],
            [
              -2.299764,
              53.4531661
            ],
            [
              -2.2997355,
              53.4531949
            ],
            [
              -2.299719,
              53.4532074
            ],
            [
              -2.299598,
              53.4532678
            ],
            [
              -2.2995168,
              53.4533591
            ],
            [
              -2.2994275,
              53.4534594
            ],
            [
              -2.2987956,
              53.4541105
            ],
            [
              -2.298637,
              53.4542599
            ],
            [
              -2.2985101,
              53.4543815
            ],
            [
              -2.2983527,
              53.4545452
            ],
            [
              -2.298188,
              53.454717
            ],
            [
              -2.2977944,
              53.455126
            ],
            [
              -2.297672,
              53.4552455
            ],
            [
              -2.2972576,
              53.4556673
            ],
            [
              -2.2968343,
              53.4560924
            ],
            [
              -2.2966241,
              53.4562982
            ],
            [
              -2.2963617,
              53.4565551
            ],
            [
              -2.2960487,
              53.4568764
            ],
            [
              -2.2959575,
              53.4569681
            ],
            [
              -2.2957288,
              53.4572038
            ],
            [
              -2.2956018,
              53.4573347
            ],
            [
              -2.2952966,
              53.4575871
            ],
            [
              -2.295119,
              53.4577137
            ],
            [
              -2.2950175,
              53.4577785
            ],
            [
              -2.2949655,
              53.4578116
            ],
            [
              -2.2944117,
              53.4580909
            ],
            [
              -2.2943538,
              53.4581201
            ],
            [
              -2.2943167,
              53.458138
            ],
            [
              -2.2941907,
              53.4581986
            ],
            [
              -2.2940903,
              53.4582468
            ],
            [
              -2.2938095,
              53.4584004
            ],
            [
              -2.2937723,
              53.458419
            ],
            [
              -2.2937121,
              53.4584493
            ],
            [
              -2.2927582,
              53.4589208
            ],
            [
              -2.2927103,
              53.4589455
            ],
            [
              -2.2925825,
              53.4590068
            ],
            [
              -2.2925484,
              53.4590926
            ],
            [
              -2.2924586,
              53.459142
            ],
            [
              -2.2924007,
              53.4591708
            ],
            [
              -2.2923687,
              53.4591858
            ],
            [
              -2.2921757,
              53.4592871
            ],
            [
              -2.2921042,
              53.4593237
            ],
            [
              -2.2918162,
              53.4594759
            ],
            [
              -2.2916955,
              53.4594876
            ],
            [
              -2.2914966,
              53.4595953
            ],
            [
              -2.2912496,
              53.459725
            ],
            [
              -2.2903578,
              53.4601837
            ],
            [
              -2.2900387,
              53.4603402
            ],
            [
              -2.2899866,
              53.4604229
            ],
            [
              -2.2896133,
              53.4606281
            ],
            [
              -2.2893128,
              53.4607745
            ],
            [
              -2.2889827,
              53.4609245
            ],
            [
              -2.2887741,
              53.4610091
            ],
            [
              -2.2883132,
              53.4611912
            ],
            [
              -2.288254,
              53.4612139
            ],
            [
              -2.288055,
              53.4612924
            ],
            [
              -2.287909,
              53.4613375
            ],
            [
              -2.287744,
              53.4613846
            ],
            [
              -2.2874903,
              53.461457
            ],
            [
              -2.2869574,
              53.4616213
            ],
            [
              -2.2866183,
              53.4617449
            ],
            [
              -2.2858937,
              53.4620624
            ],
            [
              -2.2858438,
              53.4620843
            ],
            [
              -2.2855917,
              53.4622033
            ],
            [
              -2.2853318,
              53.462322
            ],
            [
              -2.285159,
              53.4624051
            ],
            [
              -2.2843621,
              53.4627665
            ],
            [
              -2.2839489,
              53.4629387
            ],
            [
              -2.2838836,
              53.4629657
            ],
            [
              -2.2838426,
              53.4629819
            ],
            [
              -2.2836935,
              53.4630482
            ],
            [
              -2.2835783,
              53.463091
            ],
            [
              -2.2831565,
              53.4632434
            ],
            [
              -2.282602,
              53.4634157
            ],
            [
              -2.2825356,
              53.4634364
            ],
            [
              -2.2823817,
              53.4634821
            ],
            [
              -2.2822342,
              53.4635242
            ],
            [
              -2.2821452,
              53.4635463
            ],
            [
              -2.2820261,
              53.4635752
            ],
            [
              -2.2816152,
              53.463685
            ],
            [
              -2.2814684,
              53.4637221
            ],
            [
              -2.2800165,
              53.4640687
            ],
            [
              -2.2791882,
              53.4642607
            ],
            [
              -2.2787867,
              53.4643453
            ],
            [
              -2.2783589,
              53.4644396
            ],
            [
              -2.2774529,
              53.4646668
            ],
            [
              -2.2771227,
              53.4647504
            ],
            [
              -2.2767899,
              53.4648372
            ],
            [
              -2.2762237,
              53.4649902
            ],
            [
              -2.2756982,
              53.465139
            ],
            [
              -2.2751756,
              53.4652914
            ],
            [
              -2.274669,
              53.4654502
            ],
            [
              -2.2736119,
              53.4658091
            ],
            [
              -2.2726404,
              53.4661864
            ],
            [
              -2.2717612,
              53.4665915
            ],
            [
              -2.2713221,
              53.4668253
            ],
            [
              -2.2709602,
              53.4670433
            ]
          ],
          [
            [
              -2.2916955,
              53.4594876
            ],
            [
              -2.2917035,
              53.4594184
            ],
            [
              -2.2917975,
              53.4593641
            ],
            [
              -2.2918444,
              53.459337
            ],
            [
              -2.2919975,
              53.459251
            ],
            [
              -2.2920786,
              53.4592038
            ],
            [
              -2.2921776,
              53.4591484
            ],
            [
              -2.2922852,
              53.4590925
            ],
            [
              -2.2924331,
              53.4590224
            ],
            [
              -2.2925825,
              53.4590068
            ]
          ],
          [
            [
              -2.3070501,
              53.4460996
            ],
            [
              -2.3068628,
              53.4462616
            ],
            [
              -2.3065898,
              53.4464943
            ],
            [
              -2.306021,
              53.4469654
            ],
            [
              -2.3057857,
              53.4471633
            ],
            [
              -2.3056262,
              53.4473029
            ],
            [
              -2.3051755,
              53.447695
            ],
            [
              -2.3048873,
              53.4479457
            ],
            [
              -2.3036135,
              53.4491534
            ],
            [
              -2.3031876,
              53.4495401
            ],
            [
              -2.3030051,
              53.4497161
            ],
            [
              -2.3026871,
              53.4500208
            ],
            [
              -2.3022196,
              53.4505076
            ],
            [
              -2.3021748,
              53.4505542
            ],
            [
              -2.3021532,
              53.4505767
            ],
            [
              -2.3020088,
              53.4507505
            ],
            [
              -2.3018215,
              53.4509419
            ],
            [
              -2.3016461,
              53.4511214
            ],
            [
              -2.301552,
              53.451229
            ]
          ],
          [
            [
              -2.3105948,
              53.4429976
            ],
            [
              -2.3100303,
              53.4435035
            ],
            [
              -2.3099195,
              53.4436084
            ],
            [
              -2.3097779,
              53.4437424
            ],
            [
              -2.3096202,
              53.4438917
            ],
            [
              -2.3093468,
              53.4441474
            ],
            [
              -2.3089406,
              53.4444893
            ],
            [
              -2.3087497,
              53.4446424
            ],
            [
              -2.3084403,
              53.444885
            ],
            [
              -2.3082793,
              53.4450209
            ],
            [
              -2.3078387,
              53.445392
            ],
            [
              -2.3075437,
              53.4456729
            ],
            [
              -2.3074278,
              53.4457795
            ]
          ],
          [
            [
              -2.3136611,
              53.438952
            ],
            [
              -2.3134329,
              53.4392116
            ],
            [
              -2.3132893,
              53.4393903
            ],
            [
              -2.3131586,
              53.4395678
            ],
            [
              -2.3130209,
              53.4397937
            ]
          ],
          [
            [
              -2.3454787,
              53.4079182
            ],
            [
              -2.3454683,
              53.4079308
            ],
            [
              -2.3453422,
              53.4080264
            ],
            [
              -2.3451829,
              53.4081742
            ],
            [
              -2.3450317,
              53.4082995
            ],
            [
              -2.3448378,
              53.4084578
            ],
            [
              -2.3447769,
              53.4085069
            ],
            [
              -2.344729,
              53.4085448
            ],
            [
              -2.3446357,
              53.4086203
            ],
            [
              -2.3428639,
              53.4100709
            ],
            [
              -2.3422012,
              53.4106363
            ],
            [
              -2.3411702,
              53.4114904
            ],
            [
              -2.3403075,
              53.4122068
            ],
            [
              -2.3397167,
              53.4126961
            ],
            [
              -2.339547,
              53.4128459
            ],
            [
              -2.3393096,
              53.4130556
            ],
            [
              -2.3392547,
              53.4131061
            ],
            [
              -2.3387704,
              53.4135317
            ],
            [
              -2.3385627,
              53.4137142
            ],
            [
              -2.3384787,
              53.413788
            ],
            [
              -2.338287,
              53.4139719
            ],
            [
              -2.3380568,
              53.4141941
            ],
            [
              -2.3377798,
              53.4144442
            ],
            [
              -2.3372636,
              53.4149144
            ],
            [
              -2.337152,
              53.4150138
            ],
            [
              -2.3370148,
              53.4151362
            ],
            [
              -2.336385,
              53.415698
            ],
            [
              -2.3360808,
              53.4159695
            ],
            [
              -2.3358668,
              53.4161568
            ],
            [
              -2.3357265,
              53.4162797
            ],
            [
              -2.3356407,
              53.4163534
            ],
            [
              -2.3350093,
              53.4168953
            ],
            [
              -2.3348348,
              53.4170451
            ],
            [
              -2.3338433,
              53.4178993
            ],
            [
              -2.333044,
              53.418618
            ],
            [
              -2.333026,
              53.4186342
            ],
            [
              -2.3327214,
              53.4188984
            ],
            [
              -2.3326241,
              53.4189849
            ],
            [
              -2.3325402,
              53.4190595
            ],
            [
              -2.3323627,
              53.4192172
            ],
            [
              -2.3321532,
              53.4194034
            ],
            [
              -2.3321415,
              53.419416
            ],
            [
              -2.3321038,
              53.4194478
            ],
            [
              -2.3320581,
              53.4194872
            ],
            [
              -2.3318732,
              53.4196422
            ],
            [
              -2.3317462,
              53.4197645
            ],
            [
              -2.3317229,
              53.419787
            ],
            [
              -2.33169,
              53.4198187
            ],
            [
              -2.3312032,
              53.4202486
            ],
            [
              -2.3308003,
              53.4206053
            ],
            [
              -2.3305874,
              53.4208028
            ],
            [
              -2.3304637,
              53.4209175
            ],
            [
              -2.3304143,
              53.4209633
            ],
            [
              -2.3300842,
              53.4212662
            ],
            [
              -2.3299179,
              53.4214188
            ],
            [
              -2.3293442,
              53.4219361
            ],
            [
              -2.3291306,
              53.4221192
            ],
            [
              -2.3286002,
              53.4225962
            ],
            [
              -2.32846,
              53.4227271
            ],
            [
              -2.3283293,
              53.4228455
            ],
            [
              -2.3280439,
              53.423102
            ],
            [
              -2.3276779,
              53.4234313
            ],
            [
              -2.3273644,
              53.4237037
            ],
            [
              -2.3272848,
              53.4237767
            ],
            [
              -2.3270203,
              53.4240191
            ],
            [
              -2.3266886,
              53.4243205
            ],
            [
              -2.3265812,
              53.4244185
            ],
            [
              -2.326508,
              53.4244855
            ],
            [
              -2.3264425,
              53.4245434
            ],
            [
              -2.3264122,
              53.4245703
            ],
            [
              -2.3262296,
              53.4247334
            ],
            [
              -2.3261873,
              53.4247717
            ],
            [
              -2.3259374,
              53.4250027
            ],
            [
              -2.3256255,
              53.425291
            ],
            [
              -2.3253874,
              53.4255031
            ],
            [
              -2.3253579,
              53.4255294
            ],
            [
              -2.3252185,
              53.4256539
            ],
            [
              -2.3250789,
              53.4257871
            ],
            [
              -2.3250532,
              53.4258116
            ],
            [
              -2.3247849,
              53.4260681
            ],
            [
              -2.3244667,
              53.4263485
            ],
            [
              -2.3243703,
              53.4264298
            ],
            [
              -2.3241384,
              53.4266463
            ],
            [
              -2.3238454,
              53.4269121
            ],
            [
              -2.3234753,
              53.4272478
            ],
            [
              -2.3233248,
              53.4273749
            ],
            [
              -2.3229491,
              53.4276921
            ],
            [
              -2.3227745,
              53.4278263
            ],
            [
              -2.3223892,
              53.4281227
            ],
            [
              -2.3223154,
              53.4281851
            ],
            [
              -2.3220772,
              53.4283865
            ],
            [
              -2.3219772,
              53.4284766
            ],
            [
              -2.3215291,
              53.4288806
            ],
            [
              -2.3213128,
              53.4290736
            ],
            [
              -2.3210971,
              53.4292621
            ],
            [
              -2.3206688,
              53.4296225
            ],
            [
              -2.320367,
              53.4299055
            ],
            [
              -2.3202879,
              53.4299761
            ],
            [
              -2.3198045,
              53.4304143
            ],
            [
              -2.3196663,
              53.4305313
            ],
            [
              -2.3191302,
              53.4310167
            ],
            [
              -2.3190883,
              53.431057
            ],
            [
              -2.3189806,
              53.4311522
            ],
            [
              -2.318895,
              53.4313006
            ],
            [
              -2.3186095,
              53.4315725
            ],
            [
              -2.31826,
              53.4319084
            ],
            [
              -2.3181208,
              53.4320422
            ],
            [
              -2.3173339,
              53.4328725
            ],
            [
              -2.3172992,
              53.4329094
            ],
            [
              -2.3167793,
              53.4335432
            ],
            [
              -2.3166761,
              53.4336825
            ],
            [
              -2.316511,
              53.4339065
            ],
            [
              -2.3164926,
              53.4339321
            ],
            [
              -2.3164684,
              53.4339702
            ],
            [
              -2.3163488,
              53.43416
            ],
            [
              -2.3163067,
              53.4342415
            ],
            [
              -2.3162819,
              53.434303
            ],
            [
              -2.316266,
              53.4343658
            ],
            [
              -2.316258,
              53.4344251
            ],
            [
              -2.3162574,
              53.4344794
            ],
            [
              -2.3162607,
              53.4345349
            ],
            [
              -2.31629,
              53.4347641
            ],
            [
              -2.3162901,
              53.4348182
            ],
            [
              -2.3162842,
              53.4348722
            ],
            [
              -2.3162738,
              53.4349397
            ],
            [
              -2.316265,
              53.4349747
            ],
            [
              -2.3162227,
              53.4351334
            ],
            [
              -2.3161458,
              53.4354219
            ],
            [
              -2.3160678,
              53.4356436
            ],
            [
              -2.3159891,
              53.4358626
            ],
            [
              -2.3159428,
              53.435977
            ],
            [
              -2.3157504,
              53.4364088
            ],
            [
              -2.3157358,
              53.4364415
            ],
            [
              -2.3156155,
              53.4366829
            ]
          ],
          [
            [
              -2.3499917,
              53.4038964
            ],
            [
              -2.3499461,
              53.4039418
            ],
            [
              -2.3497544,
              53.4041322
            ],
            [
              -2.3496068,
              53.4042789
            ],
            [
              -2.3492794,
              53.4046043
            ],
            [
              -2.3492172,
              53.4046545
            ],
            [
              -2.3489131,
              53.4049
            ],
            [
              -2.3486651,
              53.405092
            ],
            [
              -2.3485309,
              53.4051958
            ],
            [
              -2.3484395,
              53.4052666
            ],
            [
              -2.3480981,
              53.405572
            ],
            [
              -2.3479994,
              53.4056595
            ],
            [
              -2.3474935,
              53.4061499
            ],
            [
              -2.3469069,
              53.4066334
            ],
            [
              -2.3466025,
              53.4069075
            ],
            [
              -2.3463709,
              53.4071171
            ],
            [
              -2.3461545,
              53.407311
            ],
            [
              -2.3461027,
              53.4073575
            ],
            [
              -2.3459372,
              53.407506
            ],
            [
              -2.3455787,
              53.4078352
            ]
          ],
          [
            [
              -2.3917797,
              53.3637743
            ],
            [
              -2.3915123,
              53.3640602
            ],
            [
              -2.3913216,
              53.3642518
            ],
            [
              -2.390651,
              53.3649259
            ],
            [
              -2.3901145,
              53.3655618
            ],
            [
              -2.3898012,
              53.365974
            ],
            [
              -2.3895534,
              53.3662738
            ],
            [
              -2.3887953,
              53.3672089
            ],
            [
              -2.3881375,
              53.3678434
            ],
            [
              -2.3876649,
              53.3682649
            ],
            [
              -2.3875898,
              53.3684186
            ],
            [
              -2.3876449,
              53.3685588
            ],
            [
              -2.3877279,
              53.3686493
            ],
            [
              -2.3877615,
              53.3686778
            ],
            [
              -2.3879707,
              53.3687355
            ],
            [
              -2.388947,
              53.3688603
            ],
            [
              -2.3892099,
              53.3688571
            ],
            [
              -2.3894781,
              53.3688091
            ],
            [
              -2.3897504,
              53.3687423
            ],
            [
              -2.3898617,
              53.3687251
            ],
            [
              -2.38997,
              53.3687262
            ],
            [
              -2.3900762,
              53.3687432
            ],
            [
              -2.3901681,
              53.3687729
            ],
            [
              -2.3902367,
              53.3688194
            ],
            [
              -2.3902871,
              53.3688907
            ],
            [
              -2.3903216,
              53.3689762
            ],
            [
              -2.3903356,
              53.3690719
            ]
          ],
          [
            [
              -2.3923687,
              53.3632346
            ],
            [
              -2.3925942,
              53.363007
            ],
            [
              -2.3928928,
              53.3626899
            ],
            [
              -2.3935674,
              53.3620164
            ],
            [
              -2.393969,
              53.3616229
            ]
          ],
          [
            [
              -2.4024441,
              53.3519663
            ],
            [
              -2.4019888,
              53.3523953
            ],
            [
              -2.4015177,
              53.3528408
            ],
            [
              -2.4009365,
              53.3533979
            ],
            [
              -2.4007935,
              53.3535414
            ],
            [
              -2.4004189,
              53.3539172
            ],
            [
              -2.4001908,
              53.3541551
            ],
            [
              -2.3999805,
              53.3543896
            ],
            [
              -2.3999427,
              53.3544317
            ],
            [
              -2.3995278,
              53.3548625
            ],
            [
              -2.399505,
              53.3548847
            ]
          ],
          [
            [
              -2.4111141,
              53.3317756
            ],
            [
              -2.411064,
              53.3318547
            ],
            [
              -2.4110453,
              53.3318955
            ],
            [
              -2.4110297,
              53.3319402
            ],
            [
              -2.4110096,
              53.3320021
            ],
            [
              -2.410985,
              53.3320912
            ],
            [
              -2.4109593,
              53.3321734
            ],
            [
              -2.410931,
              53.3322726
            ],
            [
              -2.4108687,
              53.3325822
            ],
            [
              -2.4107494,
              53.3329363
            ],
            [
              -2.4105966,
              53.3332356
            ],
            [
              -2.4104114,
              53.3335879
            ],
            [
              -2.4102229,
              53.333928
            ],
            [
              -2.4101021,
              53.3341396
            ],
            [
              -2.4100636,
              53.3342078
            ],
            [
              -2.4099906,
              53.3343404
            ],
            [
              -2.4094697,
              53.3352553
            ],
            [
              -2.409379,
              53.3354089
            ],
            [
              -2.4088497,
              53.3363055
            ],
            [
              -2.4082158,
              53.3374132
            ],
            [
              -2.407599,
              53.3386632
            ],
            [
              -2.4073022,
              53.3393455
            ],
            [
              -2.407089,
              53.3398357
            ],
            [
              -2.4070623,
              53.339897
            ],
            [
              -2.4065167,
              53.3411838
            ],
            [
              -2.4063958,
              53.3414691
            ],
            [
              -2.4061641,
              53.3420889
            ],
            [
              -2.4058311,
              53.3430154
            ],
            [
              -2.4056929,
              53.3434647
            ],
            [
              -2.4055546,
              53.3439403
            ],
            [
              -2.4054818,
              53.3441921
            ],
            [
              -2.4054335,
              53.3445352
            ],
            [
              -2.405424,
              53.3446011
            ],
            [
              -2.4054191,
              53.3446343
            ],
            [
              -2.405443,
              53.3447154
            ],
            [
              -2.4054257,
              53.3448044
            ],
            [
              -2.4053863,
              53.3449104
            ],
            [
              -2.4053682,
              53.3449331
            ],
            [
              -2.4053347,
              53.3449585
            ],
            [
              -2.4053026,
              53.344977
            ],
            [
              -2.4052563,
              53.3449953
            ],
            [
              -2.4051886,
              53.3450172
            ],
            [
              -2.4052232,
              53.3450606
            ],
            [
              -2.4052491,
              53.3451113
            ],
            [
              -2.4052333,
              53.3452553
            ],
            [
              -2.4052275,
              53.3453008
            ],
            [
              -2.4052353,
              53.34539
            ],
            [
              -2.4051629,
              53.3455685
            ],
            [
              -2.4050825,
              53.345784
            ],
            [
              -2.4050208,
              53.3459623
            ],
            [
              -2.4049582,
              53.346179
            ],
            [
              -2.4049074,
              53.3463137
            ],
            [
              -2.4047997,
              53.3466454
            ],
            [
              -2.4045231,
              53.3473413
            ],
            [
              -2.4041198,
              53.3483344
            ],
            [
              -2.4040712,
              53.3484625
            ],
            [
              -2.4037344,
              53.3493495
            ],
            [
              -2.4036485,
              53.3495667
            ],
            [
              -2.4036432,
              53.3495848
            ],
            [
              -2.4035553,
              53.3498418
            ],
            [
              -2.4034962,
              53.3500146
            ],
            [
              -2.4033933,
              53.3502401
            ],
            [
              -2.4033684,
              53.3502948
            ],
            [
              -2.4033176,
              53.350431
            ],
            [
              -2.4033005,
              53.3504889
            ],
            [
              -2.4032912,
              53.3507611
            ],
            [
              -2.4033094,
              53.3508528
            ],
            [
              -2.4033324,
              53.3509125
            ],
            [
              -2.4033405,
              53.3509296
            ],
            [
              -2.4033595,
              53.3509619
            ]
          ],
          [
            [
              -2.4051225,
              53.3449661
            ],
            [
              -2.4052166,
              53.3449151
            ],
            [
              -2.4052678,
              53.3448808
            ],
            [
              -2.4052946,
              53.3448515
            ],
            [
              -2.4053215,
              53.3448099
            ],
            [
              -2.4053435,
              53.3447426
            ],
            [
              -2.4053533,
              53.3447014
            ],
            [
              -2.4054191,
              53.3446343
            ]
          ],
          [
            [
              -2.4149533,
              53.3201404
            ],
            [
              -2.4148771,
              53.3202171
            ],
            [
              -2.4147632,
              53.3203973
            ],
            [
              -2.4146513,
              53.3206199
            ],
            [
              -2.4140766,
              53.321907
            ],
            [
              -2.4135293,
              53.323134
            ],
            [
              -2.4130753,
              53.3241827
            ],
            [
              -2.4123072,
              53.3259572
            ],
            [
              -2.4114571,
              53.3279196
            ],
            [
              -2.411091,
              53.3287558
            ],
            [
              -2.4109664,
              53.3290393
            ],
            [
              -2.4109331,
              53.329115
            ],
            [
              -2.4108444,
              53.3293245
            ],
            [
              -2.410788,
              53.3294577
            ],
            [
              -2.4107143,
              53.3297013
            ],
            [
              -2.4107034,
              53.3297948
            ],
            [
              -2.4107024,
              53.3298823
            ],
            [
              -2.4107063,
              53.3299771
            ],
            [
              -2.4107172,
              53.3300561
            ],
            [
              -2.4107475,
              53.3301649
            ],
            [
              -2.4108354,
              53.3303931
            ],
            [
              -2.4108923,
              53.3305295
            ],
            [
              -2.4108888,
              53.3305694
            ],
            [
              -2.4108648,
              53.3306077
            ],
            [
              -2.4107499,
              53.3306923
            ]
          ],
          [
            [
              -2.4179976,
              53.3093714
            ],
            [
              -2.4181816,
              53.3087859
            ],
            [
              -2.4182849,
              53.3083809
            ],
            [
              -2.4183517,
              53.3080098
            ],
            [
              -2.4183986,
              53.3075221
            ],
            [
              -2.4184154,
              53.3066602
            ],
            [
              -2.4184341,
              53.3061976
            ],
            [
              -2.4186843,
              53.304676
            ],
            [
              -2.4188259,
              53.3038153
            ],
            [
              -2.4188665,
              53.3035772
            ],
            [
              -2.4189549,
              53.3030577
            ],
            [
              -2.4191975,
              53.3023505
            ],
            [
              -2.4192888,
              53.3022599
            ],
            [
              -2.4194112,
              53.3019274
            ],
            [
              -2.4194791,
              53.3016737
            ],
            [
              -2.4194933,
              53.3015819
            ],
            [
              -2.4195277,
              53.301346
            ],
            [
              -2.4195223,
              53.3011431
            ],
            [
              -2.4195224,
              53.3007988
            ],
            [
              -2.4195217,
              53.3002815
            ],
            [
              -2.4195318,
              53.3000545
            ],
            [
              -2.4194767,
              53.2999012
            ],
            [
              -2.4195197,
              53.2996406
            ],
            [
              -2.4195611,
              53.2994612
            ],
            [
              -2.4196827,
              53.2991503
            ],
            [
              -2.419889,
              53.2987694
            ],
            [
              -2.4200766,
              53.2984869
            ],
            [
              -2.4205029,
              53.2979668
            ],
            [
              -2.4219606,
              53.2962127
            ],
            [
              -2.4234068,
              53.2946423
            ],
            [
              -2.423888,
              53.2941296
            ],
            [
              -2.4250936,
              53.2928364
            ],
            [
              -2.4255572,
              53.2923637
            ],
            [
              -2.4257309,
              53.2921717
            ],
            [
              -2.4259653,
              53.2919181
            ],
            [
              -2.4263154,
              53.2915028
            ],
            [
              -2.4267159,
              53.2910302
            ],
            [
              -2.4272583,
              53.2903715
            ],
            [
              -2.4274641,
              53.290105
            ],
            [
              -2.4277555,
              53.2897276
            ],
            [
              -2.427951,
              53.2894666
            ],
            [
              -2.4281341,
              53.2892266
            ],
            [
              -2.4285564,
              53.2887935
            ],
            [
              -2.4290386,
              53.288325
            ],
            [
              -2.4290549,
              53.2883082
            ],
            [
              -2.4296824,
              53.2876681
            ],
            [
              -2.4303369,
              53.2870127
            ],
            [
              -2.4305206,
              53.2868193
            ],
            [
              -2.4315757,
              53.2857172
            ],
            [
              -2.4327275,
              53.2844539
            ],
            [
              -2.4335684,
              53.2835349
            ],
            [
              -2.4344184,
              53.2826528
            ],
            [
              -2.4350026,
              53.2820821
            ],
            [
              -2.4352158,
              53.2818811
            ],
            [
              -2.4356377,
              53.2815467
            ],
            [
              -2.4361025,
              53.2812066
            ],
            [
              -2.4362529,
              53.2811542
            ],
            [
              -2.436478,
              53.2809984
            ],
            [
              -2.4365933,
              53.2809216
            ],
            [
              -2.4366269,
              53.2808992
            ],
            [
              -2.4370793,
              53.280611
            ],
            [
              -2.4375889,
              53.2803175
            ],
            [
              -2.4378811,
              53.280165
            ],
            [
              -2.4381003,
              53.2800455
            ],
            [
              -2.4381882,
              53.2799502
            ],
            [
              -2.4387629,
              53.2796248
            ],
            [
              -2.4400023,
              53.2789273
            ],
            [
              -2.4405732,
              53.2785857
            ],
            [
              -2.4408674,
              53.2784097
            ],
            [
              -2.4415143,
              53.2780567
            ],
            [
              -2.4417951,
              53.2779138
            ],
            [
              -2.4418242,
              53.277899
            ],
            [
              -2.4424604,
              53.2775913
            ],
            [
              -2.4426106,
              53.2775195
            ],
            [
              -2.443937,
              53.2768916
            ]
          ],
          [
            [
              -2.4441889,
              53.2767841
            ],
            [
              -2.4447694,
              53.2765679
            ],
            [
              -2.4472569,
              53.2757969
            ],
            [
              -2.447668,
              53.275663
            ]
          ],
          [
            [
              -2.4502202,
              53.2749326
            ],
            [
              -2.4500343,
              53.2749898
            ],
            [
              -2.4495105,
              53.275141
            ],
            [
              -2.4486552,
              53.2754059
            ],
            [
              -2.4485033,
              53.2754519
            ],
            [
              -2.4481125,
              53.2755648
            ]
          ],
          [
            [
              -2.4547964,
              53.2735778
            ],
            [
              -2.4541196,
              53.2737778
            ],
            [
              -2.4523171,
              53.2742607
            ]
          ],
          [
            [
              -2.4731372,
              53.2685011
            ],
            [
              -2.4726198,
              53.268623
            ],
            [
              -2.4725374,
              53.2686412
            ],
            [
              -2.4722592,
              53.2687024
            ],
            [
              -2.4718571,
              53.2687979
            ],
            [
              -2.4715719,
              53.268874
            ],
            [
              -2.470517,
              53.2691553
            ],
            [
              -2.4695922,
              53.2694254
            ],
            [
              -2.4680159,
              53.2698857
            ],
            [
              -2.4675675,
              53.2700166
            ],
            [
              -2.4670978,
              53.2701538
            ],
            [
              -2.4668332,
              53.2702311
            ],
            [
              -2.4667695,
              53.2702497
            ],
            [
              -2.4663739,
              53.2703652
            ],
            [
              -2.4661528,
              53.2704226
            ],
            [
              -2.4657018,
              53.2705398
            ],
            [
              -2.4653271,
              53.2706348
            ],
            [
              -2.4648275,
              53.2707669
            ],
            [
              -2.4644295,
              53.2708787
            ],
            [
              -2.4643026,
              53.2709146
            ],
            [
              -2.4636459,
              53.2710971
            ],
            [
              -2.4635477,
              53.2711269
            ],
            [
              -2.4634958,
              53.2711414
            ],
            [
              -2.4631627,
              53.2712359
            ],
            [
              -2.4629046,
              53.2713147
            ],
            [
              -2.462594,
              53.2713981
            ],
            [
              -2.4616035,
              53.2716505
            ],
            [
              -2.4605595,
              53.271941
            ],
            [
              -2.4604316,
              53.2719751
            ],
            [
              -2.4599821,
              53.2721086
            ],
            [
              -2.4596274,
              53.2722149
            ],
            [
              -2.459406,
              53.2722813
            ],
            [
              -2.458534,
              53.2725437
            ],
            [
              -2.457709,
              53.2727756
            ],
            [
              -2.4575447,
              53.2728186
            ],
            [
              -2.4573142,
              53.2728776
            ],
            [
              -2.4567763,
              53.2730153
            ],
            [
              -2.4565582,
              53.2730711
            ],
            [
              -2.4564099,
              53.2731402
            ],
            [
              -2.4563561,
              53.2731561
            ],
            [
              -2.4562784,
              53.273179
            ],
            [
              -2.4560454,
              53.273247
            ],
            [
              -2.4557463,
              53.2733263
            ],
            [
              -2.4553952,
              53.2733896
            ]
          ],
          [
            [
              -2.4891213,
              53.2647855
            ],
            [
              -2.4890206,
              53.2648224
            ],
            [
              -2.4888068,
              53.2648901
            ],
            [
              -2.4878369,
              53.2650981
            ],
            [
              -2.4872411,
              53.2652214
            ],
            [
              -2.4869435,
              53.2652829
            ],
            [
              -2.4864424,
              53.2653944
            ],
            [
              -2.4849996,
              53.2657142
            ],
            [
              -2.4844523,
              53.2658367
            ],
            [
              -2.4840342,
              53.2659303
            ],
            [
              -2.483925,
              53.2659516
            ],
            [
              -2.4832772,
              53.266078
            ],
            [
              -2.4829473,
              53.2661424
            ],
            [
              -2.482776,
              53.2661758
            ],
            [
              -2.4823102,
              53.2662667
            ],
            [
              -2.4816882,
              53.2664576
            ],
            [
              -2.4813893,
              53.2665453
            ],
            [
              -2.4811119,
              53.2666264
            ],
            [
              -2.4809193,
              53.26668
            ],
            [
              -2.4807987,
              53.2667142
            ],
            [
              -2.4805072,
              53.2667947
            ],
            [
              -2.4798108,
              53.2669201
            ],
            [
              -2.4792798,
              53.2670093
            ],
            [
              -2.4792342,
              53.2670197
            ],
            [
              -2.4791993,
              53.2670281
            ],
            [
              -2.4787621,
              53.2671376
            ],
            [
              -2.4784268,
              53.2672198
            ],
            [
              -2.4782326,
              53.2672706
            ],
            [
              -2.4780138,
              53.2673253
            ],
            [
              -2.477769,
              53.2673834
            ],
            [
              -2.4775042,
              53.2674376
            ],
            [
              -2.4772809,
              53.2674857
            ],
            [
              -2.4758481,
              53.2677922
            ],
            [
              -2.4756319,
              53.2678395
            ],
            [
              -2.475242,
              53.267932
            ],
            [
              -2.4749482,
              53.2680126
            ],
            [
              -2.474039,
              53.2682671
            ],
            [
              -2.4738033,
              53.26833
            ],
            [
              -2.4735541,
              53.2684
            ],
            [
              -2.473494,
              53.2684139
            ]
          ],
          [
            [
              -2.511854,
              53.2607334
            ],
            [
              -2.5120008,
              53.2607276
            ],
            [
              -2.5120717,
              53.2607255
            ],
            [
              -2.5122868,
              53.2607269
            ],
            [
              -2.5124197,
              53.2607383
            ],
            [
              -2.5128248,
              53.2607385
            ],
            [
              -2.5129179,
              53.2607288
            ],
            [
              -2.5131377,
              53.2606873
            ],
            [
              -2.5133703,
              53.2606453
            ],
            [
              -2.5135815,
              53.2605951
            ],
            [
              -2.5137766,
              53.2605352
            ],
            [
              -2.5139883,
              53.2604647
            ],
            [
              -2.5142375,
              53.260395
            ],
            [
              -2.5143057,
              53.2603774
            ],
            [
              -2.5144203,
              53.2603616
            ],
            [
              -2.5147834,
              53.260309
            ],
            [
              -2.5149706,
              53.2602842
            ],
            [
              -2.5150792,
              53.2602516
            ],
            [
              -2.5150962,
              53.2602234
            ],
            [
              -2.5151224,
              53.260195
            ],
            [
              -2.5151588,
              53.2601718
            ],
            [
              -2.5152066,
              53.2601558
            ],
            [
              -2.5157058,
              53.2600631
            ]
          ],
          [
            [
              -2.533625,
              53.2522173
            ],
            [
              -2.5333681,
              53.2523417
            ],
            [
              -2.5333267,
              53.2523621
            ],
            [
              -2.5328968,
              53.2525185
            ],
            [
              -2.53272,
              53.2526029
            ],
            [
              -2.532323,
              53.25277
            ],
            [
              -2.5315807,
              53.2531223
            ],
            [
              -2.5314357,
              53.2531831
            ],
            [
              -2.5310652,
              53.2532933
            ],
            [
              -2.5305528,
              53.2534358
            ],
            [
              -2.5297841,
              53.2537183
            ],
            [
              -2.5295616,
              53.2538175
            ],
            [
              -2.5292474,
              53.2539607
            ],
            [
              -2.5287834,
              53.2542742
            ],
            [
              -2.5276176,
              53.2551012
            ],
            [
              -2.5272511,
              53.255264
            ],
            [
              -2.527106,
              53.2553161
            ],
            [
              -2.5269058,
              53.2553879
            ],
            [
              -2.5267515,
              53.2554379
            ],
            [
              -2.526675,
              53.2554626
            ],
            [
              -2.5265779,
              53.2554888
            ],
            [
              -2.5264227,
              53.2555305
            ],
            [
              -2.5253341,
              53.2558792
            ],
            [
              -2.5251721,
              53.2559279
            ],
            [
              -2.5248014,
              53.2560394
            ],
            [
              -2.524586,
              53.2561046
            ],
            [
              -2.5238178,
              53.2563402
            ],
            [
              -2.5233962,
              53.2564698
            ],
            [
              -2.5229826,
              53.256594
            ],
            [
              -2.5225076,
              53.2567283
            ],
            [
              -2.5218995,
              53.256908
            ],
            [
              -2.5217701,
              53.2569427
            ],
            [
              -2.5214999,
              53.2570344
            ],
            [
              -2.5212605,
              53.2571236
            ],
            [
              -2.5209082,
              53.2572606
            ],
            [
              -2.5205915,
              53.2574102
            ],
            [
              -2.5199721,
              53.257682
            ],
            [
              -2.51931,
              53.2579846
            ],
            [
              -2.5189995,
              53.2581344
            ],
            [
              -2.5187143,
              53.2582726
            ],
            [
              -2.518523,
              53.2583732
            ],
            [
              -2.5184466,
              53.2584329
            ],
            [
              -2.5182095,
              53.2586091
            ],
            [
              -2.5181328,
              53.2586811
            ],
            [
              -2.5181003,
              53.2587116
            ],
            [
              -2.5179742,
              53.2588477
            ]
          ],
          [
            [
              -2.5360349,
              53.2510137
            ],
            [
              -2.5377436,
              53.2503143
            ],
            [
              -2.5379243,
              53.2502327
            ],
            [
              -2.5382475,
              53.2500868
            ],
            [
              -2.5384633,
              53.2499887
            ],
            [
              -2.5388,
              53.2498375
            ],
            [
              -2.5390864,
              53.2497082
            ],
            [
              -2.5391505,
              53.2496792
            ],
            [
              -2.5401428,
              53.2492302
            ],
            [
              -2.5404129,
              53.2490854
            ],
            [
              -2.5404916,
              53.2490277
            ],
            [
              -2.5412995,
              53.2484355
            ],
            [
              -2.5414921,
              53.248287
            ],
            [
              -2.5415877,
              53.2482152
            ],
            [
              -2.5426239,
              53.2474138
            ],
            [
              -2.5426501,
              53.2473936
            ],
            [
              -2.5427461,
              53.2473194
            ],
            [
              -2.5427835,
              53.2472905
            ],
            [
              -2.5428188,
              53.2472632
            ],
            [
              -2.5430459,
              53.2470877
            ],
            [
              -2.543137,
              53.24702
            ],
            [
              -2.5432084,
              53.2469669
            ],
            [
              -2.5433875,
              53.2468415
            ],
            [
              -2.5434227,
              53.2468196
            ],
            [
              -2.5441837,
              53.2462864
            ],
            [
              -2.5449809,
              53.2457211
            ],
            [
              -2.5450142,
              53.2456975
            ],
            [
              -2.5450757,
              53.2456539
            ],
            [
              -2.5451999,
              53.2455684
            ],
            [
              -2.5453084,
              53.2455043
            ],
            [
              -2.545343,
              53.245479
            ],
            [
              -2.5453858,
              53.2454497
            ],
            [
              -2.5458991,
              53.2451325
            ],
            [
              -2.5460439,
              53.2450456
            ],
            [
              -2.5461853,
              53.2449631
            ],
            [
              -2.5462791,
              53.244913
            ],
            [
              -2.5463808,
              53.2448515
            ],
            [
              -2.5466437,
              53.2447221
            ],
            [
              -2.5467442,
              53.244663
            ],
            [
              -2.5470372,
              53.244562
            ],
            [
              -2.5474002,
              53.2444611
            ],
            [
              -2.547865,
              53.2443367
            ],
            [
              -2.5498248,
              53.2437081
            ],
            [
              -2.5508174,
              53.2433201
            ],
            [
              -2.551201,
              53.24316
            ],
            [
              -2.5520404,
              53.2428433
            ],
            [
              -2.5530509,
              53.2424922
            ],
            [
              -2.5532309,
              53.2424388
            ],
            [
              -2.5538556,
              53.2422533
            ],
            [
              -2.5539742,
              53.242216
            ],
            [
              -2.5540552,
              53.2421905
            ],
            [
              -2.5541661,
              53.2421609
            ]
          ],
          [
            [
              -2.5548848,
              53.2419613
            ],
            [
              -2.5549299,
              53.2419517
            ],
            [
              -2.5550845,
              53.2419174
            ],
            [
              -2.5555871,
              53.2417961
            ],
            [
              -2.5558194,
              53.2417356
            ],
            [
              -2.555944,
              53.2417019
            ],
            [
              -2.5561864,
              53.2416364
            ],
            [
              -2.556664,
              53.2415282
            ],
            [
              -2.5572127,
              53.2413959
            ],
            [
              -2.5577559,
              53.2412395
            ],
            [
              -2.5592236,
              53.2406881
            ],
            [
              -2.559803,
              53.2405294
            ],
            [
              -2.5600498,
              53.2404618
            ],
            [
              -2.5610091,
              53.2402681
            ],
            [
              -2.5619641,
              53.2401083
            ],
            [
              -2.5639027,
              53.2398592
            ],
            [
              -2.5651198,
              53.2397252
            ],
            [
              -2.5661193,
              53.239551
            ],
            [
              -2.5665191,
              53.2394664
            ],
            [
              -2.568454,
              53.2389937
            ],
            [
              -2.5685464,
              53.2389664
            ],
            [
              -2.5686277,
              53.2389183
            ],
            [
              -2.5686724,
              53.2388893
            ],
            [
              -2.5687087,
              53.2388548
            ],
            [
              -2.5687328,
              53.2388147
            ],
            [
              -2.5687467,
              53.2387655
            ],
            [
              -2.5692184,
              53.2387474
            ],
            [
              -2.5693882,
              53.2387211
            ]
          ],
          [
            [
              -2.5837133,
              53.2336949
            ],
            [
              -2.583913,
              53.2336283
            ],
            [
              -2.5844368,
              53.2334237
            ],
            [
              -2.584883,
              53.2332473
            ],
            [
              -2.5852736,
              53.2330928
            ],
            [
              -2.5855769,
              53.2329735
            ],
            [
              -2.5855942,
              53.2329667
            ],
            [
              -2.5860023,
              53.232819
            ],
            [
              -2.5863829,
              53.2326813
            ],
            [
              -2.5869188,
              53.2324727
            ],
            [
              -2.5873322,
              53.2323125
            ],
            [
              -2.5883282,
              53.2319321
            ],
            [
              -2.5888532,
              53.2317527
            ],
            [
              -2.5891644,
              53.2316637
            ],
            [
              -2.5894354,
              53.2316005
            ],
            [
              -2.5896426,
              53.231557
            ],
            [
              -2.5899191,
              53.231499
            ],
            [
              -2.5900056,
              53.2314851
            ],
            [
              -2.5901376,
              53.2314606
            ],
            [
              -2.5902567,
              53.231477
            ],
            [
              -2.5922491,
              53.2312134
            ],
            [
              -2.5943354,
              53.2309372
            ],
            [
              -2.5945207,
              53.2309131
            ],
            [
              -2.5953398,
              53.230815
            ],
            [
              -2.5955278,
              53.2307941
            ],
            [
              -2.5965207,
              53.2306837
            ],
            [
              -2.596737,
              53.2306576
            ],
            [
              -2.5974907,
              53.2305606
            ],
            [
              -2.5994918,
              53.2303031
            ],
            [
              -2.6006228,
              53.2301742
            ],
            [
              -2.6007099,
              53.2301671
            ],
            [
              -2.6014381,
              53.2300776
            ],
            [
              -2.6032741,
              53.2298442
            ],
            [
              -2.6035644,
              53.2298016
            ],
            [
              -2.6039447,
              53.2297464
            ],
            [
              -2.6046493,
              53.2296504
            ],
            [
              -2.6059637,
              53.2294863
            ],
            [
              -2.6060475,
              53.2294738
            ],
            [
              -2.6064267,
              53.2294173
            ],
            [
              -2.6071659,
              53.2293071
            ],
            [
              -2.607956,
              53.2291426
            ],
            [
              -2.608236,
              53.2290843
            ],
            [
              -2.6090257,
              53.2289082
            ],
            [
              -2.6095158,
              53.2287988
            ],
            [
              -2.6096505,
              53.2287688
            ],
            [
              -2.6098398,
              53.2287266
            ],
            [
              -2.6102662,
              53.2286315
            ],
            [
              -2.6105054,
              53.228583
            ],
            [
              -2.6107446,
              53.2285345
            ],
            [
              -2.6108051,
              53.2285228
            ],
            [
              -2.6121926,
              53.2282544
            ],
            [
              -2.6132192,
              53.2280744
            ],
            [
              -2.6140106,
              53.2279626
            ],
            [
              -2.6148727,
              53.227849
            ],
            [
              -2.6155554,
              53.227759
            ],
            [
              -2.6160378,
              53.2276928
            ],
            [
              -2.6166945,
              53.2275951
            ],
            [
              -2.6171628,
              53.2275137
            ],
            [
              -2.6184495,
              53.2272855
            ],
            [
              -2.6194654,
              53.2270992
            ],
            [
              -2.6195614,
              53.2270831
            ]
          ]
        ]
      },
      "id": "relation/7067453"
    },
    {
      "type": "Feature",
      "properties": {
        "@id": "relation/7615943",
        "conjectural": "yes",
        "historic": "roman_road",
        "historic:civilization": "ancient_roman",
        "name": "ROMAN ROAD - Derby-Carlisle",
        "route": "historic",
        "source": "OS OpenData StreetView",
        "type": "route"
      },
      "geometry": {
        "type": "MultiLineString",
        "coordinates": [
          [
            [
              -2.2462653,
              53.4890533
            ],
            [
              -2.2464558,
              53.48932
            ],
            [
              -2.2466272,
              53.4895664
            ],
            [
              -2.2467457,
              53.48975
            ],
            [
              -2.2470849,
              53.4902197
            ],
            [
              -2.247163,
              53.4903212
            ],
            [
              -2.2473738,
              53.4905952
            ],
            [
              -2.2477213,
              53.4909504
            ],
            [
              -2.2478978,
              53.4911278
            ],
            [
              -2.2482521,
              53.4914654
            ],
            [
              -2.2487598,
              53.4920338
            ],
            [
              -2.2487741,
              53.4920502
            ],
            [
              -2.2488978,
              53.4921916
            ],
            [
              -2.2490888,
              53.4924114
            ],
            [
              -2.2495146,
              53.4929026
            ],
            [
              -2.2495942,
              53.4929961
            ],
            [
              -2.2498088,
              53.4932511
            ],
            [
              -2.2498476,
              53.493291
            ],
            [
              -2.2500901,
              53.4935838
            ],
            [
              -2.2501108,
              53.4936109
            ],
            [
              -2.25038,
              53.4939259
            ],
            [
              -2.2504086,
              53.4939593
            ],
            [
              -2.2504655,
              53.4940274
            ],
            [
              -2.2506677,
              53.4942695
            ],
            [
              -2.2507,
              53.49431
            ],
            [
              -2.2507857,
              53.4944134
            ],
            [
              -2.2508676,
              53.4945132
            ],
            [
              -2.2511278,
              53.4948175
            ],
            [
              -2.2512189,
              53.4949213
            ],
            [
              -2.2512857,
              53.4949975
            ],
            [
              -2.2513866,
              53.4950887
            ],
            [
              -2.2518184,
              53.4955068
            ],
            [
              -2.2525065,
              53.4962228
            ],
            [
              -2.253412,
              53.4971683
            ],
            [
              -2.2535776,
              53.4973389
            ],
            [
              -2.2538488,
              53.4976067
            ],
            [
              -2.2538813,
              53.4976416
            ],
            [
              -2.2543657,
              53.498146
            ],
            [
              -2.254578,
              53.4983717
            ],
            [
              -2.2546092,
              53.4984063
            ],
            [
              -2.2548244,
              53.4986311
            ],
            [
              -2.2549123,
              53.498723
            ],
            [
              -2.2550411,
              53.4988553
            ],
            [
              -2.255381,
              53.4992108
            ],
            [
              -2.2554905,
              53.4993267
            ],
            [
              -2.2559383,
              53.4997947
            ],
            [
              -2.256162,
              53.5000436
            ],
            [
              -2.256334,
              53.5002405
            ],
            [
              -2.2563968,
              53.5003091
            ],
            [
              -2.2568998,
              53.5008585
            ],
            [
              -2.25723,
              53.5012227
            ],
            [
              -2.2573241,
              53.5013264
            ],
            [
              -2.257709,
              53.5017341
            ],
            [
              -2.2578497,
              53.5018228
            ],
            [
              -2.2578855,
              53.5018595
            ],
            [
              -2.2579143,
              53.5018891
            ],
            [
              -2.2580411,
              53.5020156
            ],
            [
              -2.2581041,
              53.5020693
            ],
            [
              -2.2581908,
              53.5021775
            ],
            [
              -2.2582397,
              53.5022413
            ],
            [
              -2.258258,
              53.5022667
            ],
            [
              -2.2582346,
              53.5023346
            ],
            [
              -2.2581357,
              53.5022941
            ],
            [
              -2.2580965,
              53.5022581
            ],
            [
              -2.2580712,
              53.5022347
            ],
            [
              -2.2579379,
              53.5021121
            ],
            [
              -2.2578892,
              53.502054
            ],
            [
              -2.2577606,
              53.5019004
            ],
            [
              -2.2577483,
              53.5018857
            ],
            [
              -2.257709,
              53.5017341
            ]
          ],
          [
            [
              -2.9270591,
              54.8890159
            ],
            [
              -2.9274364,
              54.8892037
            ],
            [
              -2.927597,
              54.8892837
            ],
            [
              -2.9279461,
              54.8894622
            ],
            [
              -2.9280557,
              54.8895139
            ],
            [
              -2.9282027,
              54.8895899
            ],
            [
              -2.9282471,
              54.8896129
            ]
          ],
          [
            [
              -2.9242004,
              54.8876445
            ],
            [
              -2.9241101,
              54.8876451
            ],
            [
              -2.9237607,
              54.887477
            ],
            [
              -2.9236353,
              54.8874167
            ],
            [
              -2.9235873,
              54.8873939
            ],
            [
              -2.9235421,
              54.8873724
            ],
            [
              -2.9234339,
              54.8873213
            ],
            [
              -2.9232902,
              54.8872613
            ],
            [
              -2.9231973,
              54.8872204
            ],
            [
              -2.9230365,
              54.8871575
            ],
            [
              -2.9226191,
              54.8869551
            ],
            [
              -2.9224498,
              54.8868764
            ],
            [
              -2.9223338,
              54.8868151
            ],
            [
              -2.9220224,
              54.8866504
            ],
            [
              -2.9223821,
              54.8867819
            ],
            [
              -2.9225788,
              54.8868536
            ],
            [
              -2.9226972,
              54.8868968
            ],
            [
              -2.9228245,
              54.8869533
            ],
            [
              -2.9230057,
              54.8870337
            ],
            [
              -2.9230587,
              54.8870584
            ],
            [
              -2.9232519,
              54.8871486
            ],
            [
              -2.9233126,
              54.8871776
            ],
            [
              -2.9235098,
              54.8872685
            ],
            [
              -2.9236851,
              54.8873493
            ],
            [
              -2.9241168,
              54.8875756
            ],
            [
              -2.9242004,
              54.8876445
            ],
            [
              -2.9245219,
              54.8878292
            ],
            [
              -2.9247378,
              54.8879499
            ],
            [
              -2.9248887,
              54.8880211
            ],
            [
              -2.9250121,
              54.8880812
            ],
            [
              -2.9252864,
              54.8882061
            ],
            [
              -2.9259264,
              54.8885147
            ],
            [
              -2.9260966,
              54.8885914
            ],
            [
              -2.9263095,
              54.8886881
            ],
            [
              -2.9263647,
              54.8887132
            ],
            [
              -2.9264118,
              54.8887346
            ],
            [
              -2.9265327,
              54.8887912
            ],
            [
              -2.9266354,
              54.888824
            ],
            [
              -2.9267319,
              54.8888667
            ],
            [
              -2.9267773,
              54.8888852
            ],
            [
              -2.9268451,
              54.8889139
            ],
            [
              -2.9269301,
              54.88895
            ]
          ],
          [
            [
              -2.9220224,
              54.8866504
            ],
            [
              -2.921877,
              54.8865827
            ],
            [
              -2.9214621,
              54.8863872
            ],
            [
              -2.9211145,
              54.8862291
            ],
            [
              -2.9205405,
              54.8859621
            ]
          ],
          [
            [
              -2.9199001,
              54.885687
            ],
            [
              -2.9194912,
              54.8855133
            ],
            [
              -2.9184972,
              54.885104
            ],
            [
              -2.9181102,
              54.8849077
            ],
            [
              -2.9177412,
              54.8846926
            ],
            [
              -2.9174581,
              54.8845021
            ]
          ],
          [
            [
              -2.9291512,
              54.8900774
            ],
            [
              -2.9292872,
              54.8901463
            ],
            [
              -2.9296235,
              54.8903208
            ]
          ],
          [
            [
              -2.9066816,
              54.8771493
            ],
            [
              -2.9066098,
              54.8771016
            ],
            [
              -2.9064013,
              54.876961
            ],
            [
              -2.9060449,
              54.8767362
            ],
            [
              -2.9056915,
              54.8765098
            ],
            [
              -2.9056376,
              54.8764754
            ],
            [
              -2.9056074,
              54.8764562
            ],
            [
              -2.9055076,
              54.8763925
            ],
            [
              -2.9053204,
              54.8762704
            ],
            [
              -2.9052902,
              54.8762508
            ],
            [
              -2.9052373,
              54.8762164
            ],
            [
              -2.9049856,
              54.8760588
            ],
            [
              -2.9044478,
              54.8757023
            ],
            [
              -2.9035598,
              54.8751113
            ],
            [
              -2.9016961,
              54.8738481
            ],
            [
              -2.9011286,
              54.8734662
            ],
            [
              -2.899805,
              54.872652
            ],
            [
              -2.8996832,
              54.8725768
            ],
            [
              -2.898527,
              54.871828
            ],
            [
              -2.8975139,
              54.8711297
            ],
            [
              -2.8968951,
              54.8706949
            ],
            [
              -2.8963344,
              54.8703037
            ],
            [
              -2.8958287,
              54.8699462
            ],
            [
              -2.8955978,
              54.8697698
            ],
            [
              -2.8952982,
              54.8695039
            ],
            [
              -2.8950584,
              54.8692604
            ],
            [
              -2.8948378,
              54.8690152
            ],
            [
              -2.8947584,
              54.8689285
            ]
          ],
          [
            [
              -2.9148919,
              54.8828567
            ],
            [
              -2.9142874,
              54.8824251
            ],
            [
              -2.913789,
              54.8820574
            ],
            [
              -2.9137567,
              54.8820336
            ],
            [
              -2.9137275,
              54.8820133
            ],
            [
              -2.9135461,
              54.8818875
            ],
            [
              -2.9134868,
              54.8818427
            ]
          ],
          [
            [
              -2.8667817,
              54.8464837
            ],
            [
              -2.8780255,
              54.8554275
            ]
          ],
          [
            [
              -2.8579393,
              54.8362153
            ],
            [
              -2.8576523,
              54.8358608
            ],
            [
              -2.8568803,
              54.8349388
            ],
            [
              -2.8561507,
              54.8340206
            ],
            [
              -2.8551647,
              54.8327796
            ],
            [
              -2.8538855,
              54.8311527
            ],
            [
              -2.853683,
              54.8308903
            ],
            [
              -2.852339,
              54.8292196
            ],
            [
              -2.8509138,
              54.8275603
            ],
            [
              -2.8507994,
              54.8274362
            ],
            [
              -2.8504988,
              54.8271028
            ],
            [
              -2.8489236,
              54.8253552
            ],
            [
              -2.8475519,
              54.8238431
            ],
            [
              -2.8469936,
              54.8232108
            ],
            [
              -2.8469371,
              54.8231475
            ],
            [
              -2.8456896,
              54.8217364
            ],
            [
              -2.8446851,
              54.8205945
            ],
            [
              -2.8441811,
              54.8200711
            ],
            [
              -2.843274,
              54.8191289
            ],
            [
              -2.8422834,
              54.818154
            ],
            [
              -2.8416915,
              54.8175612
            ],
            [
              -2.8408746,
              54.8167681
            ],
            [
              -2.8396563,
              54.8155194
            ],
            [
              -2.8389037,
              54.8147808
            ],
            [
              -2.8382086,
              54.8140265
            ],
            [
              -2.837977,
              54.8137943
            ],
            [
              -2.8373996,
              54.8131738
            ],
            [
              -2.837129,
              54.8128877
            ],
            [
              -2.836833,
              54.8126003
            ],
            [
              -2.8366604,
              54.8124377
            ],
            [
              -2.8364635,
              54.8122448
            ],
            [
              -2.8357474,
              54.8115736
            ],
            [
              -2.83531,
              54.8111532
            ],
            [
              -2.8351544,
              54.8110048
            ],
            [
              -2.8346775,
              54.8105321
            ],
            [
              -2.8344893,
              54.8103341
            ],
            [
              -2.8340971,
              54.8098263
            ],
            [
              -2.8340502,
              54.8097586
            ],
            [
              -2.8340052,
              54.8096938
            ],
            [
              -2.8335943,
              54.8091016
            ],
            [
              -2.8335178,
              54.8089986
            ],
            [
              -2.8334879,
              54.8089584
            ],
            [
              -2.8332522,
              54.8086933
            ],
            [
              -2.8332001,
              54.8086347
            ],
            [
              -2.8329788,
              54.8084137
            ],
            [
              -2.8327513,
              54.8081847
            ],
            [
              -2.8326597,
              54.8080951
            ],
            [
              -2.8324249,
              54.8078654
            ],
            [
              -2.8322299,
              54.8076747
            ],
            [
              -2.8315601,
              54.8070111
            ],
            [
              -2.8313541,
              54.8067991
            ],
            [
              -2.8312765,
              54.8067192
            ],
            [
              -2.8308082,
              54.8062292
            ],
            [
              -2.8304417,
              54.8058458
            ],
            [
              -2.830274,
              54.8056704
            ],
            [
              -2.8276014,
              54.8029583
            ],
            [
              -2.8267763,
              54.802121
            ],
            [
              -2.8261392,
              54.8015078
            ],
            [
              -2.8242445,
              54.7996654
            ],
            [
              -2.8231401,
              54.7985867
            ],
            [
              -2.8226153,
              54.7980708
            ],
            [
              -2.8225096,
              54.7979651
            ],
            [
              -2.8217063,
              54.797023
            ],
            [
              -2.821406,
              54.7966215
            ],
            [
              -2.8210692,
              54.7960785
            ],
            [
              -2.8209795,
              54.7960932
            ],
            [
              -2.8209144,
              54.796088
            ],
            [
              -2.8208235,
              54.7960672
            ],
            [
              -2.8207079,
              54.7959994
            ],
            [
              -2.8204632,
              54.7957461
            ],
            [
              -2.8202768,
              54.795547
            ],
            [
              -2.8199468,
              54.7951598
            ],
            [
              -2.8191385,
              54.794331
            ],
            [
              -2.8183508,
              54.7935569
            ],
            [
              -2.8182337,
              54.7934418
            ],
            [
              -2.8173724,
              54.7925427
            ],
            [
              -2.8170316,
              54.792185
            ],
            [
              -2.816963,
              54.7921159
            ],
            [
              -2.8168029,
              54.7919204
            ],
            [
              -2.8167631,
              54.7918786
            ],
            [
              -2.8166841,
              54.791798
            ],
            [
              -2.8161396,
              54.7912425
            ],
            [
              -2.8160728,
              54.7911736
            ],
            [
              -2.8155161,
              54.7905989
            ],
            [
              -2.8149534,
              54.7900369
            ],
            [
              -2.8138894,
              54.7887281
            ],
            [
              -2.8123765,
              54.7867115
            ],
            [
              -2.8123207,
              54.7866262
            ],
            [
              -2.81226,
              54.786521
            ],
            [
              -2.8122568,
              54.7864814
            ],
            [
              -2.8122571,
              54.7864506
            ],
            [
              -2.8122693,
              54.7864257
            ],
            [
              -2.8122952,
              54.7864019
            ],
            [
              -2.8114908,
              54.7855744
            ],
            [
              -2.8109765,
              54.7849771
            ],
            [
              -2.8106053,
              54.7845458
            ],
            [
              -2.8100131,
              54.7838085
            ],
            [
              -2.8094228,
              54.7830885
            ],
            [
              -2.8091338,
              54.7827085
            ],
            [
              -2.8087857,
              54.7822452
            ],
            [
              -2.8084071,
              54.7816906
            ],
            [
              -2.8079382,
              54.7809327
            ],
            [
              -2.8076699,
              54.780438
            ],
            [
              -2.8072279,
              54.7798164
            ],
            [
              -2.8066581,
              54.7790456
            ],
            [
              -2.8062195,
              54.7784772
            ],
            [
              -2.8053371,
              54.7773338
            ],
            [
              -2.8045089,
              54.7762246
            ],
            [
              -2.8040153,
              54.7755779
            ],
            [
              -2.8037623,
              54.775171
            ],
            [
              -2.8036219,
              54.7748882
            ],
            [
              -2.8032513,
              54.7740761
            ],
            [
              -2.8022947,
              54.7719306
            ],
            [
              -2.8020853,
              54.7714865
            ],
            [
              -2.8019134,
              54.7711962
            ],
            [
              -2.8018088,
              54.7710472
            ],
            [
              -2.8016876,
              54.7709171
            ],
            [
              -2.8015379,
              54.7707828
            ],
            [
              -2.8014923,
              54.770742
            ],
            [
              -2.8009258,
              54.7703132
            ],
            [
              -2.8006268,
              54.7700542
            ],
            [
              -2.8003873,
              54.7697616
            ],
            [
              -2.8000977,
              54.7692555
            ],
            [
              -2.799779,
              54.7685954
            ],
            [
              -2.7996304,
              54.7682423
            ],
            [
              -2.7994684,
              54.7677024
            ],
            [
              -2.7993989,
              54.767326
            ],
            [
              -2.7993906,
              54.7670272
            ],
            [
              -2.7994213,
              54.7658572
            ],
            [
              -2.7994033,
              54.7656322
            ],
            [
              -2.7993362,
              54.7654657
            ],
            [
              -2.7990111,
              54.7647232
            ],
            [
              -2.7982531,
              54.7630057
            ],
            [
              -2.7978554,
              54.7620812
            ],
            [
              -2.7964412,
              54.7589357
            ],
            [
              -2.7957176,
              54.7572489
            ],
            [
              -2.795284,
              54.7562658
            ],
            [
              -2.7951288,
              54.7559139
            ],
            [
              -2.7950327,
              54.7556951
            ],
            [
              -2.7946061,
              54.7547652
            ],
            [
              -2.7941215,
              54.7537328
            ],
            [
              -2.7938235,
              54.753079
            ],
            [
              -2.7934005,
              54.7510516
            ],
            [
              -2.7933946,
              54.7510233
            ],
            [
              -2.7932202,
              54.7503607
            ],
            [
              -2.7930413,
              54.7499955
            ],
            [
              -2.792712,
              54.7494628
            ],
            [
              -2.7922508,
              54.7487563
            ],
            [
              -2.7919748,
              54.7483278
            ],
            [
              -2.791309,
              54.7472379
            ],
            [
              -2.7908223,
              54.746296
            ],
            [
              -2.7903697,
              54.7453506
            ],
            [
              -2.7895047,
              54.7434579
            ],
            [
              -2.7887578,
              54.7418072
            ],
            [
              -2.788739,
              54.7417678
            ],
            [
              -2.7879764,
              54.7400719
            ],
            [
              -2.7868763,
              54.7376312
            ],
            [
              -2.7862576,
              54.7362906
            ],
            [
              -2.7857379,
              54.735286
            ],
            [
              -2.7856153,
              54.7350695
            ],
            [
              -2.7849528,
              54.7338136
            ],
            [
              -2.7846991,
              54.7332955
            ],
            [
              -2.784315,
              54.7324855
            ],
            [
              -2.7839259,
              54.73149
            ],
            [
              -2.7838333,
              54.7312537
            ],
            [
              -2.783767,
              54.7310843
            ],
            [
              -2.7835184,
              54.7304498
            ],
            [
              -2.7833744,
              54.7301972
            ],
            [
              -2.7833618,
              54.7301752
            ],
            [
              -2.7831726,
              54.7299328
            ],
            [
              -2.7788333,
              54.7197117
            ],
            [
              -2.7786294,
              54.7190533
            ],
            [
              -2.7784731,
              54.7186987
            ],
            [
              -2.7781751,
              54.7180225
            ],
            [
              -2.7780586,
              54.7177478
            ],
            [
              -2.7774813,
              54.7164356
            ],
            [
              -2.7773357,
              54.716109
            ],
            [
              -2.776898,
              54.7151252
            ],
            [
              -2.7765192,
              54.7142796
            ],
            [
              -2.77631,
              54.7137951
            ],
            [
              -2.7756681,
              54.7123486
            ],
            [
              -2.7751508,
              54.711148
            ],
            [
              -2.7745743,
              54.7098823
            ],
            [
              -2.7742658,
              54.7092994
            ],
            [
              -2.7740002,
              54.7087257
            ],
            [
              -2.7734283,
              54.7072371
            ],
            [
              -2.773319,
              54.7069796
            ],
            [
              -2.7729001,
              54.70602
            ],
            [
              -2.7718216,
              54.7035952
            ],
            [
              -2.7703039,
              54.7001583
            ],
            [
              -2.7702101,
              54.6999144
            ]
          ],
          [
            [
              -2.7183589,
              54.6564184
            ],
            [
              -2.7250602,
              54.6595599
            ],
            [
              -2.7315955,
              54.6628895
            ],
            [
              -2.740868,
              54.6676132
            ],
            [
              -2.7503012,
              54.6727314
            ],
            [
              -2.7517256,
              54.6735196
            ],
            [
              -2.7531847,
              54.6744254
            ],
            [
              -2.7588345,
              54.6784215
            ],
            [
              -2.7613172,
              54.680703
            ],
            [
              -2.7631475,
              54.6827262
            ],
            [
              -2.7652002,
              54.6857902
            ],
            [
              -2.7654897,
              54.6864581
            ],
            [
              -2.7655443,
              54.6866392
            ],
            [
              -2.7656045,
              54.6869496
            ],
            [
              -2.7654964,
              54.6891168
            ],
            [
              -2.7655505,
              54.6894363
            ],
            [
              -2.767221,
              54.6930992
            ],
            [
              -2.7674661,
              54.6936887
            ],
            [
              -2.7678949,
              54.6947043
            ],
            [
              -2.7687422,
              54.6965654
            ],
            [
              -2.7690782,
              54.6973035
            ],
            [
              -2.7691232,
              54.6973661
            ],
            [
              -2.76919,
              54.6974102
            ],
            [
              -2.7692699,
              54.6974435
            ],
            [
              -2.7693695,
              54.6974649
            ]
          ],
          [
            [
              -2.5995778,
              54.4018836
            ],
            [
              -2.599542,
              54.4018011
            ],
            [
              -2.5994613,
              54.4016149
            ],
            [
              -2.5997171,
              54.4012413
            ],
            [
              -2.5997547,
              54.401101
            ],
            [
              -2.5997254,
              54.4009993
            ],
            [
              -2.5995791,
              54.4008482
            ],
            [
              -2.5991552,
              54.4006164
            ],
            [
              -2.598802,
              54.4005411
            ],
            [
              -2.59811,
              54.400144
            ],
            [
              -2.5976008,
              54.3999535
            ],
            [
              -2.5973507,
              54.3998564
            ],
            [
              -2.5971467,
              54.3997862
            ],
            [
              -2.5970317,
              54.399739
            ],
            [
              -2.596461,
              54.3994663
            ],
            [
              -2.5952679,
              54.3988691
            ],
            [
              -2.5947898,
              54.3986035
            ],
            [
              -2.5940971,
              54.3983434
            ],
            [
              -2.5929913,
              54.3977879
            ],
            [
              -2.5923795,
              54.3976612
            ],
            [
              -2.5920227,
              54.39748
            ],
            [
              -2.5909831,
              54.3966395
            ],
            [
              -2.590959,
              54.39662
            ],
            [
              -2.5902153,
              54.396178
            ],
            [
              -2.5894853,
              54.3955996
            ],
            [
              -2.5890607,
              54.3953023
            ],
            [
              -2.5888429,
              54.3952245
            ],
            [
              -2.5885081,
              54.3950467
            ],
            [
              -2.5882527,
              54.3948546
            ],
            [
              -2.5879503,
              54.3946324
            ],
            [
              -2.5869234,
              54.3940143
            ],
            [
              -2.5861707,
              54.3933787
            ],
            [
              -2.585649,
              54.3928071
            ],
            [
              -2.5849691,
              54.3921866
            ],
            [
              -2.5844342,
              54.3915702
            ],
            [
              -2.5841726,
              54.3913631
            ],
            [
              -2.5839442,
              54.3912217
            ],
            [
              -2.5834414,
              54.3909994
            ],
            [
              -2.5831744,
              54.3908436
            ],
            [
              -2.5829755,
              54.3905977
            ],
            [
              -2.5821725,
              54.3901749
            ],
            [
              -2.5818961,
              54.390131
            ],
            [
              -2.5814855,
              54.3901966
            ],
            [
              -2.5811209,
              54.3902616
            ],
            [
              -2.5807399,
              54.3904186
            ],
            [
              -2.5800055,
              54.3908864
            ],
            [
              -2.5799631,
              54.3909014
            ],
            [
              -2.5799169,
              54.3909116
            ],
            [
              -2.5798777,
              54.3909169
            ],
            [
              -2.5798385,
              54.390914
            ]
          ],
          [
            [
              -2.5797602,
              54.3908737
            ],
            [
              -2.5797439,
              54.3908627
            ],
            [
              -2.5797265,
              54.3908404
            ],
            [
              -2.5797243,
              54.3908185
            ],
            [
              -2.5797326,
              54.3907916
            ],
            [
              -2.5797469,
              54.3907569
            ],
            [
              -2.5799398,
              54.3905044
            ],
            [
              -2.5801466,
              54.3902601
            ],
            [
              -2.5801774,
              54.3901718
            ],
            [
              -2.5801678,
              54.3901239
            ],
            [
              -2.5800685,
              54.3899963
            ],
            [
              -2.5792093,
              54.3892302
            ],
            [
              -2.5790301,
              54.3889651
            ],
            [
              -2.5787488,
              54.3885013
            ],
            [
              -2.5785223,
              54.3880807
            ],
            [
              -2.5784374,
              54.3875986
            ],
            [
              -2.578308,
              54.3873794
            ],
            [
              -2.5777587,
              54.3867062
            ],
            [
              -2.5768597,
              54.3858756
            ],
            [
              -2.5760671,
              54.3850547
            ],
            [
              -2.5759292,
              54.3849561
            ],
            [
              -2.575885,
              54.3848755
            ],
            [
              -2.5759458,
              54.3846015
            ],
            [
              -2.5758768,
              54.3843252
            ],
            [
              -2.575728,
              54.3839959
            ],
            [
              -2.5755822,
              54.3835064
            ],
            [
              -2.5752181,
              54.3829228
            ],
            [
              -2.5745048,
              54.3820044
            ],
            [
              -2.5743309,
              54.3816903
            ],
            [
              -2.5741917,
              54.3813038
            ],
            [
              -2.5741025,
              54.3810316
            ],
            [
              -2.5741138,
              54.3807518
            ],
            [
              -2.5736296,
              54.3795797
            ],
            [
              -2.5735907,
              54.3794837
            ],
            [
              -2.5734724,
              54.3793592
            ],
            [
              -2.5732335,
              54.3791008
            ],
            [
              -2.5731459,
              54.3789708
            ],
            [
              -2.5731129,
              54.3788602
            ],
            [
              -2.5731733,
              54.3784606
            ],
            [
              -2.5731669,
              54.3783373
            ],
            [
              -2.5731158,
              54.3782325
            ],
            [
              -2.5729998,
              54.3781102
            ],
            [
              -2.5726204,
              54.3777899
            ],
            [
              -2.5725939,
              54.3777334
            ],
            [
              -2.5724809,
              54.3773286
            ],
            [
              -2.5724096,
              54.3771596
            ],
            [
              -2.5722733,
              54.3769362
            ],
            [
              -2.5721976,
              54.376581
            ],
            [
              -2.5721599,
              54.3763081
            ],
            [
              -2.5721682,
              54.3761706
            ],
            [
              -2.5723625,
              54.3755904
            ],
            [
              -2.5723808,
              54.3754948
            ],
            [
              -2.5723835,
              54.3754511
            ],
            [
              -2.5723863,
              54.3753834
            ],
            [
              -2.5723658,
              54.3753462
            ],
            [
              -2.5723454,
              54.3753226
            ],
            [
              -2.5722315,
              54.375205
            ],
            [
              -2.5722113,
              54.3751917
            ],
            [
              -2.5721497,
              54.3751377
            ],
            [
              -2.572136,
              54.3751008
            ],
            [
              -2.5721344,
              54.3750288
            ],
            [
              -2.5721009,
              54.3749386
            ],
            [
              -2.5719267,
              54.3746634
            ],
            [
              -2.5718709,
              54.3745798
            ],
            [
              -2.5718454,
              54.3745169
            ],
            [
              -2.5718391,
              54.3744784
            ],
            [
              -2.571844,
              54.3744446
            ]
          ],
          [
            [
              -2.571853,
              54.3744027
            ],
            [
              -2.5718652,
              54.3743739
            ],
            [
              -2.5718838,
              54.3743503
            ],
            [
              -2.571931,
              54.3743187
            ],
            [
              -2.5721659,
              54.3741977
            ],
            [
              -2.5722379,
              54.3741578
            ],
            [
              -2.572308,
              54.3740878
            ],
            [
              -2.5723754,
              54.3740036
            ],
            [
              -2.5725787,
              54.3738118
            ],
            [
              -2.5726737,
              54.3737017
            ],
            [
              -2.5726937,
              54.3736618
            ],
            [
              -2.5727043,
              54.3736226
            ],
            [
              -2.5726952,
              54.3735772
            ],
            [
              -2.5724705,
              54.3730041
            ],
            [
              -2.5724101,
              54.3728799
            ],
            [
              -2.5722784,
              54.3726874
            ],
            [
              -2.5722043,
              54.3725545
            ],
            [
              -2.5721761,
              54.3724542
            ],
            [
              -2.5721178,
              54.372122
            ],
            [
              -2.5720785,
              54.3720137
            ],
            [
              -2.5719861,
              54.3718651
            ],
            [
              -2.5718789,
              54.3717184
            ],
            [
              -2.5717617,
              54.3715775
            ],
            [
              -2.5715282,
              54.3713648
            ],
            [
              -2.5714521,
              54.371273
            ],
            [
              -2.5713586,
              54.3711341
            ],
            [
              -2.5712731,
              54.3709719
            ],
            [
              -2.5712114,
              54.3708946
            ],
            [
              -2.5710735,
              54.3706725
            ],
            [
              -2.5709871,
              54.3705134
            ],
            [
              -2.5709279,
              54.3703491
            ],
            [
              -2.5708749,
              54.370264
            ],
            [
              -2.5708525,
              54.3702033
            ],
            [
              -2.5706968,
              54.3699167
            ],
            [
              -2.5705312,
              54.3696605
            ],
            [
              -2.5704868,
              54.3695597
            ],
            [
              -2.570388,
              54.3691682
            ],
            [
              -2.5703437,
              54.3690698
            ],
            [
              -2.5702099,
              54.3688327
            ],
            [
              -2.5701149,
              54.3686759
            ],
            [
              -2.5700078,
              54.3684502
            ],
            [
              -2.5696296,
              54.3676738
            ],
            [
              -2.569469,
              54.367391
            ],
            [
              -2.5694205,
              54.3672883
            ],
            [
              -2.5692611,
              54.3668608
            ],
            [
              -2.5691268,
              54.3663628
            ],
            [
              -2.569097,
              54.3661986
            ],
            [
              -2.5690541,
              54.3660695
            ],
            [
              -2.5689975,
              54.3659223
            ],
            [
              -2.5689206,
              54.3657296
            ],
            [
              -2.5687978,
              54.365411
            ],
            [
              -2.5687189,
              54.3651238
            ],
            [
              -2.5686977,
              54.3649661
            ],
            [
              -2.5686871,
              54.3648753
            ],
            [
              -2.5686614,
              54.3647907
            ],
            [
              -2.5686252,
              54.3647019
            ],
            [
              -2.5684501,
              54.3641544
            ],
            [
              -2.5683567,
              54.3638673
            ],
            [
              -2.5683211,
              54.3637461
            ],
            [
              -2.5682899,
              54.3636208
            ],
            [
              -2.5682766,
              54.363511
            ],
            [
              -2.5682587,
              54.3634025
            ],
            [
              -2.5682401,
              54.3633417
            ],
            [
              -2.5681761,
              54.3631766
            ],
            [
              -2.5681172,
              54.362989
            ],
            [
              -2.5680905,
              54.3629295
            ],
            [
              -2.5680327,
              54.3628436
            ],
            [
              -2.5679468,
              54.3626864
            ],
            [
              -2.5679384,
              54.3625215
            ],
            [
              -2.5681205,
              54.362092
            ],
            [
              -2.5681091,
              54.3618159
            ],
            [
              -2.5681176,
              54.3614971
            ],
            [
              -2.5682331,
              54.3613475
            ],
            [
              -2.5681964,
              54.361256
            ],
            [
              -2.5681091,
              54.3611699
            ],
            [
              -2.5679688,
              54.3610169
            ],
            [
              -2.5676713,
              54.3608172
            ],
            [
              -2.5675887,
              54.3605962
            ],
            [
              -2.5675948,
              54.3602859
            ],
            [
              -2.5675816,
              54.3599606
            ],
            [
              -2.5673088,
              54.3584712
            ],
            [
              -2.5671324,
              54.3580943
            ],
            [
              -2.5670948,
              54.3575468
            ],
            [
              -2.5670275,
              54.357235
            ],
            [
              -2.5670415,
              54.356937
            ],
            [
              -2.5670583,
              54.3568238
            ],
            [
              -2.5670766,
              54.35648
            ],
            [
              -2.567051,
              54.356318
            ],
            [
              -2.5669245,
              54.3561819
            ],
            [
              -2.566721,
              54.356071
            ],
            [
              -2.5665816,
              54.3559756
            ],
            [
              -2.5665063,
              54.3558249
            ],
            [
              -2.5664156,
              54.3555384
            ],
            [
              -2.5662303,
              54.3552399
            ],
            [
              -2.5660462,
              54.3548934
            ],
            [
              -2.565981,
              54.35477
            ],
            [
              -2.5657,
              54.354515
            ],
            [
              -2.565526,
              54.354397
            ],
            [
              -2.565154,
              54.354196
            ],
            [
              -2.5648946,
              54.3540134
            ],
            [
              -2.5646486,
              54.3538149
            ],
            [
              -2.564429,
              54.353615
            ],
            [
              -2.56431,
              54.3534382
            ],
            [
              -2.564089,
              54.3532172
            ],
            [
              -2.563994,
              54.353061
            ],
            [
              -2.563899,
              54.352893
            ],
            [
              -2.5638714,
              54.3527617
            ],
            [
              -2.5638575,
              54.3526416
            ],
            [
              -2.5638544,
              54.352615
            ],
            [
              -2.5638875,
              54.3524083
            ],
            [
              -2.5638619,
              54.3521264
            ],
            [
              -2.5638792,
              54.3518962
            ],
            [
              -2.5640363,
              54.3511199
            ],
            [
              -2.5641191,
              54.3509717
            ],
            [
              -2.5642661,
              54.3507139
            ],
            [
              -2.5643024,
              54.3502813
            ],
            [
              -2.5643853,
              54.3501465
            ],
            [
              -2.5644077,
              54.3500848
            ],
            [
              -2.5643766,
              54.3500057
            ],
            [
              -2.5642688,
              54.3499251
            ],
            [
              -2.5640672,
              54.3498063
            ],
            [
              -2.5639758,
              54.3497024
            ],
            [
              -2.5639394,
              54.349628
            ],
            [
              -2.5639979,
              54.3495096
            ],
            [
              -2.5640899,
              54.34945
            ],
            [
              -2.564243,
              54.3494183
            ],
            [
              -2.564332,
              54.3493554
            ],
            [
              -2.5643602,
              54.3492776
            ],
            [
              -2.5643284,
              54.3491447
            ],
            [
              -2.5642312,
              54.3490807
            ],
            [
              -2.5640985,
              54.3490374
            ],
            [
              -2.5638973,
              54.3490173
            ],
            [
              -2.56371,
              54.348937
            ],
            [
              -2.563539,
              54.348877
            ],
            [
              -2.563189,
              54.34855
            ],
            [
              -2.5626667,
              54.3483182
            ],
            [
              -2.562478,
              54.348201
            ],
            [
              -2.5624157,
              54.3481756
            ],
            [
              -2.5623944,
              54.3481563
            ],
            [
              -2.5623652,
              54.3481212
            ],
            [
              -2.5623619,
              54.3481167
            ],
            [
              -2.5623387,
              54.3480842
            ],
            [
              -2.5623166,
              54.3480109
            ],
            [
              -2.5621952,
              54.347554
            ],
            [
              -2.562104,
              54.3469238
            ],
            [
              -2.5619555,
              54.3467026
            ],
            [
              -2.5618401,
              54.3464625
            ],
            [
              -2.5617277,
              54.3460483
            ],
            [
              -2.561537,
              54.345399
            ],
            [
              -2.5613758,
              54.3449516
            ],
            [
              -2.5612338,
              54.3446404
            ],
            [
              -2.561118,
              54.3443867
            ],
            [
              -2.5610321,
              54.3442435
            ],
            [
              -2.5609473,
              54.343875
            ],
            [
              -2.5609383,
              54.3438359
            ],
            [
              -2.5608605,
              54.3435482
            ],
            [
              -2.5608274,
              54.3434759
            ],
            [
              -2.5607793,
              54.3433708
            ],
            [
              -2.560477,
              54.3424615
            ],
            [
              -2.5600895,
              54.3414745
            ],
            [
              -2.5600245,
              54.3411855
            ],
            [
              -2.559974,
              54.340918
            ],
            [
              -2.559903,
              54.3406005
            ],
            [
              -2.5597778,
              54.340205
            ],
            [
              -2.5596113,
              54.3398738
            ],
            [
              -2.559336,
              54.3394219
            ],
            [
              -2.5591844,
              54.3391827
            ],
            [
              -2.5591753,
              54.3391489
            ],
            [
              -2.5591257,
              54.3389647
            ],
            [
              -2.5589816,
              54.3385226
            ],
            [
              -2.5589534,
              54.3383748
            ],
            [
              -2.558852,
              54.338276
            ]
          ],
          [
            [
              -2.5805396,
              54.2752307
            ],
            [
              -2.5805157,
              54.2755413
            ],
            [
              -2.5804582,
              54.2759353
            ],
            [
              -2.5803595,
              54.2764721
            ],
            [
              -2.5802979,
              54.2766615
            ],
            [
              -2.5802127,
              54.2768584
            ],
            [
              -2.5800061,
              54.2771998
            ],
            [
              -2.5797936,
              54.2775949
            ],
            [
              -2.5796038,
              54.2780705
            ],
            [
              -2.579461,
              54.2782965
            ],
            [
              -2.5787381,
              54.279429
            ],
            [
              -2.5785819,
              54.2797868
            ],
            [
              -2.5782704,
              54.2802231
            ],
            [
              -2.5781658,
              54.2803844
            ],
            [
              -2.5781255,
              54.2804628
            ],
            [
              -2.5734695,
              54.2885039
            ],
            [
              -2.5730163,
              54.2892613
            ],
            [
              -2.5716324,
              54.2916203
            ],
            [
              -2.5715565,
              54.2917216
            ],
            [
              -2.5712222,
              54.2921854
            ],
            [
              -2.5710386,
              54.2924445
            ],
            [
              -2.570891,
              54.2926822
            ],
            [
              -2.5708146,
              54.2928269
            ],
            [
              -2.570742,
              54.2929867
            ],
            [
              -2.5703236,
              54.2940262
            ],
            [
              -2.5699058,
              54.2950624
            ],
            [
              -2.5696966,
              54.2953995
            ],
            [
              -2.5693915,
              54.2958668
            ]
          ],
          [
            [
              -2.5805422,
              54.275038
            ],
            [
              -2.5804582,
              54.2743078
            ],
            [
              -2.5804548,
              54.2742453
            ],
            [
              -2.5804457,
              54.2740811
            ],
            [
              -2.5804432,
              54.273927
            ],
            [
              -2.580435,
              54.2736567
            ],
            [
              -2.5804621,
              54.273427
            ],
            [
              -2.5805583,
              54.2730663
            ],
            [
              -2.5805905,
              54.2729456
            ],
            [
              -2.5807062,
              54.271311
            ]
          ],
          [
            [
              -2.5686576,
              54.1878616
            ],
            [
              -2.5686769,
              54.1877041
            ],
            [
              -2.568634,
              54.1874681
            ],
            [
              -2.5686855,
              54.1873375
            ],
            [
              -2.56863,
              54.1870888
            ],
            [
              -2.568634,
              54.1869719
            ],
            [
              -2.568643,
              54.1868767
            ],
            [
              -2.5685825,
              54.1864134
            ],
            [
              -2.5685739,
              54.185871
            ],
            [
              -2.5685395,
              54.1852951
            ],
            [
              -2.5681627,
              54.1793016
            ],
            [
              -2.567396,
              54.1658702
            ],
            [
              -2.5669799,
              54.1609682
            ],
            [
              -2.5668536,
              54.1594802
            ],
            [
              -2.5667595,
              54.1583718
            ],
            [
              -2.5667519,
              54.1582398
            ],
            [
              -2.5667093,
              54.1577794
            ],
            [
              -2.5666272,
              54.1505853
            ],
            [
              -2.5660264,
              54.1462496
            ],
            [
              -2.565254,
              54.1430146
            ],
            [
              -2.5641049,
              54.13969
            ],
            [
              -2.5618733,
              54.1348352
            ],
            [
              -2.5580449,
              54.122018
            ],
            [
              -2.5567381,
              54.1176419
            ],
            [
              -2.5546643,
              54.1150481
            ],
            [
              -2.5427659,
              54.1008555
            ],
            [
              -2.5379762,
              54.0911708
            ],
            [
              -2.5339834,
              54.0825596
            ],
            [
              -2.5335944,
              54.0817385
            ],
            [
              -2.5332874,
              54.0811581
            ],
            [
              -2.5328241,
              54.0801305
            ],
            [
              -2.5326534,
              54.0797519
            ],
            [
              -2.5325097,
              54.0794487
            ],
            [
              -2.5323205,
              54.0790492
            ],
            [
              -2.5322423,
              54.0788841
            ],
            [
              -2.5321129,
              54.0785358
            ],
            [
              -2.5320087,
              54.0782844
            ],
            [
              -2.5319701,
              54.0781913
            ],
            [
              -2.5319522,
              54.0780787
            ],
            [
              -2.5319348,
              54.0779696
            ],
            [
              -2.531924,
              54.0778853
            ],
            [
              -2.531898,
              54.0777944
            ],
            [
              -2.531878,
              54.0777623
            ],
            [
              -2.5288891,
              54.0705106
            ],
            [
              -2.524912,
              54.0615428
            ],
            [
              -2.5243798,
              54.0609465
            ],
            [
              -2.5230219,
              54.0598699
            ],
            [
              -2.5225881,
              54.0593311
            ],
            [
              -2.5224307,
              54.0588692
            ],
            [
              -2.5224746,
              54.0586959
            ],
            [
              -2.5232084,
              54.0561357
            ],
            [
              -2.5232273,
              54.0560703
            ],
            [
              -2.5247639,
              54.0507497
            ],
            [
              -2.5264118,
              54.044928
            ],
            [
              -2.5284857,
              54.0382357
            ],
            [
              -2.5299829,
              54.0340897
            ],
            [
              -2.5348373,
              54.0281801
            ],
            [
              -2.5242535,
              54.018696
            ],
            [
              -2.5219148,
              54.0163345
            ],
            [
              -2.4884289,
              54.0051634
            ],
            [
              -2.4857501,
              54.0042547
            ],
            [
              -2.4679458,
              53.991721
            ],
            [
              -2.4679537,
              53.9913205
            ],
            [
              -2.469371,
              53.9865278
            ],
            [
              -2.4725885,
              53.9754981
            ],
            [
              -2.4763233,
              53.9618677
            ],
            [
              -2.4789196,
              53.9530299
            ]
          ],
          [
            [
              -2.4885327,
              53.9227779
            ],
            [
              -2.4839826,
              53.9360169
            ]
          ],
          [
            [
              -2.5135457,
              53.8937902
            ],
            [
              -2.5154032,
              53.8919524
            ],
            [
              -2.5167253,
              53.8906444
            ],
            [
              -2.5189348,
              53.8884344
            ],
            [
              -2.5198316,
              53.887587
            ],
            [
              -2.5233261,
              53.8840263
            ],
            [
              -2.5256466,
              53.881695
            ],
            [
              -2.5275249,
              53.8799146
            ],
            [
              -2.5339687,
              53.8735421
            ],
            [
              -2.5346513,
              53.8728753
            ],
            [
              -2.5347188,
              53.8728093
            ],
            [
              -2.5444454,
              53.8633084
            ],
            [
              -2.5456524,
              53.8620189
            ],
            [
              -2.5472134,
              53.860284
            ],
            [
              -2.5485009,
              53.8591071
            ],
            [
              -2.5498313,
              53.8579175
            ],
            [
              -2.5509471,
              53.8570347
            ],
            [
              -2.5512475,
              53.8567063
            ],
            [
              -2.5525618,
              53.8553622
            ],
            [
              -2.5487423,
              53.8496159
            ],
            [
              -2.5477982,
              53.8481728
            ],
            [
              -2.5448585,
              53.8436535
            ],
            [
              -2.544086,
              53.8426407
            ],
            [
              -2.5438187,
              53.8421928
            ],
            [
              -2.5435495,
              53.8417419
            ],
            [
              -2.5433407,
              53.8414168
            ],
            [
              -2.542069,
              53.8394376
            ],
            [
              -2.5411463,
              53.8381341
            ],
            [
              -2.5398588,
              53.8362216
            ],
            [
              -2.5396013,
              53.835905
            ],
            [
              -2.5394297,
              53.8356644
            ],
            [
              -2.5367887,
              53.8316363
            ],
            [
              -2.5363944,
              53.8310434
            ],
            [
              -2.5363518,
              53.8309823
            ],
            [
              -2.5358633,
              53.8303085
            ],
            [
              -2.5356945,
              53.8300757
            ],
            [
              -2.5356214,
              53.8299748
            ],
            [
              -2.5348661,
              53.8288452
            ],
            [
              -2.534128,
              53.8276699
            ],
            [
              -2.5339242,
              53.8273657
            ],
            [
              -2.5335678,
              53.8268336
            ],
            [
              -2.53329,
              53.8264242
            ],
            [
              -2.5329539,
              53.8259288
            ],
            [
              -2.5327291,
              53.8255975
            ],
            [
              -2.5325771,
              53.8253734
            ],
            [
              -2.5324479,
              53.825183
            ],
            [
              -2.5322622,
              53.8249093
            ],
            [
              -2.5321968,
              53.8247164
            ],
            [
              -2.530117,
              53.8215183
            ],
            [
              -2.5305108,
              53.8203136
            ],
            [
              -2.5305149,
              53.820257
            ],
            [
              -2.5305132,
              53.8202182
            ],
            [
              -2.5305111,
              53.8201712
            ],
            [
              -2.5306308,
              53.819719
            ],
            [
              -2.5307337,
              53.8191838
            ],
            [
              -2.5308154,
              53.8187583
            ],
            [
              -2.5308417,
              53.8181371
            ],
            [
              -2.5308719,
              53.8179583
            ],
            [
              -2.5309942,
              53.8174833
            ],
            [
              -2.5310565,
              53.8172273
            ],
            [
              -2.5311852,
              53.8166315
            ],
            [
              -2.5312312,
              53.8162652
            ],
            [
              -2.5312907,
              53.8158176
            ],
            [
              -2.5313943,
              53.8155293
            ],
            [
              -2.531488,
              53.8153292
            ],
            [
              -2.5315736,
              53.8151329
            ]
          ],
          [
            [
              -2.5136878,
              53.893784
            ],
            [
              -2.5135457,
              53.8937902
            ],
            [
              -2.5132406,
              53.8940587
            ],
            [
              -2.5126659,
              53.8946108
            ],
            [
              -2.5115243,
              53.8956891
            ],
            [
              -2.5104079,
              53.8967992
            ],
            [
              -2.5098926,
              53.897306
            ],
            [
              -2.5093564,
              53.8978423
            ],
            [
              -2.5080368,
              53.8991572
            ],
            [
              -2.5068866,
              53.9002976
            ],
            [
              -2.5064659,
              53.900684
            ],
            [
              -2.5011952,
              53.905888
            ],
            [
              -2.5011684,
              53.9059124
            ],
            [
              -2.5008853,
              53.9061818
            ],
            [
              -2.5002614,
              53.906746
            ],
            [
              -2.49973,
              53.9072533
            ],
            [
              -2.4991414,
              53.9078316
            ],
            [
              -2.4986665,
              53.9083278
            ],
            [
              -2.4980234,
              53.9089368
            ],
            [
              -2.4971644,
              53.9097357
            ],
            [
              -2.496667,
              53.9102322
            ],
            [
              -2.4961723,
              53.9107001
            ],
            [
              -2.493544,
              53.9133
            ],
            [
              -2.4932546,
              53.9136408
            ],
            [
              -2.4928825,
              53.913987
            ],
            [
              -2.4926838,
              53.9141934
            ],
            [
              -2.4909568,
              53.9157145
            ]
          ],
          [
            [
              -2.5690986,
              54.1887124
            ],
            [
              -2.5690333,
              54.1887427
            ],
            [
              -2.568806,
              54.1888593
            ],
            [
              -2.5687459,
              54.1889069
            ],
            [
              -2.5687215,
              54.1889554
            ],
            [
              -2.5686973,
              54.189009
            ],
            [
              -2.5687022,
              54.18947
            ],
            [
              -2.5687145,
              54.1896091
            ],
            [
              -2.5687425,
              54.1898456
            ],
            [
              -2.5688066,
              54.190052
            ],
            [
              -2.5688718,
              54.1901946
            ],
            [
              -2.5687973,
              54.1902187
            ],
            [
              -2.5687704,
              54.1903036
            ],
            [
              -2.5687708,
              54.1905275
            ],
            [
              -2.5687437,
              54.1905864
            ],
            [
              -2.5686107,
              54.1907808
            ],
            [
              -2.56861,
              54.1908622
            ],
            [
              -2.5688536,
              54.191739
            ],
            [
              -2.5688542,
              54.1924958
            ],
            [
              -2.5688844,
              54.1935721
            ],
            [
              -2.568974,
              54.1941137
            ],
            [
              -2.5690653,
              54.1949014
            ],
            [
              -2.5691832,
              54.1967572
            ],
            [
              -2.569186,
              54.196801
            ],
            [
              -2.5691796,
              54.1968938
            ],
            [
              -2.5691754,
              54.1969554
            ],
            [
              -2.5691706,
              54.1970244
            ],
            [
              -2.5691665,
              54.1970839
            ],
            [
              -2.5691508,
              54.1973131
            ],
            [
              -2.5691636,
              54.1975026
            ],
            [
              -2.5692061,
              54.1981302
            ],
            [
              -2.5692057,
              54.198185
            ],
            [
              -2.5692174,
              54.1985095
            ],
            [
              -2.5691981,
              54.1992543
            ],
            [
              -2.5692827,
              54.199699
            ],
            [
              -2.5693267,
              54.2000797
            ],
            [
              -2.5693877,
              54.2009567
            ],
            [
              -2.5693951,
              54.2010945
            ],
            [
              -2.5694632,
              54.2017992
            ],
            [
              -2.5695425,
              54.2028678
            ],
            [
              -2.5695637,
              54.2032925
            ],
            [
              -2.5696159,
              54.2050806
            ],
            [
              -2.5698943,
              54.2065422
            ],
            [
              -2.5700063,
              54.2069894
            ],
            [
              -2.5700522,
              54.2073529
            ],
            [
              -2.5700444,
              54.2075247
            ],
            [
              -2.5700756,
              54.2076912
            ],
            [
              -2.5700838,
              54.2079464
            ],
            [
              -2.5701006,
              54.2080918
            ],
            [
              -2.5701574,
              54.2083167
            ],
            [
              -2.570316,
              54.2087415
            ],
            [
              -2.5703765,
              54.2089185
            ],
            [
              -2.570372,
              54.2090374
            ],
            [
              -2.5704013,
              54.209423
            ],
            [
              -2.5705178,
              54.2097801
            ],
            [
              -2.5707818,
              54.2109614
            ],
            [
              -2.5709759,
              54.2115758
            ],
            [
              -2.5710165,
              54.2120968
            ],
            [
              -2.5710458,
              54.2122755
            ],
            [
              -2.5713499,
              54.2134516
            ],
            [
              -2.5714471,
              54.2137353
            ],
            [
              -2.571471,
              54.2137791
            ],
            [
              -2.5727579,
              54.2194756
            ],
            [
              -2.5743196,
              54.2265067
            ],
            [
              -2.5745967,
              54.2270276
            ],
            [
              -2.5746686,
              54.2272434
            ],
            [
              -2.5748213,
              54.2278281
            ],
            [
              -2.5751091,
              54.2282435
            ],
            [
              -2.5752039,
              54.2290245
            ],
            [
              -2.5752006,
              54.229038
            ],
            [
              -2.5754911,
              54.2297301
            ],
            [
              -2.5756472,
              54.2300243
            ],
            [
              -2.5759192,
              54.2303447
            ],
            [
              -2.5779811,
              54.232213
            ],
            [
              -2.5802713,
              54.2367602
            ],
            [
              -2.5802537,
              54.2368728
            ],
            [
              -2.5802714,
              54.2369788
            ],
            [
              -2.5803146,
              54.2370913
            ],
            [
              -2.580385,
              54.2371678
            ],
            [
              -2.5805473,
              54.2373078
            ],
            [
              -2.5807569,
              54.2375306
            ],
            [
              -2.5808594,
              54.2376353
            ],
            [
              -2.5809839,
              54.2377758
            ],
            [
              -2.5811327,
              54.2379634
            ],
            [
              -2.5812439,
              54.2381256
            ],
            [
              -2.5814117,
              54.2383811
            ],
            [
              -2.5815159,
              54.2386079
            ],
            [
              -2.5816847,
              54.238981
            ],
            [
              -2.5823779,
              54.2403639
            ],
            [
              -2.5825566,
              54.2407396
            ],
            [
              -2.5826791,
              54.2410791
            ],
            [
              -2.5828673,
              54.2415496
            ],
            [
              -2.5829157,
              54.2417487
            ],
            [
              -2.5829459,
              54.2420187
            ],
            [
              -2.5829599,
              54.2422096
            ],
            [
              -2.5831178,
              54.2442442
            ],
            [
              -2.5832437,
              54.2455772
            ],
            [
              -2.5834131,
              54.2461607
            ],
            [
              -2.5835222,
              54.2465387
            ],
            [
              -2.5835723,
              54.2467189
            ],
            [
              -2.5836578,
              54.2468853
            ],
            [
              -2.5838648,
              54.247177
            ],
            [
              -2.5839457,
              54.247303
            ],
            [
              -2.5839993,
              54.2474722
            ],
            [
              -2.5839835,
              54.2477298
            ],
            [
              -2.5839005,
              54.2478774
            ],
            [
              -2.5838335,
              54.2479901
            ],
            [
              -2.5837401,
              54.248138
            ],
            [
              -2.5836938,
              54.2483065
            ],
            [
              -2.5836766,
              54.2488897
            ],
            [
              -2.5837518,
              54.2494167
            ],
            [
              -2.5838083,
              54.2498496
            ],
            [
              -2.5838352,
              54.2501069
            ],
            [
              -2.5838916,
              54.2506135
            ],
            [
              -2.5838792,
              54.2513942
            ],
            [
              -2.5838539,
              54.251661
            ],
            [
              -2.5837895,
              54.2518634
            ],
            [
              -2.5833754,
              54.257585
            ],
            [
              -2.5833807,
              54.2577404
            ],
            [
              -2.5833644,
              54.257882
            ],
            [
              -2.5830906,
              54.2591004
            ],
            [
              -2.5830793,
              54.2591507
            ]
          ],
          [
            [
              -2.5831163,
              54.2591536
            ],
            [
              -2.5808516,
              54.2671821
            ]
          ],
          [
            [
              -2.532,
              53.8136534
            ],
            [
              -2.5320125,
              53.8135906
            ],
            [
              -2.532067,
              53.813334
            ],
            [
              -2.5321189,
              53.8130628
            ],
            [
              -2.5321829,
              53.8128458
            ],
            [
              -2.5322375,
              53.8125242
            ],
            [
              -2.5322702,
              53.8124215
            ],
            [
              -2.5323149,
              53.8122319
            ],
            [
              -2.5325062,
              53.8118235
            ]
          ],
          [
            [
              -2.531874,
              53.8136747
            ],
            [
              -2.531895,
              53.8137074
            ],
            [
              -2.5319087,
              53.8137286
            ],
            [
              -2.5319204,
              53.8137822
            ],
            [
              -2.531906,
              53.8138416
            ],
            [
              -2.5318656,
              53.8139497
            ],
            [
              -2.5318108,
              53.8141518
            ],
            [
              -2.5317947,
              53.8142614
            ],
            [
              -2.5317827,
              53.8145964
            ],
            [
              -2.5317713,
              53.8146931
            ],
            [
              -2.5317558,
              53.814736
            ],
            [
              -2.5316431,
              53.814987
            ]
          ],
          [
            [
              -1.9281328,
              53.2629255
            ],
            [
              -1.9281841,
              53.2629531
            ],
            [
              -1.9283169,
              53.2630298
            ],
            [
              -1.9284882,
              53.2631384
            ],
            [
              -1.9292928,
              53.2636925
            ],
            [
              -1.9302484,
              53.2643616
            ],
            [
              -1.9312813,
              53.2651751
            ],
            [
              -1.9323998,
              53.2659681
            ],
            [
              -1.9326163,
              53.2661536
            ],
            [
              -1.9326961,
              53.2662186
            ],
            [
              -1.933017,
              53.2664887
            ],
            [
              -1.9338603,
              53.2672823
            ],
            [
              -1.9341347,
              53.2675256
            ],
            [
              -1.9344351,
              53.267748
            ],
            [
              -1.9351724,
              53.2683243
            ],
            [
              -1.9352647,
              53.2684225
            ],
            [
              -1.9352942,
              53.2684503
            ],
            [
              -1.9358969,
              53.2690983
            ],
            [
              -1.9361353,
              53.2693613
            ],
            [
              -1.936304,
              53.269542
            ],
            [
              -1.9364848,
              53.2696569
            ],
            [
              -1.936734,
              53.2697528
            ],
            [
              -1.9367299,
              53.2698194
            ],
            [
              -1.9373142,
              53.2704733
            ],
            [
              -1.9381083,
              53.271384
            ],
            [
              -1.938337,
              53.2717169
            ],
            [
              -1.9386548,
              53.2721796
            ],
            [
              -1.939017,
              53.272654
            ],
            [
              -1.93932,
              53.273101
            ],
            [
              -1.9396008,
              53.2734357
            ],
            [
              -1.9396543,
              53.27356
            ],
            [
              -1.939663,
              53.2736593
            ],
            [
              -1.9396643,
              53.2739727
            ],
            [
              -1.9396948,
              53.274057
            ],
            [
              -1.9397405,
              53.2741037
            ],
            [
              -1.9398726,
              53.2742153
            ],
            [
              -1.9399838,
              53.2743411
            ],
            [
              -1.9401586,
              53.2744822
            ],
            [
              -1.9405939,
              53.2748464
            ],
            [
              -1.9409252,
              53.2751358
            ],
            [
              -1.9411682,
              53.2753047
            ],
            [
              -1.941398,
              53.275416
            ],
            [
              -1.941687,
              53.27559
            ],
            [
              -1.942007,
              53.275741
            ],
            [
              -1.942127,
              53.27584
            ],
            [
              -1.942174,
              53.275893
            ],
            [
              -1.942289,
              53.276173
            ],
            [
              -1.9424741,
              53.276343
            ],
            [
              -1.9425646,
              53.2764738
            ],
            [
              -1.9426996,
              53.2766486
            ],
            [
              -1.942881,
              53.27687
            ],
            [
              -1.9430421,
              53.2770575
            ],
            [
              -1.943292,
              53.27746
            ],
            [
              -1.945068,
              53.278802
            ],
            [
              -1.945639,
              53.279309
            ],
            [
              -1.946289,
              53.279545
            ],
            [
              -1.946412,
              53.279607
            ],
            [
              -1.947342,
              53.28019
            ],
            [
              -1.947774,
              53.280435
            ],
            [
              -1.948205,
              53.280728
            ],
            [
              -1.948415,
              53.280933
            ],
            [
              -1.948549,
              53.281131
            ],
            [
              -1.948993,
              53.282092
            ],
            [
              -1.949159,
              53.282423
            ],
            [
              -1.949297,
              53.282637
            ],
            [
              -1.95141,
              53.284217
            ],
            [
              -1.9514765,
              53.2842754
            ],
            [
              -1.9515153,
              53.2843094
            ],
            [
              -1.9517614,
              53.2844958
            ],
            [
              -1.952024,
              53.284712
            ],
            [
              -1.952881,
              53.28518
            ],
            [
              -1.952981,
              53.285214
            ],
            [
              -1.953207,
              53.285249
            ],
            [
              -1.953326,
              53.2852573
            ],
            [
              -1.953686,
              53.286009
            ],
            [
              -1.953842,
              53.286433
            ],
            [
              -1.953957,
              53.286869
            ],
            [
              -1.954078,
              53.287082
            ],
            [
              -1.9541362,
              53.2871557
            ],
            [
              -1.9541579,
              53.2871786
            ],
            [
              -1.955047,
              53.287771
            ],
            [
              -1.9552748,
              53.2879143
            ],
            [
              -1.9555947,
              53.2880903
            ],
            [
              -1.956179,
              53.288402
            ],
            [
              -1.956958,
              53.288914
            ],
            [
              -1.957269,
              53.289202
            ],
            [
              -1.957578,
              53.289568
            ],
            [
              -1.958065,
              53.289987
            ],
            [
              -1.958453,
              53.290267
            ],
            [
              -1.9585383,
              53.2903255
            ],
            [
              -1.9586862,
              53.2904268
            ],
            [
              -1.9588325,
              53.2905214
            ],
            [
              -1.9589807,
              53.2906193
            ],
            [
              -1.9591091,
              53.2907142
            ],
            [
              -1.959215,
              53.290814
            ],
            [
              -1.9592571,
              53.2909758
            ],
            [
              -1.9592989,
              53.2910945
            ],
            [
              -1.9593248,
              53.2911553
            ],
            [
              -1.959368,
              53.291226
            ],
            [
              -1.9595294,
              53.2913497
            ],
            [
              -1.9596991,
              53.2914677
            ],
            [
              -1.959849,
              53.2916032
            ],
            [
              -1.960017,
              53.291744
            ],
            [
              -1.9604285,
              53.2921769
            ],
            [
              -1.9607046,
              53.2924793
            ],
            [
              -1.960838,
              53.2926048
            ],
            [
              -1.960922,
              53.2926729
            ],
            [
              -1.9610098,
              53.2927306
            ],
            [
              -1.9614291,
              53.2929386
            ],
            [
              -1.9617363,
              53.2930747
            ],
            [
              -1.9618328,
              53.2931358
            ],
            [
              -1.9618916,
              53.2931863
            ],
            [
              -1.9619484,
              53.2932497
            ],
            [
              -1.9620207,
              53.293365
            ],
            [
              -1.9620664,
              53.2935851
            ],
            [
              -1.962082,
              53.2936933
            ],
            [
              -1.9620808,
              53.2937241
            ],
            [
              -1.9620703,
              53.2940038
            ],
            [
              -1.9620009,
              53.2942433
            ],
            [
              -1.9619481,
              53.2944385
            ],
            [
              -1.9618929,
              53.2946893
            ],
            [
              -1.96155,
              53.295248
            ],
            [
              -1.961504,
              53.295445
            ],
            [
              -1.961495,
              53.29563
            ],
            [
              -1.9615592,
              53.2958001
            ],
            [
              -1.9615972,
              53.2959238
            ],
            [
              -1.9617268,
              53.296102
            ],
            [
              -1.9618398,
              53.2964775
            ],
            [
              -1.961855,
              53.2966492
            ],
            [
              -1.961848,
              53.297072
            ],
            [
              -1.9618953,
              53.2972775
            ],
            [
              -1.96213,
              53.297799
            ],
            [
              -1.962299,
              53.298616
            ],
            [
              -1.962418,
              53.298923
            ],
            [
              -1.962582,
              53.299222
            ],
            [
              -1.962838,
              53.299518
            ],
            [
              -1.963608,
              53.300268
            ],
            [
              -1.9646567,
              53.3012546
            ],
            [
              -1.96484,
              53.301427
            ],
            [
              -1.966142,
              53.302724
            ],
            [
              -1.966858,
              53.303401
            ],
            [
              -1.967151,
              53.303728
            ],
            [
              -1.967284,
              53.303922
            ]
          ],
          [
            [
              -1.9043184,
              53.2470961
            ],
            [
              -1.9040946,
              53.2469256
            ],
            [
              -1.9040023,
              53.2468567
            ],
            [
              -1.903912,
              53.2467786
            ],
            [
              -1.9035859,
              53.246454
            ],
            [
              -1.9034143,
              53.2462674
            ],
            [
              -1.9033539,
              53.2462017
            ],
            [
              -1.9031674,
              53.2460154
            ],
            [
              -1.9026589,
              53.2455075
            ],
            [
              -1.9025726,
              53.2454257
            ],
            [
              -1.9022668,
              53.2451359
            ],
            [
              -1.9020518,
              53.2449372
            ],
            [
              -1.9019083,
              53.2448136
            ],
            [
              -1.9016328,
              53.244619
            ],
            [
              -1.9015584,
              53.2445706
            ],
            [
              -1.9009454,
              53.2441743
            ],
            [
              -1.9002243,
              53.243714
            ],
            [
              -1.9001077,
              53.2436396
            ],
            [
              -1.8991153,
              53.2429992
            ],
            [
              -1.8979617,
              53.2422506
            ],
            [
              -1.8960802,
              53.2410674
            ],
            [
              -1.8953652,
              53.2405724
            ],
            [
              -1.8952005,
              53.2404539
            ],
            [
              -1.8947726,
              53.2401588
            ],
            [
              -1.8923428,
              53.2384399
            ]
          ],
          [
            [
              -1.8311967,
              53.2105302
            ],
            [
              -1.8362607,
              53.2127276
            ],
            [
              -1.8425832,
              53.214734
            ],
            [
              -1.8435273,
              53.2148882
            ],
            [
              -1.85078,
              53.2173938
            ],
            [
              -1.8699077,
              53.2243812
            ],
            [
              -1.870656,
              53.2246036
            ],
            [
              -1.8709618,
              53.2247126
            ],
            [
              -1.8712956,
              53.2248316
            ],
            [
              -1.8717462,
              53.2250605
            ],
            [
              -1.8718201,
              53.2250981
            ],
            [
              -1.8722344,
              53.2253542
            ],
            [
              -1.8726639,
              53.225672
            ],
            [
              -1.8731728,
              53.2260436
            ],
            [
              -1.8742814,
              53.2268197
            ],
            [
              -1.8746132,
              53.227052
            ],
            [
              -1.8754712,
              53.227589
            ],
            [
              -1.8778238,
              53.2290616
            ],
            [
              -1.8782396,
              53.2293204
            ],
            [
              -1.8800171,
              53.230427
            ],
            [
              -1.8873291,
              53.2349787
            ],
            [
              -1.888039,
              53.2354613
            ],
            [
              -1.8887235,
              53.2359279
            ],
            [
              -1.8910876,
              53.2375923
            ],
            [
              -1.8918123,
              53.2380861
            ]
          ],
          [
            [
              -1.7214192,
              53.1353403
            ],
            [
              -1.7259178,
              53.1385347
            ],
            [
              -1.7289004,
              53.1411476
            ],
            [
              -1.7329345,
              53.1431812
            ],
            [
              -1.7403374,
              53.1481362
            ],
            [
              -1.7511166,
              53.1555334
            ],
            [
              -1.7543997,
              53.1576178
            ],
            [
              -1.7592062,
              53.1607442
            ],
            [
              -1.7602818,
              53.1615829
            ],
            [
              -1.7629184,
              53.1636388
            ],
            [
              -1.7677678,
              53.1662502
            ],
            [
              -1.7733683,
              53.1705208
            ],
            [
              -1.7758713,
              53.1730051
            ],
            [
              -1.7790975,
              53.1748038
            ],
            [
              -1.7910923,
              53.1825841
            ],
            [
              -1.7923722,
              53.1838591
            ],
            [
              -1.8024005,
              53.1902859
            ],
            [
              -1.8099713,
              53.1952557
            ],
            [
              -1.8100188,
              53.1953028
            ],
            [
              -1.8102325,
              53.1954979
            ],
            [
              -1.8103394,
              53.1955841
            ],
            [
              -1.8104109,
              53.1956417
            ],
            [
              -1.8105892,
              53.1957794
            ],
            [
              -1.8114337,
              53.196388
            ],
            [
              -1.8114949,
              53.1964282
            ],
            [
              -1.8157581,
              53.1994629
            ],
            [
              -1.8161923,
              53.1997624
            ],
            [
              -1.818841,
              53.2015013
            ],
            [
              -1.8213274,
              53.2029414
            ],
            [
              -1.821686,
              53.2031481
            ],
            [
              -1.8220253,
              53.203376
            ],
            [
              -1.8226798,
              53.2038827
            ],
            [
              -1.8229041,
              53.2040634
            ],
            [
              -1.8230022,
              53.2041399
            ],
            [
              -1.8230848,
              53.2041988
            ],
            [
              -1.8239337,
              53.2048431
            ],
            [
              -1.8241287,
              53.204973
            ],
            [
              -1.8242087,
              53.2050192
            ],
            [
              -1.8244825,
              53.2051451
            ],
            [
              -1.8246175,
              53.2051923
            ],
            [
              -1.8246102,
              53.2052647
            ],
            [
              -1.824624,
              53.20534
            ],
            [
              -1.8246341,
              53.2053731
            ],
            [
              -1.8250347,
              53.2056088
            ],
            [
              -1.8254344,
              53.2059224
            ],
            [
              -1.8263063,
              53.2064979
            ],
            [
              -1.826681,
              53.2066927
            ],
            [
              -1.8276641,
              53.207236
            ]
          ],
          [
            [
              -1.676401,
              53.1063534
            ],
            [
              -1.6829027,
              53.1095608
            ],
            [
              -1.686307,
              53.1121774
            ],
            [
              -1.6875376,
              53.113193
            ],
            [
              -1.6904344,
              53.114584
            ],
            [
              -1.6912927,
              53.1151378
            ],
            [
              -1.6922583,
              53.1155499
            ],
            [
              -1.693653,
              53.116503
            ],
            [
              -1.6941819,
              53.1171102
            ],
            [
              -1.6954984,
              53.1176105
            ],
            [
              -1.6972504,
              53.119029
            ],
            [
              -1.7003478,
              53.1210489
            ],
            [
              -1.7019786,
              53.1220404
            ],
            [
              -1.7032269,
              53.1227306
            ],
            [
              -1.7052934,
              53.1242442
            ],
            [
              -1.7054019,
              53.124355
            ],
            [
              -1.7058274,
              53.1246853
            ],
            [
              -1.7063131,
              53.125
            ],
            [
              -1.7076778,
              53.1257601
            ],
            [
              -1.7084743,
              53.1261179
            ],
            [
              -1.7090773,
              53.1264924
            ],
            [
              -1.7100083,
              53.1272026
            ],
            [
              -1.7104556,
              53.1275616
            ],
            [
              -1.7109719,
              53.127878
            ],
            [
              -1.7115371,
              53.128224
            ],
            [
              -1.7121351,
              53.1285378
            ],
            [
              -1.7124505,
              53.1286583
            ],
            [
              -1.7127406,
              53.1287762
            ]
          ],
          [
            [
              -1.6106606,
              53.0879538
            ],
            [
              -1.6115284,
              53.0879728
            ],
            [
              -1.6151409,
              53.0880724
            ],
            [
              -1.6173982,
              53.0881524
            ],
            [
              -1.6191625,
              53.0882006
            ],
            [
              -1.6203422,
              53.0882167
            ],
            [
              -1.6217241,
              53.0882786
            ],
            [
              -1.6221416,
              53.0882872
            ],
            [
              -1.6239728,
              53.088325
            ],
            [
              -1.626128,
              53.0883801
            ],
            [
              -1.6263095,
              53.0883847
            ],
            [
              -1.6266709,
              53.0883839
            ],
            [
              -1.6275045,
              53.0883754
            ],
            [
              -1.6283991,
              53.0884315
            ],
            [
              -1.6290791,
              53.0884885
            ],
            [
              -1.6300599,
              53.0885688
            ],
            [
              -1.6313001,
              53.0886776
            ],
            [
              -1.633603,
              53.0888559
            ],
            [
              -1.6354656,
              53.0890054
            ],
            [
              -1.6360378,
              53.0890517
            ],
            [
              -1.636276,
              53.0890889
            ]
          ],
          [
            [
              -1.5950535,
              53.0853202
            ],
            [
              -1.5951799,
              53.0854233
            ],
            [
              -1.5964661,
              53.086056
            ],
            [
              -1.59758,
              53.0864719
            ],
            [
              -1.5986736,
              53.0868435
            ],
            [
              -1.598986,
              53.0869171
            ],
            [
              -1.6005001,
              53.0871361
            ],
            [
              -1.6023519,
              53.0873602
            ],
            [
              -1.6033875,
              53.087539
            ],
            [
              -1.6039778,
              53.0876656
            ],
            [
              -1.6042508,
              53.0877171
            ],
            [
              -1.604499,
              53.087752
            ],
            [
              -1.6046621,
              53.0877723
            ],
            [
              -1.6052723,
              53.0877996
            ],
            [
              -1.6058835,
              53.0878079
            ],
            [
              -1.6076029,
              53.0878515
            ],
            [
              -1.6105048,
              53.0879503
            ]
          ],
          [
            [
              -1.4865571,
              53.0020634
            ],
            [
              -1.4888025,
              53.0028699
            ],
            [
              -1.489634,
              53.0032049
            ],
            [
              -1.4918474,
              53.004006
            ],
            [
              -1.4925323,
              53.004281
            ],
            [
              -1.492607,
              53.0043339
            ],
            [
              -1.4926536,
              53.0043773
            ],
            [
              -1.4930454,
              53.0048002
            ],
            [
              -1.4943996,
              53.006162
            ],
            [
              -1.4951615,
              53.0069006
            ],
            [
              -1.4961323,
              53.0078362
            ],
            [
              -1.4963791,
              53.0081111
            ],
            [
              -1.4966339,
              53.0091467
            ],
            [
              -1.4968132,
              53.0097125
            ],
            [
              -1.4969106,
              53.0100568
            ],
            [
              -1.4971301,
              53.0108813
            ],
            [
              -1.4974103,
              53.0119564
            ],
            [
              -1.4980505,
              53.0142167
            ],
            [
              -1.4983761,
              53.0153406
            ],
            [
              -1.4984736,
              53.0156051
            ],
            [
              -1.4985884,
              53.0158907
            ],
            [
              -1.4989745,
              53.0167642
            ],
            [
              -1.4992288,
              53.0173005
            ],
            [
              -1.4994702,
              53.0177965
            ],
            [
              -1.499608,
              53.0181649
            ],
            [
              -1.4996418,
              53.018254
            ],
            [
              -1.4996971,
              53.0182923
            ]
          ],
          [
            [
              -2.167622,
              53.4132071
            ],
            [
              -2.1676597,
              53.4132656
            ],
            [
              -2.167684,
              53.4133082
            ],
            [
              -2.1679713,
              53.4137704
            ],
            [
              -2.1680374,
              53.4138767
            ],
            [
              -2.1680785,
              53.4139381
            ],
            [
              -2.1683324,
              53.4143475
            ],
            [
              -2.1686152,
              53.4148304
            ],
            [
              -2.1686337,
              53.414862
            ],
            [
              -2.1686611,
              53.4149088
            ],
            [
              -2.1686973,
              53.4149712
            ]
          ],
          [
            [
              -2.1687566,
              53.4150726
            ],
            [
              -2.1688153,
              53.4151646
            ],
            [
              -2.1688972,
              53.4152929
            ],
            [
              -2.1689921,
              53.4154415
            ],
            [
              -2.1694312,
              53.4161292
            ],
            [
              -2.169537,
              53.4162949
            ],
            [
              -2.1696179,
              53.4164217
            ],
            [
              -2.1699522,
              53.4169452
            ],
            [
              -2.1700698,
              53.4171295
            ],
            [
              -2.1705058,
              53.4177931
            ],
            [
              -2.1707167,
              53.4181522
            ],
            [
              -2.1708734,
              53.4184066
            ],
            [
              -2.1710246,
              53.4186494
            ],
            [
              -2.1710316,
              53.4186607
            ],
            [
              -2.1710522,
              53.4186939
            ],
            [
              -2.1710722,
              53.4187271
            ],
            [
              -2.1711278,
              53.4188195
            ],
            [
              -2.1712468,
              53.4190038
            ],
            [
              -2.1712681,
              53.419038
            ],
            [
              -2.1712892,
              53.4190721
            ],
            [
              -2.1713139,
              53.4191118
            ],
            [
              -2.1714022,
              53.4192542
            ],
            [
              -2.1716164,
              53.4195845
            ],
            [
              -2.1717318,
              53.4197578
            ],
            [
              -2.1721145,
              53.4203483
            ],
            [
              -2.172258,
              53.4205697
            ],
            [
              -2.1724639,
              53.4208907
            ],
            [
              -2.1729057,
              53.421564
            ],
            [
              -2.1729268,
              53.4215927
            ],
            [
              -2.1729532,
              53.4216294
            ],
            [
              -2.173088,
              53.4218148
            ],
            [
              -2.1734266,
              53.4222944
            ],
            [
              -2.1734994,
              53.4223962
            ],
            [
              -2.1737145,
              53.4226793
            ],
            [
              -2.1739213,
              53.4229513
            ],
            [
              -2.1739367,
              53.4229724
            ],
            [
              -2.1741251,
              53.4232299
            ],
            [
              -2.1743666,
              53.4235462
            ],
            [
              -2.17444,
              53.4236514
            ],
            [
              -2.1747832,
              53.4241241
            ],
            [
              -2.1749588,
              53.424366
            ],
            [
              -2.1750761,
              53.4245276
            ],
            [
              -2.1750997,
              53.4245601
            ],
            [
              -2.1751231,
              53.4245922
            ],
            [
              -2.1753659,
              53.4249267
            ],
            [
              -2.1755288,
              53.4251511
            ],
            [
              -2.1757493,
              53.4254547
            ],
            [
              -2.1759053,
              53.4256696
            ],
            [
              -2.1759343,
              53.4257095
            ],
            [
              -2.1759616,
              53.425747
            ],
            [
              -2.176176,
              53.4260424
            ],
            [
              -2.1761993,
              53.4260745
            ],
            [
              -2.1762216,
              53.4261052
            ],
            [
              -2.1764163,
              53.4263734
            ],
            [
              -2.1765999,
              53.4266263
            ],
            [
              -2.1766259,
              53.4266621
            ],
            [
              -2.1766342,
              53.4266735
            ]
          ],
          [
            [
              -2.1772889,
              53.427525
            ],
            [
              -2.1773241,
              53.4275751
            ],
            [
              -2.1773533,
              53.4276168
            ],
            [
              -2.1773825,
              53.4276591
            ],
            [
              -2.1774839,
              53.4278063
            ],
            [
              -2.1775125,
              53.4278477
            ],
            [
              -2.1775404,
              53.4278876
            ],
            [
              -2.1777433,
              53.4281768
            ],
            [
              -2.1777625,
              53.4282055
            ],
            [
              -2.1777808,
              53.4282346
            ],
            [
              -2.1778093,
              53.4282738
            ],
            [
              -2.1780331,
              53.4285816
            ],
            [
              -2.1780594,
              53.4286178
            ],
            [
              -2.178087,
              53.4286561
            ],
            [
              -2.1783047,
              53.4289585
            ],
            [
              -2.1785536,
              53.429304
            ],
            [
              -2.1785844,
              53.4293468
            ],
            [
              -2.1786129,
              53.4293876
            ],
            [
              -2.1786494,
              53.4294397
            ],
            [
              -2.1786686,
              53.4294655
            ],
            [
              -2.1787661,
              53.4295906
            ],
            [
              -2.1788364,
              53.4296696
            ],
            [
              -2.1789136,
              53.429743
            ],
            [
              -2.1790396,
              53.4298517
            ],
            [
              -2.1790894,
              53.4298947
            ],
            [
              -2.1791264,
              53.4299256
            ],
            [
              -2.1791847,
              53.4299743
            ],
            [
              -2.1793523,
              53.4301142
            ],
            [
              -2.1795541,
              53.4302893
            ],
            [
              -2.1797437,
              53.430457
            ],
            [
              -2.1798359,
              53.4305383
            ],
            [
              -2.179896,
              53.4305913
            ],
            [
              -2.1799405,
              53.430632
            ],
            [
              -2.1802777,
              53.4309814
            ],
            [
              -2.1804342,
              53.4311424
            ],
            [
              -2.1807606,
              53.431476
            ],
            [
              -2.1809885,
              53.4317296
            ],
            [
              -2.1811785,
              53.4319419
            ],
            [
              -2.1812103,
              53.4319776
            ],
            [
              -2.1812429,
              53.4320139
            ],
            [
              -2.1813027,
              53.4320807
            ],
            [
              -2.1816479,
              53.4324761
            ],
            [
              -2.1817596,
              53.4326041
            ],
            [
              -2.1822972,
              53.4331653
            ],
            [
              -2.1828027,
              53.4336816
            ],
            [
              -2.1828413,
              53.433719
            ],
            [
              -2.1828706,
              53.4337504
            ],
            [
              -2.1831104,
              53.4339898
            ],
            [
              -2.1833838,
              53.4342624
            ],
            [
              -2.1834187,
              53.4342975
            ],
            [
              -2.1836934,
              53.4345682
            ],
            [
              -2.1838142,
              53.4347265
            ],
            [
              -2.1839096,
              53.4348516
            ],
            [
              -2.1840965,
              53.4351403
            ],
            [
              -2.1841333,
              53.435209
            ],
            [
              -2.184152,
              53.4352438
            ],
            [
              -2.1842179,
              53.4353668
            ],
            [
              -2.1842478,
              53.435419
            ],
            [
              -2.1842656,
              53.4354501
            ],
            [
              -2.1843992,
              53.4357019
            ],
            [
              -2.1844378,
              53.4357772
            ],
            [
              -2.1845876,
              53.4360586
            ],
            [
              -2.1848511,
              53.4364802
            ],
            [
              -2.1849741,
              53.436677
            ],
            [
              -2.1850422,
              53.4367836
            ],
            [
              -2.185312,
              53.4371766
            ],
            [
              -2.1854143,
              53.4373114
            ],
            [
              -2.1854951,
              53.4374312
            ],
            [
              -2.1855201,
              53.4374684
            ],
            [
              -2.1855463,
              53.4375071
            ],
            [
              -2.1856428,
              53.4376503
            ],
            [
              -2.1857534,
              53.4378019
            ],
            [
              -2.1860917,
              53.4382654
            ],
            [
              -2.186136,
              53.4383303
            ],
            [
              -2.1861718,
              53.4383722
            ],
            [
              -2.1862396,
              53.4384515
            ],
            [
              -2.1864556,
              53.4386962
            ],
            [
              -2.1869295,
              53.4392018
            ],
            [
              -2.1870601,
              53.4393256
            ],
            [
              -2.1870914,
              53.4393585
            ],
            [
              -2.1871287,
              53.4393976
            ],
            [
              -2.1873035,
              53.4395807
            ],
            [
              -2.1875083,
              53.4397903
            ],
            [
              -2.1877142,
              53.4399883
            ],
            [
              -2.1880783,
              53.4403
            ],
            [
              -2.1882721,
              53.4404855
            ],
            [
              -2.188341,
              53.4405514
            ],
            [
              -2.1884279,
              53.4406345
            ]
          ],
          [
            [
              -2.1916375,
              53.4442614
            ],
            [
              -2.1916284,
              53.4441401
            ],
            [
              -2.1916255,
              53.4441042
            ],
            [
              -2.1916233,
              53.4440762
            ],
            [
              -2.1916066,
              53.4438247
            ],
            [
              -2.191562,
              53.4436928
            ],
            [
              -2.1913303,
              53.4434041
            ],
            [
              -2.1909654,
              53.4430233
            ],
            [
              -2.1907468,
              53.4428283
            ],
            [
              -2.1907139,
              53.4427975
            ],
            [
              -2.1906872,
              53.4427724
            ],
            [
              -2.1905815,
              53.442683
            ],
            [
              -2.1904868,
              53.4426061
            ],
            [
              -2.1904648,
              53.4425849
            ],
            [
              -2.1903902,
              53.4425131
            ],
            [
              -2.1901671,
              53.4423156
            ],
            [
              -2.1900461,
              53.4422051
            ],
            [
              -2.189962,
              53.4421148
            ],
            [
              -2.1896358,
              53.4417705
            ],
            [
              -2.1896022,
              53.4417384
            ],
            [
              -2.18941,
              53.4415545
            ],
            [
              -2.1893496,
              53.4414967
            ],
            [
              -2.1888505,
              53.4410193
            ],
            [
              -2.188817,
              53.4409908
            ],
            [
              -2.1887241,
              53.4409082
            ],
            [
              -2.1886961,
              53.4408832
            ]
          ],
          [
            [
              -2.2912854,
              53.5450186
            ],
            [
              -2.2913819,
              53.5451719
            ],
            [
              -2.2916907,
              53.5456117
            ],
            [
              -2.2917782,
              53.5457364
            ],
            [
              -2.2920424,
              53.546067
            ],
            [
              -2.2921753,
              53.5462225
            ],
            [
              -2.2922419,
              53.5463066
            ],
            [
              -2.2924293,
              53.5465432
            ],
            [
              -2.2927492,
              53.54694
            ],
            [
              -2.2930379,
              53.5472981
            ],
            [
              -2.2932271,
              53.5475017
            ],
            [
              -2.2934528,
              53.5477446
            ],
            [
              -2.2935643,
              53.5478646
            ],
            [
              -2.293668,
              53.5479841
            ],
            [
              -2.2939192,
              53.5482371
            ],
            [
              -2.2939335,
              53.5482543
            ],
            [
              -2.2941188,
              53.548476
            ],
            [
              -2.2942097,
              53.5485964
            ],
            [
              -2.2943408,
              53.5487858
            ],
            [
              -2.2943758,
              53.5488349
            ],
            [
              -2.2944798,
              53.5489805
            ],
            [
              -2.2945715,
              53.549114
            ],
            [
              -2.2948529,
              53.5495381
            ],
            [
              -2.2949451,
              53.5496978
            ],
            [
              -2.2952708,
              53.5502337
            ],
            [
              -2.2953075,
              53.5502987
            ],
            [
              -2.2957146,
              53.5510034
            ],
            [
              -2.2958034,
              53.5511544
            ],
            [
              -2.2958758,
              53.5512631
            ],
            [
              -2.2958964,
              53.5512985
            ],
            [
              -2.2959224,
              53.5513331
            ],
            [
              -2.2959381,
              53.5513596
            ],
            [
              -2.2960249,
              53.551483
            ],
            [
              -2.2960918,
              53.5515773
            ],
            [
              -2.2961076,
              53.5516016
            ],
            [
              -2.2961317,
              53.5516383
            ],
            [
              -2.296176,
              53.5517515
            ],
            [
              -2.2962531,
              53.5519138
            ],
            [
              -2.2965266,
              53.5523106
            ],
            [
              -2.296596,
              53.5524025
            ],
            [
              -2.2970659,
              53.5529671
            ],
            [
              -2.2971653,
              53.5531327
            ],
            [
              -2.2971898,
              53.5531778
            ],
            [
              -2.2972594,
              53.5533062
            ]
          ],
          [
            [
              -2.2906926,
              53.5437133
            ],
            [
              -2.2906226,
              53.5435334
            ],
            [
              -2.2904256,
              53.542896
            ],
            [
              -2.2903352,
              53.5426043
            ],
            [
              -2.2903134,
              53.5425314
            ],
            [
              -2.2902657,
              53.5423989
            ],
            [
              -2.2901327,
              53.5420312
            ],
            [
              -2.2900697,
              53.541857
            ],
            [
              -2.2897378,
              53.5409157
            ],
            [
              -2.2894329,
              53.5399667
            ],
            [
              -2.289383,
              53.5398112
            ],
            [
              -2.2892816,
              53.5396922
            ],
            [
              -2.2892434,
              53.5396734
            ],
            [
              -2.2890695,
              53.5395879
            ]
          ],
          [
            [
              -2.2866298,
              53.5347038
            ],
            [
              -2.2863807,
              53.5343306
            ],
            [
              -2.2862927,
              53.5342093
            ],
            [
              -2.2862422,
              53.5341432
            ],
            [
              -2.2860786,
              53.5339176
            ],
            [
              -2.2859805,
              53.5337823
            ],
            [
              -2.2858682,
              53.5336274
            ],
            [
              -2.2857684,
              53.5334849
            ],
            [
              -2.2854755,
              53.5330664
            ],
            [
              -2.285451,
              53.5330315
            ],
            [
              -2.2853991,
              53.5329667
            ],
            [
              -2.2853544,
              53.5329124
            ],
            [
              -2.2852719,
              53.5328349
            ],
            [
              -2.2852187,
              53.532774
            ],
            [
              -2.2850737,
              53.5326203
            ],
            [
              -2.2850056,
              53.5325443
            ],
            [
              -2.2849323,
              53.5324636
            ],
            [
              -2.2848042,
              53.5323224
            ],
            [
              -2.284777,
              53.5322924
            ],
            [
              -2.2847393,
              53.5322503
            ],
            [
              -2.2844566,
              53.5319347
            ],
            [
              -2.2844006,
              53.5318775
            ],
            [
              -2.2842693,
              53.5317433
            ],
            [
              -2.2842435,
              53.5317169
            ],
            [
              -2.28423,
              53.5317031
            ],
            [
              -2.2842171,
              53.5316899
            ],
            [
              -2.2842015,
              53.531674
            ],
            [
              -2.2840639,
              53.5315219
            ],
            [
              -2.2837887,
              53.5312612
            ],
            [
              -2.283769,
              53.5312426
            ],
            [
              -2.2835578,
              53.5310149
            ],
            [
              -2.2834172,
              53.5308695
            ],
            [
              -2.2833212,
              53.5307706
            ],
            [
              -2.2833077,
              53.5307563
            ],
            [
              -2.28308,
              53.5305137
            ],
            [
              -2.2829993,
              53.5304276
            ],
            [
              -2.2829185,
              53.5303415
            ],
            [
              -2.2828488,
              53.5302815
            ],
            [
              -2.2824267,
              53.5298603
            ],
            [
              -2.2822738,
              53.5297077
            ],
            [
              -2.281861,
              53.529274
            ],
            [
              -2.2816463,
              53.5290498
            ],
            [
              -2.281569,
              53.528969
            ],
            [
              -2.2815262,
              53.5289211
            ],
            [
              -2.2813593,
              53.5287429
            ],
            [
              -2.2811923,
              53.5285646
            ],
            [
              -2.2807854,
              53.5281579
            ],
            [
              -2.2807398,
              53.5281143
            ],
            [
              -2.2803263,
              53.5276972
            ],
            [
              -2.2803022,
              53.527667
            ],
            [
              -2.2802094,
              53.5275663
            ],
            [
              -2.2801477,
              53.5274979
            ],
            [
              -2.2801241,
              53.5274731
            ],
            [
              -2.2797855,
              53.5271245
            ],
            [
              -2.2796193,
              53.5269534
            ],
            [
              -2.2793792,
              53.5267073
            ],
            [
              -2.2791554,
              53.526474
            ],
            [
              -2.2788122,
              53.5261162
            ],
            [
              -2.2784021,
              53.5256993
            ],
            [
              -2.2782072,
              53.5254904
            ],
            [
              -2.2777619,
              53.5250076
            ],
            [
              -2.277686,
              53.5249323
            ],
            [
              -2.2774512,
              53.5246991
            ],
            [
              -2.2774325,
              53.5246842
            ],
            [
              -2.2774468,
              53.5246168
            ],
            [
              -2.2768437,
              53.5240043
            ],
            [
              -2.2767054,
              53.5238553
            ],
            [
              -2.2765642,
              53.523725
            ],
            [
              -2.2763466,
              53.5235249
            ],
            [
              -2.2762292,
              53.5234162
            ],
            [
              -2.2762024,
              53.5233917
            ],
            [
              -2.2761672,
              53.5233595
            ],
            [
              -2.2761226,
              53.5233149
            ],
            [
              -2.2758625,
              53.5230361
            ],
            [
              -2.2754866,
              53.5226751
            ],
            [
              -2.2748684,
              53.5220916
            ],
            [
              -2.2747562,
              53.5220239
            ],
            [
              -2.2746752,
              53.5219467
            ],
            [
              -2.2744741,
              53.5217551
            ],
            [
              -2.2734871,
              53.5210101
            ],
            [
              -2.2730721,
              53.5206952
            ],
            [
              -2.2728903,
              53.5205439
            ],
            [
              -2.2727134,
              53.5203749
            ],
            [
              -2.2725872,
              53.5202078
            ],
            [
              -2.2724831,
              53.5200767
            ],
            [
              -2.272366,
              53.5198905
            ],
            [
              -2.2722092,
              53.5195946
            ]
          ],
          [
            [
              -2.2719082,
              53.5188111
            ],
            [
              -2.2718723,
              53.5186972
            ],
            [
              -2.2717105,
              53.518184
            ],
            [
              -2.2716395,
              53.5179545
            ],
            [
              -2.2716016,
              53.5178233
            ],
            [
              -2.2715817,
              53.5177596
            ],
            [
              -2.2714687,
              53.5174638
            ],
            [
              -2.2713973,
              53.5172813
            ],
            [
              -2.2713103,
              53.5171026
            ],
            [
              -2.2712007,
              53.5169356
            ],
            [
              -2.2710766,
              53.5167723
            ],
            [
              -2.2708167,
              53.5165137
            ],
            [
              -2.2706117,
              53.5163379
            ],
            [
              -2.2703898,
              53.5161443
            ],
            [
              -2.2702495,
              53.5160263
            ],
            [
              -2.2701385,
              53.515933
            ],
            [
              -2.2693071,
              53.5152223
            ],
            [
              -2.2690509,
              53.5150366
            ],
            [
              -2.2688403,
              53.5148804
            ],
            [
              -2.2685506,
              53.5146507
            ],
            [
              -2.2676494,
              53.5140957
            ],
            [
              -2.2669735,
              53.5137575
            ],
            [
              -2.2660723,
              53.5133173
            ],
            [
              -2.2650954,
              53.5128305
            ],
            [
              -2.2646495,
              53.5126085
            ],
            [
              -2.2645146,
              53.5125432
            ],
            [
              -2.2639853,
              53.5122662
            ],
            [
              -2.2638667,
              53.5121821
            ],
            [
              -2.2636361,
              53.5119731
            ],
            [
              -2.2635617,
              53.5118911
            ],
            [
              -2.263464,
              53.5117427
            ],
            [
              -2.2634386,
              53.5116808
            ],
            [
              -2.2632406,
              53.5110615
            ],
            [
              -2.2631255,
              53.5106657
            ],
            [
              -2.2628548,
              53.5097923
            ],
            [
              -2.262828,
              53.5097243
            ],
            [
              -2.2628042,
              53.5096668
            ],
            [
              -2.2626002,
              53.5092719
            ],
            [
              -2.2625737,
              53.5092338
            ],
            [
              -2.2625472,
              53.5091958
            ],
            [
              -2.2625073,
              53.5091331
            ],
            [
              -2.2620313,
              53.5083757
            ],
            [
              -2.261767,
              53.5079435
            ],
            [
              -2.2615703,
              53.5076973
            ]
          ],
          [
            [
              -2.2610538,
              53.5068505
            ],
            [
              -2.2610224,
              53.5067786
            ],
            [
              -2.2608058,
              53.5063914
            ],
            [
              -2.2606843,
              53.5061894
            ],
            [
              -2.2606636,
              53.506152
            ],
            [
              -2.2605914,
              53.5060222
            ],
            [
              -2.2605583,
              53.5059692
            ],
            [
              -2.2602598,
              53.5054715
            ],
            [
              -2.2600924,
              53.5051813
            ],
            [
              -2.2599817,
              53.5050122
            ],
            [
              -2.2597175,
              53.5045938
            ]
          ],
          [
            [
              -2.2594909,
              53.5042331
            ],
            [
              -2.2594664,
              53.5041884
            ],
            [
              -2.2592497,
              53.5038134
            ],
            [
              -2.2590763,
              53.5035388
            ],
            [
              -2.2588979,
              53.5032608
            ],
            [
              -2.2587259,
              53.5029788
            ],
            [
              -2.2585048,
              53.5026845
            ],
            [
              -2.2583665,
              53.5024959
            ],
            [
              -2.2582346,
              53.5023346
            ]
          ],
          [
            [
              -2.3464151,
              53.5947311
            ],
            [
              -2.3455579,
              53.594183
            ],
            [
              -2.344953,
              53.5933224
            ],
            [
              -2.344812,
              53.5933193
            ],
            [
              -2.3435566,
              53.5921067
            ],
            [
              -2.3388789,
              53.5873587
            ]
          ],
          [
            [
              -2.3902311,
              53.6402578
            ],
            [
              -2.3877059,
              53.6346694
            ],
            [
              -2.3873808,
              53.6342218
            ],
            [
              -2.3866126,
              53.6330019
            ],
            [
              -2.3863402,
              53.6324837
            ],
            [
              -2.3862115,
              53.6321376
            ],
            [
              -2.3859197,
              53.6317406
            ],
            [
              -2.3852845,
              53.6312215
            ],
            [
              -2.3850099,
              53.6310688
            ],
            [
              -2.3841945,
              53.6307685
            ],
            [
              -2.3837124,
              53.6305396
            ],
            [
              -2.3836277,
              53.6304965
            ],
            [
              -2.3835236,
              53.6304467
            ],
            [
              -2.3835972,
              53.6303967
            ],
            [
              -2.3836379,
              53.6303648
            ],
            [
              -2.3835074,
              53.6303193
            ],
            [
              -2.3834188,
              53.6302851
            ],
            [
              -2.3832863,
              53.6302349
            ],
            [
              -2.3831799,
              53.6301836
            ],
            [
              -2.3827061,
              53.6299297
            ],
            [
              -2.3825583,
              53.6298501
            ],
            [
              -2.3824223,
              53.62979
            ],
            [
              -2.3824371,
              53.6297564
            ],
            [
              -2.3824279,
              53.629727
            ],
            [
              -2.3823951,
              53.6296868
            ],
            [
              -2.3823597,
              53.6296481
            ],
            [
              -2.3807675,
              53.6280794
            ],
            [
              -2.3805263,
              53.6278484
            ],
            [
              -2.3803597,
              53.6276682
            ],
            [
              -2.3800862,
              53.6273726
            ],
            [
              -2.3799092,
              53.627181
            ],
            [
              -2.3798643,
              53.6271254
            ],
            [
              -2.3796633,
              53.6268762
            ],
            [
              -2.379517,
              53.6267264
            ],
            [
              -2.3794092,
              53.6266281
            ],
            [
              -2.3792742,
              53.6265049
            ],
            [
              -2.3788829,
              53.626148
            ],
            [
              -2.3777681,
              53.6250501
            ],
            [
              -2.3774701,
              53.6247203
            ],
            [
              -2.3773435,
              53.62457
            ],
            [
              -2.3772576,
              53.6244687
            ],
            [
              -2.3771724,
              53.6243458
            ],
            [
              -2.3768904,
              53.6238971
            ],
            [
              -2.3768732,
              53.6238715
            ],
            [
              -2.3767774,
              53.6237284
            ],
            [
              -2.3766656,
              53.623594
            ],
            [
              -2.3759288,
              53.6227766
            ],
            [
              -2.3758446,
              53.6226879
            ],
            [
              -2.3757701,
              53.6226285
            ],
            [
              -2.3754462,
              53.622402
            ],
            [
              -2.375265,
              53.6222431
            ],
            [
              -2.3751664,
              53.6221405
            ],
            [
              -2.3750835,
              53.62202
            ],
            [
              -2.3750145,
              53.6219386
            ],
            [
              -2.3748763,
              53.6218055
            ],
            [
              -2.3747541,
              53.6216937
            ],
            [
              -2.374099,
              53.6210946
            ],
            [
              -2.3739403,
              53.6209296
            ],
            [
              -2.3739143,
              53.6208965
            ],
            [
              -2.3735934,
              53.6204882
            ],
            [
              -2.3734819,
              53.6203507
            ],
            [
              -2.3732071,
              53.620058
            ],
            [
              -2.3730994,
              53.6199433
            ],
            [
              -2.3727958,
              53.6196415
            ],
            [
              -2.3723674,
              53.6192157
            ],
            [
              -2.3721081,
              53.6189277
            ],
            [
              -2.3718637,
              53.6186634
            ],
            [
              -2.3714979,
              53.6183463
            ],
            [
              -2.3712221,
              53.6180794
            ],
            [
              -2.3712113,
              53.6180674
            ],
            [
              -2.3709614,
              53.6177906
            ],
            [
              -2.370346,
              53.6171685
            ],
            [
              -2.3701564,
              53.6169666
            ],
            [
              -2.3700139,
              53.6168284
            ],
            [
              -2.3699056,
              53.6167235
            ],
            [
              -2.36838,
              53.6152578
            ],
            [
              -2.3677544,
              53.6146581
            ],
            [
              -2.3671478,
              53.6140814
            ],
            [
              -2.3668569,
              53.6137857
            ],
            [
              -2.366719,
              53.6136296
            ],
            [
              -2.3665852,
              53.6135008
            ],
            [
              -2.3651413,
              53.6121113
            ],
            [
              -2.3648082,
              53.6118021
            ],
            [
              -2.3641816,
              53.6112318
            ],
            [
              -2.3636499,
              53.6107623
            ],
            [
              -2.3633688,
              53.6105141
            ],
            [
              -2.3633142,
              53.6104716
            ],
            [
              -2.3632473,
              53.6104381
            ],
            [
              -2.3631717,
              53.6104127
            ],
            [
              -2.3630499,
              53.6103884
            ]
          ],
          [
            [
              -2.4098595,
              53.6620016
            ],
            [
              -2.4070821,
              53.6587668
            ],
            [
              -2.4054299,
              53.6573553
            ],
            [
              -2.4020791,
              53.6545449
            ]
          ],
          [
            [
              -2.411538,
              53.664277
            ],
            [
              -2.412701,
              53.664935
            ],
            [
              -2.413018,
              53.665137
            ],
            [
              -2.413732,
              53.665664
            ],
            [
              -2.414459,
              53.666109
            ],
            [
              -2.415468,
              53.666794
            ],
            [
              -2.4162609,
              53.6672719
            ],
            [
              -2.4163062,
              53.6672992
            ],
            [
              -2.418755,
              53.668775
            ],
            [
              -2.419228,
              53.669021
            ],
            [
              -2.419547,
              53.66921
            ],
            [
              -2.4195955,
              53.6692514
            ],
            [
              -2.419794,
              53.669421
            ],
            [
              -2.4207761,
              53.6704666
            ],
            [
              -2.420884,
              53.670615
            ],
            [
              -2.421322,
              53.671378
            ],
            [
              -2.4213339,
              53.6714049
            ],
            [
              -2.4216514,
              53.6720808
            ],
            [
              -2.4216905,
              53.672164
            ],
            [
              -2.4220217,
              53.6726114
            ],
            [
              -2.4223627,
              53.6729344
            ],
            [
              -2.4224499,
              53.6729925
            ],
            [
              -2.4226965,
              53.673157
            ],
            [
              -2.4228292,
              53.6732434
            ]
          ],
          [
            [
              -2.4426828,
              53.6967417
            ],
            [
              -2.4416475,
              53.6955006
            ],
            [
              -2.4405695,
              53.6940872
            ],
            [
              -2.440245,
              53.6936138
            ],
            [
              -2.4395015,
              53.6926036
            ],
            [
              -2.4391839,
              53.6920573
            ],
            [
              -2.438464,
              53.6909841
            ],
            [
              -2.4379936,
              53.6903135
            ],
            [
              -2.4375422,
              53.6897156
            ],
            [
              -2.4373685,
              53.6894682
            ],
            [
              -2.437301,
              53.6893804
            ],
            [
              -2.4372886,
              53.6893543
            ],
            [
              -2.4369858,
              53.6889249
            ],
            [
              -2.4368425,
              53.6885362
            ],
            [
              -2.4366994,
              53.6883184
            ],
            [
              -2.4364579,
              53.6879561
            ],
            [
              -2.4364395,
              53.6879274
            ],
            [
              -2.4362289,
              53.6876226
            ],
            [
              -2.4359221,
              53.6872453
            ],
            [
              -2.4356332,
              53.6868284
            ],
            [
              -2.4352233,
              53.6862906
            ],
            [
              -2.4350268,
              53.6860334
            ],
            [
              -2.4348074,
              53.6857483
            ],
            [
              -2.4346125,
              53.6854938
            ],
            [
              -2.4345388,
              53.6853979
            ],
            [
              -2.4344145,
              53.6852392
            ],
            [
              -2.4341076,
              53.6848386
            ],
            [
              -2.4338698,
              53.6845401
            ],
            [
              -2.4335413,
              53.6841063
            ],
            [
              -2.4330536,
              53.6834977
            ],
            [
              -2.4325285,
              53.6829316
            ],
            [
              -2.4322009,
              53.682584
            ],
            [
              -2.4318214,
              53.6821908
            ],
            [
              -2.4312532,
              53.6815428
            ],
            [
              -2.431181,
              53.6814579
            ],
            [
              -2.4308716,
              53.6811049
            ],
            [
              -2.4304909,
              53.6807413
            ],
            [
              -2.4301505,
              53.6804621
            ],
            [
              -2.4299627,
              53.6803082
            ],
            [
              -2.4286462,
              53.6790312
            ],
            [
              -2.4283814,
              53.6787517
            ],
            [
              -2.4280081,
              53.6783594
            ],
            [
              -2.427574,
              53.6779564
            ],
            [
              -2.4272125,
              53.6776818
            ],
            [
              -2.426749,
              53.6772053
            ],
            [
              -2.4266586,
              53.6770986
            ],
            [
              -2.4261208,
              53.6764678
            ],
            [
              -2.4258944,
              53.6762277
            ],
            [
              -2.4257536,
              53.6760808
            ],
            [
              -2.4255046,
              53.6757105
            ],
            [
              -2.4255046,
              53.6757087
            ],
            [
              -2.4253523,
              53.6754629
            ],
            [
              -2.425081,
              53.6751322
            ],
            [
              -2.4248469,
              53.6748823
            ],
            [
              -2.424575,
              53.6746379
            ],
            [
              -2.4245444,
              53.6746119
            ],
            [
              -2.4245169,
              53.6745851
            ],
            [
              -2.4244924,
              53.6745573
            ],
            [
              -2.4244878,
              53.6745528
            ],
            [
              -2.4244694,
              53.6745232
            ],
            [
              -2.4244539,
              53.6744927
            ],
            [
              -2.42444,
              53.6744622
            ],
            [
              -2.42444,
              53.6744613
            ],
            [
              -2.4244029,
              53.6743814
            ],
            [
              -2.4243795,
              53.6743186
            ],
            [
              -2.4243409,
              53.6742387
            ],
            [
              -2.4242249,
              53.674143
            ],
            [
              -2.4239447,
              53.6739777
            ],
            [
              -2.4238746,
              53.6739348
            ],
            [
              -2.4238091,
              53.6738883
            ],
            [
              -2.4237984,
              53.6738811
            ],
            [
              -2.4237374,
              53.6738337
            ],
            [
              -2.4236809,
              53.6737836
            ],
            [
              -2.4236289,
              53.6737316
            ],
            [
              -2.4236044,
              53.6737056
            ],
            [
              -2.423352,
              53.6734432
            ],
            [
              -2.4233351,
              53.6734235
            ],
            [
              -2.4233138,
              53.6734038
            ],
            [
              -2.4232909,
              53.6733859
            ],
            [
              -2.423265,
              53.6733698
            ],
            [
              -2.4232361,
              53.6733546
            ],
            [
              -2.4232057,
              53.6733412
            ],
            [
              -2.4231722,
              53.6733297
            ],
            [
              -2.4231373,
              53.6733199
            ],
            [
              -2.4231009,
              53.6733119
            ],
            [
              -2.4230539,
              53.6733049
            ]
          ],
          [
            [
              -2.4358986,
              53.6872565
            ],
            [
              -2.4361331,
              53.6875785
            ],
            [
              -2.4367784,
              53.6884644
            ],
            [
              -2.4368427,
              53.6885526
            ],
            [
              -2.4369695,
              53.6888794
            ],
            [
              -2.4370251,
              53.6890228
            ],
            [
              -2.4372737,
              53.6893707
            ],
            [
              -2.4373927,
              53.6895328
            ],
            [
              -2.4376845,
              53.6899304
            ],
            [
              -2.4380177,
              53.6903844
            ],
            [
              -2.4382251,
              53.6906717
            ],
            [
              -2.4391206,
              53.6920019
            ],
            [
              -2.4393476,
              53.6923854
            ],
            [
              -2.4398283,
              53.6930899
            ],
            [
              -2.4398852,
              53.6931663
            ],
            [
              -2.4404369,
              53.6939081
            ],
            [
              -2.4405831,
              53.6941047
            ],
            [
              -2.4410502,
              53.6947325
            ],
            [
              -2.4412221,
              53.6949635
            ],
            [
              -2.4414164,
              53.6952247
            ],
            [
              -2.4415784,
              53.6954291
            ],
            [
              -2.441657,
              53.6954954
            ],
            [
              -2.4417161,
              53.6956063
            ],
            [
              -2.4419062,
              53.6958521
            ],
            [
              -2.442529,
              53.6965825
            ],
            [
              -2.442983,
              53.6969992
            ],
            [
              -2.4434731,
              53.6974463
            ],
            [
              -2.4461768,
              53.6998854
            ],
            [
              -2.4464911,
              53.7000306
            ],
            [
              -2.4466167,
              53.7000887
            ],
            [
              -2.4491779,
              53.7016836
            ],
            [
              -2.4497173,
              53.7020195
            ],
            [
              -2.4503702,
              53.7022992
            ],
            [
              -2.4521635,
              53.7030675
            ],
            [
              -2.4522627,
              53.7031524
            ],
            [
              -2.4523088,
              53.7031919
            ],
            [
              -2.4529574,
              53.7037471
            ],
            [
              -2.4530254,
              53.7038042
            ],
            [
              -2.4540953,
              53.7047019
            ],
            [
              -2.4549101,
              53.7053856
            ],
            [
              -2.4550762,
              53.7058945
            ],
            [
              -2.4551675,
              53.7064398
            ],
            [
              -2.4554816,
              53.7070568
            ],
            [
              -2.45558,
              53.707304
            ],
            [
              -2.4557519,
              53.7075648
            ],
            [
              -2.4558636,
              53.7077311
            ],
            [
              -2.4558812,
              53.7077855
            ],
            [
              -2.4558777,
              53.7078343
            ],
            [
              -2.4558619,
              53.707875
            ],
            [
              -2.4558535,
              53.7078964
            ],
            [
              -2.4557742,
              53.7080062
            ],
            [
              -2.4556595,
              53.7081252
            ],
            [
              -2.4555861,
              53.7082014
            ],
            [
              -2.455416,
              53.7084112
            ],
            [
              -2.4552467,
              53.7087126
            ],
            [
              -2.4552451,
              53.708715
            ],
            [
              -2.4550564,
              53.7090007
            ],
            [
              -2.4547813,
              53.7096277
            ],
            [
              -2.4545449,
              53.7100332
            ],
            [
              -2.4544917,
              53.7101084
            ],
            [
              -2.4544349,
              53.71017
            ],
            [
              -2.454058,
              53.7105564
            ],
            [
              -2.453899,
              53.7106861
            ],
            [
              -2.4537437,
              53.7107789
            ],
            [
              -2.4534427,
              53.7109869
            ],
            [
              -2.4532964,
              53.7110935
            ],
            [
              -2.4531634,
              53.7111967
            ],
            [
              -2.4530201,
              53.7113144
            ],
            [
              -2.4529497,
              53.7113769
            ],
            [
              -2.4529083,
              53.7114507
            ],
            [
              -2.4528874,
              53.7115379
            ],
            [
              -2.4528978,
              53.7116493
            ],
            [
              -2.4529436,
              53.7118001
            ],
            [
              -2.4530156,
              53.7119241
            ],
            [
              -2.453145,
              53.7120491
            ],
            [
              -2.4532343,
              53.7121123
            ],
            [
              -2.4533297,
              53.7121773
            ],
            [
              -2.4537053,
              53.7124045
            ],
            [
              -2.4538261,
              53.7125062
            ],
            [
              -2.4539361,
              53.7126289
            ],
            [
              -2.4539489,
              53.7126458
            ],
            [
              -2.4541435,
              53.712902
            ],
            [
              -2.454734,
              53.7136483
            ],
            [
              -2.454835,
              53.7137742
            ],
            [
              -2.4552963,
              53.714479
            ],
            [
              -2.4555109,
              53.7146694
            ],
            [
              -2.4558293,
              53.7148905
            ],
            [
              -2.4559758,
              53.7149922
            ],
            [
              -2.4561116,
              53.7150865
            ],
            [
              -2.4566267,
              53.7154441
            ],
            [
              -2.4570129,
              53.7157488
            ],
            [
              -2.4570799,
              53.715811
            ],
            [
              -2.4571139,
              53.7158425
            ],
            [
              -2.4572834,
              53.7159996
            ],
            [
              -2.4573348,
              53.7160472
            ],
            [
              -2.4575156,
              53.7163097
            ],
            [
              -2.4576223,
              53.7164905
            ],
            [
              -2.4576869,
              53.7166541
            ],
            [
              -2.4577566,
              53.7168609
            ],
            [
              -2.4577804,
              53.7171177
            ],
            [
              -2.4577854,
              53.7174313
            ],
            [
              -2.4577986,
              53.7176644
            ],
            [
              -2.4578191,
              53.7178045
            ],
            [
              -2.4578573,
              53.717954
            ],
            [
              -2.4579007,
              53.7181024
            ],
            [
              -2.457962,
              53.7182646
            ],
            [
              -2.4580814,
              53.718465
            ],
            [
              -2.4583187,
              53.7188125
            ],
            [
              -2.4584222,
              53.7189604
            ],
            [
              -2.4592448,
              53.7200258
            ],
            [
              -2.459726,
              53.7206385
            ],
            [
              -2.4598628,
              53.7208177
            ],
            [
              -2.4599293,
              53.7209174
            ],
            [
              -2.460183,
              53.7212977
            ],
            [
              -2.4605997,
              53.7219143
            ],
            [
              -2.4606456,
              53.7219854
            ],
            [
              -2.4608203,
              53.7222116
            ],
            [
              -2.4612194,
              53.7227738
            ],
            [
              -2.4615046,
              53.7232354
            ],
            [
              -2.4616852,
              53.723545
            ],
            [
              -2.4618441,
              53.7238145
            ],
            [
              -2.4619095,
              53.7239169
            ],
            [
              -2.4619414,
              53.7239524
            ],
            [
              -2.4619692,
              53.723983
            ],
            [
              -2.4621764,
              53.7242008
            ],
            [
              -2.4626401,
              53.7247889
            ],
            [
              -2.4632703,
              53.7257846
            ],
            [
              -2.4632895,
              53.7258137
            ],
            [
              -2.4633938,
              53.7259722
            ],
            [
              -2.4634808,
              53.7260958
            ],
            [
              -2.4635077,
              53.726134
            ],
            [
              -2.4635326,
              53.7261694
            ],
            [
              -2.463968,
              53.7267699
            ],
            [
              -2.4644055,
              53.7273606
            ],
            [
              -2.4645178,
              53.7275121
            ],
            [
              -2.4650126,
              53.7281657
            ],
            [
              -2.4653232,
              53.7285759
            ],
            [
              -2.4659455,
              53.7296359
            ],
            [
              -2.46608,
              53.7298068
            ],
            [
              -2.4662024,
              53.7299624
            ],
            [
              -2.4664911,
              53.7303442
            ],
            [
              -2.466888,
              53.7308692
            ],
            [
              -2.4671793,
              53.7312544
            ],
            [
              -2.4672517,
              53.7313624
            ],
            [
              -2.4691542,
              53.7340302
            ],
            [
              -2.4709155,
              53.7366551
            ]
          ],
          [
            [
              -2.5102462,
              53.7922104
            ],
            [
              -2.5149123,
              53.7988027
            ],
            [
              -2.5164949,
              53.8010315
            ],
            [
              -2.5182713,
              53.8039208
            ],
            [
              -2.5192155,
              53.8057455
            ],
            [
              -2.5210565,
              53.8089538
            ]
          ],
          [
            [
              -2.6024283,
              53.8492361
            ],
            [
              -2.5986255,
              53.8488396
            ],
            [
              -2.5928539,
              53.8476399
            ],
            [
              -2.5763336,
              53.8438536
            ],
            [
              -2.5670783,
              53.8345437
            ],
            [
              -2.5649753,
              53.8331921
            ],
            [
              -2.5639273,
              53.8323701
            ],
            [
              -2.5632408,
              53.8316175
            ],
            [
              -2.5622544,
              53.8307221
            ],
            [
              -2.5621743,
              53.8306494
            ],
            [
              -2.561058,
              53.829556
            ],
            [
              -2.5598563,
              53.8279651
            ],
            [
              -2.5592555,
              53.8275091
            ],
            [
              -2.5584431,
              53.8267475
            ],
            [
              -2.551741,
              53.8213891
            ],
            [
              -2.5392526,
              53.8154493
            ],
            [
              -2.538184,
              53.8148425
            ]
          ]
        ]
      },
      "id": "relation/7615943"
    },
    {
      "type": "Feature",
      "properties": {
        "@id": "relation/7621255",
        "conjectural": "yes",
        "historic": "roman_road",
        "historic:civilization": "ancient_roman",
        "name": "ROMAN ROAD - Bath Way",
        "route": "historic",
        "source": "OS OpenData StreetView",
        "type": "route",
        "wikidata": "Q4868985",
        "wikipedia": "en:Batham Gate"
      },
      "geometry": {
        "type": "MultiLineString",
        "coordinates": [
          [
            [
              -1.7412078,
              53.3318553
            ],
            [
              -1.7411351,
              53.3319525
            ],
            [
              -1.7410966,
              53.332004
            ],
            [
              -1.7410309,
              53.3320839
            ],
            [
              -1.7409692,
              53.3321448
            ],
            [
              -1.7408888,
              53.3322129
            ],
            [
              -1.7407922,
              53.3322834
            ],
            [
              -1.740765,
              53.3323016
            ],
            [
              -1.7406996,
              53.3323453
            ],
            [
              -1.7401646,
              53.3326774
            ],
            [
              -1.7398709,
              53.332864
            ],
            [
              -1.7397703,
              53.3329233
            ],
            [
              -1.7396736,
              53.3329681
            ],
            [
              -1.7396537,
              53.3329773
            ],
            [
              -1.7395167,
              53.333042
            ],
            [
              -1.7394511,
              53.333073
            ],
            [
              -1.7392902,
              53.3331467
            ],
            [
              -1.7391856,
              53.3332009
            ],
            [
              -1.7391309,
              53.3332261
            ],
            [
              -1.7390649,
              53.3332636
            ],
            [
              -1.7388817,
              53.3333705
            ],
            [
              -1.7387991,
              53.3334256
            ],
            [
              -1.7387135,
              53.3334871
            ],
            [
              -1.7386478,
              53.3335407
            ],
            [
              -1.7385767,
              53.3336024
            ],
            [
              -1.7384506,
              53.3337185
            ],
            [
              -1.7383594,
              53.3337922
            ],
            [
              -1.7382539,
              53.3338751
            ],
            [
              -1.7382047,
              53.3339096
            ],
            [
              -1.7380998,
              53.3339833
            ],
            [
              -1.7377206,
              53.3342549
            ],
            [
              -1.7372497,
              53.33458
            ],
            [
              -1.7368555,
              53.3348405
            ],
            [
              -1.7363988,
              53.3351332
            ],
            [
              -1.7362176,
              53.3352499
            ],
            [
              -1.7359728,
              53.3354071
            ],
            [
              -1.7353916,
              53.3357918
            ],
            [
              -1.734552,
              53.336342
            ],
            [
              -1.7340451,
              53.3366783
            ],
            [
              -1.7336264,
              53.3369476
            ],
            [
              -1.733172,
              53.3372373
            ],
            [
              -1.7329215,
              53.337393
            ],
            [
              -1.7327322,
              53.3375055
            ],
            [
              -1.7325055,
              53.3376344
            ],
            [
              -1.7319422,
              53.3379416
            ],
            [
              -1.7315498,
              53.3381705
            ],
            [
              -1.731529,
              53.3381808
            ],
            [
              -1.7312969,
              53.3382961
            ],
            [
              -1.7311081,
              53.3383912
            ],
            [
              -1.7309686,
              53.338456
            ],
            [
              -1.7309012,
              53.3384835
            ],
            [
              -1.7308305,
              53.3385097
            ],
            [
              -1.7306441,
              53.3385729
            ],
            [
              -1.7305488,
              53.3386058
            ],
            [
              -1.7304912,
              53.3386322
            ],
            [
              -1.7304155,
              53.338671
            ],
            [
              -1.7303329,
              53.3387243
            ],
            [
              -1.7302315,
              53.3387838
            ],
            [
              -1.7301452,
              53.338838
            ],
            [
              -1.730041,
              53.338894
            ],
            [
              -1.7299574,
              53.3389317
            ],
            [
              -1.72983,
              53.3389821
            ],
            [
              -1.7297093,
              53.3390238
            ],
            [
              -1.7296141,
              53.3390526
            ],
            [
              -1.7295069,
              53.3390779
            ],
            [
              -1.7293968,
              53.3390998
            ],
            [
              -1.7292023,
              53.3391263
            ],
            [
              -1.7291116,
              53.3391401
            ],
            [
              -1.7289409,
              53.3391591
            ],
            [
              -1.7287909,
              53.3391803
            ],
            [
              -1.7286874,
              53.3391999
            ],
            [
              -1.728619,
              53.3392167
            ],
            [
              -1.7285554,
              53.3392383
            ],
            [
              -1.7284621,
              53.3392744
            ],
            [
              -1.7283575,
              53.339324
            ],
            [
              -1.7282733,
              53.3393621
            ],
            [
              -1.7282234,
              53.3393921
            ],
            [
              -1.7281207,
              53.3394458
            ],
            [
              -1.7280278,
              53.3394897
            ],
            [
              -1.7279845,
              53.3395047
            ],
            [
              -1.7279337,
              53.3395202
            ],
            [
              -1.7278885,
              53.3395294
            ]
          ],
          [
            [
              -1.7412274,
              53.3318235
            ],
            [
              -1.7413078,
              53.3318325
            ],
            [
              -1.7413219,
              53.3318341
            ],
            [
              -1.7413716,
              53.3318365
            ],
            [
              -1.7414069,
              53.3318348
            ],
            [
              -1.741448,
              53.3318301
            ],
            [
              -1.7414869,
              53.3318213
            ],
            [
              -1.7415204,
              53.3318076
            ],
            [
              -1.7415578,
              53.3317882
            ],
            [
              -1.7421051,
              53.3314496
            ],
            [
              -1.7426346,
              53.3311127
            ],
            [
              -1.7433113,
              53.3306798
            ],
            [
              -1.7435307,
              53.3305326
            ],
            [
              -1.7436078,
              53.3304887
            ],
            [
              -1.7436783,
              53.3304597
            ],
            [
              -1.7437904,
              53.3304201
            ],
            [
              -1.7438193,
              53.3304091
            ],
            [
              -1.7439422,
              53.3303683
            ],
            [
              -1.7440441,
              53.3303286
            ],
            [
              -1.7441623,
              53.3303049
            ],
            [
              -1.7442454,
              53.3303175
            ],
            [
              -1.744648,
              53.3304477
            ],
            [
              -1.7451261,
              53.3304575
            ],
            [
              -1.7452867,
              53.330454
            ],
            [
              -1.7453328,
              53.330446
            ],
            [
              -1.7454017,
              53.330434
            ],
            [
              -1.7458774,
              53.3302548
            ],
            [
              -1.7459864,
              53.3302138
            ],
            [
              -1.7466117,
              53.3300146
            ],
            [
              -1.7478708,
              53.3296757
            ],
            [
              -1.7483301,
              53.329545
            ],
            [
              -1.7484539,
              53.3295098
            ],
            [
              -1.7492291,
              53.3293143
            ],
            [
              -1.7493661,
              53.3292797
            ],
            [
              -1.7502808,
              53.3290799
            ],
            [
              -1.750449,
              53.3290438
            ],
            [
              -1.7510961,
              53.3289051
            ],
            [
              -1.7515922,
              53.3288359
            ],
            [
              -1.7519742,
              53.3287553
            ],
            [
              -1.7525173,
              53.3286408
            ],
            [
              -1.752723,
              53.3285797
            ],
            [
              -1.7528842,
              53.3285271
            ],
            [
              -1.7529805,
              53.32849
            ],
            [
              -1.7530542,
              53.328462
            ],
            [
              -1.7531311,
              53.32844
            ],
            [
              -1.75325,
              53.3284147
            ],
            [
              -1.753368,
              53.3283939
            ],
            [
              -1.7534295,
              53.3283857
            ],
            [
              -1.7535183,
              53.3283811
            ],
            [
              -1.753588,
              53.3283795
            ],
            [
              -1.7536501,
              53.3283803
            ],
            [
              -1.7537503,
              53.3283803
            ],
            [
              -1.7538075,
              53.3283766
            ],
            [
              -1.753871,
              53.3283659
            ],
            [
              -1.7539192,
              53.3283555
            ],
            [
              -1.7539554,
              53.3283431
            ],
            [
              -1.753984,
              53.3283284
            ],
            [
              -1.7540095,
              53.3283078
            ],
            [
              -1.7540238,
              53.3282858
            ],
            [
              -1.7540346,
              53.3282433
            ],
            [
              -1.7540478,
              53.328215
            ],
            [
              -1.7540643,
              53.3281765
            ],
            [
              -1.7541057,
              53.3281544
            ],
            [
              -1.7541606,
              53.3281312
            ],
            [
              -1.7544168,
              53.3280439
            ],
            [
              -1.7545635,
              53.3280009
            ],
            [
              -1.7549666,
              53.3279136
            ],
            [
              -1.75566,
              53.3278052
            ],
            [
              -1.7561964,
              53.3277275
            ],
            [
              -1.7573639,
              53.3275388
            ],
            [
              -1.7579586,
              53.3274552
            ],
            [
              -1.7584,
              53.3273872
            ],
            [
              -1.7587351,
              53.3273305
            ],
            [
              -1.7589787,
              53.3271912
            ],
            [
              -1.7592077,
              53.3270603
            ],
            [
              -1.761332,
              53.3261055
            ],
            [
              -1.7674888,
              53.3230866
            ],
            [
              -1.7675748,
              53.3230614
            ],
            [
              -1.7677955,
              53.3229435
            ],
            [
              -1.7681939,
              53.3227465
            ],
            [
              -1.7686512,
              53.3225113
            ],
            [
              -1.769324,
              53.3221651
            ],
            [
              -1.7699577,
              53.321845
            ],
            [
              -1.7706044,
              53.3215184
            ],
            [
              -1.7714042,
              53.3211526
            ],
            [
              -1.7719631,
              53.3208652
            ],
            [
              -1.7724857,
              53.3206235
            ],
            [
              -1.772943,
              53.3204144
            ],
            [
              -1.773051,
              53.320373
            ],
            [
              -1.7734807,
              53.3202245
            ],
            [
              -1.7739241,
              53.3200878
            ],
            [
              -1.7740927,
              53.3199572
            ],
            [
              -1.7744846,
              53.3197612
            ],
            [
              -1.7750725,
              53.3196175
            ],
            [
              -1.7755755,
              53.3194999
            ],
            [
              -1.7760459,
              53.319415
            ],
            [
              -1.7763594,
              53.3193039
            ],
            [
              -1.7767383,
              53.3190426
            ],
            [
              -1.7770159,
              53.3187291
            ],
            [
              -1.7771903,
              53.3185667
            ],
            [
              -1.7773948,
              53.3183763
            ],
            [
              -1.778133,
              53.3178733
            ],
            [
              -1.779054,
              53.3173442
            ],
            [
              -1.7799032,
              53.3168739
            ],
            [
              -1.7808047,
              53.3163611
            ],
            [
              -1.7817323,
              53.3158777
            ],
            [
              -1.7831207,
              53.3151319
            ],
            [
              -1.7839533,
              53.3148129
            ],
            [
              -1.7852714,
              53.3142486
            ],
            [
              -1.7858649,
              53.3139661
            ],
            [
              -1.7862756,
              53.3137383
            ],
            [
              -1.7869576,
              53.3134028
            ],
            [
              -1.7880264,
              53.3128559
            ],
            [
              -1.7882821,
              53.3127415
            ],
            [
              -1.788379,
              53.3126852
            ],
            [
              -1.7906051,
              53.3117244
            ],
            [
              -1.8022523,
              53.3090443
            ],
            [
              -1.8114405,
              53.307032
            ],
            [
              -1.8160539,
              53.3065961
            ],
            [
              -1.8228946,
              53.3047747
            ],
            [
              -1.8285131,
              53.3034021
            ],
            [
              -1.8286248,
              53.3033713
            ],
            [
              -1.8304396,
              53.3028739
            ],
            [
              -1.8322985,
              53.3024142
            ],
            [
              -1.834721,
              53.3017686
            ],
            [
              -1.8353298,
              53.3016078
            ],
            [
              -1.8356571,
              53.3015579
            ],
            [
              -1.8357389,
              53.3015603
            ]
          ],
          [
            [
              -1.8620509,
              53.2888749
            ],
            [
              -1.8613444,
              53.2893381
            ],
            [
              -1.8606425,
              53.2897984
            ],
            [
              -1.8598486,
              53.2904782
            ],
            [
              -1.8593418,
              53.2908511
            ],
            [
              -1.8589346,
              53.2912816
            ],
            [
              -1.8586986,
              53.2916307
            ],
            [
              -1.8585289,
              53.2921136
            ],
            [
              -1.8585148,
              53.2921461
            ],
            [
              -1.8584947,
              53.2921922
            ],
            [
              -1.8583286,
              53.2926798
            ],
            [
              -1.858272,
              53.2927435
            ],
            [
              -1.858209,
              53.2928144
            ],
            [
              -1.8580845,
              53.2928883
            ],
            [
              -1.8579213,
              53.2929852
            ],
            [
              -1.8578496,
              53.2930957
            ],
            [
              -1.8577009,
              53.2933541
            ],
            [
              -1.8575722,
              53.2937214
            ],
            [
              -1.8574521,
              53.2939441
            ],
            [
              -1.8573498,
              53.2940998
            ],
            [
              -1.8572317,
              53.2942355
            ],
            [
              -1.8570941,
              53.2943517
            ],
            [
              -1.8569196,
              53.2944671
            ],
            [
              -1.8566836,
              53.2945889
            ],
            [
              -1.8559647,
              53.2949673
            ],
            [
              -1.8555962,
              53.2951962
            ],
            [
              -1.8554068,
              53.2953392
            ],
            [
              -1.8552888,
              53.2954995
            ],
            [
              -1.8552593,
              53.2956392
            ],
            [
              -1.8551847,
              53.2957959
            ],
            [
              -1.8551064,
              53.2959227
            ],
            [
              -1.8548596,
              53.2961343
            ],
            [
              -1.8545405,
              53.2963331
            ],
            [
              -1.8538136,
              53.2966954
            ],
            [
              -1.8533546,
              53.2968699
            ],
            [
              -1.8528167,
              53.2970663
            ],
            [
              -1.8526165,
              53.2971262
            ],
            [
              -1.8523381,
              53.2972475
            ],
            [
              -1.8472999,
              53.2985223
            ],
            [
              -1.8440778,
              53.2993467
            ],
            [
              -1.8425006,
              53.299782
            ],
            [
              -1.8408456,
              53.3002167
            ],
            [
              -1.8394931,
              53.3005209
            ],
            [
              -1.8386924,
              53.3007131
            ],
            [
              -1.8364068,
              53.3013318
            ],
            [
              -1.8359779,
              53.3014257
            ],
            [
              -1.8358706,
              53.3014561
            ],
            [
              -1.8357883,
              53.3015125
            ]
          ],
          [
            [
              -1.890861,
              53.2785992
            ],
            [
              -1.8907564,
              53.2785982
            ],
            [
              -1.8906261,
              53.2786044
            ],
            [
              -1.8905386,
              53.2786226
            ],
            [
              -1.8903662,
              53.2786912
            ],
            [
              -1.890011,
              53.2788463
            ],
            [
              -1.8893537,
              53.2791354
            ],
            [
              -1.8884787,
              53.2795154
            ],
            [
              -1.8880124,
              53.2796974
            ],
            [
              -1.8875745,
              53.279874
            ],
            [
              -1.8862712,
              53.2803817
            ],
            [
              -1.8848736,
              53.2809394
            ],
            [
              -1.8830855,
              53.2816502
            ],
            [
              -1.8828169,
              53.2817569
            ],
            [
              -1.8825564,
              53.2818557
            ],
            [
              -1.881303,
              53.2823412
            ],
            [
              -1.8809463,
              53.2824822
            ],
            [
              -1.8784904,
              53.2834631
            ],
            [
              -1.8768665,
              53.2840693
            ],
            [
              -1.8764815,
              53.2842408
            ],
            [
              -1.8738606,
              53.2852521
            ],
            [
              -1.8736761,
              53.2853232
            ],
            [
              -1.8736353,
              53.2853389
            ],
            [
              -1.8732882,
              53.2854774
            ],
            [
              -1.872576,
              53.2857617
            ],
            [
              -1.8719548,
              53.2860325
            ],
            [
              -1.8713181,
              53.2862968
            ],
            [
              -1.8710314,
              53.2864118
            ],
            [
              -1.8689681,
              53.2872394
            ],
            [
              -1.8681916,
              53.2875152
            ],
            [
              -1.8674017,
              53.2877717
            ],
            [
              -1.8665532,
              53.2880282
            ],
            [
              -1.8663159,
              53.2880827
            ],
            [
              -1.8652192,
              53.2882418
            ],
            [
              -1.8650118,
              53.2882677
            ],
            [
              -1.8647537,
              53.2883
            ],
            [
              -1.8646711,
              53.28831
            ],
            [
              -1.864598,
              53.2883189
            ],
            [
              -1.8644659,
              53.2883392
            ]
          ],
          [
            [
              -1.90064,
              53.2666507
            ],
            [
              -1.897872,
              53.2710011
            ]
          ]
        ]
      },
      "id": "relation/7621255"
    },
    {
      "type": "Feature",
      "properties": {
        "@id": "relation/8673244",
        "access": "yes",
        "addr:city": "Bakewell",
        "addr:postcode": "DE45 1PP",
        "building": "yes",
        "castle_type": "stately",
        "historic": "castle",
        "name": "Chatsworth House",
        "phone": "+44 1246 565300",
        "tourism": "attraction",
        "type": "multipolygon",
        "website": "https://www.chatsworth.org/",
        "wikidata": "Q1068289",
        "wikipedia": "en:Chatsworth House"
      },
      "geometry": {
        "type": "Polygon",
        "coordinates": [
          [
            [
              -1.6118325,
              53.2279491
            ],
            [
              -1.6118315,
              53.2277545
            ],
            [
              -1.611733,
              53.2277547
            ],
            [
              -1.6117006,
              53.2277547
            ],
            [
              -1.6115106,
              53.2277551
            ],
            [
              -1.6115089,
              53.2274201
            ],
            [
              -1.6115603,
              53.22742
            ],
            [
              -1.6116337,
              53.2274198
            ],
            [
              -1.6117232,
              53.2274197
            ],
            [
              -1.6117673,
              53.2274196
            ],
            [
              -1.6118192,
              53.2274195
            ],
            [
              -1.6119034,
              53.2274193
            ],
            [
              -1.6119032,
              53.2273901
            ],
            [
              -1.6121346,
              53.2273896
            ],
            [
              -1.6121329,
              53.2270636
            ],
            [
              -1.6121172,
              53.2270637
            ],
            [
              -1.6121166,
              53.2269307
            ],
            [
              -1.6113024,
              53.2269322
            ],
            [
              -1.6113027,
              53.227005
            ],
            [
              -1.6112701,
              53.227005
            ],
            [
              -1.6112711,
              53.2280122
            ],
            [
              -1.6112453,
              53.2280142
            ],
            [
              -1.6112451,
              53.2280476
            ],
            [
              -1.6112455,
              53.2280959
            ],
            [
              -1.6112458,
              53.2281598
            ],
            [
              -1.6112459,
              53.2281854
            ],
            [
              -1.6112804,
              53.2281832
            ],
            [
              -1.6112789,
              53.2283203
            ],
            [
              -1.6112598,
              53.2283567
            ],
            [
              -1.6112863,
              53.2283564
            ],
            [
              -1.6112829,
              53.228484
            ],
            [
              -1.6117887,
              53.2284816
            ],
            [
              -1.6119492,
              53.2284809
            ],
            [
              -1.6119494,
              53.2285046
            ],
            [
              -1.6120074,
              53.2285045
            ],
            [
              -1.6120073,
              53.2284861
            ],
            [
              -1.6120559,
              53.228486
            ],
            [
              -1.612082,
              53.2284859
            ],
            [
              -1.6120821,
              53.2285013
            ],
            [
              -1.6121391,
              53.2285012
            ],
            [
              -1.6121389,
              53.2284775
            ],
            [
              -1.6122556,
              53.2284773
            ],
            [
              -1.6122557,
              53.2284858
            ],
            [
              -1.6123121,
              53.2284857
            ],
            [
              -1.6123672,
              53.2284856
            ],
            [
              -1.6123671,
              53.2284541
            ],
            [
              -1.6123147,
              53.2284541
            ],
            [
              -1.6122423,
              53.2284543
            ],
            [
              -1.6121798,
              53.2284544
            ],
            [
              -1.6120923,
              53.2284546
            ],
            [
              -1.6120551,
              53.2284547
            ],
            [
              -1.6120282,
              53.2284547
            ],
            [
              -1.6117895,
              53.2284551
            ],
            [
              -1.6116236,
              53.2284554
            ],
            [
              -1.6116229,
              53.2283312
            ],
            [
              -1.611663,
              53.2283311
            ],
            [
              -1.6116624,
              53.2282153
            ],
            [
              -1.6116498,
              53.2282153
            ],
            [
              -1.611649,
              53.2280501
            ],
            [
              -1.6116717,
              53.2280501
            ],
            [
              -1.6116711,
              53.227938
            ],
            [
              -1.611802,
              53.2279378
            ],
            [
              -1.611802,
              53.2279492
            ],
            [
              -1.6118325,
              53.2279491
            ]
          ],
          [
            [
              -1.6118738,
              53.2272724
            ],
            [
              -1.6115534,
              53.2272737
            ],
            [
              -1.6115511,
              53.2270718
            ],
            [
              -1.6118715,
              53.2270704
            ],
            [
              -1.6118738,
              53.2272724
            ]
          ]
        ]
      },
      "id": "relation/8673244"
    },
    {
      "type": "Feature",
      "properties": {
        "@id": "relation/15349885",
        "HE_ref": "1231685",
        "building": "yes",
        "heritage": "2",
        "heritage:operator": "Historic England",
        "historic": "heritage",
        "listed_status": "Grade I",
        "name": "Lyme Hall",
        "operator": "National Trust",
        "ref:GB:nhle": "1231685",
        "start_date": "1570",
        "tourism": "attraction",
        "type": "multipolygon",
        "website": "https://historicengland.org.uk/listing/the-list/list-entry/1231685",
        "wikidata": "Q3050371"
      },
      "geometry": {
        "type": "Polygon",
        "coordinates": [
          [
            [
              -2.0547609,
              53.3382827
            ],
            [
              -2.0548006,
              53.3382808
            ],
            [
              -2.0547987,
              53.3382669
            ],
            [
              -2.0550143,
              53.3382576
            ],
            [
              -2.0550143,
              53.3382704
            ],
            [
              -2.0551733,
              53.3382646
            ],
            [
              -2.0551636,
              53.3381639
            ],
            [
              -2.0550957,
              53.3381685
            ],
            [
              -2.0550821,
              53.3380284
            ],
            [
              -2.0551461,
              53.3380272
            ],
            [
              -2.0551345,
              53.33793
            ],
            [
              -2.0548354,
              53.3379328
            ],
            [
              -2.0548335,
              53.3379154
            ],
            [
              -2.0547314,
              53.337916
            ],
            [
              -2.0546224,
              53.3379166
            ],
            [
              -2.0546224,
              53.3379304
            ],
            [
              -2.0543239,
              53.33793
            ],
            [
              -2.0543239,
              53.3379415
            ],
            [
              -2.0543026,
              53.3379427
            ],
            [
              -2.054291,
              53.3379508
            ],
            [
              -2.054289,
              53.3379635
            ],
            [
              -2.0542987,
              53.337974
            ],
            [
              -2.0543104,
              53.3379821
            ],
            [
              -2.0543336,
              53.3379867
            ],
            [
              -2.0543317,
              53.338011
            ],
            [
              -2.0542444,
              53.3380145
            ],
            [
              -2.0542464,
              53.3380643
            ],
            [
              -2.0542115,
              53.3380678
            ],
            [
              -2.0542115,
              53.3380874
            ],
            [
              -2.0541707,
              53.3380874
            ],
            [
              -2.0541863,
              53.3381673
            ],
            [
              -2.0542216,
              53.3381663
            ],
            [
              -2.0542235,
              53.3381837
            ],
            [
              -2.0542681,
              53.3381848
            ],
            [
              -2.054272,
              53.3382113
            ],
            [
              -2.0542758,
              53.3382368
            ],
            [
              -2.0543262,
              53.3382368
            ],
            [
              -2.0543165,
              53.3382472
            ],
            [
              -2.0543203,
              53.33826
            ],
            [
              -2.0543358,
              53.3382704
            ],
            [
              -2.0543571,
              53.3382727
            ],
            [
              -2.054361,
              53.3382958
            ],
            [
              -2.0544073,
              53.338294
            ],
            [
              -2.0545082,
              53.3382901
            ],
            [
              -2.0545043,
              53.3382796
            ],
            [
              -2.0547289,
              53.3382704
            ],
            [
              -2.0547309,
              53.3382842
            ],
            [
              -2.0547609,
              53.3382827
            ]
          ],
          [
            [
              -2.0547393,
              53.3380518
            ],
            [
              -2.0548395,
              53.3380504
            ],
            [
              -2.0548388,
              53.3380386
            ],
            [
              -2.0549514,
              53.3380363
            ],
            [
              -2.0549538,
              53.3380799
            ],
            [
              -2.0549417,
              53.3380801
            ],
            [
              -2.0549449,
              53.3381383
            ],
            [
              -2.0549645,
              53.3381379
            ],
            [
              -2.0549673,
              53.3381879
            ],
            [
              -2.05485,
              53.3381902
            ],
            [
              -2.0548496,
              53.3381821
            ],
            [
              -2.0547474,
              53.3381844
            ],
            [
              -2.0546821,
              53.3381854
            ],
            [
              -2.0546828,
              53.3381971
            ],
            [
              -2.0545584,
              53.3381996
            ],
            [
              -2.0545498,
              53.3380471
            ],
            [
              -2.054653,
              53.338045
            ],
            [
              -2.0546535,
              53.3380541
            ],
            [
              -2.0547393,
              53.3380518
            ]
          ]
        ]
      },
      "id": "relation/15349885"
    },
    {
      "type": "Feature",
      "properties": {
        "@id": "way/27640403",
        "drinking_water": "no",
        "fountain": "decorative",
        "historic": "fountain",
        "lit": "no",
        "name": "The Cascade",
        "natural": "water",
        "start_date": "1696",
        "tourism": "attraction"
      },
      "geometry": {
        "type": "Polygon",
        "coordinates": [
          [
            [
              -1.6087888,
              53.2269033
            ],
            [
              -1.6087883,
              53.2268706
            ],
            [
              -1.6087877,
              53.2268353
            ],
            [
              -1.6062985,
              53.2268489
            ],
            [
              -1.6062971,
              53.2269186
            ],
            [
              -1.6087888,
              53.2269033
            ]
          ]
        ]
      },
      "id": "way/27640403"
    },
    {
      "type": "Feature",
      "properties": {
        "@id": "way/32597977",
        "historic": "ruins",
        "name": "Errwood Hall",
        "wikidata": "Q5395747",
        "wikipedia": "en:Errwood Hall"
      },
      "geometry": {
        "type": "Polygon",
        "coordinates": [
          [
            [
              -1.989422,
              53.2697246
            ],
            [
              -1.9890626,
              53.2697627
            ],
            [
              -1.9890667,
              53.2697767
            ],
            [
              -1.9890039,
              53.2697833
            ],
            [
              -1.9890502,
              53.2699393
            ],
            [
              -1.9891251,
              53.2699314
            ],
            [
              -1.9891293,
              53.2699455
            ],
            [
              -1.9891403,
              53.2699824
            ],
            [
              -1.9892167,
              53.2699743
            ],
            [
              -1.9892057,
              53.2699375
            ],
            [
              -1.9892338,
              53.2699345
            ],
            [
              -1.9892076,
              53.2698463
            ],
            [
              -1.9893397,
              53.2698322
            ],
            [
              -1.9893702,
              53.2699351
            ],
            [
              -1.989481,
              53.2699233
            ],
            [
              -1.989422,
              53.2697246
            ]
          ]
        ]
      },
      "id": "way/32597977"
    },
    {
      "type": "Feature",
      "properties": {
        "@id": "way/32678181",
        "HE_ref": "1277283",
        "building": "yes",
        "building:levels": "3",
        "building:material": "stone",
        "height": "20",
        "heritage": "2",
        "heritage:operator": "Historic England",
        "historic": "heritage",
        "listed_status": "Grade II*",
        "name": "The Cage",
        "note": "former hunting lodge",
        "operator": "National Trust",
        "ref:GB:nhle": "1277283",
        "roof:material": "stone",
        "roof:shape": "flat",
        "start_date": "1737",
        "tourism": "attraction",
        "website": "https://historicengland.org.uk/listing/the-list/list-entry/1277283"
      },
      "geometry": {
        "type": "Polygon",
        "coordinates": [
          [
            [
              -2.0519611,
              53.3445991
            ],
            [
              -2.0519684,
              53.3445866
            ],
            [
              -2.0519588,
              53.3445846
            ],
            [
              -2.0520021,
              53.3445102
            ],
            [
              -2.0520117,
              53.3445122
            ],
            [
              -2.0520179,
              53.3445016
            ],
            [
              -2.0519978,
              53.3444974
            ],
            [
              -2.0519933,
              53.3445051
            ],
            [
              -2.0518787,
              53.3444813
            ],
            [
              -2.0518832,
              53.3444736
            ],
            [
              -2.0518608,
              53.344469
            ],
            [
              -2.0518538,
              53.344481
            ],
            [
              -2.0518648,
              53.3444833
            ],
            [
              -2.0518221,
              53.3445567
            ],
            [
              -2.0518111,
              53.3445545
            ],
            [
              -2.0518041,
              53.3445665
            ],
            [
              -2.0518225,
              53.3445703
            ],
            [
              -2.0518272,
              53.3445623
            ],
            [
              -2.0519457,
              53.344587
            ],
            [
              -2.0519411,
              53.3445949
            ],
            [
              -2.0519611,
              53.3445991
            ]
          ]
        ]
      },
      "id": "way/32678181"
    },
    {
      "type": "Feature",
      "properties": {
        "@id": "way/90854998",
        "description": "Quarry Hill, Site of WW1 Practice Trenches",
        "historic": "yes",
        "natural": "heath"
      },
      "geometry": {
        "type": "Polygon",
        "coordinates": [
          [
            [
              -1.6220369,
              53.3702092
            ],
            [
              -1.6218989,
              53.369448
            ],
            [
              -1.6216212,
              53.3679164
            ],
            [
              -1.6214495,
              53.3669691
            ],
            [
              -1.6210753,
              53.3669659
            ],
            [
              -1.6200454,
              53.3670853
            ],
            [
              -1.6198228,
              53.3670718
            ],
            [
              -1.619717,
              53.3670653
            ],
            [
              -1.6195732,
              53.366969
            ],
            [
              -1.619584,
              53.3669197
            ],
            [
              -1.6197941,
              53.3668206
            ],
            [
              -1.6199058,
              53.3667628
            ],
            [
              -1.6199109,
              53.366703
            ],
            [
              -1.619989,
              53.3666417
            ],
            [
              -1.620103,
              53.3666209
            ],
            [
              -1.6201955,
              53.3666313
            ],
            [
              -1.6202901,
              53.3666756
            ],
            [
              -1.6203741,
              53.3666548
            ],
            [
              -1.6204189,
              53.3665972
            ],
            [
              -1.6205377,
              53.366582
            ],
            [
              -1.6206252,
              53.3665909
            ],
            [
              -1.6206504,
              53.3666362
            ],
            [
              -1.6206354,
              53.3666889
            ],
            [
              -1.6206633,
              53.3667563
            ],
            [
              -1.6207797,
              53.3668292
            ],
            [
              -1.6208768,
              53.3668584
            ],
            [
              -1.6209755,
              53.3669011
            ],
            [
              -1.6211265,
              53.3669219
            ],
            [
              -1.6212231,
              53.3669165
            ],
            [
              -1.6212472,
              53.3668872
            ],
            [
              -1.6211466,
              53.3666818
            ],
            [
              -1.621042,
              53.3665733
            ],
            [
              -1.6208669,
              53.3665232
            ],
            [
              -1.6208626,
              53.3664565
            ],
            [
              -1.6212432,
              53.3664072
            ],
            [
              -1.6212767,
              53.3663597
            ],
            [
              -1.6208422,
              53.3648054
            ],
            [
              -1.6207053,
              53.3630884
            ],
            [
              -1.6194662,
              53.3633014
            ],
            [
              -1.6176577,
              53.3636124
            ],
            [
              -1.6177557,
              53.3665325
            ],
            [
              -1.6177668,
              53.3668488
            ],
            [
              -1.6172725,
              53.3676377
            ],
            [
              -1.6172392,
              53.3676857
            ],
            [
              -1.6170316,
              53.3679851
            ],
            [
              -1.6166048,
              53.3684577
            ],
            [
              -1.6167532,
              53.3684559
            ],
            [
              -1.6169112,
              53.3684693
            ],
            [
              -1.6170986,
              53.3685244
            ],
            [
              -1.617149,
              53.3686089
            ],
            [
              -1.6172206,
              53.3687285
            ],
            [
              -1.6173203,
              53.3688515
            ],
            [
              -1.6174634,
              53.3689733
            ],
            [
              -1.6177498,
              53.3691594
            ],
            [
              -1.6178944,
              53.3692385
            ],
            [
              -1.6180073,
              53.3693003
            ],
            [
              -1.6181865,
              53.3693666
            ],
            [
              -1.6187331,
              53.369561
            ],
            [
              -1.6190427,
              53.3696384
            ],
            [
              -1.619327,
              53.3696908
            ],
            [
              -1.6196274,
              53.3697356
            ],
            [
              -1.6198098,
              53.369806
            ],
            [
              -1.6199171,
              53.3698764
            ],
            [
              -1.6199063,
              53.369934
            ],
            [
              -1.61988,
              53.3699804
            ],
            [
              -1.6197883,
              53.3700236
            ],
            [
              -1.6197001,
              53.3700542
            ],
            [
              -1.6196166,
              53.3700748
            ],
            [
              -1.6193806,
              53.3701068
            ],
            [
              -1.6205617,
              53.3708261
            ],
            [
              -1.6210756,
              53.3707746
            ],
            [
              -1.6220369,
              53.3702092
            ]
          ]
        ]
      },
      "id": "way/90854998"
    },
    {
      "type": "Feature",
      "properties": {
        "@id": "way/90855001",
        "historic": "Quarry Hill, Site of WW1 Practice Trenches",
        "natural": "grassland"
      },
      "geometry": {
        "type": "Polygon",
        "coordinates": [
          [
            [
              -1.6193806,
              53.3701068
            ],
            [
              -1.6191982,
              53.3701068
            ],
            [
              -1.6189834,
              53.3700841
            ],
            [
              -1.6187476,
              53.3700236
            ],
            [
              -1.618422,
              53.369905
            ],
            [
              -1.6180395,
              53.3697292
            ],
            [
              -1.6174328,
              53.3694081
            ],
            [
              -1.6170176,
              53.3691644
            ],
            [
              -1.6169004,
              53.3691303
            ],
            [
              -1.616865,
              53.3690763
            ],
            [
              -1.6168593,
              53.3690122
            ],
            [
              -1.6168331,
              53.3689679
            ],
            [
              -1.6167621,
              53.3689192
            ],
            [
              -1.6166213,
              53.3688604
            ],
            [
              -1.6164838,
              53.3688202
            ],
            [
              -1.6163489,
              53.3687666
            ],
            [
              -1.6162985,
              53.3687133
            ],
            [
              -1.6162854,
              53.3686376
            ],
            [
              -1.6162907,
              53.3685897
            ],
            [
              -1.6162942,
              53.3685375
            ],
            [
              -1.6163901,
              53.3684854
            ],
            [
              -1.6166048,
              53.3684577
            ],
            [
              -1.6170316,
              53.3679851
            ],
            [
              -1.6156615,
              53.368238
            ],
            [
              -1.6156313,
              53.3682431
            ],
            [
              -1.6158727,
              53.3693697
            ],
            [
              -1.6160876,
              53.3701738
            ],
            [
              -1.6161565,
              53.3704565
            ],
            [
              -1.6161877,
              53.3704551
            ],
            [
              -1.6169968,
              53.3707039
            ],
            [
              -1.6178367,
              53.3708808
            ],
            [
              -1.618197,
              53.3709566
            ],
            [
              -1.618472,
              53.3709961
            ],
            [
              -1.6190108,
              53.3710391
            ],
            [
              -1.6205617,
              53.3708261
            ],
            [
              -1.6193806,
              53.3701068
            ]
          ]
        ]
      },
      "id": "way/90855001"
    },
    {
      "type": "Feature",
      "properties": {
        "@id": "way/95697435",
        "archaeological_site": "megalith",
        "historic": "archaeological_site",
        "megalith_type": "stone_circle",
        "name": "Nine Ladies Stone Circle",
        "wikidata": "Q7038333",
        "wikipedia": "en:Nine Ladies"
      },
      "geometry": {
        "type": "Polygon",
        "coordinates": [
          [
            [
              -1.6288265,
              53.1679328
            ],
            [
              -1.6288151,
              53.1679313
            ],
            [
              -1.6287805,
              53.1679329
            ],
            [
              -1.6287432,
              53.1679463
            ],
            [
              -1.6287263,
              53.1679614
            ],
            [
              -1.6287204,
              53.1679795
            ],
            [
              -1.6287243,
              53.1679958
            ],
            [
              -1.6287352,
              53.1680099
            ],
            [
              -1.6287621,
              53.1680243
            ],
            [
              -1.628796,
              53.1680303
            ],
            [
              -1.6288136,
              53.1680292
            ],
            [
              -1.6288292,
              53.168028
            ],
            [
              -1.6288599,
              53.1680178
            ],
            [
              -1.6288752,
              53.1680057
            ],
            [
              -1.6288808,
              53.1679947
            ],
            [
              -1.6288859,
              53.1679865
            ],
            [
              -1.6288827,
              53.1679673
            ],
            [
              -1.6288656,
              53.1679503
            ],
            [
              -1.6288265,
              53.1679328
            ]
          ]
        ]
      },
      "id": "way/95697435"
    },
    {
      "type": "Feature",
      "properties": {
        "@id": "way/105842627",
        "building": "yes",
        "historic": "ruins",
        "name": "Stony Ridge Hotel"
      },
      "geometry": {
        "type": "Polygon",
        "coordinates": [
          [
            [
              -1.5889255,
              53.3223264
            ],
            [
              -1.5891348,
              53.3223586
            ],
            [
              -1.5891559,
              53.3223097
            ],
            [
              -1.5889455,
              53.3222774
            ],
            [
              -1.5889306,
              53.3223119
            ],
            [
              -1.5888261,
              53.3222958
            ],
            [
              -1.5887695,
              53.3224273
            ],
            [
              -1.5888751,
              53.3224435
            ],
            [
              -1.5889255,
              53.3223264
            ]
          ]
        ]
      },
      "id": "way/105842627"
    },
    {
      "type": "Feature",
      "properties": {
        "@id": "way/114332077",
        "building": "yes",
        "historic": "yes",
        "man_made:disused": "watermill",
        "name": "Ashford Bobbin Mills",
        "source": "OS_OpenData_StreetView;survey"
      },
      "geometry": {
        "type": "Polygon",
        "coordinates": [
          [
            [
              -1.7287369,
              53.2236383
            ],
            [
              -1.7287088,
              53.2235951
            ],
            [
              -1.728606,
              53.223619
            ],
            [
              -1.7286341,
              53.2236622
            ],
            [
              -1.7287369,
              53.2236383
            ]
          ]
        ]
      },
      "id": "way/114332077"
    },
    {
      "type": "Feature",
      "properties": {
        "@id": "way/114332079",
        "building": "yes",
        "historic": "yes",
        "man_made:disused": "watermill",
        "source": "OS_OpenData_StreetView;survey"
      },
      "geometry": {
        "type": "Polygon",
        "coordinates": [
          [
            [
              -1.7285769,
              53.2236143
            ],
            [
              -1.7285492,
              53.2235717
            ],
            [
              -1.7284322,
              53.2235989
            ],
            [
              -1.7284599,
              53.2236416
            ],
            [
              -1.7285769,
              53.2236143
            ]
          ]
        ]
      },
      "id": "way/114332079"
    },
    {
      "type": "Feature",
      "properties": {
        "@id": "way/114345206",
        "historic": "ruins"
      },
      "geometry": {
        "type": "Polygon",
        "coordinates": [
          [
            [
              -1.9892167,
              53.2699743
            ],
            [
              -1.9892497,
              53.2700843
            ],
            [
              -1.9892196,
              53.2700876
            ],
            [
              -1.9892364,
              53.2701422
            ],
            [
              -1.9893403,
              53.2701308
            ],
            [
              -1.9894545,
              53.2701933
            ],
            [
              -1.9895151,
              53.2701542
            ],
            [
              -1.989372,
              53.2700696
            ],
            [
              -1.9893539,
              53.2700107
            ],
            [
              -1.989408,
              53.2700048
            ],
            [
              -1.9893928,
              53.2699556
            ],
            [
              -1.9892167,
              53.2699743
            ]
          ]
        ]
      },
      "id": "way/114345206"
    },
    {
      "type": "Feature",
      "properties": {
        "@id": "way/116814309",
        "addr:city": "Stockport",
        "addr:postcode": "SK12 2NU",
        "building": "yes",
        "heritage": "2",
        "heritage:operator": "Historic England",
        "historic": "heritage",
        "listed_status": "Grade II",
        "name": "Chestnut Cottages and Estate Workshops",
        "operator": "National Trust",
        "ref:GB:nhle": "1232077",
        "start_date": "1904",
        "website": "https://historicengland.org.uk/listing/the-list/list-entry/1232077",
        "wikidata": "Q26525627"
      },
      "geometry": {
        "type": "Polygon",
        "coordinates": [
          [
            [
              -2.0588905,
              53.3402021
            ],
            [
              -2.0586996,
              53.3402459
            ],
            [
              -2.0586696,
              53.3401992
            ],
            [
              -2.0585311,
              53.3402309
            ],
            [
              -2.0585497,
              53.3402599
            ],
            [
              -2.0584684,
              53.3402785
            ],
            [
              -2.058256,
              53.3399675
            ],
            [
              -2.0583095,
              53.3399575
            ],
            [
              -2.0582759,
              53.3399037
            ],
            [
              -2.058091,
              53.3399411
            ],
            [
              -2.0581307,
              53.3399931
            ],
            [
              -2.0581506,
              53.3399876
            ],
            [
              -2.0583582,
              53.3403106
            ],
            [
              -2.0583312,
              53.3403168
            ],
            [
              -2.0583715,
              53.3403794
            ],
            [
              -2.0589232,
              53.3402529
            ],
            [
              -2.0588905,
              53.3402021
            ]
          ]
        ]
      },
      "id": "way/116814309"
    },
    {
      "type": "Feature",
      "properties": {
        "@id": "way/127551627",
        "addr:city": "Stockport",
        "addr:postcode": "SK12 2NU",
        "building": "yes",
        "heritage": "2",
        "heritage:operator": "Historic England",
        "historic": "heritage",
        "listed_status": "Grade II",
        "name": "The Kennels",
        "operator": "National Trust",
        "ref:GB:nhle": "1277269",
        "start_date": "1870",
        "website": "https://historicengland.org.uk/listing/the-list/list-entry/1277269"
      },
      "geometry": {
        "type": "Polygon",
        "coordinates": [
          [
            [
              -2.0484626,
              53.3411777
            ],
            [
              -2.0484326,
              53.341092
            ],
            [
              -2.0483532,
              53.3411019
            ],
            [
              -2.048358,
              53.3411156
            ],
            [
              -2.0481196,
              53.3411453
            ],
            [
              -2.0481142,
              53.3411299
            ],
            [
              -2.0480213,
              53.3411415
            ],
            [
              -2.0480529,
              53.3412318
            ],
            [
              -2.0481412,
              53.3412208
            ],
            [
              -2.0481266,
              53.3411792
            ],
            [
              -2.048177,
              53.3411729
            ],
            [
              -2.0481943,
              53.3412223
            ],
            [
              -2.0483341,
              53.3412049
            ],
            [
              -2.0483154,
              53.3411513
            ],
            [
              -2.0483815,
              53.3411431
            ],
            [
              -2.0483965,
              53.341186
            ],
            [
              -2.0484626,
              53.3411777
            ]
          ]
        ]
      },
      "id": "way/127551627"
    },
    {
      "type": "Feature",
      "properties": {
        "@id": "way/139237813",
        "addr:city": "Hope Valley",
        "addr:country": "GB",
        "addr:postcode": "S32 5QW",
        "addr:suburb": "Eyam",
        "building": "yes",
        "castle_type": "manor",
        "fee": "yes",
        "heritage": "2",
        "heritage:operator": "Historic England",
        "historic": "castle",
        "listed_status": "Grade II*",
        "name": "Eyam Hall",
        "opening_hours:url": "https://www.eyamhall.co.uk/house-opening",
        "operator": "National Trust",
        "source": "Bing",
        "tourism": "attraction",
        "website": "https://www.eyamhall.co.uk/",
        "wikidata": "Q5422567",
        "wikipedia": "en:Eyam Hall"
      },
      "geometry": {
        "type": "Polygon",
        "coordinates": [
          [
            [
              -1.6763892,
              53.2849196
            ],
            [
              -1.6764557,
              53.2849515
            ],
            [
              -1.6764733,
              53.2849384
            ],
            [
              -1.6766233,
              53.2850104
            ],
            [
              -1.6766454,
              53.2849939
            ],
            [
              -1.6766651,
              53.2850034
            ],
            [
              -1.6766983,
              53.2849787
            ],
            [
              -1.676728,
              53.2849929
            ],
            [
              -1.6767404,
              53.2849837
            ],
            [
              -1.6768005,
              53.2850125
            ],
            [
              -1.6768624,
              53.2849664
            ],
            [
              -1.6767843,
              53.2849289
            ],
            [
              -1.676813,
              53.2849076
            ],
            [
              -1.6767415,
              53.2848732
            ],
            [
              -1.6767028,
              53.284902
            ],
            [
              -1.6766022,
              53.2848537
            ],
            [
              -1.6766402,
              53.2848255
            ],
            [
              -1.6765644,
              53.2847891
            ],
            [
              -1.6763892,
              53.2849196
            ]
          ]
        ]
      },
      "id": "way/139237813"
    },
    {
      "type": "Feature",
      "properties": {
        "@id": "way/152201974",
        "building": "church",
        "denomination": "catholic",
        "historic": "church",
        "name": "Padley Chapel",
        "wikidata": "Q17525598",
        "wikipedia": "en:Padley Chapel"
      },
      "geometry": {
        "type": "Polygon",
        "coordinates": [
          [
            [
              -1.6311481,
              53.3070607
            ],
            [
              -1.6312594,
              53.3070196
            ],
            [
              -1.6311217,
              53.3068863
            ],
            [
              -1.6310104,
              53.3069274
            ],
            [
              -1.6311481,
              53.3070607
            ]
          ]
        ]
      },
      "id": "way/152201974"
    },
    {
      "type": "Feature",
      "properties": {
        "@id": "way/158348094",
        "historic": "ruins"
      },
      "geometry": {
        "type": "Polygon",
        "coordinates": [
          [
            [
              -1.9893693,
              53.1583328
            ],
            [
              -1.989363,
              53.1582933
            ],
            [
              -1.9891841,
              53.1583036
            ],
            [
              -1.9891904,
              53.158343
            ],
            [
              -1.9893693,
              53.1583328
            ]
          ]
        ]
      },
      "id": "way/158348094"
    },
    {
      "type": "Feature",
      "properties": {
        "@id": "way/158678341",
        "alt_name": "Nine Stone Close",
        "archaeological_site": "megalith",
        "historic": "archaeological_site",
        "historic:civilization": "prehistoric",
        "historic:period": "bronze-age",
        "loc_name": "The Grey Ladies",
        "megalith_type": "stone_circle",
        "name": "Nine Stones Close",
        "source": "bing;survey",
        "website": "http://www.stone-circles.org.uk/stone/ninestones.htm",
        "wikidata": "Q14949375",
        "wikipedia": "en:Nine Stones Close"
      },
      "geometry": {
        "type": "Polygon",
        "coordinates": [
          [
            [
              -1.6645923,
              53.1604558
            ],
            [
              -1.6645841,
              53.1604278
            ],
            [
              -1.6645618,
              53.1604026
            ],
            [
              -1.6645276,
              53.1603829
            ],
            [
              -1.664485,
              53.1603704
            ],
            [
              -1.664438,
              53.1603665
            ],
            [
              -1.6643913,
              53.1603714
            ],
            [
              -1.6643494,
              53.1603848
            ],
            [
              -1.6643164,
              53.1604053
            ],
            [
              -1.6642956,
              53.1604308
            ],
            [
              -1.664289,
              53.160459
            ],
            [
              -1.6642973,
              53.160487
            ],
            [
              -1.6643196,
              53.1605121
            ],
            [
              -1.6643537,
              53.1605319
            ],
            [
              -1.6643964,
              53.1605444
            ],
            [
              -1.6644434,
              53.1605483
            ],
            [
              -1.6644901,
              53.1605434
            ],
            [
              -1.664532,
              53.16053
            ],
            [
              -1.6645649,
              53.1605095
            ],
            [
              -1.6645857,
              53.160484
            ],
            [
              -1.6645923,
              53.1604558
            ]
          ]
        ]
      },
      "id": "way/158678341"
    },
    {
      "type": "Feature",
      "properties": {
        "@id": "way/163845530",
        "building": "yes",
        "historic": "ruins",
        "name": "Throwley Old Hall",
        "ref:GB:uprn": "10010605648",
        "source": "survey;bing",
        "source:name": "View from S"
      },
      "geometry": {
        "type": "Polygon",
        "coordinates": [
          [
            [
              -1.8363983,
              53.0697561
            ],
            [
              -1.8363069,
              53.0697121
            ],
            [
              -1.8362128,
              53.0697869
            ],
            [
              -1.8361629,
              53.0697628
            ],
            [
              -1.8361242,
              53.0697969
            ],
            [
              -1.8362598,
              53.0698626
            ],
            [
              -1.8363983,
              53.0697561
            ]
          ]
        ]
      },
      "id": "way/163845530"
    },
    {
      "type": "Feature",
      "properties": {
        "@id": "way/177023800",
        "addr:city": "Ashbourne",
        "addr:postcode": "DE6 1RA",
        "addr:village": "Tissington",
        "building": "yes",
        "castle_type": "manor",
        "historic": "castle",
        "name": "Tissington Hall",
        "source": "survey;bing",
        "website": "https://www.tissingtonhall.co.uk/",
        "wikidata": "Q7809651",
        "wikipedia": "en:Tissington Hall"
      },
      "geometry": {
        "type": "Polygon",
        "coordinates": [
          [
            [
              -1.7407231,
              53.0681519
            ],
            [
              -1.7408302,
              53.0681358
            ],
            [
              -1.7408504,
              53.0681843
            ],
            [
              -1.7407947,
              53.0681927
            ],
            [
              -1.7408346,
              53.0682885
            ],
            [
              -1.7409632,
              53.0682691
            ],
            [
              -1.7409384,
              53.0682095
            ],
            [
              -1.740886,
              53.0682174
            ],
            [
              -1.7408745,
              53.0681896
            ],
            [
              -1.7411652,
              53.0681459
            ],
            [
              -1.7411379,
              53.0680803
            ],
            [
              -1.7409745,
              53.0681049
            ],
            [
              -1.740878,
              53.0678733
            ],
            [
              -1.7407648,
              53.0678903
            ],
            [
              -1.740795,
              53.0679629
            ],
            [
              -1.7406526,
              53.0679843
            ],
            [
              -1.7406798,
              53.0680494
            ],
            [
              -1.7406369,
              53.0680559
            ],
            [
              -1.7406516,
              53.0680912
            ],
            [
              -1.7406951,
              53.0680847
            ],
            [
              -1.7407231,
              53.0681519
            ]
          ]
        ]
      },
      "id": "way/177023800"
    },
    {
      "type": "Feature",
      "properties": {
        "@id": "way/183162670",
        "building": "yes",
        "historic": "ruins"
      },
      "geometry": {
        "type": "Polygon",
        "coordinates": [
          [
            [
              -1.8283229,
              53.529059
            ],
            [
              -1.8283378,
              53.5290146
            ],
            [
              -1.8282228,
              53.5290009
            ],
            [
              -1.8282078,
              53.5290453
            ],
            [
              -1.8283229,
              53.529059
            ]
          ]
        ]
      },
      "id": "way/183162670"
    },
    {
      "type": "Feature",
      "properties": {
        "@id": "way/199898673",
        "historic": "Hill 60, Site of WW1 Practice Trenches",
        "natural": "grassland"
      },
      "geometry": {
        "type": "Polygon",
        "coordinates": [
          [
            [
              -1.6254262,
              53.3663823
            ],
            [
              -1.6214495,
              53.3669691
            ],
            [
              -1.6216212,
              53.3679164
            ],
            [
              -1.6220369,
              53.3702092
            ],
            [
              -1.6244354,
              53.3697915
            ],
            [
              -1.6245279,
              53.3697255
            ],
            [
              -1.6245571,
              53.3697038
            ],
            [
              -1.6245836,
              53.3696842
            ],
            [
              -1.6251807,
              53.3691857
            ],
            [
              -1.6252114,
              53.3691601
            ],
            [
              -1.6254245,
              53.3686418
            ],
            [
              -1.6258391,
              53.3676911
            ],
            [
              -1.6260039,
              53.367304
            ],
            [
              -1.6255065,
              53.3670702
            ],
            [
              -1.6254262,
              53.3663823
            ]
          ]
        ]
      },
      "id": "way/199898673"
    },
    {
      "type": "Feature",
      "properties": {
        "@id": "way/201566510",
        "historic": "ruins",
        "name": "Badger House",
        "source": "Local Knowledge"
      },
      "geometry": {
        "type": "Polygon",
        "coordinates": [
          [
            [
              -1.5765089,
              53.338236
            ],
            [
              -1.5766614,
              53.3382627
            ],
            [
              -1.5766781,
              53.3382286
            ],
            [
              -1.5769465,
              53.3382757
            ],
            [
              -1.5769765,
              53.3382147
            ],
            [
              -1.5765557,
              53.3381408
            ],
            [
              -1.5765089,
              53.338236
            ]
          ]
        ]
      },
      "id": "way/201566510"
    },
    {
      "type": "Feature",
      "properties": {
        "@id": "way/226618899",
        "addr:housename": "The Old Methodist Chapel",
        "building": "yes",
        "historic": "chapel",
        "source": "survey;bing"
      },
      "geometry": {
        "type": "Polygon",
        "coordinates": [
          [
            [
              -1.7340621,
              53.2971927
            ],
            [
              -1.7340848,
              53.2970927
            ],
            [
              -1.7338818,
              53.2970763
            ],
            [
              -1.7338648,
              53.2971509
            ],
            [
              -1.7338591,
              53.2971763
            ],
            [
              -1.7340621,
              53.2971927
            ]
          ]
        ]
      },
      "id": "way/226618899"
    },
    {
      "type": "Feature",
      "properties": {
        "@id": "way/232836113",
        "building": "collapsed",
        "historic": "ruins",
        "name": "Queen Mary's Bower"
      },
      "geometry": {
        "type": "Polygon",
        "coordinates": [
          [
            [
              -1.6154742,
              53.2293597
            ],
            [
              -1.615747,
              53.2293451
            ],
            [
              -1.6157209,
              53.22917
            ],
            [
              -1.6156136,
              53.2291758
            ],
            [
              -1.6155933,
              53.2290401
            ],
            [
              -1.6155369,
              53.2290431
            ],
            [
              -1.6155574,
              53.2291802
            ],
            [
              -1.6154483,
              53.229186
            ],
            [
              -1.6154742,
              53.2293597
            ]
          ]
        ]
      },
      "id": "way/232836113"
    },
    {
      "type": "Feature",
      "properties": {
        "@id": "way/240179637",
        "HE_ref": "no",
        "historic": "pinfold",
        "name": "Pinfold",
        "source": "survey;bing"
      },
      "geometry": {
        "type": "Polygon",
        "coordinates": [
          [
            [
              -1.7433945,
              53.3470514
            ],
            [
              -1.7434101,
              53.347053
            ],
            [
              -1.7434254,
              53.3470545
            ],
            [
              -1.7434563,
              53.3470524
            ],
            [
              -1.743482,
              53.3470432
            ],
            [
              -1.7434992,
              53.3470289
            ],
            [
              -1.743506,
              53.3470125
            ],
            [
              -1.7434975,
              53.3470002
            ],
            [
              -1.7434734,
              53.3469838
            ],
            [
              -1.7434374,
              53.3469776
            ],
            [
              -1.7433979,
              53.3469848
            ],
            [
              -1.7433688,
              53.3470053
            ],
            [
              -1.7433622,
              53.3470266
            ],
            [
              -1.7433945,
              53.3470514
            ]
          ]
        ]
      },
      "id": "way/240179637"
    },
    {
      "type": "Feature",
      "properties": {
        "@id": "way/280325300",
        "abandoned": "yes",
        "barrier": "wall",
        "historic": "ruins",
        "historic:building": "yes",
        "source": "survey;bing"
      },
      "geometry": {
        "type": "Polygon",
        "coordinates": [
          [
            [
              -1.9861794,
              53.19811
            ],
            [
              -1.9861629,
              53.1980238
            ],
            [
              -1.9859803,
              53.1980364
            ],
            [
              -1.9859968,
              53.1981226
            ],
            [
              -1.9861794,
              53.19811
            ]
          ]
        ]
      },
      "id": "way/280325300"
    },
    {
      "type": "Feature",
      "properties": {
        "@id": "way/283021051",
        "HE_ref": "1277341",
        "building": "yes",
        "heritage": "2",
        "heritage:operator": "Historic England",
        "historic": "heritage",
        "listed_status": "Grade II*",
        "name": "The Orangery",
        "operator": "National Trust",
        "ref:GB:nhle": "1277341",
        "start_date": "1815",
        "website": "https://historicengland.org.uk/listing/the-list/list-entry/1277341"
      },
      "geometry": {
        "type": "Polygon",
        "coordinates": [
          [
            [
              -2.0534773,
              53.3384102
            ],
            [
              -2.0540048,
              53.3383856
            ],
            [
              -2.0539906,
              53.3382498
            ],
            [
              -2.0537837,
              53.3382621
            ],
            [
              -2.0537521,
              53.3382404
            ],
            [
              -2.0536968,
              53.3382442
            ],
            [
              -2.0536684,
              53.3382678
            ],
            [
              -2.0534552,
              53.3382753
            ],
            [
              -2.0534773,
              53.3384102
            ]
          ]
        ]
      },
      "id": "way/283021051"
    },
    {
      "type": "Feature",
      "properties": {
        "@id": "way/283069119",
        "addr:city": "Stockport",
        "addr:postcode": "SK12 2NU",
        "building": "yes",
        "heritage": "2",
        "heritage:operator": "Historic England",
        "historic": "heritage",
        "listed_status": "Grade II",
        "name": "Head Gardeners Cottage",
        "operator": "National Trust",
        "ref:GB:nhle": "1231931",
        "ref:GB:uprn": "10007961872",
        "start_date": "1871",
        "website": "https://historicengland.org.uk/listing/the-list/list-entry/1231931"
      },
      "geometry": {
        "type": "Polygon",
        "coordinates": [
          [
            [
              -2.0513041,
              53.3400611
            ],
            [
              -2.0513038,
              53.3400433
            ],
            [
              -2.0513407,
              53.340043
            ],
            [
              -2.0513397,
              53.3399911
            ],
            [
              -2.0512893,
              53.3399914
            ],
            [
              -2.0512889,
              53.3399694
            ],
            [
              -2.0512244,
              53.3399698
            ],
            [
              -2.0512246,
              53.339983
            ],
            [
              -2.0511469,
              53.3399835
            ],
            [
              -2.0511467,
              53.3399734
            ],
            [
              -2.0510707,
              53.3399739
            ],
            [
              -2.0510712,
              53.3399965
            ],
            [
              -2.0510234,
              53.3399968
            ],
            [
              -2.0510244,
              53.3400483
            ],
            [
              -2.0510779,
              53.3400479
            ],
            [
              -2.0510782,
              53.3400626
            ],
            [
              -2.0513041,
              53.3400611
            ]
          ]
        ]
      },
      "id": "way/283069119"
    },
    {
      "type": "Feature",
      "properties": {
        "@id": "way/283069122",
        "building": "yes",
        "heritage": "2",
        "heritage:operator": "Historic England",
        "historic": "heritage",
        "listed_status": "Grade II",
        "name": "The Pheasant House",
        "operator": "National Trust",
        "ref:GB:nhle": "1277275",
        "start_date": "1870",
        "website": "https://historicengland.org.uk/listing/the-list/list-entry/1277275"
      },
      "geometry": {
        "type": "Polygon",
        "coordinates": [
          [
            [
              -2.0489114,
              53.3411795
            ],
            [
              -2.04904,
              53.3411633
            ],
            [
              -2.0490106,
              53.3410799
            ],
            [
              -2.0488819,
              53.3410961
            ],
            [
              -2.0489114,
              53.3411795
            ]
          ]
        ]
      },
      "id": "way/283069122"
    },
    {
      "type": "Feature",
      "properties": {
        "@id": "way/305979500",
        "building": "ruins",
        "historic": "building",
        "name": "Bateman's House",
        "note": "Position based on Density of GPS traces in the area"
      },
      "geometry": {
        "type": "Polygon",
        "coordinates": [
          [
            [
              -1.7106971,
              53.1894506
            ],
            [
              -1.7107108,
              53.1894232
            ],
            [
              -1.7106952,
              53.1894204
            ],
            [
              -1.710632,
              53.1894091
            ],
            [
              -1.7106228,
              53.1894283
            ],
            [
              -1.7106647,
              53.1894356
            ],
            [
              -1.7106526,
              53.1894598
            ],
            [
              -1.7106982,
              53.1894679
            ],
            [
              -1.7107061,
              53.1894522
            ],
            [
              -1.7106971,
              53.1894506
            ]
          ]
        ]
      },
      "id": "way/305979500"
    },
    {
      "type": "Feature",
      "properties": {
        "@id": "way/319142556",
        "historic": "ruins",
        "man_made": "kiln"
      },
      "geometry": {
        "type": "Polygon",
        "coordinates": [
          [
            [
              -1.7691253,
              53.0700806
            ],
            [
              -1.7691687,
              53.070004
            ],
            [
              -1.7691174,
              53.0699935
            ],
            [
              -1.7690197,
              53.0699736
            ],
            [
              -1.7689763,
              53.0700502
            ],
            [
              -1.7691253,
              53.0700806
            ]
          ]
        ]
      },
      "id": "way/319142556"
    },
    {
      "type": "Feature",
      "properties": {
        "@id": "way/329329173",
        "historic": "memorial",
        "memorial": "war_memorial"
      },
      "geometry": {
        "type": "Polygon",
        "coordinates": [
          [
            [
              -1.808391,
              53.1406408
            ],
            [
              -1.8084109,
              53.1406272
            ],
            [
              -1.8084286,
              53.1406151
            ],
            [
              -1.8084435,
              53.140581
            ],
            [
              -1.8083749,
              53.1405748
            ],
            [
              -1.8083508,
              53.1405877
            ],
            [
              -1.808355,
              53.1406164
            ],
            [
              -1.808391,
              53.1406408
            ]
          ]
        ]
      },
      "id": "way/329329173"
    },
    {
      "type": "Feature",
      "properties": {
        "@id": "way/344275131",
        "building": "industrial",
        "historic": "ruins",
        "man_made": "kiln",
        "name": "Lime Kiln",
        "name:de": "Kalkofen"
      },
      "geometry": {
        "type": "Polygon",
        "coordinates": [
          [
            [
              -1.8032461,
              53.2566175
            ],
            [
              -1.8029958,
              53.2565945
            ],
            [
              -1.8029654,
              53.2567129
            ],
            [
              -1.8029621,
              53.2567255
            ],
            [
              -1.8032124,
              53.2567485
            ],
            [
              -1.8032461,
              53.2566175
            ]
          ]
        ]
      },
      "id": "way/344275131"
    },
    {
      "type": "Feature",
      "properties": {
        "@id": "way/369358278",
        "description": "Scheduled Ancient Monument 31229",
        "ele": "295.49",
        "historic": "archaeological_site",
        "name": "A Great Double Dyke",
        "source:name": "Sign at side of road"
      },
      "geometry": {
        "type": "Polygon",
        "coordinates": [
          [
            [
              -1.6630726,
              53.2584881
            ],
            [
              -1.6631558,
              53.2586465
            ],
            [
              -1.663266,
              53.2587416
            ],
            [
              -1.6634196,
              53.258801
            ],
            [
              -1.6634786,
              53.2586735
            ],
            [
              -1.6633272,
              53.2584118
            ],
            [
              -1.6630859,
              53.2581142
            ],
            [
              -1.6629902,
              53.2578059
            ],
            [
              -1.6628267,
              53.2578446
            ],
            [
              -1.6628543,
              53.2580473
            ],
            [
              -1.6630131,
              53.2583372
            ],
            [
              -1.6630726,
              53.2584881
            ]
          ]
        ]
      },
      "id": "way/369358278"
    },
    {
      "type": "Feature",
      "properties": {
        "@id": "way/373808678",
        "historic": "ruins",
        "man_made": "kiln"
      },
      "geometry": {
        "type": "Polygon",
        "coordinates": [
          [
            [
              -1.8360303,
              53.0594833
            ],
            [
              -1.8360303,
              53.0594239
            ],
            [
              -1.8359964,
              53.0593629
            ],
            [
              -1.8359104,
              53.0593714
            ],
            [
              -1.8358455,
              53.059429
            ],
            [
              -1.8358906,
              53.0594807
            ],
            [
              -1.8360303,
              53.0594833
            ]
          ]
        ]
      },
      "id": "way/373808678"
    },
    {
      "type": "Feature",
      "properties": {
        "@id": "way/376870765",
        "historic": "ruins"
      },
      "geometry": {
        "type": "Polygon",
        "coordinates": [
          [
            [
              -1.8535823,
              53.1225671
            ],
            [
              -1.8537425,
              53.1226684
            ],
            [
              -1.8537767,
              53.1226318
            ],
            [
              -1.8538902,
              53.1225105
            ],
            [
              -1.8539801,
              53.1224373
            ],
            [
              -1.8540106,
              53.1224373
            ],
            [
              -1.8540392,
              53.1223966
            ],
            [
              -1.8540933,
              53.1223198
            ],
            [
              -1.8542427,
              53.1222841
            ],
            [
              -1.8542964,
              53.1222257
            ],
            [
              -1.8542892,
              53.12217
            ],
            [
              -1.8543116,
              53.1221632
            ],
            [
              -1.8542496,
              53.1221215
            ],
            [
              -1.8541942,
              53.1221172
            ],
            [
              -1.8540783,
              53.1221387
            ],
            [
              -1.8538711,
              53.1223668
            ],
            [
              -1.8537754,
              53.1223464
            ],
            [
              -1.8536676,
              53.1223301
            ],
            [
              -1.8536374,
              53.1224084
            ],
            [
              -1.8535621,
              53.1224514
            ],
            [
              -1.8535364,
              53.1224955
            ],
            [
              -1.853553,
              53.1225451
            ],
            [
              -1.8535823,
              53.1225671
            ]
          ]
        ]
      },
      "id": "way/376870765"
    },
    {
      "type": "Feature",
      "properties": {
        "@id": "way/378019259",
        "archaeological_site": "fortification",
        "historic": "archaeological_site",
        "name": "Pilsbury Castle",
        "tourism": "attraction",
        "wikidata": "Q7194511",
        "wikipedia": "en:Pilsbury Castle"
      },
      "geometry": {
        "type": "Polygon",
        "coordinates": [
          [
            [
              -1.8318837,
              53.1718712
            ],
            [
              -1.8321891,
              53.1715379
            ],
            [
              -1.8322438,
              53.1710515
            ],
            [
              -1.83187,
              53.1708439
            ],
            [
              -1.8308809,
              53.1707674
            ],
            [
              -1.8305664,
              53.1708411
            ],
            [
              -1.8302154,
              53.1711171
            ],
            [
              -1.8298417,
              53.1713767
            ],
            [
              -1.8296913,
              53.1717646
            ],
            [
              -1.8299192,
              53.1722154
            ],
            [
              -1.8301881,
              53.1724613
            ],
            [
              -1.8305208,
              53.1725078
            ],
            [
              -1.8308763,
              53.1723794
            ],
            [
              -1.8313048,
              53.1723083
            ],
            [
              -1.8318837,
              53.1718712
            ]
          ]
        ]
      },
      "id": "way/378019259"
    },
    {
      "type": "Feature",
      "properties": {
        "@id": "way/379712967",
        "historic": "ruins"
      },
      "geometry": {
        "type": "Polygon",
        "coordinates": [
          [
            [
              -1.833914,
              53.0792894
            ],
            [
              -1.8337879,
              53.0792906
            ],
            [
              -1.83379,
              53.079372
            ],
            [
              -1.8338712,
              53.0793712
            ],
            [
              -1.8338701,
              53.0793303
            ],
            [
              -1.833915,
              53.0793299
            ],
            [
              -1.833914,
              53.0792894
            ]
          ]
        ]
      },
      "id": "way/379712967"
    },
    {
      "type": "Feature",
      "properties": {
        "@id": "way/386676793",
        "amenity": "watering_place",
        "historic": "ruins",
        "name": "Burycliffe Troughs"
      },
      "geometry": {
        "type": "Polygon",
        "coordinates": [
          [
            [
              -1.6763014,
              53.1496035
            ],
            [
              -1.6762234,
              53.1496412
            ],
            [
              -1.6762314,
              53.1496471
            ],
            [
              -1.6763093,
              53.1496093
            ],
            [
              -1.6763014,
              53.1496035
            ]
          ]
        ]
      },
      "id": "way/386676793"
    },
    {
      "type": "Feature",
      "properties": {
        "@id": "way/390218574",
        "historic": "ruins"
      },
      "geometry": {
        "type": "Polygon",
        "coordinates": [
          [
            [
              -1.743806,
              53.4632391
            ],
            [
              -1.7438604,
              53.4632044
            ],
            [
              -1.7438159,
              53.463182
            ],
            [
              -1.7437615,
              53.4632167
            ],
            [
              -1.743806,
              53.4632391
            ]
          ]
        ]
      },
      "id": "way/390218574"
    },
    {
      "type": "Feature",
      "properties": {
        "@id": "way/397676593",
        "historic": "ruins",
        "name": "Thornseat Lodge (ruin)"
      },
      "geometry": {
        "type": "Polygon",
        "coordinates": [
          [
            [
              -1.6405532,
              53.4273199
            ],
            [
              -1.6406756,
              53.4272148
            ],
            [
              -1.6406014,
              53.4271841
            ],
            [
              -1.6405725,
              53.4272088
            ],
            [
              -1.6404765,
              53.4271691
            ],
            [
              -1.6405016,
              53.4271476
            ],
            [
              -1.6404274,
              53.4271169
            ],
            [
              -1.6402269,
              53.427289
            ],
            [
              -1.6404142,
              53.4273664
            ],
            [
              -1.640496,
              53.4272962
            ],
            [
              -1.6405532,
              53.4273199
            ]
          ]
        ]
      },
      "id": "way/397676593"
    },
    {
      "type": "Feature",
      "properties": {
        "@id": "way/402145618",
        "building": "yes",
        "historic": "ruins"
      },
      "geometry": {
        "type": "Polygon",
        "coordinates": [
          [
            [
              -1.742278,
              53.2107228
            ],
            [
              -1.7422748,
              53.2107164
            ],
            [
              -1.7422679,
              53.2107111
            ],
            [
              -1.7422581,
              53.2107077
            ],
            [
              -1.742247,
              53.2107067
            ],
            [
              -1.742236,
              53.2107083
            ],
            [
              -1.7422269,
              53.2107122
            ],
            [
              -1.7422205,
              53.2107182
            ],
            [
              -1.7422186,
              53.2107253
            ],
            [
              -1.7422215,
              53.2107322
            ],
            [
              -1.7422287,
              53.2107379
            ],
            [
              -1.7422391,
              53.2107415
            ],
            [
              -1.7422507,
              53.2107423
            ],
            [
              -1.742262,
              53.2107404
            ],
            [
              -1.7422712,
              53.210736
            ],
            [
              -1.7422768,
              53.2107298
            ],
            [
              -1.742278,
              53.2107228
            ]
          ]
        ]
      },
      "id": "way/402145618"
    },
    {
      "type": "Feature",
      "properties": {
        "@id": "way/402145622",
        "building": "yes",
        "historic": "ruins",
        "man_made": "chimney",
        "source": "survey;bing"
      },
      "geometry": {
        "type": "Polygon",
        "coordinates": [
          [
            [
              -1.7428778,
              53.2103208
            ],
            [
              -1.7428749,
              53.2103155
            ],
            [
              -1.7428686,
              53.2103114
            ],
            [
              -1.74286,
              53.2103092
            ],
            [
              -1.7428507,
              53.2103092
            ],
            [
              -1.7428422,
              53.2103115
            ],
            [
              -1.7428364,
              53.2103153
            ],
            [
              -1.7428334,
              53.2103201
            ],
            [
              -1.7428336,
              53.2103252
            ],
            [
              -1.7428371,
              53.21033
            ],
            [
              -1.7428432,
              53.2103335
            ],
            [
              -1.7428511,
              53.2103355
            ],
            [
              -1.7428595,
              53.2103355
            ],
            [
              -1.7428673,
              53.2103337
            ],
            [
              -1.7428735,
              53.2103304
            ],
            [
              -1.7428772,
              53.2103258
            ],
            [
              -1.7428778,
              53.2103208
            ]
          ]
        ]
      },
      "id": "way/402145622"
    },
    {
      "type": "Feature",
      "properties": {
        "@id": "way/402145630",
        "building": "yes",
        "historic": "ruins"
      },
      "geometry": {
        "type": "Polygon",
        "coordinates": [
          [
            [
              -1.7433938,
              53.2103313
            ],
            [
              -1.7434232,
              53.2103055
            ],
            [
              -1.7433599,
              53.2102795
            ],
            [
              -1.7433304,
              53.2103053
            ],
            [
              -1.7433938,
              53.2103313
            ]
          ]
        ]
      },
      "id": "way/402145630"
    },
    {
      "type": "Feature",
      "properties": {
        "@id": "way/402145637",
        "building": "yes",
        "historic": "ruins",
        "man_made": "chimney"
      },
      "geometry": {
        "type": "Polygon",
        "coordinates": [
          [
            [
              -1.7431874,
              53.2097454
            ],
            [
              -1.743199,
              53.2097253
            ],
            [
              -1.7431629,
              53.2097178
            ],
            [
              -1.7431512,
              53.2097378
            ],
            [
              -1.7431874,
              53.2097454
            ]
          ]
        ]
      },
      "id": "way/402145637"
    },
    {
      "type": "Feature",
      "properties": {
        "@id": "way/402145639",
        "building": "yes",
        "historic": "ruins"
      },
      "geometry": {
        "type": "Polygon",
        "coordinates": [
          [
            [
              -1.7430224,
              53.2103049
            ],
            [
              -1.7431052,
              53.2102299
            ],
            [
              -1.7429606,
              53.2101726
            ],
            [
              -1.7428778,
              53.2102476
            ],
            [
              -1.7430224,
              53.2103049
            ]
          ]
        ]
      },
      "id": "way/402145639"
    },
    {
      "type": "Feature",
      "properties": {
        "@id": "way/416442109",
        "building": "yes",
        "historic": "manor"
      },
      "geometry": {
        "type": "Polygon",
        "coordinates": [
          [
            [
              -1.860739,
              53.2449946
            ],
            [
              -1.8608032,
              53.2449776
            ],
            [
              -1.860822,
              53.245003
            ],
            [
              -1.8609918,
              53.2449582
            ],
            [
              -1.8609723,
              53.2449317
            ],
            [
              -1.8611949,
              53.2448728
            ],
            [
              -1.8611446,
              53.2448047
            ],
            [
              -1.8607439,
              53.2449106
            ],
            [
              -1.8607618,
              53.2449349
            ],
            [
              -1.8607058,
              53.2449497
            ],
            [
              -1.860739,
              53.2449946
            ]
          ]
        ]
      },
      "id": "way/416442109"
    },
    {
      "type": "Feature",
      "properties": {
        "@id": "way/430403665",
        "building": "yes",
        "historic": "memorial"
      },
      "geometry": {
        "type": "Polygon",
        "coordinates": [
          [
            [
              -1.7855314,
              53.2348885
            ],
            [
              -1.7855487,
              53.2348727
            ],
            [
              -1.7855118,
              53.2348582
            ],
            [
              -1.7854945,
              53.2348741
            ],
            [
              -1.7855314,
              53.2348885
            ]
          ]
        ]
      },
      "id": "way/430403665"
    },
    {
      "type": "Feature",
      "properties": {
        "@id": "way/432939853",
        "HE_ref": "1018820",
        "description": "The monument includes a stone-built ventilation chimney for a furnace which provided ventilation for one of the shafts at Danebower Colliery. The colliery, now disused, used to stand beside the River Dane 110m to the south east of the chimney.",
        "historic": "monument",
        "man_made": "chimney",
        "name": "Danebower Colliery ventilation chimney",
        "note": "Heritage Category: Scheduled Monument List Entry Number: 1018820",
        "ref:GB:nhle": "1018820",
        "wikidata": "Q17663345"
      },
      "geometry": {
        "type": "Polygon",
        "coordinates": [
          [
            [
              -1.9870787,
              53.2263307
            ],
            [
              -1.987078,
              53.2263143
            ],
            [
              -1.9870457,
              53.2263147
            ],
            [
              -1.9870464,
              53.2263312
            ],
            [
              -1.9870787,
              53.2263307
            ]
          ]
        ]
      },
      "id": "way/432939853"
    },
    {
      "type": "Feature",
      "properties": {
        "@id": "way/447281082",
        "historic": "ruins",
        "ruins": "trough"
      },
      "geometry": {
        "type": "Polygon",
        "coordinates": [
          [
            [
              -1.7324527,
              53.2972406
            ],
            [
              -1.7322918,
              53.2972477
            ],
            [
              -1.7322934,
              53.2972604
            ],
            [
              -1.7324543,
              53.2972532
            ],
            [
              -1.7324527,
              53.2972406
            ]
          ]
        ]
      },
      "id": "way/447281082"
    },
    {
      "type": "Feature",
      "properties": {
        "@id": "way/453379056",
        "historic": "archaeological_site",
        "name": "Padley Manor (ruins)",
        "tourism": "attraction"
      },
      "geometry": {
        "type": "Polygon",
        "coordinates": [
          [
            [
              -1.6308407,
              53.3072903
            ],
            [
              -1.6311787,
              53.3072651
            ],
            [
              -1.6313662,
              53.3071849
            ],
            [
              -1.6314068,
              53.3071675
            ],
            [
              -1.6314245,
              53.3071584
            ],
            [
              -1.6313653,
              53.3071332
            ],
            [
              -1.6312594,
              53.3070196
            ],
            [
              -1.6311481,
              53.3070607
            ],
            [
              -1.6310104,
              53.3069274
            ],
            [
              -1.6309925,
              53.3069234
            ],
            [
              -1.6308916,
              53.3069566
            ],
            [
              -1.6308243,
              53.3069786
            ],
            [
              -1.630813,
              53.3069667
            ],
            [
              -1.6307559,
              53.3069758
            ],
            [
              -1.6307211,
              53.3069718
            ],
            [
              -1.6306288,
              53.306945
            ],
            [
              -1.63057,
              53.3069162
            ],
            [
              -1.6305,
              53.3068993
            ],
            [
              -1.6303015,
              53.3069824
            ],
            [
              -1.6308407,
              53.3072903
            ]
          ]
        ]
      },
      "id": "way/453379056"
    },
    {
      "type": "Feature",
      "properties": {
        "@id": "way/462643120",
        "amenity": "grave_yard",
        "historic": "memorial",
        "name": "Riley Graves",
        "operator": "National Trust",
        "owner": "National Trust",
        "religion": "christian"
      },
      "geometry": {
        "type": "Polygon",
        "coordinates": [
          [
            [
              -1.6586949,
              53.2839789
            ],
            [
              -1.6587078,
              53.2839614
            ],
            [
              -1.6587156,
              53.28394
            ],
            [
              -1.6586619,
              53.2838984
            ],
            [
              -1.6586378,
              53.2838814
            ],
            [
              -1.658629,
              53.2838803
            ],
            [
              -1.658622,
              53.2838794
            ],
            [
              -1.6586137,
              53.2838984
            ],
            [
              -1.6586036,
              53.2839223
            ],
            [
              -1.6586029,
              53.2839529
            ],
            [
              -1.6586096,
              53.2839686
            ],
            [
              -1.6586351,
              53.2839817
            ],
            [
              -1.6586579,
              53.2839845
            ],
            [
              -1.6586949,
              53.2839789
            ]
          ]
        ]
      },
      "id": "way/462643120"
    },
    {
      "type": "Feature",
      "properties": {
        "@id": "way/515093343",
        "building": "yes",
        "building:levels": "1",
        "historic": "folly",
        "name": "Flora's Temple",
        "start_date": "1695"
      },
      "geometry": {
        "type": "Polygon",
        "coordinates": [
          [
            [
              -1.6109495,
              53.2285314
            ],
            [
              -1.6109529,
              53.228458
            ],
            [
              -1.610841,
              53.2284561
            ],
            [
              -1.6108376,
              53.2285296
            ],
            [
              -1.6109495,
              53.2285314
            ]
          ]
        ]
      },
      "id": "way/515093343"
    },
    {
      "type": "Feature",
      "properties": {
        "@id": "way/515093345",
        "artist_name": "Richard Long",
        "historic": "memorial",
        "name": "Cornwall Slate Line"
      },
      "geometry": {
        "type": "Polygon",
        "coordinates": [
          [
            [
              -1.6111319,
              53.223872
            ],
            [
              -1.6111372,
              53.2236456
            ],
            [
              -1.6111078,
              53.2236453
            ],
            [
              -1.6111024,
              53.2238718
            ],
            [
              -1.6111319,
              53.223872
            ]
          ]
        ]
      },
      "id": "way/515093345"
    },
    {
      "type": "Feature",
      "properties": {
        "@id": "way/533121089",
        "historic": "ruins",
        "ruins": "building"
      },
      "geometry": {
        "type": "Polygon",
        "coordinates": [
          [
            [
              -1.7949627,
              53.4962679
            ],
            [
              -1.7949298,
              53.49623
            ],
            [
              -1.7948212,
              53.4962499
            ],
            [
              -1.7948554,
              53.4962862
            ],
            [
              -1.7949627,
              53.4962679
            ]
          ]
        ]
      },
      "id": "way/533121089"
    },
    {
      "type": "Feature",
      "properties": {
        "@id": "way/534975018",
        "historic": "ruins",
        "name": "Sheep fold"
      },
      "geometry": {
        "type": "Polygon",
        "coordinates": [
          [
            [
              -1.5945909,
              53.3542869
            ],
            [
              -1.5946259,
              53.354278
            ],
            [
              -1.594607,
              53.3542516
            ],
            [
              -1.594572,
              53.3542605
            ],
            [
              -1.5945909,
              53.3542869
            ]
          ]
        ]
      },
      "id": "way/534975018"
    },
    {
      "type": "Feature",
      "properties": {
        "@id": "way/536718634",
        "building": "ruins",
        "historic": "mine",
        "mineral": "lead",
        "name": "Mandale Mine"
      },
      "geometry": {
        "type": "Polygon",
        "coordinates": [
          [
            [
              -1.7075102,
              53.192163
            ],
            [
              -1.7075585,
              53.1921154
            ],
            [
              -1.7075135,
              53.192099
            ],
            [
              -1.7074652,
              53.1921466
            ],
            [
              -1.7075102,
              53.192163
            ]
          ]
        ]
      },
      "id": "way/536718634"
    },
    {
      "type": "Feature",
      "properties": {
        "@id": "way/615014994",
        "historic": "ruins",
        "name": "Site of Thornseat House"
      },
      "geometry": {
        "type": "Polygon",
        "coordinates": [
          [
            [
              -1.6553564,
              53.427921
            ],
            [
              -1.6552455,
              53.4281119
            ],
            [
              -1.655404,
              53.4281446
            ],
            [
              -1.6555149,
              53.4279537
            ],
            [
              -1.6553564,
              53.427921
            ]
          ]
        ]
      },
      "id": "way/615014994"
    },
    {
      "type": "Feature",
      "properties": {
        "@id": "way/615357192",
        "building": "yes",
        "historic": "yes"
      },
      "geometry": {
        "type": "Polygon",
        "coordinates": [
          [
            [
              -1.7422671,
              53.3288523
            ],
            [
              -1.7421937,
              53.3287749
            ],
            [
              -1.7418933,
              53.3288767
            ],
            [
              -1.7419667,
              53.328954
            ],
            [
              -1.7422671,
              53.3288523
            ]
          ]
        ]
      },
      "id": "way/615357192"
    },
    {
      "type": "Feature",
      "properties": {
        "@id": "way/625288191",
        "historic": "ruins",
        "name": "Far Swinden"
      },
      "geometry": {
        "type": "Polygon",
        "coordinates": [
          [
            [
              -1.7108732,
              53.5055846
            ],
            [
              -1.7108968,
              53.5056375
            ],
            [
              -1.7110518,
              53.5056131
            ],
            [
              -1.7110282,
              53.5055601
            ],
            [
              -1.7108732,
              53.5055846
            ]
          ]
        ]
      },
      "id": "way/625288191"
    },
    {
      "type": "Feature",
      "properties": {
        "@id": "way/625295253",
        "historic": "ruins",
        "name": "Hordron"
      },
      "geometry": {
        "type": "Polygon",
        "coordinates": [
          [
            [
              -1.7249753,
              53.4931032
            ],
            [
              -1.7249612,
              53.4930312
            ],
            [
              -1.7249237,
              53.4930337
            ],
            [
              -1.7247125,
              53.4930473
            ],
            [
              -1.724732,
              53.4931217
            ],
            [
              -1.7249753,
              53.4931032
            ]
          ]
        ]
      },
      "id": "way/625295253"
    },
    {
      "type": "Feature",
      "properties": {
        "@id": "way/667030238",
        "barrier": "wall",
        "historic": "ruins",
        "source": "Bing"
      },
      "geometry": {
        "type": "Polygon",
        "coordinates": [
          [
            [
              -2.019099,
              53.2551828
            ],
            [
              -2.0189986,
              53.2551787
            ],
            [
              -2.0190016,
              53.2551521
            ],
            [
              -2.0189303,
              53.2551492
            ],
            [
              -2.0189213,
              53.2552278
            ],
            [
              -2.019093,
              53.2552348
            ],
            [
              -2.019099,
              53.2551828
            ]
          ]
        ]
      },
      "id": "way/667030238"
    },
    {
      "type": "Feature",
      "properties": {
        "@id": "way/772099568",
        "access": "private",
        "building": "yes",
        "historic": "building",
        "name": "The Watch House"
      },
      "geometry": {
        "type": "Polygon",
        "coordinates": [
          [
            [
              -1.5989065,
              53.4290637
            ],
            [
              -1.5989402,
              53.4290134
            ],
            [
              -1.5989293,
              53.4289915
            ],
            [
              -1.5988886,
              53.4289815
            ],
            [
              -1.5988519,
              53.4289945
            ],
            [
              -1.5988211,
              53.4290424
            ],
            [
              -1.5989065,
              53.4290637
            ]
          ]
        ]
      },
      "id": "way/772099568"
    },
    {
      "type": "Feature",
      "properties": {
        "@id": "way/793510476",
        "building": "yes",
        "historic": "building",
        "name": "WW2 Tank training target winch."
      },
      "geometry": {
        "type": "Polygon",
        "coordinates": [
          [
            [
              -1.6889378,
              53.4825576
            ],
            [
              -1.6889231,
              53.4825661
            ],
            [
              -1.6890434,
              53.4826236
            ],
            [
              -1.6890579,
              53.482613
            ],
            [
              -1.6889378,
              53.4825576
            ]
          ]
        ]
      },
      "id": "way/793510476"
    },
    {
      "type": "Feature",
      "properties": {
        "@id": "way/794550759",
        "building": "yes",
        "historic": "building",
        "name": "WW2 Tank training target winch."
      },
      "geometry": {
        "type": "Polygon",
        "coordinates": [
          [
            [
              -1.6877854,
              53.4811521
            ],
            [
              -1.6877792,
              53.4811637
            ],
            [
              -1.6879307,
              53.4811809
            ],
            [
              -1.6879352,
              53.4811675
            ],
            [
              -1.6877854,
              53.4811521
            ]
          ]
        ]
      },
      "id": "way/794550759"
    },
    {
      "type": "Feature",
      "properties": {
        "@id": "way/817848699",
        "access": "yes",
        "area": "yes",
        "historic": "archaeological_site",
        "historic:civilization": "modern",
        "name": "Quarry Hill & Hill 60 WW1 training trenches",
        "wikidata": "Q66480766"
      },
      "geometry": {
        "type": "Polygon",
        "coordinates": [
          [
            [
              -1.6190147,
              53.3708309
            ],
            [
              -1.6209384,
              53.3705885
            ],
            [
              -1.622155,
              53.3699944
            ],
            [
              -1.6242517,
              53.3696578
            ],
            [
              -1.6250162,
              53.3689112
            ],
            [
              -1.6256722,
              53.3673915
            ],
            [
              -1.6252553,
              53.3671622
            ],
            [
              -1.62515,
              53.3666051
            ],
            [
              -1.621781,
              53.3670955
            ],
            [
              -1.6184079,
              53.3673102
            ],
            [
              -1.6159319,
              53.3684971
            ],
            [
              -1.6162828,
              53.3697802
            ],
            [
              -1.6163941,
              53.370239
            ],
            [
              -1.6181091,
              53.3707188
            ],
            [
              -1.6190147,
              53.3708309
            ]
          ]
        ]
      },
      "id": "way/817848699"
    },
    {
      "type": "Feature",
      "properties": {
        "@id": "way/823872447",
        "building": "yes",
        "historic": "yes",
        "name": "Ice House"
      },
      "geometry": {
        "type": "Polygon",
        "coordinates": [
          [
            [
              -1.6034475,
              53.3153445
            ],
            [
              -1.6034244,
              53.3153368
            ],
            [
              -1.6033983,
              53.3153343
            ],
            [
              -1.6033724,
              53.3153373
            ],
            [
              -1.6033497,
              53.3153454
            ],
            [
              -1.603333,
              53.3153577
            ],
            [
              -1.6033235,
              53.3153773
            ],
            [
              -1.6033267,
              53.315393
            ],
            [
              -1.6033386,
              53.3154071
            ],
            [
              -1.6033579,
              53.3154179
            ],
            [
              -1.6033823,
              53.3154241
            ],
            [
              -1.6034086,
              53.315425
            ],
            [
              -1.6034347,
              53.3154201
            ],
            [
              -1.6034557,
              53.3154105
            ],
            [
              -1.6034699,
              53.3153972
            ],
            [
              -1.6034756,
              53.3153817
            ],
            [
              -1.6034721,
              53.3153661
            ],
            [
              -1.6034599,
              53.3153521
            ],
            [
              -1.6034475,
              53.3153445
            ]
          ]
        ]
      },
      "id": "way/823872447"
    },
    {
      "type": "Feature",
      "properties": {
        "@id": "way/833901460",
        "depth": "-4",
        "historic": "mineshaft"
      },
      "geometry": {
        "type": "Polygon",
        "coordinates": [
          [
            [
              -1.710632,
              53.1894091
            ],
            [
              -1.7106253,
              53.1894078
            ],
            [
              -1.7106178,
              53.1894066
            ],
            [
              -1.7106117,
              53.1894068
            ],
            [
              -1.7106049,
              53.1894084
            ],
            [
              -1.7105999,
              53.1894181
            ],
            [
              -1.7106017,
              53.1894226
            ],
            [
              -1.7106108,
              53.1894263
            ],
            [
              -1.7106228,
              53.1894283
            ],
            [
              -1.710632,
              53.1894091
            ]
          ]
        ]
      },
      "id": "way/833901460"
    },
    {
      "type": "Feature",
      "properties": {
        "@id": "way/896222284",
        "archaeological_site": "cairn",
        "historic": "archaeological_site",
        "man_made": "cairn"
      },
      "geometry": {
        "type": "Polygon",
        "coordinates": [
          [
            [
              -1.5829177,
              53.2766983
            ],
            [
              -1.5828973,
              53.2767104
            ],
            [
              -1.5828897,
              53.276727
            ],
            [
              -1.5828969,
              53.2767436
            ],
            [
              -1.5829171,
              53.2767558
            ],
            [
              -1.5829449,
              53.2767604
            ],
            [
              -1.5829727,
              53.276756
            ],
            [
              -1.5829932,
              53.2767439
            ],
            [
              -1.5830008,
              53.2767274
            ],
            [
              -1.5829935,
              53.2767107
            ],
            [
              -1.5829733,
              53.2766985
            ],
            [
              -1.5829455,
              53.2766939
            ],
            [
              -1.5829177,
              53.2766983
            ]
          ]
        ]
      },
      "id": "way/896222284"
    },
    {
      "type": "Feature",
      "properties": {
        "@id": "way/896222286",
        "alt_name": "Barbrook II Stone Circle;Barbrook II",
        "archaeological_site": "cairn",
        "historic": "archaeological_site",
        "name": "Barbrook 2",
        "related:wikipedia": "en:Barbrook One",
        "wikidata": "Q1737667"
      },
      "geometry": {
        "type": "Polygon",
        "coordinates": [
          [
            [
              -1.5852678,
              53.2787301
            ],
            [
              -1.585309,
              53.2787374
            ],
            [
              -1.585352,
              53.2787367
            ],
            [
              -1.5853924,
              53.278728
            ],
            [
              -1.5854263,
              53.2787123
            ],
            [
              -1.5854503,
              53.278691
            ],
            [
              -1.5854621,
              53.2786663
            ],
            [
              -1.5854604,
              53.2786406
            ],
            [
              -1.5854455,
              53.2786165
            ],
            [
              -1.5854187,
              53.2785964
            ],
            [
              -1.5853791,
              53.2785813
            ],
            [
              -1.5853332,
              53.2785752
            ],
            [
              -1.5852865,
              53.2785787
            ],
            [
              -1.5852447,
              53.2785915
            ],
            [
              -1.5852126,
              53.278612
            ],
            [
              -1.585194,
              53.2786379
            ],
            [
              -1.5851913,
              53.2786659
            ],
            [
              -1.5852046,
              53.2786929
            ],
            [
              -1.5852325,
              53.2787155
            ],
            [
              -1.5852678,
              53.2787301
            ]
          ]
        ]
      },
      "id": "way/896222286"
    },
    {
      "type": "Feature",
      "properties": {
        "@id": "way/897550882",
        "alt_name": "Oundle Stone;Anvil Stone;Towopenny Loaf",
        "geological": "outcrop",
        "historic": "stone",
        "name": "Andle Stone",
        "natural": "bare_rock",
        "tourism": "attraction",
        "wikidata": "Q15181051",
        "wikipedia": "en:Andle Stone"
      },
      "geometry": {
        "type": "Polygon",
        "coordinates": [
          [
            [
              -1.6420101,
              53.1634911
            ],
            [
              -1.6420001,
              53.1634879
            ],
            [
              -1.641988,
              53.1634871
            ],
            [
              -1.6419766,
              53.1634883
            ],
            [
              -1.6419645,
              53.1634895
            ],
            [
              -1.6419538,
              53.1634931
            ],
            [
              -1.6419431,
              53.163498
            ],
            [
              -1.6419324,
              53.1635024
            ],
            [
              -1.6419216,
              53.1635068
            ],
            [
              -1.6419169,
              53.1635136
            ],
            [
              -1.641921,
              53.1635209
            ],
            [
              -1.6419283,
              53.1635269
            ],
            [
              -1.6419391,
              53.1635313
            ],
            [
              -1.6419505,
              53.163535
            ],
            [
              -1.6419645,
              53.1635362
            ],
            [
              -1.641978,
              53.1635362
            ],
            [
              -1.6419914,
              53.1635345
            ],
            [
              -1.6420034,
              53.1635325
            ],
            [
              -1.6420135,
              53.1635281
            ],
            [
              -1.6420235,
              53.1635233
            ],
            [
              -1.6420323,
              53.1635181
            ],
            [
              -1.6420343,
              53.1635108
            ],
            [
              -1.6420309,
              53.1635036
            ],
            [
              -1.6420242,
              53.1634976
            ],
            [
              -1.6420101,
              53.1634911
            ]
          ]
        ]
      },
      "id": "way/897550882"
    },
    {
      "type": "Feature",
      "properties": {
        "@id": "way/898586468",
        "building": "yes",
        "historic": "ruins"
      },
      "geometry": {
        "type": "Polygon",
        "coordinates": [
          [
            [
              -1.7638106,
              53.0627124
            ],
            [
              -1.7637818,
              53.0627217
            ],
            [
              -1.7637643,
              53.0627329
            ],
            [
              -1.7637616,
              53.0627491
            ],
            [
              -1.763773,
              53.0627628
            ],
            [
              -1.7638052,
              53.0627656
            ],
            [
              -1.7638441,
              53.0627551
            ],
            [
              -1.7638106,
              53.0627124
            ]
          ]
        ]
      },
      "id": "way/898586468"
    },
    {
      "type": "Feature",
      "properties": {
        "@id": "way/907751783",
        "access": "yes",
        "archaeological_site": "megalith",
        "area": "yes",
        "historic": "archaeological_site",
        "historic:civilization": "prehistoric",
        "megalith_type": "stone_circle",
        "name": "Stone Circle",
        "wikidata": "Q17664163"
      },
      "geometry": {
        "type": "Polygon",
        "coordinates": [
          [
            [
              -1.5814653,
              53.2129086
            ],
            [
              -1.5814631,
              53.2129197
            ],
            [
              -1.5814671,
              53.2129306
            ],
            [
              -1.5814767,
              53.2129402
            ],
            [
              -1.5814911,
              53.2129473
            ],
            [
              -1.5815086,
              53.2129513
            ],
            [
              -1.5815272,
              53.2129517
            ],
            [
              -1.5815451,
              53.2129484
            ],
            [
              -1.5815602,
              53.2129418
            ],
            [
              -1.5815708,
              53.2129326
            ],
            [
              -1.581576,
              53.2129219
            ],
            [
              -1.581575,
              53.2129107
            ],
            [
              -1.5815681,
              53.2129004
            ],
            [
              -1.5815559,
              53.2128919
            ],
            [
              -1.5815398,
              53.2128863
            ],
            [
              -1.5815215,
              53.2128841
            ],
            [
              -1.5815031,
              53.2128856
            ],
            [
              -1.5814864,
              53.2128906
            ],
            [
              -1.5814733,
              53.2128985
            ],
            [
              -1.5814653,
              53.2129086
            ]
          ]
        ]
      },
      "id": "way/907751783"
    },
    {
      "type": "Feature",
      "properties": {
        "@id": "way/929208541",
        "addr:street": "Shrigley Road",
        "building": "house",
        "heritage": "2",
        "heritage:operator": "Historic England",
        "historic": "heritage",
        "listed_status": "Grade II",
        "name": "Green Close Farmhouse",
        "ref:GB:nhle": "1277238",
        "ref:GB:uprn": "100012369614",
        "start_date": "mid C19",
        "website": "https://historicengland.org.uk/listing/the-list/list-entry/1277238"
      },
      "geometry": {
        "type": "Polygon",
        "coordinates": [
          [
            [
              -2.0761373,
              53.3300439
            ],
            [
              -2.0761674,
              53.3299627
            ],
            [
              -2.0759268,
              53.3299309
            ],
            [
              -2.0758967,
              53.3300121
            ],
            [
              -2.0761373,
              53.3300439
            ]
          ]
        ]
      },
      "id": "way/929208541"
    },
    {
      "type": "Feature",
      "properties": {
        "@id": "way/930743053",
        "historic": "memorial",
        "memorial": "war_memorial"
      },
      "geometry": {
        "type": "Polygon",
        "coordinates": [
          [
            [
              -1.6758632,
              53.2139142
            ],
            [
              -1.6760644,
              53.2139015
            ],
            [
              -1.6760858,
              53.2138613
            ],
            [
              -1.6760523,
              53.213814
            ],
            [
              -1.6759966,
              53.2137989
            ],
            [
              -1.675876,
              53.2137994
            ],
            [
              -1.6758632,
              53.2139142
            ]
          ]
        ]
      },
      "id": "way/930743053"
    },
    {
      "type": "Feature",
      "properties": {
        "@id": "way/945523738",
        "historic": "ruins",
        "historic:civilization": "modern",
        "name": "Rimmon Cottage",
        "ruins": "house"
      },
      "geometry": {
        "type": "Polygon",
        "coordinates": [
          [
            [
              -1.9359263,
              53.5484876
            ],
            [
              -1.9359464,
              53.5484418
            ],
            [
              -1.9357467,
              53.5484108
            ],
            [
              -1.9357266,
              53.5484566
            ],
            [
              -1.9359263,
              53.5484876
            ]
          ]
        ]
      },
      "id": "way/945523738"
    },
    {
      "type": "Feature",
      "properties": {
        "@id": "way/957458791",
        "historic": "ruins",
        "name": "Gorsey Nook"
      },
      "geometry": {
        "type": "Polygon",
        "coordinates": [
          [
            [
              -1.8459155,
              53.2900566
            ],
            [
              -1.8459314,
              53.2899998
            ],
            [
              -1.8458893,
              53.2899954
            ],
            [
              -1.8459053,
              53.289946
            ],
            [
              -1.8457579,
              53.289929
            ],
            [
              -1.8457238,
              53.2900341
            ],
            [
              -1.8459155,
              53.2900566
            ]
          ]
        ]
      },
      "id": "way/957458791"
    },
    {
      "type": "Feature",
      "properties": {
        "@id": "way/974372295",
        "heritage": "2",
        "heritage:operator": "Historic England",
        "historic": "heritage",
        "leisure": "park",
        "listed_status": "Grade II*",
        "name": "Lyme Park",
        "ref:GB:nhle": "1000642",
        "start_date": "C17",
        "tourism": "attraction",
        "website": "https://historicengland.org.uk/listing/the-list/list-entry/1000642"
      },
      "geometry": {
        "type": "Polygon",
        "coordinates": [
          [
            [
              -2.0522999,
              53.3553916
            ],
            [
              -2.0523168,
              53.3556729
            ],
            [
              -2.0523018,
              53.3556801
            ],
            [
              -2.0523121,
              53.3559204
            ],
            [
              -2.0523463,
              53.3559983
            ],
            [
              -2.0523692,
              53.3560248
            ],
            [
              -2.0526073,
              53.3561151
            ],
            [
              -2.0527895,
              53.3562065
            ],
            [
              -2.0529611,
              53.3563493
            ],
            [
              -2.0530445,
              53.356455
            ],
            [
              -2.0532512,
              53.3568322
            ],
            [
              -2.0534039,
              53.3570503
            ],
            [
              -2.0534719,
              53.3571242
            ],
            [
              -2.0538049,
              53.3575568
            ],
            [
              -2.0540058,
              53.3578002
            ],
            [
              -2.0540363,
              53.3578263
            ],
            [
              -2.0540491,
              53.357825
            ],
            [
              -2.0541485,
              53.3577914
            ],
            [
              -2.0541768,
              53.3577736
            ],
            [
              -2.0541948,
              53.3577439
            ],
            [
              -2.0542497,
              53.3575573
            ],
            [
              -2.0542812,
              53.3574987
            ],
            [
              -2.0545004,
              53.3572278
            ],
            [
              -2.0546128,
              53.357064
            ],
            [
              -2.0546629,
              53.3569545
            ],
            [
              -2.0547512,
              53.3569012
            ],
            [
              -2.0548229,
              53.356714
            ],
            [
              -2.0549064,
              53.3564449
            ],
            [
              -2.0549233,
              53.356368
            ],
            [
              -2.0549294,
              53.3563147
            ],
            [
              -2.0549257,
              53.3562622
            ],
            [
              -2.0548822,
              53.356163
            ],
            [
              -2.0548659,
              53.3561066
            ],
            [
              -2.0548413,
              53.3560658
            ],
            [
              -2.0547653,
              53.3559597
            ],
            [
              -2.0546906,
              53.3558739
            ],
            [
              -2.0544531,
              53.3556714
            ],
            [
              -2.0544877,
              53.3554906
            ],
            [
              -2.0546259,
              53.3554465
            ],
            [
              -2.0548918,
              53.355346
            ],
            [
              -2.0554204,
              53.3551759
            ],
            [
              -2.0554369,
              53.3551624
            ],
            [
              -2.0554641,
              53.3551544
            ],
            [
              -2.055597,
              53.3550885
            ],
            [
              -2.055867,
              53.3549193
            ],
            [
              -2.0561183,
              53.3547483
            ],
            [
              -2.0562558,
              53.3546492
            ],
            [
              -2.0571228,
              53.353983
            ],
            [
              -2.0571517,
              53.3539811
            ],
            [
              -2.0574033,
              53.3539646
            ],
            [
              -2.0574687,
              53.3539634
            ],
            [
              -2.0579264,
              53.3539546
            ],
            [
              -2.0581386,
              53.3539308
            ],
            [
              -2.0587506,
              53.3538349
            ],
            [
              -2.0592687,
              53.3537527
            ],
            [
              -2.0604992,
              53.3535574
            ],
            [
              -2.0615525,
              53.3533723
            ],
            [
              -2.0617747,
              53.3533416
            ],
            [
              -2.0618438,
              53.353329
            ],
            [
              -2.0621903,
              53.3532284
            ],
            [
              -2.0628146,
              53.3530216
            ],
            [
              -2.0630961,
              53.3529244
            ],
            [
              -2.0633369,
              53.3528632
            ],
            [
              -2.063463,
              53.352838
            ],
            [
              -2.0636988,
              53.352783
            ],
            [
              -2.0643836,
              53.3526056
            ],
            [
              -2.0646194,
              53.3525578
            ],
            [
              -2.0648958,
              53.3525397
            ],
            [
              -2.0663618,
              53.3524211
            ],
            [
              -2.0665659,
              53.3522466
            ],
            [
              -2.0662988,
              53.3514944
            ],
            [
              -2.0663435,
              53.3512526
            ],
            [
              -2.0663567,
              53.3510459
            ],
            [
              -2.0662689,
              53.3506244
            ],
            [
              -2.0662309,
              53.3503304
            ],
            [
              -2.0662364,
              53.3500176
            ],
            [
              -2.0662089,
              53.3497372
            ],
            [
              -2.0660863,
              53.3491
            ],
            [
              -2.0660364,
              53.3488996
            ],
            [
              -2.0660168,
              53.3488501
            ],
            [
              -2.0659579,
              53.3486344
            ],
            [
              -2.0659124,
              53.3483468
            ],
            [
              -2.0659994,
              53.3482857
            ],
            [
              -2.0659055,
              53.3481671
            ],
            [
              -2.0659273,
              53.3479951
            ],
            [
              -2.0661392,
              53.3473975
            ],
            [
              -2.0663351,
              53.3469022
            ],
            [
              -2.0666258,
              53.3460269
            ],
            [
              -2.0667656,
              53.3460376
            ],
            [
              -2.0668647,
              53.3459913
            ],
            [
              -2.0670051,
              53.3457261
            ],
            [
              -2.0670568,
              53.3456285
            ],
            [
              -2.0671544,
              53.345519
            ],
            [
              -2.0673169,
              53.3454059
            ],
            [
              -2.0673994,
              53.3453281
            ],
            [
              -2.0675919,
              53.3451433
            ],
            [
              -2.0676104,
              53.3451234
            ],
            [
              -2.0676613,
              53.3451138
            ],
            [
              -2.0677462,
              53.3450594
            ],
            [
              -2.0682555,
              53.3447491
            ],
            [
              -2.0683622,
              53.3446682
            ],
            [
              -2.0685456,
              53.344492
            ],
            [
              -2.0687676,
              53.3442181
            ],
            [
              -2.0690294,
              53.3438767
            ],
            [
              -2.0690709,
              53.3437622
            ],
            [
              -2.0691166,
              53.3435199
            ],
            [
              -2.0691263,
              53.3434685
            ],
            [
              -2.0691606,
              53.3430587
            ],
            [
              -2.0691817,
              53.3429364
            ],
            [
              -2.0691981,
              53.3428726
            ],
            [
              -2.0694318,
              53.3421868
            ],
            [
              -2.0694786,
              53.3420786
            ],
            [
              -2.069528,
              53.3419793
            ],
            [
              -2.0696379,
              53.3417586
            ],
            [
              -2.0698048,
              53.3413659
            ],
            [
              -2.069887,
              53.3411876
            ],
            [
              -2.0700428,
              53.3412306
            ],
            [
              -2.0701759,
              53.3410473
            ],
            [
              -2.070215,
              53.3409963
            ],
            [
              -2.0702384,
              53.3409658
            ],
            [
              -2.070016,
              53.3409187
            ],
            [
              -2.070183,
              53.3406052
            ],
            [
              -2.0703113,
              53.3403961
            ],
            [
              -2.0706469,
              53.3398642
            ],
            [
              -2.0706559,
              53.33985
            ],
            [
              -2.0706738,
              53.3397687
            ],
            [
              -2.0706857,
              53.3396905
            ],
            [
              -2.0707066,
              53.3396636
            ],
            [
              -2.0707729,
              53.3396102
            ],
            [
              -2.0708179,
              53.3395536
            ],
            [
              -2.0708654,
              53.3394935
            ],
            [
              -2.0709053,
              53.3391888
            ],
            [
              -2.0709956,
              53.3390251
            ],
            [
              -2.0710979,
              53.3388805
            ],
            [
              -2.0713215,
              53.338615
            ],
            [
              -2.0714421,
              53.3384831
            ],
            [
              -2.0716038,
              53.3382864
            ],
            [
              -2.0722544,
              53.337411
            ],
            [
              -2.0723994,
              53.3373686
            ],
            [
              -2.0724745,
              53.3373325
            ],
            [
              -2.0726408,
              53.3371195
            ],
            [
              -2.0728501,
              53.3367553
            ],
            [
              -2.0729922,
              53.3364748
            ],
            [
              -2.073062,
              53.3363248
            ],
            [
              -2.0731607,
              53.3361125
            ],
            [
              -2.0732656,
              53.3359127
            ],
            [
              -2.0736284,
              53.3353525
            ],
            [
              -2.0736589,
              53.335317
            ],
            [
              -2.0737429,
              53.3352193
            ],
            [
              -2.0739991,
              53.3349499
            ],
            [
              -2.0742074,
              53.3347403
            ],
            [
              -2.074241,
              53.3347037
            ],
            [
              -2.07442,
              53.3345087
            ],
            [
              -2.0745542,
              53.3343542
            ],
            [
              -2.0746486,
              53.3342372
            ],
            [
              -2.0747808,
              53.3340495
            ],
            [
              -2.0749438,
              53.3337668
            ],
            [
              -2.0750093,
              53.3336376
            ],
            [
              -2.0750197,
              53.3336297
            ],
            [
              -2.0750268,
              53.3335969
            ],
            [
              -2.0750372,
              53.3335842
            ],
            [
              -2.0750517,
              53.3335767
            ],
            [
              -2.0750911,
              53.3335254
            ],
            [
              -2.0753281,
              53.3332928
            ],
            [
              -2.07535,
              53.3332665
            ],
            [
              -2.0754506,
              53.3330818
            ],
            [
              -2.0754597,
              53.3330504
            ],
            [
              -2.075468,
              53.3329091
            ],
            [
              -2.0754515,
              53.3326744
            ],
            [
              -2.075442,
              53.3326546
            ],
            [
              -2.0754425,
              53.3325601
            ],
            [
              -2.0754311,
              53.3325312
            ],
            [
              -2.0754265,
              53.3324361
            ],
            [
              -2.0754443,
              53.332347
            ],
            [
              -2.0754733,
              53.332256
            ],
            [
              -2.0755383,
              53.3321814
            ],
            [
              -2.0755977,
              53.3321253
            ],
            [
              -2.075689,
              53.3320273
            ],
            [
              -2.075851,
              53.3318729
            ],
            [
              -2.0758274,
              53.3318562
            ],
            [
              -2.0758014,
              53.3318379
            ],
            [
              -2.0758546,
              53.3317496
            ],
            [
              -2.0758939,
              53.331641
            ],
            [
              -2.0759341,
              53.3315741
            ],
            [
              -2.0760518,
              53.3314525
            ],
            [
              -2.0759723,
              53.3314061
            ],
            [
              -2.0759375,
              53.331377
            ],
            [
              -2.0759011,
              53.3313338
            ],
            [
              -2.0758581,
              53.3312649
            ],
            [
              -2.0758504,
              53.3312471
            ],
            [
              -2.0758484,
              53.3312205
            ],
            [
              -2.0758234,
              53.331177
            ],
            [
              -2.0758191,
              53.3311485
            ],
            [
              -2.0758084,
              53.3310469
            ],
            [
              -2.0757677,
              53.3309319
            ],
            [
              -2.0756415,
              53.3307994
            ],
            [
              -2.0755597,
              53.3307472
            ],
            [
              -2.0756621,
              53.3306573
            ],
            [
              -2.0756945,
              53.3306394
            ],
            [
              -2.0757796,
              53.3306191
            ],
            [
              -2.0758227,
              53.3306185
            ],
            [
              -2.0760741,
              53.3306491
            ],
            [
              -2.0761411,
              53.3306656
            ],
            [
              -2.0762064,
              53.3306904
            ],
            [
              -2.0762883,
              53.3307347
            ],
            [
              -2.0763605,
              53.3307868
            ],
            [
              -2.0764402,
              53.3308542
            ],
            [
              -2.0765454,
              53.3308766
            ],
            [
              -2.0766352,
              53.3309129
            ],
            [
              -2.0767472,
              53.3309515
            ],
            [
              -2.0769531,
              53.331013
            ],
            [
              -2.0770768,
              53.3310588
            ],
            [
              -2.0772313,
              53.331158
            ],
            [
              -2.0771164,
              53.3312136
            ],
            [
              -2.0772165,
              53.3312866
            ],
            [
              -2.0773381,
              53.3312398
            ],
            [
              -2.077311,
              53.3312218
            ],
            [
              -2.077339,
              53.3312084
            ],
            [
              -2.0772553,
              53.3311463
            ],
            [
              -2.0773153,
              53.3311166
            ],
            [
              -2.0773679,
              53.3311418
            ],
            [
              -2.077422,
              53.3311597
            ],
            [
              -2.0774686,
              53.3311696
            ],
            [
              -2.0774956,
              53.3311704
            ],
            [
              -2.0775256,
              53.3311641
            ],
            [
              -2.0776997,
              53.3310759
            ],
            [
              -2.0775072,
              53.3309232
            ],
            [
              -2.0774064,
              53.3306467
            ],
            [
              -2.076906,
              53.3302844
            ],
            [
              -2.0768554,
              53.3302608
            ],
            [
              -2.0768237,
              53.3302517
            ],
            [
              -2.0767134,
              53.3302342
            ],
            [
              -2.0767462,
              53.3301048
            ],
            [
              -2.0765425,
              53.3300506
            ],
            [
              -2.076481,
              53.3300408
            ],
            [
              -2.0763003,
              53.3300327
            ],
            [
              -2.0762071,
              53.3300529
            ],
            [
              -2.0761201,
              53.3300568
            ],
            [
              -2.0761155,
              53.3300719
            ],
            [
              -2.0759364,
              53.3300527
            ],
            [
              -2.0755799,
              53.3300249
            ],
            [
              -2.0755243,
              53.3300034
            ],
            [
              -2.0755107,
              53.3299935
            ],
            [
              -2.0751754,
              53.3296998
            ],
            [
              -2.0751062,
              53.3296279
            ],
            [
              -2.0750565,
              53.3295425
            ],
            [
              -2.0750339,
              53.3295165
            ],
            [
              -2.0749663,
              53.329468
            ],
            [
              -2.0749128,
              53.3294495
            ],
            [
              -2.0748022,
              53.3294201
            ],
            [
              -2.0746725,
              53.3293962
            ],
            [
              -2.0745507,
              53.3293832
            ],
            [
              -2.0744938,
              53.3293847
            ],
            [
              -2.0744673,
              53.3293893
            ],
            [
              -2.074439,
              53.3294089
            ],
            [
              -2.0742577,
              53.3296158
            ],
            [
              -2.0740743,
              53.3294846
            ],
            [
              -2.0740066,
              53.3294263
            ],
            [
              -2.0739194,
              53.3293796
            ],
            [
              -2.0738819,
              53.3293607
            ],
            [
              -2.0735453,
              53.3292252
            ],
            [
              -2.0733306,
              53.3291289
            ],
            [
              -2.0731878,
              53.3290723
            ],
            [
              -2.0731111,
              53.3289834
            ],
            [
              -2.0730156,
              53.3289064
            ],
            [
              -2.0729344,
              53.3288542
            ],
            [
              -2.0728967,
              53.3288146
            ],
            [
              -2.072867,
              53.3287719
            ],
            [
              -2.0728164,
              53.3287279
            ],
            [
              -2.0726719,
              53.3286176
            ],
            [
              -2.072386,
              53.3284161
            ],
            [
              -2.0722633,
              53.3283348
            ],
            [
              -2.071943,
              53.3281
            ],
            [
              -2.0716465,
              53.3278945
            ],
            [
              -2.0712762,
              53.3276133
            ],
            [
              -2.0711906,
              53.327553
            ],
            [
              -2.0710261,
              53.3274413
            ],
            [
              -2.0709355,
              53.3273921
            ],
            [
              -2.0706723,
              53.3272724
            ],
            [
              -2.0704153,
              53.3271617
            ],
            [
              -2.0703523,
              53.327067
            ],
            [
              -2.0702868,
              53.3269529
            ],
            [
              -2.0702101,
              53.3267869
            ],
            [
              -2.070185,
              53.3266757
            ],
            [
              -2.0701763,
              53.3264923
            ],
            [
              -2.0701527,
              53.3263883
            ],
            [
              -2.0701349,
              53.3262748
            ],
            [
              -2.0701059,
              53.3261813
            ],
            [
              -2.0698916,
              53.3261081
            ],
            [
              -2.0698758,
              53.3260961
            ],
            [
              -2.0697517,
              53.3260458
            ],
            [
              -2.0696346,
              53.3259775
            ],
            [
              -2.0695603,
              53.325887
            ],
            [
              -2.0694386,
              53.3257553
            ],
            [
              -2.0693935,
              53.3256747
            ],
            [
              -2.0693561,
              53.3255208
            ],
            [
              -2.0693019,
              53.3254112
            ],
            [
              -2.0692147,
              53.3253285
            ],
            [
              -2.0691364,
              53.3252765
            ],
            [
              -2.0691144,
              53.3252682
            ],
            [
              -2.0690776,
              53.325261
            ],
            [
              -2.0690014,
              53.3252686
            ],
            [
              -2.0689547,
              53.3252682
            ],
            [
              -2.0688068,
              53.3252552
            ],
            [
              -2.0684912,
              53.3252673
            ],
            [
              -2.0683323,
              53.3252778
            ],
            [
              -2.0682179,
              53.3252912
            ],
            [
              -2.0678552,
              53.325345
            ],
            [
              -2.0677757,
              53.3253436
            ],
            [
              -2.0676341,
              53.3253556
            ],
            [
              -2.0674424,
              53.3253817
            ],
            [
              -2.0673207,
              53.3253921
            ],
            [
              -2.067209,
              53.3253948
            ],
            [
              -2.0669823,
              53.3254156
            ],
            [
              -2.0667767,
              53.3254472
            ],
            [
              -2.0665305,
              53.3254699
            ],
            [
              -2.0662115,
              53.3254909
            ],
            [
              -2.066137,
              53.325491
            ],
            [
              -2.0660376,
              53.3254806
            ],
            [
              -2.0656026,
              53.3254488
            ],
            [
              -2.0655726,
              53.3254398
            ],
            [
              -2.0655488,
              53.3254117
            ],
            [
              -2.0655409,
              53.3253734
            ],
            [
              -2.0655514,
              53.3253509
            ],
            [
              -2.0655709,
              53.3253302
            ],
            [
              -2.0659673,
              53.3250603
            ],
            [
              -2.0662984,
              53.3248215
            ],
            [
              -2.0674583,
              53.323938
            ],
            [
              -2.0669039,
              53.3236927
            ],
            [
              -2.0661729,
              53.3233572
            ],
            [
              -2.0656696,
              53.3231319
            ],
            [
              -2.0648298,
              53.322762
            ],
            [
              -2.0636431,
              53.3222323
            ],
            [
              -2.0630872,
              53.3219917
            ],
            [
              -2.0623421,
              53.3216622
            ],
            [
              -2.0611146,
              53.3211156
            ],
            [
              -2.0606,
              53.3209076
            ],
            [
              -2.0603529,
              53.3208269
            ],
            [
              -2.060237,
              53.3207947
            ],
            [
              -2.0600761,
              53.3207561
            ],
            [
              -2.0599013,
              53.3207264
            ],
            [
              -2.0597958,
              53.3207195
            ],
            [
              -2.0596149,
              53.3206921
            ],
            [
              -2.0595191,
              53.3207013
            ],
            [
              -2.0590999,
              53.3207253
            ],
            [
              -2.0585268,
              53.3207637
            ],
            [
              -2.0579645,
              53.3208312
            ],
            [
              -2.0577848,
              53.3208556
            ],
            [
              -2.0572654,
              53.3209362
            ],
            [
              -2.0568052,
              53.3209949
            ],
            [
              -2.0566767,
              53.3210103
            ],
            [
              -2.0561601,
              53.3210552
            ],
            [
              -2.0558209,
              53.3210939
            ],
            [
              -2.0555408,
              53.3211463
            ],
            [
              -2.0551293,
              53.3212142
            ],
            [
              -2.0544765,
              53.3212776
            ],
            [
              -2.0539234,
              53.321351
            ],
            [
              -2.0522335,
              53.3215332
            ],
            [
              -2.0517182,
              53.3216059
            ],
            [
              -2.0515018,
              53.3216429
            ],
            [
              -2.0512038,
              53.3217262
            ],
            [
              -2.0501784,
              53.322056
            ],
            [
              -2.0500114,
              53.3221129
            ],
            [
              -2.0493873,
              53.3222574
            ],
            [
              -2.0491251,
              53.3223083
            ],
            [
              -2.0485752,
              53.3224377
            ],
            [
              -2.0482107,
              53.3225431
            ],
            [
              -2.0477479,
              53.3227034
            ],
            [
              -2.0470155,
              53.3229085
            ],
            [
              -2.0468789,
              53.3229355
            ],
            [
              -2.0465032,
              53.3230008
            ],
            [
              -2.0456281,
              53.3231439
            ],
            [
              -2.0450736,
              53.3231949
            ],
            [
              -2.0448198,
              53.3232216
            ],
            [
              -2.0446359,
              53.323236
            ],
            [
              -2.04439,
              53.3232686
            ],
            [
              -2.0440868,
              53.3233194
            ],
            [
              -2.0438634,
              53.3233484
            ],
            [
              -2.0438253,
              53.3233555
            ],
            [
              -2.0438013,
              53.3233666
            ],
            [
              -2.0437142,
              53.323522
            ],
            [
              -2.0435403,
              53.3238913
            ],
            [
              -2.0433876,
              53.3241559
            ],
            [
              -2.0432369,
              53.3243568
            ],
            [
              -2.0431253,
              53.3244811
            ],
            [
              -2.0430237,
              53.324635
            ],
            [
              -2.0428807,
              53.325013
            ],
            [
              -2.0428367,
              53.3251786
            ],
            [
              -2.0427695,
              53.3253845
            ],
            [
              -2.0426976,
              53.3256513
            ],
            [
              -2.0427065,
              53.3257496
            ],
            [
              -2.0426443,
              53.3263047
            ],
            [
              -2.0425562,
              53.3267723
            ],
            [
              -2.0424779,
              53.3272666
            ],
            [
              -2.0424304,
              53.3275113
            ],
            [
              -2.0424154,
              53.327664
            ],
            [
              -2.04235,
              53.3279937
            ],
            [
              -2.0423219,
              53.3281954
            ],
            [
              -2.042286,
              53.3283499
            ],
            [
              -2.0422507,
              53.3285992
            ],
            [
              -2.0422229,
              53.3287014
            ],
            [
              -2.0422054,
              53.3288063
            ],
            [
              -2.0421749,
              53.3289315
            ],
            [
              -2.0419549,
              53.3294944
            ],
            [
              -2.0418842,
              53.3296206
            ],
            [
              -2.0417873,
              53.3297755
            ],
            [
              -2.041546,
              53.3300971
            ],
            [
              -2.0412648,
              53.3304172
            ],
            [
              -2.0408074,
              53.3308553
            ],
            [
              -2.0406118,
              53.3310352
            ],
            [
              -2.0403831,
              53.3312217
            ],
            [
              -2.0402229,
              53.3313403
            ],
            [
              -2.0400341,
              53.3314592
            ],
            [
              -2.039909,
              53.331576
            ],
            [
              -2.0398233,
              53.3316397
            ],
            [
              -2.0396728,
              53.3317926
            ],
            [
              -2.0396081,
              53.3319521
            ],
            [
              -2.0394576,
              53.3323561
            ],
            [
              -2.0394228,
              53.3324649
            ],
            [
              -2.0393953,
              53.3325981
            ],
            [
              -2.0393873,
              53.332703
            ],
            [
              -2.0393979,
              53.3328955
            ],
            [
              -2.0394329,
              53.3330885
            ],
            [
              -2.0395694,
              53.3336351
            ],
            [
              -2.0396287,
              53.3339231
            ],
            [
              -2.0396416,
              53.334019
            ],
            [
              -2.0396502,
              53.3341163
            ],
            [
              -2.0396531,
              53.3343494
            ],
            [
              -2.0396801,
              53.3345811
            ],
            [
              -2.0396953,
              53.3348992
            ],
            [
              -2.0396836,
              53.3350042
            ],
            [
              -2.0396991,
              53.3351317
            ],
            [
              -2.0397163,
              53.335385
            ],
            [
              -2.0397196,
              53.3355763
            ],
            [
              -2.0397006,
              53.3358058
            ],
            [
              -2.0396699,
              53.3360247
            ],
            [
              -2.0396176,
              53.3363109
            ],
            [
              -2.039554,
              53.3366094
            ],
            [
              -2.0394983,
              53.3367697
            ],
            [
              -2.0394103,
              53.3370546
            ],
            [
              -2.039162,
              53.3376849
            ],
            [
              -2.0384508,
              53.3383945
            ],
            [
              -2.037766,
              53.339036
            ],
            [
              -2.0376594,
              53.3391466
            ],
            [
              -2.0375229,
              53.3393111
            ],
            [
              -2.0373699,
              53.3395161
            ],
            [
              -2.0372679,
              53.3396627
            ],
            [
              -2.0371914,
              53.3397993
            ],
            [
              -2.0371441,
              53.3399219
            ],
            [
              -2.0370472,
              53.3402951
            ],
            [
              -2.0370176,
              53.3404216
            ],
            [
              -2.0370011,
              53.340582
            ],
            [
              -2.0369997,
              53.3410274
            ],
            [
              -2.0370062,
              53.3410983
            ],
            [
              -2.0370542,
              53.3413904
            ],
            [
              -2.03712,
              53.3416213
            ],
            [
              -2.0372429,
              53.3419617
            ],
            [
              -2.0374577,
              53.3424844
            ],
            [
              -2.0375959,
              53.3427311
            ],
            [
              -2.037797,
              53.3430048
            ],
            [
              -2.0378935,
              53.3431576
            ],
            [
              -2.0380091,
              53.3434058
            ],
            [
              -2.0377148,
              53.3434535
            ],
            [
              -2.0378081,
              53.3437141
            ],
            [
              -2.038023,
              53.3436999
            ],
            [
              -2.0380336,
              53.3437493
            ],
            [
              -2.0381506,
              53.3437419
            ],
            [
              -2.0381788,
              53.3438204
            ],
            [
              -2.0382921,
              53.3439647
            ],
            [
              -2.0383492,
              53.34406
            ],
            [
              -2.0384435,
              53.3442488
            ],
            [
              -2.0384834,
              53.3443163
            ],
            [
              -2.038567,
              53.3444352
            ],
            [
              -2.0386631,
              53.344559
            ],
            [
              -2.0387725,
              53.3446841
            ],
            [
              -2.0389199,
              53.3448694
            ],
            [
              -2.0391195,
              53.3451413
            ],
            [
              -2.0391509,
              53.3451765
            ],
            [
              -2.0392316,
              53.3452424
            ],
            [
              -2.0393547,
              53.345335
            ],
            [
              -2.0395223,
              53.345428
            ],
            [
              -2.039688,
              53.3455112
            ],
            [
              -2.0398392,
              53.3455967
            ],
            [
              -2.0401416,
              53.345747
            ],
            [
              -2.0403681,
              53.3458706
            ],
            [
              -2.0406601,
              53.3460138
            ],
            [
              -2.0407038,
              53.346048
            ],
            [
              -2.0407291,
              53.3460795
            ],
            [
              -2.0407565,
              53.3461527
            ],
            [
              -2.0407956,
              53.3463299
            ],
            [
              -2.0408121,
              53.3465209
            ],
            [
              -2.0408107,
              53.3466558
            ],
            [
              -2.0407628,
              53.3468239
            ],
            [
              -2.0407008,
              53.3469743
            ],
            [
              -2.0405529,
              53.3475417
            ],
            [
              -2.0406724,
              53.3476426
            ],
            [
              -2.0408163,
              53.347733
            ],
            [
              -2.0409234,
              53.347781
            ],
            [
              -2.0410579,
              53.3478229
            ],
            [
              -2.0416187,
              53.3479018
            ],
            [
              -2.0419547,
              53.3479414
            ],
            [
              -2.0421342,
              53.3479663
            ],
            [
              -2.0427884,
              53.3483037
            ],
            [
              -2.0423503,
              53.3492905
            ],
            [
              -2.0428067,
              53.3493341
            ],
            [
              -2.0432449,
              53.3493626
            ],
            [
              -2.043544,
              53.3493598
            ],
            [
              -2.0437336,
              53.3493466
            ],
            [
              -2.0439017,
              53.3493271
            ],
            [
              -2.0440733,
              53.3492994
            ],
            [
              -2.0441735,
              53.3492756
            ],
            [
              -2.0443019,
              53.3492341
            ],
            [
              -2.0443674,
              53.3492013
            ],
            [
              -2.0443944,
              53.3491743
            ],
            [
              -2.0443967,
              53.3491477
            ],
            [
              -2.0443879,
              53.3491196
            ],
            [
              -2.0443364,
              53.3490336
            ],
            [
              -2.044446,
              53.3490336
            ],
            [
              -2.0445079,
              53.3490391
            ],
            [
              -2.044587,
              53.3490611
            ],
            [
              -2.0446385,
              53.3490693
            ],
            [
              -2.0446755,
              53.3490701
            ],
            [
              -2.0447847,
              53.34905
            ],
            [
              -2.0450922,
              53.3489708
            ],
            [
              -2.0458789,
              53.3488016
            ],
            [
              -2.0459042,
              53.3487837
            ],
            [
              -2.0459251,
              53.3487525
            ],
            [
              -2.0459294,
              53.3487285
            ],
            [
              -2.0459145,
              53.3486966
            ],
            [
              -2.0457663,
              53.3484731
            ],
            [
              -2.0455503,
              53.3481899
            ],
            [
              -2.0455463,
              53.3481466
            ],
            [
              -2.0455591,
              53.3481305
            ],
            [
              -2.0455741,
              53.348123
            ],
            [
              -2.045609,
              53.3479855
            ],
            [
              -2.045621,
              53.3479657
            ],
            [
              -2.0457471,
              53.3479711
            ],
            [
              -2.0458042,
              53.3479791
            ],
            [
              -2.0458313,
              53.3479872
            ],
            [
              -2.0458659,
              53.3480115
            ],
            [
              -2.0460673,
              53.348201
            ],
            [
              -2.0462929,
              53.3484041
            ],
            [
              -2.046347,
              53.3484409
            ],
            [
              -2.0464161,
              53.3484706
            ],
            [
              -2.0464582,
              53.3484822
            ],
            [
              -2.0465574,
              53.3485011
            ],
            [
              -2.0466731,
              53.3485145
            ],
            [
              -2.0468909,
              53.3485288
            ],
            [
              -2.046996,
              53.3485306
            ],
            [
              -2.0471192,
              53.3485269
            ],
            [
              -2.0471538,
              53.3485179
            ],
            [
              -2.0471778,
              53.3485044
            ],
            [
              -2.0472003,
              53.3484586
            ],
            [
              -2.0472167,
              53.3484082
            ],
            [
              -2.047248,
              53.3481943
            ],
            [
              -2.0473439,
              53.3479713
            ],
            [
              -2.0473394,
              53.3479282
            ],
            [
              -2.0472987,
              53.3478149
            ],
            [
              -2.0472881,
              53.3477502
            ],
            [
              -2.0472911,
              53.3477107
            ],
            [
              -2.047309,
              53.3476235
            ],
            [
              -2.0474139,
              53.3474077
            ],
            [
              -2.0474408,
              53.3472873
            ],
            [
              -2.0474648,
              53.347254
            ],
            [
              -2.0475308,
              53.3471829
            ],
            [
              -2.0475729,
              53.3472081
            ],
            [
              -2.0477262,
              53.3473312
            ],
            [
              -2.0480481,
              53.3476528
            ],
            [
              -2.0481022,
              53.3477238
            ],
            [
              -2.0482814,
              53.3480653
            ],
            [
              -2.0483566,
              53.3482028
            ],
            [
              -2.0483852,
              53.3482433
            ],
            [
              -2.0484138,
              53.3483152
            ],
            [
              -2.0484094,
              53.348343
            ],
            [
              -2.0483959,
              53.3483673
            ],
            [
              -2.0482909,
              53.3484923
            ],
            [
              -2.0481627,
              53.3486987
            ],
            [
              -2.0481335,
              53.3487776
            ],
            [
              -2.0481335,
              53.3488073
            ],
            [
              -2.0481561,
              53.3488298
            ],
            [
              -2.0482102,
              53.3488603
            ],
            [
              -2.0486572,
              53.3490705
            ],
            [
              -2.0487293,
              53.3491101
            ],
            [
              -2.0487594,
              53.3491343
            ],
            [
              -2.0488215,
              53.3492079
            ],
            [
              -2.0489762,
              53.3494282
            ],
            [
              -2.0491003,
              53.3495797
            ],
            [
              -2.0496051,
              53.3501589
            ],
            [
              -2.0496785,
              53.3502368
            ],
            [
              -2.0497253,
              53.3502972
            ],
            [
              -2.0497464,
              53.3503357
            ],
            [
              -2.0497658,
              53.3504111
            ],
            [
              -2.0497533,
              53.350494
            ],
            [
              -2.0497391,
              53.3505348
            ],
            [
              -2.0496912,
              53.3505844
            ],
            [
              -2.0496186,
              53.3506416
            ],
            [
              -2.0495241,
              53.3506871
            ],
            [
              -2.0491935,
              53.3507865
            ],
            [
              -2.0490969,
              53.3508211
            ],
            [
              -2.0488711,
              53.3509411
            ],
            [
              -2.0487609,
              53.3510089
            ],
            [
              -2.0485373,
              53.3511816
            ],
            [
              -2.0484397,
              53.3512499
            ],
            [
              -2.0483179,
              53.351232
            ],
            [
              -2.0482595,
              53.3513309
            ],
            [
              -2.0482466,
              53.3513264
            ],
            [
              -2.0481949,
              53.3513085
            ],
            [
              -2.0481753,
              53.3512123
            ],
            [
              -2.0480611,
              53.3511962
            ],
            [
              -2.0480432,
              53.3513526
            ],
            [
              -2.0480271,
              53.3513916
            ],
            [
              -2.0478365,
              53.3518533
            ],
            [
              -2.0478185,
              53.3519073
            ],
            [
              -2.0478201,
              53.3519909
            ],
            [
              -2.0478082,
              53.3520978
            ],
            [
              -2.0478173,
              53.3521266
            ],
            [
              -2.0478639,
              53.3521931
            ],
            [
              -2.047906,
              53.3522398
            ],
            [
              -2.0480038,
              53.352335
            ],
            [
              -2.0480955,
              53.3524132
            ],
            [
              -2.0482398,
              53.3525147
            ],
            [
              -2.0483559,
              53.3525784
            ],
            [
              -2.0485047,
              53.3526373
            ],
            [
              -2.0488834,
              53.3527729
            ],
            [
              -2.0492141,
              53.3528752
            ],
            [
              -2.0496206,
              53.3530088
            ],
            [
              -2.0500642,
              53.3531444
            ],
            [
              -2.0501162,
              53.3531617
            ],
            [
              -2.0502141,
              53.3531942
            ],
            [
              -2.0503588,
              53.3532499
            ],
            [
              -2.0504235,
              53.3532823
            ],
            [
              -2.050643,
              53.3534224
            ],
            [
              -2.0507843,
              53.3535284
            ],
            [
              -2.0509274,
              53.3536208
            ],
            [
              -2.0510659,
              53.3536906
            ],
            [
              -2.0511185,
              53.353713
            ],
            [
              -2.0511516,
              53.3537643
            ],
            [
              -2.0511495,
              53.3538984
            ],
            [
              -2.0511645,
              53.3539317
            ],
            [
              -2.0512617,
              53.3541094
            ],
            [
              -2.0512993,
              53.3541795
            ],
            [
              -2.051367,
              53.3542181
            ],
            [
              -2.0515819,
              53.3542917
            ],
            [
              -2.051642,
              53.3543061
            ],
            [
              -2.0517112,
              53.3543159
            ],
            [
              -2.0517638,
              53.3543312
            ],
            [
              -2.0517803,
              53.3543456
            ],
            [
              -2.0521008,
              53.3547769
            ],
            [
              -2.0521475,
              53.3548622
            ],
            [
              -2.0521852,
              53.3549467
            ],
            [
              -2.0522365,
              53.3551445
            ],
            [
              -2.0522714,
              53.3553907
            ],
            [
              -2.0522999,
              53.3553916
            ]
          ]
        ]
      },
      "id": "way/974372295"
    },
    {
      "type": "Feature",
      "properties": {
        "@id": "way/974382345",
        "building": "yes",
        "heritage": "2",
        "heritage:operator": "Historic England",
        "historic": "heritage",
        "listed_status": "Grade II",
        "name": "The Meat Safe",
        "operator": "National Trust",
        "ref:GB:nhle": "1231929",
        "start_date": "late C19",
        "website": "https://historicengland.org.uk/listing/the-list/list-entry/1231929"
      },
      "geometry": {
        "type": "Polygon",
        "coordinates": [
          [
            [
              -2.0539622,
              53.3385564
            ],
            [
              -2.0539694,
              53.3385523
            ],
            [
              -2.0539692,
              53.3385444
            ],
            [
              -2.0539605,
              53.33854
            ],
            [
              -2.0539431,
              53.3385406
            ],
            [
              -2.0539347,
              53.3385455
            ],
            [
              -2.0539356,
              53.3385519
            ],
            [
              -2.0539455,
              53.3385567
            ],
            [
              -2.0539622,
              53.3385564
            ]
          ]
        ]
      },
      "id": "way/974382345"
    },
    {
      "type": "Feature",
      "properties": {
        "@id": "way/983258447",
        "archaeological_site": "mineral_extraction",
        "historic": "quarry",
        "mineral": "limestone",
        "note": "identification based on form lime kilns immediate to NE",
        "source": "Bing"
      },
      "geometry": {
        "type": "Polygon",
        "coordinates": [
          [
            [
              -1.8941626,
              53.2135454
            ],
            [
              -1.8940929,
              53.2134603
            ],
            [
              -1.8940124,
              53.2134169
            ],
            [
              -1.8938541,
              53.2134234
            ],
            [
              -1.8938032,
              53.2134603
            ],
            [
              -1.8938139,
              53.2135262
            ],
            [
              -1.8938059,
              53.2135695
            ],
            [
              -1.8939185,
              53.2135886
            ],
            [
              -1.894007,
              53.2135984
            ],
            [
              -1.894066,
              53.2136418
            ],
            [
              -1.8941626,
              53.2135454
            ]
          ]
        ]
      },
      "id": "way/983258447"
    },
    {
      "type": "Feature",
      "properties": {
        "@id": "way/1013449031",
        "building": "farm",
        "building:levels": "1",
        "historic": "ruins"
      },
      "geometry": {
        "type": "Polygon",
        "coordinates": [
          [
            [
              -1.9516637,
              53.3861548
            ],
            [
              -1.9517386,
              53.3861374
            ],
            [
              -1.9516789,
              53.3860459
            ],
            [
              -1.951604,
              53.3860633
            ],
            [
              -1.9516637,
              53.3861548
            ]
          ]
        ]
      },
      "id": "way/1013449031"
    },
    {
      "type": "Feature",
      "properties": {
        "@id": "way/1021677044",
        "building": "yes",
        "building:condition": "mainly_ruinous",
        "historic": "ruins",
        "material": "stone",
        "note": "ruined building, probably associated with adjacent Danebower Colliery"
      },
      "geometry": {
        "type": "Polygon",
        "coordinates": [
          [
            [
              -1.9899805,
              53.22343
            ],
            [
              -1.9899392,
              53.2233994
            ],
            [
              -1.9898869,
              53.2234247
            ],
            [
              -1.9899282,
              53.2234553
            ],
            [
              -1.9899805,
              53.22343
            ]
          ]
        ]
      },
      "id": "way/1021677044"
    },
    {
      "type": "Feature",
      "properties": {
        "@id": "way/1026773715",
        "HE_ref": "1019490",
        "abandoned:industrial": "mine",
        "changing_table": "no",
        "historic": "ruins",
        "historic:landuse": "industrial",
        "listed_status": "scheduled monument",
        "name": "Magpie Mine",
        "opening_hours": "24/7",
        "reservation": "no",
        "resource": "lead",
        "toilets": "no",
        "tourism": "attraction",
        "wheelchair": "limited",
        "wikidata": "Q17676303"
      },
      "geometry": {
        "type": "Polygon",
        "coordinates": [
          [
            [
              -1.7469024,
              53.2105917
            ],
            [
              -1.7464515,
              53.2104835
            ],
            [
              -1.744684,
              53.2100078
            ],
            [
              -1.744642,
              53.2099923
            ],
            [
              -1.7440543,
              53.2097749
            ],
            [
              -1.7433654,
              53.2095559
            ],
            [
              -1.7430663,
              53.2094736
            ],
            [
              -1.7425859,
              53.2093349
            ],
            [
              -1.742515,
              53.2093168
            ],
            [
              -1.7411114,
              53.208932
            ],
            [
              -1.7401718,
              53.2086369
            ],
            [
              -1.7399293,
              53.2089061
            ],
            [
              -1.7395315,
              53.2093476
            ],
            [
              -1.7403101,
              53.209538
            ],
            [
              -1.7404531,
              53.2096474
            ],
            [
              -1.7404849,
              53.209695
            ],
            [
              -1.7405723,
              53.2096855
            ],
            [
              -1.7412,
              53.2097878
            ],
            [
              -1.742386,
              53.2101208
            ],
            [
              -1.7422585,
              53.2103276
            ],
            [
              -1.7420295,
              53.2106992
            ],
            [
              -1.7419389,
              53.2107728
            ],
            [
              -1.7415774,
              53.2106681
            ],
            [
              -1.7414026,
              53.210906
            ],
            [
              -1.7416096,
              53.210961
            ],
            [
              -1.7416256,
              53.2109776
            ],
            [
              -1.7416044,
              53.2109944
            ],
            [
              -1.7415022,
              53.2110213
            ],
            [
              -1.7414649,
              53.2110392
            ],
            [
              -1.7415357,
              53.2110721
            ],
            [
              -1.7417291,
              53.2111126
            ],
            [
              -1.741978,
              53.2111669
            ],
            [
              -1.7420749,
              53.2110855
            ],
            [
              -1.7424795,
              53.2111927
            ],
            [
              -1.7430575,
              53.2105317
            ],
            [
              -1.7434413,
              53.2106137
            ],
            [
              -1.7438245,
              53.2106829
            ],
            [
              -1.7439288,
              53.2107155
            ],
            [
              -1.7453138,
              53.2112098
            ],
            [
              -1.7460581,
              53.2114653
            ],
            [
              -1.7468609,
              53.210641
            ],
            [
              -1.7469024,
              53.2105917
            ]
          ]
        ]
      },
      "id": "way/1026773715"
    },
    {
      "type": "Feature",
      "properties": {
        "@id": "way/1026773716",
        "HE_ref": "1014594",
        "abandoned:industrial": "mine",
        "historic": "mine",
        "landuse": "industrial",
        "listed_status": "scheduled monument",
        "name": "True Blue lead mine",
        "resource": "lead",
        "wikidata": "Q17660096"
      },
      "geometry": {
        "type": "Polygon",
        "coordinates": [
          [
            [
              -1.7340696,
              53.2090848
            ],
            [
              -1.7351223,
              53.209196
            ],
            [
              -1.7358329,
              53.2084072
            ],
            [
              -1.7355019,
              53.2084213
            ],
            [
              -1.7351586,
              53.2085113
            ],
            [
              -1.7347892,
              53.2084648
            ],
            [
              -1.7345497,
              53.2086575
            ],
            [
              -1.7344853,
              53.2086671
            ],
            [
              -1.7342895,
              53.2088229
            ],
            [
              -1.7342059,
              53.2089228
            ],
            [
              -1.7340696,
              53.2090848
            ]
          ]
        ]
      },
      "id": "way/1026773716"
    },
    {
      "type": "Feature",
      "properties": {
        "@id": "way/1054415527",
        "archaeological_site": "megalith",
        "historic": "archaeological_site",
        "megalith_type": "stone_circle",
        "source": "https://historicengland.org.uk/listing/the-list/list-entry/1019909",
        "wikidata": "Q17664914"
      },
      "geometry": {
        "type": "Polygon",
        "coordinates": [
          [
            [
              -1.7238811,
              53.3804639
            ],
            [
              -1.7238516,
              53.3804342
            ],
            [
              -1.7237794,
              53.3804481
            ],
            [
              -1.7237865,
              53.3804833
            ],
            [
              -1.7238516,
              53.3804899
            ],
            [
              -1.7238811,
              53.3804639
            ]
          ]
        ]
      },
      "id": "way/1054415527"
    },
    {
      "type": "Feature",
      "properties": {
        "@id": "way/1070600085",
        "access": "yes",
        "archaeological_site": "fortification",
        "area": "yes",
        "historic": "archaeological_site",
        "historic:civilization": "bronze-age",
        "name": "Mam Tor Hillfort",
        "type": "hill_fort"
      },
      "geometry": {
        "type": "Polygon",
        "coordinates": [
          [
            [
              -1.8107275,
              53.3511114
            ],
            [
              -1.8107665,
              53.3509892
            ],
            [
              -1.8108153,
              53.3507883
            ],
            [
              -1.8108982,
              53.3504972
            ],
            [
              -1.8110201,
              53.3502585
            ],
            [
              -1.8111957,
              53.3501188
            ],
            [
              -1.8115517,
              53.3498975
            ],
            [
              -1.8119467,
              53.349586
            ],
            [
              -1.8121369,
              53.3494201
            ],
            [
              -1.812171,
              53.3493299
            ],
            [
              -1.8121223,
              53.3492338
            ],
            [
              -1.8119906,
              53.3491261
            ],
            [
              -1.8118297,
              53.3489456
            ],
            [
              -1.8117175,
              53.3487651
            ],
            [
              -1.811776,
              53.3486894
            ],
            [
              -1.8118784,
              53.3485875
            ],
            [
              -1.8117565,
              53.3485206
            ],
            [
              -1.8113517,
              53.3485468
            ],
            [
              -1.8109518,
              53.3485468
            ],
            [
              -1.8099375,
              53.3485526
            ],
            [
              -1.8095717,
              53.3485875
            ],
            [
              -1.8092694,
              53.3486399
            ],
            [
              -1.8091807,
              53.3486741
            ],
            [
              -1.8090353,
              53.3487302
            ],
            [
              -1.8089377,
              53.3487331
            ],
            [
              -1.8087085,
              53.3487273
            ],
            [
              -1.8084501,
              53.3487535
            ],
            [
              -1.8083233,
              53.3487913
            ],
            [
              -1.8083038,
              53.3488786
            ],
            [
              -1.808372,
              53.3488903
            ],
            [
              -1.8085427,
              53.3489543
            ],
            [
              -1.8089134,
              53.348934
            ],
            [
              -1.8091621,
              53.3489398
            ],
            [
              -1.8092351,
              53.3490583
            ],
            [
              -1.8091371,
              53.3491714
            ],
            [
              -1.8090509,
              53.3492047
            ],
            [
              -1.8089215,
              53.3492339
            ],
            [
              -1.8085361,
              53.3491837
            ],
            [
              -1.8083226,
              53.3493035
            ],
            [
              -1.8081618,
              53.3493882
            ],
            [
              -1.8079984,
              53.3494853
            ],
            [
              -1.8080112,
              53.3496588
            ],
            [
              -1.8080356,
              53.3497811
            ],
            [
              -1.8080404,
              53.3498888
            ],
            [
              -1.8080356,
              53.3499849
            ],
            [
              -1.8080063,
              53.3500664
            ],
            [
              -1.8079722,
              53.3501741
            ],
            [
              -1.8078697,
              53.3502701
            ],
            [
              -1.8077625,
              53.3503808
            ],
            [
              -1.8076503,
              53.3505147
            ],
            [
              -1.8076064,
              53.3506369
            ],
            [
              -1.8076015,
              53.3507592
            ],
            [
              -1.8076357,
              53.3511842
            ],
            [
              -1.8076503,
              53.3515976
            ],
            [
              -1.8076991,
              53.3518159
            ],
            [
              -1.8077527,
              53.3519003
            ],
            [
              -1.8078356,
              53.3519585
            ],
            [
              -1.8079185,
              53.3519993
            ],
            [
              -1.8080648,
              53.35204
            ],
            [
              -1.8084208,
              53.3520982
            ],
            [
              -1.8086256,
              53.3521041
            ],
            [
              -1.8088987,
              53.3520575
            ],
            [
              -1.8094059,
              53.3519061
            ],
            [
              -1.8100594,
              53.3516761
            ],
            [
              -1.8103081,
              53.351551
            ],
            [
              -1.8104934,
              53.3514462
            ],
            [
              -1.81063,
              53.3512948
            ],
            [
              -1.8107275,
              53.3511114
            ]
          ]
        ]
      },
      "id": "way/1070600085"
    },
    {
      "type": "Feature",
      "properties": {
        "@id": "way/1071985246",
        "historic": "ruins"
      },
      "geometry": {
        "type": "Polygon",
        "coordinates": [
          [
            [
              -2.004649,
              53.1750054
            ],
            [
              -2.0046304,
              53.1749561
            ],
            [
              -2.0045493,
              53.1749671
            ],
            [
              -2.0045679,
              53.1750164
            ],
            [
              -2.004649,
              53.1750054
            ]
          ]
        ]
      },
      "id": "way/1071985246"
    },
    {
      "type": "Feature",
      "properties": {
        "@id": "way/1088455579",
        "historic": "ruins",
        "ruins": "yes"
      },
      "geometry": {
        "type": "Polygon",
        "coordinates": [
          [
            [
              -1.7951041,
              53.4970493
            ],
            [
              -1.7950794,
              53.4968305
            ],
            [
              -1.7949127,
              53.4968372
            ],
            [
              -1.7949375,
              53.497056
            ],
            [
              -1.7951041,
              53.4970493
            ]
          ]
        ]
      },
      "id": "way/1088455579"
    },
    {
      "type": "Feature",
      "properties": {
        "@id": "way/1088629216",
        "historic": "ruins",
        "ruins": "inn"
      },
      "geometry": {
        "type": "Polygon",
        "coordinates": [
          [
            [
              -1.7945771,
              53.4983457
            ],
            [
              -1.7944667,
              53.4983989
            ],
            [
              -1.794587,
              53.4984967
            ],
            [
              -1.7946934,
              53.4984504
            ],
            [
              -1.7945771,
              53.4983457
            ]
          ]
        ]
      },
      "id": "way/1088629216"
    },
    {
      "type": "Feature",
      "properties": {
        "@id": "way/1088631766",
        "historic": "ruins",
        "ruins": "yes"
      },
      "geometry": {
        "type": "Polygon",
        "coordinates": [
          [
            [
              -1.7943032,
              53.4961551
            ],
            [
              -1.7942944,
              53.496115
            ],
            [
              -1.7939354,
              53.4961431
            ],
            [
              -1.7939443,
              53.4961832
            ],
            [
              -1.7943032,
              53.4961551
            ]
          ]
        ]
      },
      "id": "way/1088631766"
    },
    {
      "type": "Feature",
      "properties": {
        "@id": "way/1147731414",
        "access": "private",
        "historic": "ruins",
        "military": "danger_area",
        "name": "New Venture Mine"
      },
      "geometry": {
        "type": "Polygon",
        "coordinates": [
          [
            [
              -1.7714496,
              53.3257406
            ],
            [
              -1.7713222,
              53.3256453
            ],
            [
              -1.7703995,
              53.3257134
            ],
            [
              -1.7699972,
              53.3258143
            ],
            [
              -1.7701423,
              53.3259772
            ],
            [
              -1.7690356,
              53.3263429
            ],
            [
              -1.7691214,
              53.3264214
            ],
            [
              -1.7699487,
              53.3261883
            ],
            [
              -1.7702613,
              53.3261002
            ],
            [
              -1.7703029,
              53.3261451
            ],
            [
              -1.7713608,
              53.3257719
            ],
            [
              -1.7714496,
              53.3257406
            ]
          ]
        ]
      },
      "id": "way/1147731414"
    },
    {
      "type": "Feature",
      "properties": {
        "@id": "way/1182962064",
        "alt_name": "Barbrook One Stone Circle;Barbrook No. 1;Barbrook I Stone Circle",
        "archaeological_site": "megalith",
        "historic": "archaeological_site",
        "historic:civilization": "prehistoric",
        "megalith_type": "stone_circle",
        "name": "Barbrook One",
        "wikidata": "Q14949367",
        "wikipedia": "en:Barbrook One"
      },
      "geometry": {
        "type": "Polygon",
        "coordinates": [
          [
            [
              -1.5837346,
              53.2764731
            ],
            [
              -1.5837223,
              53.2764594
            ],
            [
              -1.5837,
              53.2764514
            ],
            [
              -1.5836741,
              53.2764515
            ],
            [
              -1.5836519,
              53.2764595
            ],
            [
              -1.5836409,
              53.2764706
            ],
            [
              -1.583639,
              53.2764834
            ],
            [
              -1.5836466,
              53.2764954
            ],
            [
              -1.583662,
              53.2765043
            ],
            [
              -1.5836891,
              53.2765085
            ],
            [
              -1.5837156,
              53.2765031
            ],
            [
              -1.5837326,
              53.2764898
            ],
            [
              -1.5837346,
              53.2764731
            ]
          ]
        ]
      },
      "id": "way/1182962064"
    },
    {
      "type": "Feature",
      "properties": {
        "@id": "way/1214319791",
        "HE_ref": "1011202",
        "archaeological_site": "tumulus",
        "historic": "archaeological_site",
        "listed_status": "scheduled monument",
        "name": "Bole Hill bowl barrow",
        "wikidata": "Q17651140"
      },
      "geometry": {
        "type": "Polygon",
        "coordinates": [
          [
            [
              -1.7278174,
              53.206043
            ],
            [
              -1.7277897,
              53.2060207
            ],
            [
              -1.7277515,
              53.2060049
            ],
            [
              -1.7277069,
              53.2059974
            ],
            [
              -1.7276606,
              53.2059988
            ],
            [
              -1.7276175,
              53.2060091
            ],
            [
              -1.7275822,
              53.2060271
            ],
            [
              -1.7275585,
              53.206051
            ],
            [
              -1.7275495,
              53.2060737
            ],
            [
              -1.727551,
              53.206097
            ],
            [
              -1.7275631,
              53.2061192
            ],
            [
              -1.7275847,
              53.2061386
            ],
            [
              -1.7276144,
              53.2061537
            ],
            [
              -1.7276497,
              53.2061635
            ],
            [
              -1.7276967,
              53.2061671
            ],
            [
              -1.727743,
              53.2061612
            ],
            [
              -1.7277835,
              53.2061466
            ],
            [
              -1.7278138,
              53.2061249
            ],
            [
              -1.7278305,
              53.2060983
            ],
            [
              -1.7278317,
              53.20607
            ],
            [
              -1.7278174,
              53.206043
            ]
          ]
        ]
      },
      "id": "way/1214319791"
    },
    {
      "type": "Feature",
      "properties": {
        "@id": "way/1223266280",
        "historic": "ruins",
        "name": "Wells and Troughs"
      },
      "geometry": {
        "type": "Polygon",
        "coordinates": [
          [
            [
              -1.7157246,
              53.2422314
            ],
            [
              -1.7155999,
              53.24228
            ],
            [
              -1.7156051,
              53.2422847
            ],
            [
              -1.7157298,
              53.2422362
            ],
            [
              -1.7157246,
              53.2422314
            ]
          ]
        ]
      },
      "id": "way/1223266280"
    },
    {
      "type": "Feature",
      "properties": {
        "@id": "way/1239094616",
        "HE_ref": "no",
        "historic": "pound",
        "pound": "pinfold",
        "wikimedia_commons": "File:Grindon Pinfold - geograph.org.uk - 223854.jpg"
      },
      "geometry": {
        "type": "Polygon",
        "coordinates": [
          [
            [
              -1.8731122,
              53.0855161
            ],
            [
              -1.8731359,
              53.0855256
            ],
            [
              -1.8731471,
              53.0855261
            ],
            [
              -1.8731569,
              53.0855265
            ],
            [
              -1.873177,
              53.0855214
            ],
            [
              -1.8731977,
              53.0855015
            ],
            [
              -1.8732022,
              53.0854787
            ],
            [
              -1.8731802,
              53.085463
            ],
            [
              -1.8731496,
              53.0854569
            ],
            [
              -1.8731224,
              53.0854644
            ],
            [
              -1.873102,
              53.0854767
            ],
            [
              -1.8730986,
              53.0854971
            ],
            [
              -1.8731122,
              53.0855161
            ]
          ]
        ]
      },
      "id": "way/1239094616"
    },
    {
      "type": "Feature",
      "properties": {
        "@id": "way/1239242851",
        "historic": "pound",
        "wikimedia_commons": "File:Animal pound by Hollowford Road - geograph.org.uk - 5729357.jpg"
      },
      "geometry": {
        "type": "Polygon",
        "coordinates": [
          [
            [
              -1.7766034,
              53.3458698
            ],
            [
              -1.7765953,
              53.3458616
            ],
            [
              -1.776583,
              53.3458555
            ],
            [
              -1.776568,
              53.3458522
            ],
            [
              -1.776552,
              53.3458522
            ],
            [
              -1.7765369,
              53.3458554
            ],
            [
              -1.7765255,
              53.3458608
            ],
            [
              -1.7765174,
              53.3458681
            ],
            [
              -1.7765135,
              53.3458765
            ],
            [
              -1.7765142,
              53.3458853
            ],
            [
              -1.7765193,
              53.3458934
            ],
            [
              -1.7765285,
              53.3459003
            ],
            [
              -1.7765408,
              53.345905
            ],
            [
              -1.7765549,
              53.3459073
            ],
            [
              -1.7765695,
              53.3459069
            ],
            [
              -1.7765844,
              53.3459033
            ],
            [
              -1.7765963,
              53.345897
            ],
            [
              -1.776604,
              53.3458886
            ],
            [
              -1.7766065,
              53.3458792
            ],
            [
              -1.7766034,
              53.3458698
            ]
          ]
        ]
      },
      "id": "way/1239242851"
    },
    {
      "type": "Feature",
      "properties": {
        "@id": "way/1239705441",
        "building": "yes",
        "historic": "memorial",
        "memorial": "war_memorial",
        "name": "Rainow War Memorial"
      },
      "geometry": {
        "type": "Polygon",
        "coordinates": [
          [
            [
              -2.0791902,
              53.2791442
            ],
            [
              -2.079186,
              53.2791245
            ],
            [
              -2.0791556,
              53.2791269
            ],
            [
              -2.0791598,
              53.2791465
            ],
            [
              -2.0791902,
              53.2791442
            ]
          ]
        ]
      },
      "id": "way/1239705441"
    },
    {
      "type": "Feature",
      "properties": {
        "@id": "way/1333745519",
        "area": "yes",
        "historic": "yes"
      },
      "geometry": {
        "type": "Polygon",
        "coordinates": [
          [
            [
              -1.6599246,
              53.2181789
            ],
            [
              -1.6596826,
              53.2183712
            ],
            [
              -1.6595694,
              53.2186339
            ],
            [
              -1.6596095,
              53.2188432
            ],
            [
              -1.6599222,
              53.2190704
            ],
            [
              -1.6602349,
              53.2191405
            ],
            [
              -1.6604171,
              53.2191665
            ],
            [
              -1.6607164,
              53.2191045
            ],
            [
              -1.6609053,
              53.2190074
            ],
            [
              -1.6610057,
              53.2188632
            ],
            [
              -1.6610234,
              53.218569
            ],
            [
              -1.6606083,
              53.2182619
            ],
            [
              -1.660227,
              53.2181231
            ],
            [
              -1.6599246,
              53.2181789
            ]
          ]
        ]
      },
      "id": "way/1333745519"
    },
    {
      "type": "Feature",
      "properties": {
        "@id": "way/1358698657",
        "building": "yes",
        "historic": "ruins"
      },
      "geometry": {
        "type": "Polygon",
        "coordinates": [
          [
            [
              -1.9838275,
              53.2252353
            ],
            [
              -1.9837162,
              53.2251687
            ],
            [
              -1.9836646,
              53.2251996
            ],
            [
              -1.983623,
              53.2252245
            ],
            [
              -1.9836639,
              53.225249
            ],
            [
              -1.9837055,
              53.2252241
            ],
            [
              -1.9837759,
              53.2252662
            ],
            [
              -1.9838275,
              53.2252353
            ]
          ]
        ]
      },
      "id": "way/1358698657"
    },
    {
      "type": "Feature",
      "properties": {
        "@id": "way/1358698658",
        "building": "yes",
        "historic": "ruins"
      },
      "geometry": {
        "type": "Polygon",
        "coordinates": [
          [
            [
              -1.98346,
              53.2247143
            ],
            [
              -1.9834225,
              53.2246805
            ],
            [
              -1.9833878,
              53.2246944
            ],
            [
              -1.9834254,
              53.2247281
            ],
            [
              -1.98346,
              53.2247143
            ]
          ]
        ]
      },
      "id": "way/1358698658"
    },
    {
      "type": "Feature",
      "properties": {
        "@id": "way/1358698659",
        "building": "yes",
        "historic": "ruins"
      },
      "geometry": {
        "type": "Polygon",
        "coordinates": [
          [
            [
              -1.9825991,
              53.2242132
            ],
            [
              -1.9825858,
              53.224177
            ],
            [
              -1.9825429,
              53.2241826
            ],
            [
              -1.9825561,
              53.2242189
            ],
            [
              -1.9825991,
              53.2242132
            ]
          ]
        ]
      },
      "id": "way/1358698659"
    },
    {
      "type": "Feature",
      "properties": {
        "@id": "way/1358698660",
        "building": "yes",
        "historic": "ruins"
      },
      "geometry": {
        "type": "Polygon",
        "coordinates": [
          [
            [
              -1.9826889,
              53.2241779
            ],
            [
              -1.9826527,
              53.2241498
            ],
            [
              -1.9826273,
              53.2241615
            ],
            [
              -1.9826635,
              53.2241896
            ],
            [
              -1.9826889,
              53.2241779
            ]
          ]
        ]
      },
      "id": "way/1358698660"
    },
    {
      "type": "Feature",
      "properties": {
        "@id": "way/1457607614",
        "archaeological_site": "tumulus",
        "historic": "archaeological_site",
        "historic:period": "bronze-age",
        "name": "Lord's Seat bowl barrow"
      },
      "geometry": {
        "type": "Polygon",
        "coordinates": [
          [
            [
              -1.8326198,
              53.3479407
            ],
            [
              -1.832615,
              53.3479188
            ],
            [
              -1.8325983,
              53.347899
            ],
            [
              -1.8325716,
              53.3478837
            ],
            [
              -1.8325379,
              53.3478745
            ],
            [
              -1.8325023,
              53.3478725
            ],
            [
              -1.8324676,
              53.3478773
            ],
            [
              -1.8324373,
              53.3478885
            ],
            [
              -1.8324145,
              53.347905
            ],
            [
              -1.8324018,
              53.3479249
            ],
            [
              -1.8324004,
              53.3479461
            ],
            [
              -1.8324104,
              53.3479666
            ],
            [
              -1.8324309,
              53.347984
            ],
            [
              -1.8324596,
              53.3479967
            ],
            [
              -1.8324936,
              53.3480031
            ],
            [
              -1.8325293,
              53.3480028
            ],
            [
              -1.8325642,
              53.3479953
            ],
            [
              -1.8325928,
              53.3479812
            ],
            [
              -1.8326121,
              53.3479623
            ],
            [
              -1.8326198,
              53.3479407
            ]
          ]
        ]
      },
      "id": "way/1457607614"
    },
    {
      "type": "Feature",
      "properties": {
        "@id": "way/1470105302",
        "alt_name": "Barbrook Three Stone Circle;Barbrook No. 3;Barbrook III Stone Circle",
        "archaeological_site": "megalith",
        "historic": "archaeological_site",
        "historic:civilization": "prehistoric",
        "megalith_type": "stone_circle",
        "name": "Barbrook Three"
      },
      "geometry": {
        "type": "Polygon",
        "coordinates": [
          [
            [
              -1.5764548,
              53.2918604
            ],
            [
              -1.5764872,
              53.2918308
            ],
            [
              -1.5765014,
              53.2917965
            ],
            [
              -1.5764963,
              53.2917624
            ],
            [
              -1.5764732,
              53.2917311
            ],
            [
              -1.5764345,
              53.2917059
            ],
            [
              -1.5763844,
              53.2916894
            ],
            [
              -1.5763281,
              53.2916834
            ],
            [
              -1.5762715,
              53.2916885
            ],
            [
              -1.5762206,
              53.2917041
            ],
            [
              -1.5761808,
              53.2917287
            ],
            [
              -1.5761562,
              53.2917595
            ],
            [
              -1.5761495,
              53.2917935
            ],
            [
              -1.5761613,
              53.291827
            ],
            [
              -1.5761917,
              53.2918573
            ],
            [
              -1.5762372,
              53.2918799
            ],
            [
              -1.5762926,
              53.2918922
            ],
            [
              -1.5763517,
              53.2918929
            ],
            [
              -1.5764079,
              53.2918819
            ],
            [
              -1.5764548,
              53.2918604
            ]
          ]
        ]
      },
      "id": "way/1470105302"
    },
    {
      "type": "Feature",
      "properties": {
        "@id": "way/1476249574",
        "archaeological_site": "fortification",
        "fortification_type": "motte",
        "historic": "archaeological_site",
        "name": "Hope motte"
      },
      "geometry": {
        "type": "Polygon",
        "coordinates": [
          [
            [
              -1.7440008,
              53.3476135
            ],
            [
              -1.744114,
              53.3475312
            ],
            [
              -1.7442344,
              53.3472565
            ],
            [
              -1.7440256,
              53.3471509
            ],
            [
              -1.7436964,
              53.3472671
            ],
            [
              -1.7434168,
              53.3474065
            ],
            [
              -1.7435902,
              53.34766
            ],
            [
              -1.7440008,
              53.3476135
            ]
          ]
        ]
      },
      "id": "way/1476249574"
    },
    {
      "type": "Feature",
      "properties": {
        "@id": "way/1476254662",
        "archaeological_site": "tumulus",
        "historic": "archaeological_site",
        "name": "The Folly"
      },
      "geometry": {
        "type": "Polygon",
        "coordinates": [
          [
            [
              -1.7490079,
              53.3425557
            ],
            [
              -1.7489453,
              53.3425426
            ],
            [
              -1.7488789,
              53.3425425
            ],
            [
              -1.7488162,
              53.3425554
            ],
            [
              -1.7487641,
              53.34258
            ],
            [
              -1.7487294,
              53.3426122
            ],
            [
              -1.7487137,
              53.3426492
            ],
            [
              -1.7487185,
              53.3426874
            ],
            [
              -1.7487434,
              53.3427226
            ],
            [
              -1.7487858,
              53.3427513
            ],
            [
              -1.7488413,
              53.3427704
            ],
            [
              -1.748904,
              53.342778
            ],
            [
              -1.7489676,
              53.3427733
            ],
            [
              -1.7490273,
              53.3427559
            ],
            [
              -1.749074,
              53.3427278
            ],
            [
              -1.7491027,
              53.3426921
            ],
            [
              -1.74911,
              53.3426527
            ],
            [
              -1.7490951,
              53.342614
            ],
            [
              -1.7490598,
              53.3425805
            ],
            [
              -1.7490079,
              53.3425557
            ]
          ]
        ]
      },
      "id": "way/1476254662"
    },
    {
      "type": "Feature",
      "properties": {
        "@id": "way/1519415090",
        "historic": "ruins"
      },
      "geometry": {
        "type": "Polygon",
        "coordinates": [
          [
            [
              -2.052806,
              53.2801205
            ],
            [
              -2.0527535,
              53.2801281
            ],
            [
              -2.0527404,
              53.2800531
            ],
            [
              -2.0526732,
              53.280062
            ],
            [
              -2.0526894,
              53.2802094
            ],
            [
              -2.0528292,
              53.2801984
            ],
            [
              -2.052806,
              53.2801205
            ]
          ]
        ]
      },
      "id": "way/1519415090"
    },
    {
      "type": "Feature",
      "properties": {
        "@id": "way/42207857",
        "highway": "trunk",
        "historic": "roman_road",
        "lanes": "2",
        "maxspeed": "50 mph",
        "maxspeed:type": "sign",
        "name": "Leek Road",
        "ref": "A53",
        "sidewalk": "no",
        "verge": "both"
      },
      "geometry": {
        "type": "LineString",
        "coordinates": [
          [
            -1.9468306,
            53.2282555
          ],
          [
            -1.9468881,
            53.2282096
          ],
          [
            -1.9469793,
            53.2281279
          ],
          [
            -1.9471442,
            53.2279566
          ],
          [
            -1.9477151,
            53.2273434
          ],
          [
            -1.9483366,
            53.2266384
          ],
          [
            -1.9484722,
            53.2264528
          ],
          [
            -1.9486599,
            53.2261664
          ],
          [
            -1.9487887,
            53.2259134
          ],
          [
            -1.9488883,
            53.2256853
          ],
          [
            -1.9489209,
            53.2255821
          ],
          [
            -1.9489338,
            53.225541
          ],
          [
            -1.9489585,
            53.2253887
          ],
          [
            -1.9489906,
            53.2245623
          ],
          [
            -1.9489828,
            53.2242181
          ],
          [
            -1.9489932,
            53.22408
          ],
          [
            -1.9490246,
            53.2238694
          ],
          [
            -1.9490784,
            53.2236411
          ],
          [
            -1.9491812,
            53.2233664
          ],
          [
            -1.9493431,
            53.2229689
          ],
          [
            -1.9495535,
            53.2225105
          ],
          [
            -1.9497763,
            53.222039
          ],
          [
            -1.9500219,
            53.2215957
          ],
          [
            -1.9502094,
            53.2212441
          ],
          [
            -1.9507607,
            53.2202179
          ],
          [
            -1.9513729,
            53.219118
          ],
          [
            -1.951908,
            53.2181756
          ],
          [
            -1.9522938,
            53.2174882
          ],
          [
            -1.9523245,
            53.2174434
          ],
          [
            -1.9525018,
            53.2171804
          ],
          [
            -1.9526841,
            53.2169188
          ],
          [
            -1.9531218,
            53.2163258
          ],
          [
            -1.9534913,
            53.2158243
          ],
          [
            -1.9537169,
            53.2155239
          ],
          [
            -1.9540472,
            53.2150479
          ],
          [
            -1.9546811,
            53.2142108
          ],
          [
            -1.9547394,
            53.2141159
          ],
          [
            -1.955131,
            53.213415
          ]
        ]
      },
      "id": "way/42207857"
    },
    {
      "type": "Feature",
      "properties": {
        "@id": "way/42403076",
        "HE_ref": "1007064; 1335270",
        "bridge": "yes",
        "foot": "permissive",
        "heritage": "yes",
        "highway": "footway",
        "historic": "yes",
        "listed_status": "scheduled monument; Grade II*",
        "name": "Sheepwash Bridge",
        "surface": "asphalt",
        "wikidata": "Q17546093"
      },
      "geometry": {
        "type": "LineString",
        "coordinates": [
          [
            -1.7103907,
            53.2231017
          ],
          [
            -1.7104265,
            53.2233103
          ]
        ]
      },
      "id": "way/42403076"
    },
    {
      "type": "Feature",
      "properties": {
        "@id": "way/54491982",
        "bridge": "yes",
        "bridge:name": "Baslow Bridge",
        "heritage": "2",
        "highway": "unclassified",
        "historic": "bridge",
        "layer": "1",
        "listed_status": "Grade I",
        "maxweightrating:hgv": "7.5",
        "maxweightrating:hgv:conditional": "none @ destination",
        "ref:GB:usrn": "10926497",
        "surface": "asphalt",
        "wikidata": "Q17530713"
      },
      "geometry": {
        "type": "LineString",
        "coordinates": [
          [
            -1.6250138,
            53.2478649
          ],
          [
            -1.6254501,
            53.2476858
          ]
        ]
      },
      "id": "way/54491982"
    },
    {
      "type": "Feature",
      "properties": {
        "@id": "way/76131216",
        "admin_level": "8",
        "boundary": "administrative",
        "historic": "roman_road",
        "source": "OS OpenData BoundaryLine"
      },
      "geometry": {
        "type": "LineString",
        "coordinates": [
          [
            -1.8532563,
            53.2165945
          ],
          [
            -1.8543401,
            53.2175136
          ],
          [
            -1.8551676,
            53.2181627
          ],
          [
            -1.8558815,
            53.2187559
          ],
          [
            -1.8573603,
            53.21992
          ],
          [
            -1.8579579,
            53.2203539
          ],
          [
            -1.8582882,
            53.2205719
          ],
          [
            -1.8587157,
            53.2208259
          ],
          [
            -1.8589951,
            53.221015
          ],
          [
            -1.8590848,
            53.2210816
          ],
          [
            -1.859252,
            53.2212256
          ],
          [
            -1.8596581,
            53.2216171
          ],
          [
            -1.8598508,
            53.2217935
          ],
          [
            -1.8600301,
            53.2219061
          ],
          [
            -1.8606012,
            53.2222213
          ],
          [
            -1.8607538,
            53.2222988
          ],
          [
            -1.8609497,
            53.2223782
          ],
          [
            -1.86143,
            53.2225369
          ],
          [
            -1.8622947,
            53.2228489
          ],
          [
            -1.8629097,
            53.2230312
          ],
          [
            -1.8634574,
            53.2231685
          ],
          [
            -1.8637013,
            53.2232407
          ],
          [
            -1.8638524,
            53.2232948
          ],
          [
            -1.8646752,
            53.2236166
          ],
          [
            -1.8650418,
            53.2237312
          ],
          [
            -1.8652648,
            53.2237935
          ],
          [
            -1.8656045,
            53.2238774
          ],
          [
            -1.8658575,
            53.2239236
          ],
          [
            -1.866871,
            53.2240739
          ],
          [
            -1.8670238,
            53.2240858
          ],
          [
            -1.8675494,
            53.2241088
          ],
          [
            -1.8690097,
            53.2241491
          ],
          [
            -1.8693765,
            53.2241836
          ],
          [
            -1.8695981,
            53.2242153
          ],
          [
            -1.8697703,
            53.2242497
          ],
          [
            -1.869908,
            53.2242849
          ],
          [
            -1.8704796,
            53.2244581
          ],
          [
            -1.8712113,
            53.2246944
          ],
          [
            -1.8712786,
            53.2247277
          ],
          [
            -1.871461,
            53.2248349
          ],
          [
            -1.8720096,
            53.225222
          ],
          [
            -1.8732833,
            53.2260638
          ],
          [
            -1.8742814,
            53.2268197
          ]
        ]
      },
      "id": "way/76131216"
    },
    {
      "type": "Feature",
      "properties": {
        "@id": "way/86821647",
        "bridge": "yes",
        "highway": "trunk",
        "historic": "roman_road",
        "lanes": "2",
        "layer": "1",
        "maxspeed": "50 mph",
        "maxspeed:type": "sign",
        "maxweight:signed": "no",
        "name": "Leek Road",
        "ref": "A53",
        "shoulder": "no"
      },
      "geometry": {
        "type": "LineString",
        "coordinates": [
          [
            -1.9826138,
            53.1427624
          ],
          [
            -1.9828914,
            53.1424926
          ]
        ]
      },
      "id": "way/86821647"
    },
    {
      "type": "Feature",
      "properties": {
        "@id": "way/116803836",
        "HE_ref": "1277276",
        "barrier": "retaining_wall",
        "heritage": "2",
        "heritage:operator": "Historic England",
        "historic": "heritage",
        "listed_status": "Grade II",
        "name": "Revetment Walls",
        "operator": "National Trust",
        "ref:GB:nhle": "1277276",
        "start_date": "C17",
        "website": "https://historicengland.org.uk/listing/the-list/list-entry/1277276"
      },
      "geometry": {
        "type": "LineString",
        "coordinates": [
          [
            -2.0551772,
            53.3383104
          ],
          [
            -2.0557804,
            53.3381871
          ],
          [
            -2.0558193,
            53.3381963
          ],
          [
            -2.0558566,
            53.3381759
          ],
          [
            -2.0558674,
            53.3381444
          ],
          [
            -2.0558426,
            53.3381398
          ],
          [
            -2.0558472,
            53.3381073
          ],
          [
            -2.0558457,
            53.3380516
          ],
          [
            -2.0558317,
            53.3380164
          ],
          [
            -2.0558581,
            53.3380062
          ],
          [
            -2.0558395,
            53.3379793
          ],
          [
            -2.0557944,
            53.3379635
          ],
          [
            -2.0557649,
            53.3379737
          ],
          [
            -2.0555366,
            53.3379459
          ],
          [
            -2.0552523,
            53.3379209
          ],
          [
            -2.0551929,
            53.337308
          ]
        ]
      },
      "id": "way/116803836"
    },
    {
      "type": "Feature",
      "properties": {
        "@id": "way/134120847",
        "bicycle": "no",
        "bridge": "yes",
        "foot": "designated",
        "handrail": "no",
        "heritage": "yes",
        "highway": "footway",
        "historic": "bridge",
        "horse": "no",
        "lit": "no",
        "motor_vehicle": "no",
        "name": "Packhorse Bridge",
        "source": "local_knowlwdge",
        "surface": "stone",
        "wikidata": "Q26546702"
      },
      "geometry": {
        "type": "LineString",
        "coordinates": [
          [
            -1.6060009,
            53.329123
          ],
          [
            -1.6058363,
            53.3291138
          ]
        ]
      },
      "id": "way/134120847"
    },
    {
      "type": "Feature",
      "properties": {
        "@id": "way/199839372",
        "historic": "track",
        "note": "Old Quarry Track",
        "source": "Local_Knowledge"
      },
      "geometry": {
        "type": "LineString",
        "coordinates": [
          [
            -1.5700907,
            53.3518863
          ],
          [
            -1.5702409,
            53.3517582
          ],
          [
            -1.5705842,
            53.3515917
          ],
          [
            -1.5708524,
            53.3514188
          ],
          [
            -1.5712601,
            53.3511947
          ],
          [
            -1.5716571,
            53.3509193
          ],
          [
            -1.5721286,
            53.3508972
          ],
          [
            -1.5726973,
            53.350878
          ],
          [
            -1.5751225,
            53.3505927
          ],
          [
            -1.5757019,
            53.3505735
          ],
          [
            -1.5762383,
            53.3506439
          ],
          [
            -1.5770966,
            53.3505991
          ],
          [
            -1.5777028,
            53.3505438
          ],
          [
            -1.5796501,
            53.3505863
          ],
          [
            -1.5821499,
            53.3510794
          ],
          [
            -1.5822874,
            53.3510873
          ],
          [
            -1.5835517,
            53.3512993
          ]
        ]
      },
      "id": "way/199839372"
    },
    {
      "type": "Feature",
      "properties": {
        "@id": "way/202139626",
        "historic": "track",
        "note": "Old Quarry Track"
      },
      "geometry": {
        "type": "LineString",
        "coordinates": [
          [
            -1.5796501,
            53.3505863
          ],
          [
            -1.580494,
            53.3506012
          ],
          [
            -1.5806979,
            53.3505916
          ],
          [
            -1.5811807,
            53.350534
          ],
          [
            -1.5816474,
            53.350518
          ],
          [
            -1.5821945,
            53.3504795
          ],
          [
            -1.5826827,
            53.3504123
          ],
          [
            -1.5831011,
            53.3503867
          ],
          [
            -1.5835249,
            53.3504219
          ]
        ]
      },
      "id": "way/202139626"
    },
    {
      "type": "Feature",
      "properties": {
        "@id": "way/291002911",
        "highway": "trunk",
        "historic": "roman_road",
        "maxspeed": "60 mph",
        "maxspeed:type": "GB:nsl_single",
        "name": "Leek Road",
        "ref": "A53",
        "sidewalk": "no"
      },
      "geometry": {
        "type": "LineString",
        "coordinates": [
          [
            -1.9569031,
            53.1985596
          ],
          [
            -1.9568756,
            53.1984533
          ]
        ]
      },
      "id": "way/291002911"
    },
    {
      "type": "Feature",
      "properties": {
        "@id": "way/291002914",
        "highway": "trunk",
        "historic": "roman_road",
        "maxspeed": "60 mph",
        "maxspeed:type": "GB:nsl_single",
        "name": "Leek Road",
        "ref": "A53",
        "sidewalk": "no"
      },
      "geometry": {
        "type": "LineString",
        "coordinates": [
          [
            -1.9568756,
            53.1984533
          ],
          [
            -1.956743,
            53.1978994
          ],
          [
            -1.9566799,
            53.1974221
          ],
          [
            -1.9566656,
            53.1971251
          ],
          [
            -1.9566509,
            53.1967849
          ],
          [
            -1.9566787,
            53.1965539
          ],
          [
            -1.9567546,
            53.1962905
          ],
          [
            -1.9571,
            53.1951532
          ],
          [
            -1.9571937,
            53.1944847
          ],
          [
            -1.9571977,
            53.1940989
          ],
          [
            -1.95715,
            53.1937068
          ],
          [
            -1.9570946,
            53.1934176
          ],
          [
            -1.9570409,
            53.1932478
          ],
          [
            -1.9567891,
            53.1926049
          ],
          [
            -1.9562866,
            53.1913618
          ],
          [
            -1.9561608,
            53.1910482
          ],
          [
            -1.9555924,
            53.1895879
          ],
          [
            -1.9552552,
            53.1887894
          ],
          [
            -1.9550799,
            53.1883562
          ],
          [
            -1.9548943,
            53.1877714
          ],
          [
            -1.9546077,
            53.1868834
          ],
          [
            -1.9545935,
            53.1868426
          ],
          [
            -1.9544113,
            53.186278
          ],
          [
            -1.9543864,
            53.1861997
          ],
          [
            -1.9543391,
            53.1860139
          ],
          [
            -1.9542878,
            53.185809
          ],
          [
            -1.9542583,
            53.1856504
          ],
          [
            -1.9542314,
            53.1854264
          ],
          [
            -1.954234,
            53.1852426
          ]
        ]
      },
      "id": "way/291002914"
    },
    {
      "type": "Feature",
      "properties": {
        "@id": "way/324560235",
        "highway": "trunk",
        "historic": "roman_road",
        "lanes": "2",
        "maxspeed": "60 mph",
        "maxspeed:type": "GB:nsl_single",
        "name": "Leek Road",
        "ref": "A53",
        "sidewalk": "no"
      },
      "geometry": {
        "type": "LineString",
        "coordinates": [
          [
            -1.9539051,
            53.2080425
          ],
          [
            -1.9538587,
            53.207994
          ],
          [
            -1.9537707,
            53.207873
          ],
          [
            -1.9537138,
            53.2077358
          ],
          [
            -1.9537018,
            53.2076701
          ],
          [
            -1.9537087,
            53.2075783
          ],
          [
            -1.9537829,
            53.2074047
          ],
          [
            -1.953906,
            53.2072539
          ],
          [
            -1.9544743,
            53.2067142
          ],
          [
            -1.9550865,
            53.2061425
          ],
          [
            -1.9555906,
            53.2056635
          ],
          [
            -1.9559288,
            53.2053472
          ],
          [
            -1.9562077,
            53.2049945
          ],
          [
            -1.9563262,
            53.204679
          ],
          [
            -1.9563438,
            53.2046245
          ],
          [
            -1.9564053,
            53.2044337
          ],
          [
            -1.9568678,
            53.2025832
          ],
          [
            -1.9574334,
            53.2006919
          ],
          [
            -1.9574496,
            53.2004832
          ],
          [
            -1.957407,
            53.2002082
          ],
          [
            -1.9573386,
            53.1999739
          ],
          [
            -1.9570341,
            53.198954
          ],
          [
            -1.9569188,
            53.1985965
          ],
          [
            -1.9569031,
            53.1985596
          ]
        ]
      },
      "id": "way/324560235"
    },
    {
      "type": "Feature",
      "properties": {
        "@id": "way/324560236",
        "highway": "trunk",
        "historic": "roman_road",
        "maxspeed": "60 mph",
        "maxspeed:type": "GB:nsl_single",
        "name": "Leek Road",
        "ref": "A53",
        "sidewalk": "left"
      },
      "geometry": {
        "type": "LineString",
        "coordinates": [
          [
            -1.9543799,
            53.2084069
          ],
          [
            -1.9540557,
            53.2081598
          ],
          [
            -1.9539051,
            53.2080425
          ]
        ]
      },
      "id": "way/324560236"
    },
    {
      "type": "Feature",
      "properties": {
        "@id": "way/435033662",
        "barrier": "wall",
        "historic": "ruins",
        "source": "survey;bing"
      },
      "geometry": {
        "type": "LineString",
        "coordinates": [
          [
            -1.6130915,
            53.3295171
          ],
          [
            -1.6130366,
            53.3295211
          ],
          [
            -1.6130151,
            53.3295219
          ],
          [
            -1.6130084,
            53.329558
          ]
        ]
      },
      "id": "way/435033662"
    },
    {
      "type": "Feature",
      "properties": {
        "@id": "way/435033665",
        "barrier": "wall",
        "historic": "ruins",
        "source": "survey;bing"
      },
      "geometry": {
        "type": "LineString",
        "coordinates": [
          [
            -1.6129682,
            53.3295491
          ],
          [
            -1.6129534,
            53.3295163
          ],
          [
            -1.6129333,
            53.3295059
          ],
          [
            -1.6129091,
            53.3294915
          ],
          [
            -1.6128857,
            53.3294815
          ]
        ]
      },
      "id": "way/435033665"
    },
    {
      "type": "Feature",
      "properties": {
        "@id": "way/480937212",
        "historic": "roman_road",
        "name": "RR712",
        "@relations": [
          {
            "role": "",
            "rel": 7067453,
            "reltags": {
              "historic": "roman_road",
              "historic:civilization": "ancient_roman",
              "name": "Watling Street Iter II",
              "route": "historic",
              "source": "OS_OpenData_StreetView",
              "type": "route"
            }
          }
        ]
      },
      "geometry": {
        "type": "LineString",
        "coordinates": [
          [
            -1.9998386,
            53.5841445
          ],
          [
            -1.999161,
            53.5845026
          ],
          [
            -1.9987666,
            53.584773
          ],
          [
            -1.9982469,
            53.5850664
          ],
          [
            -1.9901325,
            53.5877764
          ],
          [
            -1.9883589,
            53.5884712
          ],
          [
            -1.9878375,
            53.588547
          ],
          [
            -1.9871689,
            53.5885594
          ],
          [
            -1.9801228,
            53.5879476
          ],
          [
            -1.9777229,
            53.5878656
          ],
          [
            -1.9751789,
            53.5877732
          ],
          [
            -1.9730076,
            53.5876072
          ],
          [
            -1.9698874,
            53.5875555
          ],
          [
            -1.9653068,
            53.5875236
          ],
          [
            -1.9626466,
            53.5873467
          ],
          [
            -1.9598817,
            53.587331
          ]
        ]
      },
      "id": "way/480937212"
    },
    {
      "type": "Feature",
      "properties": {
        "@id": "way/540186436",
        "highway": "trunk",
        "historic": "roman_road",
        "lanes": "2",
        "maxspeed": "50 mph",
        "maxspeed:type": "sign",
        "name": "Leek Road",
        "ref": "A53",
        "shoulder": "no",
        "sidewalk": "no"
      },
      "geometry": {
        "type": "LineString",
        "coordinates": [
          [
            -1.981897,
            53.1435268
          ],
          [
            -1.9825294,
            53.1428625
          ]
        ]
      },
      "id": "way/540186436"
    },
    {
      "type": "Feature",
      "properties": {
        "@id": "way/540186437",
        "highway": "trunk",
        "historic": "roman_road",
        "lit": "no",
        "maxspeed": "60 mph",
        "maxspeed:type": "GB:nsl_single",
        "name": "Leek Road",
        "ref": "A53",
        "sidewalk": "no"
      },
      "geometry": {
        "type": "LineString",
        "coordinates": [
          [
            -1.955131,
            53.213415
          ],
          [
            -1.9555483,
            53.2126312
          ],
          [
            -1.9556264,
            53.2123991
          ],
          [
            -1.955678,
            53.2121629
          ],
          [
            -1.9556957,
            53.2118945
          ],
          [
            -1.9557227,
            53.211485
          ],
          [
            -1.9556956,
            53.2109472
          ],
          [
            -1.9556051,
            53.2104143
          ],
          [
            -1.9555069,
            53.2100945
          ],
          [
            -1.9554209,
            53.2098197
          ],
          [
            -1.9552831,
            53.2094873
          ],
          [
            -1.9551473,
            53.2092574
          ],
          [
            -1.9549503,
            53.2089601
          ],
          [
            -1.9546797,
            53.2086479
          ],
          [
            -1.9543799,
            53.2084069
          ]
        ]
      },
      "id": "way/540186437"
    },
    {
      "type": "Feature",
      "properties": {
        "@id": "way/555652758",
        "highway": "trunk",
        "historic": "roman_road",
        "maxspeed": "60 mph",
        "maxspeed:type": "GB:nsl_single",
        "name": "Leek Road",
        "ref": "A53",
        "sidewalk": "no",
        "verge": "both"
      },
      "geometry": {
        "type": "LineString",
        "coordinates": [
          [
            -1.954234,
            53.1852426
          ],
          [
            -1.9542408,
            53.1850495
          ],
          [
            -1.9542644,
            53.1848515
          ],
          [
            -1.9543287,
            53.1845432
          ],
          [
            -1.9543939,
            53.1842254
          ],
          [
            -1.9544082,
            53.1841673
          ],
          [
            -1.9545159,
            53.1837356
          ],
          [
            -1.9546647,
            53.1830668
          ],
          [
            -1.9547053,
            53.1829142
          ],
          [
            -1.9547791,
            53.1827532
          ],
          [
            -1.9548965,
            53.1825721
          ],
          [
            -1.9552042,
            53.1821746
          ],
          [
            -1.9560618,
            53.1811294
          ],
          [
            -1.9563402,
            53.1808154
          ],
          [
            -1.9567396,
            53.1804061
          ],
          [
            -1.9573038,
            53.1798227
          ],
          [
            -1.9578462,
            53.1792573
          ],
          [
            -1.9579968,
            53.1790828
          ],
          [
            -1.9581969,
            53.1788325
          ],
          [
            -1.9591201,
            53.1775161
          ],
          [
            -1.9593365,
            53.1771696
          ],
          [
            -1.9596536,
            53.1766155
          ],
          [
            -1.9598655,
            53.1762264
          ],
          [
            -1.9601888,
            53.1756411
          ],
          [
            -1.960516,
            53.1750462
          ],
          [
            -1.9614285,
            53.1734057
          ]
        ]
      },
      "id": "way/555652758"
    },
    {
      "type": "Feature",
      "properties": {
        "@id": "way/555657324",
        "historic": "roman_road"
      },
      "geometry": {
        "type": "LineString",
        "coordinates": [
          [
            -1.954234,
            53.1852426
          ],
          [
            -1.9488278,
            53.1933478
          ],
          [
            -1.9445878,
            53.1997036
          ],
          [
            -1.9445019,
            53.2000378
          ],
          [
            -1.9440513,
            53.2004106
          ],
          [
            -1.9438507,
            53.2007505
          ],
          [
            -1.9438582,
            53.2010275
          ]
        ]
      },
      "id": "way/555657324"
    },
    {
      "type": "Feature",
      "properties": {
        "@id": "way/555657325",
        "historic": "roman_road"
      },
      "geometry": {
        "type": "LineString",
        "coordinates": [
          [
            -1.9425203,
            53.2031155
          ],
          [
            -1.9422199,
            53.2032312
          ],
          [
            -1.9380432,
            53.2094842
          ],
          [
            -1.9369199,
            53.2103246
          ]
        ]
      },
      "id": "way/555657325"
    },
    {
      "type": "Feature",
      "properties": {
        "@id": "way/618037134",
        "highway": "trunk",
        "historic": "roman_road",
        "maxspeed": "60 mph",
        "maxspeed:type": "GB:nsl_single",
        "name": "Leek Road",
        "ref": "A53",
        "sidewalk": "no"
      },
      "geometry": {
        "type": "LineString",
        "coordinates": [
          [
            -1.9614285,
            53.1734057
          ],
          [
            -1.9624394,
            53.17159
          ],
          [
            -1.9625587,
            53.1713635
          ],
          [
            -1.9626962,
            53.1711117
          ],
          [
            -1.9628297,
            53.1708672
          ],
          [
            -1.9632641,
            53.1700715
          ],
          [
            -1.9633499,
            53.1699144
          ],
          [
            -1.9634257,
            53.1697819
          ],
          [
            -1.963961,
            53.1688468
          ],
          [
            -1.9642819,
            53.1683063
          ],
          [
            -1.9645739,
            53.1677783
          ],
          [
            -1.9649112,
            53.1671689
          ],
          [
            -1.9652526,
            53.1666193
          ],
          [
            -1.9653761,
            53.1664031
          ],
          [
            -1.9654318,
            53.1662965
          ],
          [
            -1.9655176,
            53.1661325
          ],
          [
            -1.9657032,
            53.1657342
          ],
          [
            -1.9658321,
            53.1654132
          ],
          [
            -1.965984,
            53.1650645
          ],
          [
            -1.9661003,
            53.1648654
          ],
          [
            -1.9663452,
            53.1644861
          ],
          [
            -1.9665201,
            53.164209
          ],
          [
            -1.9668034,
            53.1637145
          ],
          [
            -1.9671658,
            53.1630577
          ],
          [
            -1.9673524,
            53.1627409
          ],
          [
            -1.9676509,
            53.1621996
          ],
          [
            -1.9678837,
            53.1618087
          ],
          [
            -1.9681806,
            53.1612822
          ],
          [
            -1.9683282,
            53.161012
          ],
          [
            -1.9694763,
            53.1590282
          ],
          [
            -1.9698195,
            53.1584269
          ],
          [
            -1.9699638,
            53.1582004
          ],
          [
            -1.9700959,
            53.1580215
          ],
          [
            -1.970215,
            53.1578469
          ],
          [
            -1.9704016,
            53.1576127
          ],
          [
            -1.970541,
            53.1574322
          ],
          [
            -1.9707526,
            53.1571587
          ],
          [
            -1.9713387,
            53.1564237
          ],
          [
            -1.9719188,
            53.1557057
          ],
          [
            -1.9722512,
            53.1552849
          ],
          [
            -1.9725954,
            53.1548541
          ],
          [
            -1.9728953,
            53.1544792
          ],
          [
            -1.9729784,
            53.1543745
          ],
          [
            -1.9732522,
            53.1540561
          ],
          [
            -1.9737447,
            53.1534691
          ],
          [
            -1.9740661,
            53.1530598
          ],
          [
            -1.9742988,
            53.1527008
          ],
          [
            -1.9743086,
            53.1526759
          ],
          [
            -1.9743354,
            53.1525746
          ],
          [
            -1.9744687,
            53.1518114
          ],
          [
            -1.9745527,
            53.1515606
          ],
          [
            -1.9746117,
            53.1513776
          ],
          [
            -1.9748059,
            53.1509511
          ],
          [
            -1.9749582,
            53.1506891
          ],
          [
            -1.9751339,
            53.1504306
          ],
          [
            -1.9759729,
            53.1493763
          ],
          [
            -1.976578,
            53.148656
          ],
          [
            -1.9768995,
            53.1483064
          ],
          [
            -1.9772438,
            53.1479875
          ],
          [
            -1.9775924,
            53.1476841
          ],
          [
            -1.9788036,
            53.1468996
          ],
          [
            -1.9794518,
            53.1464237
          ],
          [
            -1.9797764,
            53.146153
          ],
          [
            -1.9799832,
            53.1459741
          ],
          [
            -1.9802331,
            53.1457365
          ],
          [
            -1.9804888,
            53.1454751
          ],
          [
            -1.9807267,
            53.1451977
          ],
          [
            -1.980942,
            53.1449266
          ],
          [
            -1.9811435,
            53.14465
          ],
          [
            -1.9815243,
            53.1440724
          ],
          [
            -1.981558,
            53.1440194
          ],
          [
            -1.9817458,
            53.1437395
          ],
          [
            -1.981897,
            53.1435268
          ]
        ]
      },
      "id": "way/618037134"
    },
    {
      "type": "Feature",
      "properties": {
        "@id": "way/974382348",
        "barrier": "retaining_wall",
        "height": "2",
        "heritage": "2",
        "heritage:operator": "Historic England",
        "historic": "heritage",
        "listed_status": "Grade II",
        "material": "stone",
        "name": "Terrace wall and steps in front of the Orangery",
        "operator": "National Trust",
        "ref:GB:nhle": "1231934",
        "start_date": "c1815",
        "website": "https://historicengland.org.uk/listing/the-list/list-entry/1231934"
      },
      "geometry": {
        "type": "LineString",
        "coordinates": [
          [
            -2.0542288,
            53.338034
          ],
          [
            -2.0537126,
            53.3380561
          ],
          [
            -2.0532364,
            53.3380765
          ]
        ]
      },
      "id": "way/974382348"
    },
    {
      "type": "Feature",
      "properties": {
        "@id": "way/1021221843",
        "highway": "trunk",
        "historic": "roman_road",
        "lanes": "2",
        "maxspeed": "50 mph",
        "maxspeed:type": "sign",
        "name": "Leek Road",
        "ref": "A53",
        "shoulder": "no",
        "sidewalk": "no"
      },
      "geometry": {
        "type": "LineString",
        "coordinates": [
          [
            -1.9825294,
            53.1428625
          ],
          [
            -1.9826138,
            53.1427624
          ]
        ]
      },
      "id": "way/1021221843"
    },
    {
      "type": "Feature",
      "properties": {
        "@id": "way/1088631765",
        "historic": "ruins",
        "ruins": "wall"
      },
      "geometry": {
        "type": "LineString",
        "coordinates": [
          [
            -1.7940712,
            53.4959481
          ],
          [
            -1.7940556,
            53.4958664
          ]
        ]
      },
      "id": "way/1088631765"
    },
    {
      "type": "Feature",
      "properties": {
        "@id": "way/1098806046",
        "historic": "earthworks"
      },
      "geometry": {
        "type": "LineString",
        "coordinates": [
          [
            -1.8135165,
            53.2566978
          ],
          [
            -1.8129281,
            53.2566461
          ],
          [
            -1.8126245,
            53.2565679
          ],
          [
            -1.8125895,
            53.256547
          ],
          [
            -1.8125872,
            53.2565246
          ],
          [
            -1.8126526,
            53.2564604
          ],
          [
            -1.8126508,
            53.2563961
          ],
          [
            -1.8126502,
            53.2563751
          ],
          [
            -1.8126596,
            53.2562983
          ],
          [
            -1.8126923,
            53.2561502
          ],
          [
            -1.8126829,
            53.2561321
          ],
          [
            -1.8125802,
            53.2561195
          ],
          [
            -1.8125008,
            53.2561167
          ],
          [
            -1.8124821,
            53.2560986
          ],
          [
            -1.8124261,
            53.2560301
          ],
          [
            -1.812363,
            53.255977
          ],
          [
            -1.8121996,
            53.2559044
          ],
          [
            -1.8121832,
            53.255903
          ],
          [
            -1.8121529,
            53.2559267
          ]
        ]
      },
      "id": "way/1098806046"
    },
    {
      "type": "Feature",
      "properties": {
        "@id": "way/1098806047",
        "historic": "earthworks"
      },
      "geometry": {
        "type": "LineString",
        "coordinates": [
          [
            -1.8130192,
            53.2564604
          ],
          [
            -1.8127903,
            53.2564059
          ],
          [
            -1.8126508,
            53.2563961
          ]
        ]
      },
      "id": "way/1098806047"
    },
    {
      "type": "Feature",
      "properties": {
        "@id": "way/1098806048",
        "historic": "earthworks"
      },
      "geometry": {
        "type": "LineString",
        "coordinates": [
          [
            -1.812377,
            53.2566503
          ],
          [
            -1.8124377,
            53.256519
          ],
          [
            -1.8124611,
            53.2564324
          ],
          [
            -1.8124564,
            53.2563416
          ],
          [
            -1.8125638,
            53.2562215
          ]
        ]
      },
      "id": "way/1098806048"
    },
    {
      "type": "Feature",
      "properties": {
        "@id": "way/1098806049",
        "historic": "earthworks"
      },
      "geometry": {
        "type": "LineString",
        "coordinates": [
          [
            -1.8125872,
            53.2565246
          ],
          [
            -1.8125078,
            53.256526
          ],
          [
            -1.8124377,
            53.256519
          ]
        ]
      },
      "id": "way/1098806049"
    },
    {
      "type": "Feature",
      "properties": {
        "@id": "way/1098806050",
        "historic": "earthworks"
      },
      "geometry": {
        "type": "LineString",
        "coordinates": [
          [
            -1.8120151,
            53.2558415
          ],
          [
            -1.8120198,
            53.2556627
          ],
          [
            -1.811868,
            53.2556446
          ]
        ]
      },
      "id": "way/1098806050"
    },
    {
      "type": "Feature",
      "properties": {
        "@id": "way/1098806051",
        "historic": "earthworks"
      },
      "geometry": {
        "type": "LineString",
        "coordinates": [
          [
            -1.8113216,
            53.2560371
          ],
          [
            -1.8113303,
            53.2559699
          ],
          [
            -1.8113523,
            53.2557995
          ],
          [
            -1.8113683,
            53.2556753
          ]
        ]
      },
      "id": "way/1098806051"
    },
    {
      "type": "Feature",
      "properties": {
        "@id": "way/1098806052",
        "historic": "earthworks"
      },
      "geometry": {
        "type": "LineString",
        "coordinates": [
          [
            -1.8115458,
            53.2561656
          ],
          [
            -1.8114026,
            53.2560835
          ],
          [
            -1.8113216,
            53.2560371
          ],
          [
            -1.8109363,
            53.256005
          ],
          [
            -1.810885,
            53.255998
          ],
          [
            -1.8108639,
            53.2559812
          ],
          [
            -1.8108523,
            53.2559547
          ]
        ]
      },
      "id": "way/1098806052"
    },
    {
      "type": "Feature",
      "properties": {
        "@id": "way/1098806053",
        "historic": "earthworks"
      },
      "geometry": {
        "type": "LineString",
        "coordinates": [
          [
            -1.8114026,
            53.2560835
          ],
          [
            -1.8113356,
            53.2561656
          ],
          [
            -1.8113216,
            53.2561977
          ],
          [
            -1.811345,
            53.2562201
          ],
          [
            -1.8114664,
            53.2562704
          ],
          [
            -1.8116462,
            53.2561894
          ],
          [
            -1.8117559,
            53.2561447
          ]
        ]
      },
      "id": "way/1098806053"
    },
    {
      "type": "Feature",
      "properties": {
        "@id": "way/1098806054",
        "historic": "earthworks"
      },
      "geometry": {
        "type": "LineString",
        "coordinates": [
          [
            -1.8119474,
            53.2560664
          ],
          [
            -1.811924,
            53.256079
          ],
          [
            -1.8115434,
            53.2560902
          ]
        ]
      },
      "id": "way/1098806054"
    },
    {
      "type": "Feature",
      "properties": {
        "@id": "way/1098806055",
        "historic": "earthworks"
      },
      "geometry": {
        "type": "LineString",
        "coordinates": [
          [
            -1.8113303,
            53.2559699
          ],
          [
            -1.8114897,
            53.2559952
          ],
          [
            -1.8116415,
            53.2559924
          ],
          [
            -1.8116695,
            53.25591
          ],
          [
            -1.8116789,
            53.2558122
          ],
          [
            -1.8115411,
            53.2557996
          ],
          [
            -1.8113523,
            53.2557995
          ]
        ]
      },
      "id": "way/1098806055"
    },
    {
      "type": "Feature",
      "properties": {
        "@id": "way/1098806056",
        "historic": "earthworks"
      },
      "geometry": {
        "type": "LineString",
        "coordinates": [
          [
            -1.8136122,
            53.2563961
          ],
          [
            -1.8131406,
            53.2564045
          ],
          [
            -1.8127693,
            53.2563081
          ]
        ]
      },
      "id": "way/1098806056"
    },
    {
      "type": "Feature",
      "properties": {
        "@id": "way/1098806057",
        "historic": "earthworks"
      },
      "geometry": {
        "type": "LineString",
        "coordinates": [
          [
            -1.8131406,
            53.2564045
          ],
          [
            -1.813311,
            53.25616
          ]
        ]
      },
      "id": "way/1098806057"
    },
    {
      "type": "Feature",
      "properties": {
        "@id": "way/1098806058",
        "historic": "earthworks"
      },
      "geometry": {
        "type": "LineString",
        "coordinates": [
          [
            -1.8131406,
            53.2564045
          ],
          [
            -1.8130729,
            53.2562578
          ],
          [
            -1.8130425,
            53.2562075
          ],
          [
            -1.8129984,
            53.256175
          ],
          [
            -1.8129818,
            53.2561628
          ],
          [
            -1.8129472,
            53.2561525
          ],
          [
            -1.8128884,
            53.2561349
          ],
          [
            -1.8127576,
            53.2561083
          ]
        ]
      },
      "id": "way/1098806058"
    },
    {
      "type": "Feature",
      "properties": {
        "@id": "way/1098806059",
        "historic": "earthworks"
      },
      "geometry": {
        "type": "LineString",
        "coordinates": [
          [
            -1.812314,
            53.2563542
          ],
          [
            -1.8122463,
            53.2563081
          ],
          [
            -1.8122229,
            53.2562704
          ],
          [
            -1.8122229,
            53.2562117
          ],
          [
            -1.8122159,
            53.2561349
          ],
          [
            -1.8121949,
            53.2561014
          ],
          [
            -1.8121622,
            53.2560888
          ],
          [
            -1.8121272,
            53.2560902
          ],
          [
            -1.8120758,
            53.2561069
          ]
        ]
      },
      "id": "way/1098806059"
    },
    {
      "type": "Feature",
      "properties": {
        "@id": "way/1098806060",
        "historic": "earthworks"
      },
      "geometry": {
        "type": "LineString",
        "coordinates": [
          [
            -1.8118003,
            53.2565917
          ],
          [
            -1.8119287,
            53.2565358
          ],
          [
            -1.8120314,
            53.2565023
          ],
          [
            -1.8120723,
            53.2564974
          ],
          [
            -1.8121015,
            53.2564939
          ],
          [
            -1.8121505,
            53.2564869
          ],
          [
            -1.8121715,
            53.256459
          ],
          [
            -1.8121715,
            53.2564324
          ],
          [
            -1.8121038,
            53.2563933
          ],
          [
            -1.8120618,
            53.2563807
          ]
        ]
      },
      "id": "way/1098806060"
    },
    {
      "type": "Feature",
      "properties": {
        "@id": "way/1098806061",
        "historic": "earthworks"
      },
      "geometry": {
        "type": "LineString",
        "coordinates": [
          [
            -1.8120723,
            53.2564974
          ],
          [
            -1.8118843,
            53.2563947
          ],
          [
            -1.8118446,
            53.2563835
          ],
          [
            -1.8117676,
            53.256445
          ],
          [
            -1.8116789,
            53.2564953
          ],
          [
            -1.8116765,
            53.2565246
          ],
          [
            -1.8118003,
            53.2565917
          ]
        ]
      },
      "id": "way/1098806061"
    },
    {
      "type": "Feature",
      "properties": {
        "@id": "way/1098806062",
        "historic": "earthworks"
      },
      "geometry": {
        "type": "LineString",
        "coordinates": [
          [
            -1.8121272,
            53.2562159
          ],
          [
            -1.8121015,
            53.2562592
          ],
          [
            -1.8120455,
            53.2563346
          ],
          [
            -1.8119497,
            53.2563109
          ],
          [
            -1.811903,
            53.2562774
          ],
          [
            -1.8118587,
            53.2562271
          ],
          [
            -1.8118423,
            53.2561991
          ],
          [
            -1.8118657,
            53.2561656
          ],
          [
            -1.8119077,
            53.2561572
          ],
          [
            -1.8119824,
            53.2561642
          ],
          [
            -1.8120058,
            53.2561768
          ],
          [
            -1.8119964,
            53.2562145
          ],
          [
            -1.8119567,
            53.2562215
          ],
          [
            -1.8118587,
            53.2562271
          ]
        ]
      },
      "id": "way/1098806062"
    },
    {
      "type": "Feature",
      "properties": {
        "@id": "way/1098806063",
        "historic": "earthworks"
      },
      "geometry": {
        "type": "LineString",
        "coordinates": [
          [
            -1.8129984,
            53.256175
          ],
          [
            -1.8130518,
            53.256167
          ],
          [
            -1.8130752,
            53.2561363
          ],
          [
            -1.8130565,
            53.2561055
          ],
          [
            -1.8130028,
            53.256086
          ],
          [
            -1.8129631,
            53.256086
          ],
          [
            -1.8129421,
            53.2560986
          ],
          [
            -1.8129398,
            53.2561181
          ],
          [
            -1.8129472,
            53.2561525
          ]
        ]
      },
      "id": "way/1098806063"
    },
    {
      "type": "Feature",
      "properties": {
        "@id": "way/1106591469",
        "embankment": "yes",
        "historic": "yes",
        "name": "Grey Ditch",
        "wikidata": "Q109592017",
        "wikipedia": "en:Grey Ditch"
      },
      "geometry": {
        "type": "LineString",
        "coordinates": [
          [
            -1.7332048,
            53.3297635
          ],
          [
            -1.7342685,
            53.3301312
          ],
          [
            -1.7374001,
            53.3311209
          ]
        ]
      },
      "id": "way/1106591469"
    },
    {
      "type": "Feature",
      "properties": {
        "@id": "way/1106633618",
        "embankment": "yes",
        "historic": "yes",
        "name": "Grey Ditch",
        "wikidata": "Q109592017",
        "wikipedia": "en:Grey Ditch"
      },
      "geometry": {
        "type": "LineString",
        "coordinates": [
          [
            -1.7285721,
            53.3280155
          ],
          [
            -1.7272797,
            53.3277164
          ]
        ]
      },
      "id": "way/1106633618"
    },
    {
      "type": "Feature",
      "properties": {
        "@id": "way/1106633619",
        "embankment": "yes",
        "historic": "yes",
        "name": "Grey Ditch",
        "wikidata": "Q109592017",
        "wikipedia": "en:Grey Ditch"
      },
      "geometry": {
        "type": "LineString",
        "coordinates": [
          [
            -1.7269919,
            53.327694
          ],
          [
            -1.7266727,
            53.3276258
          ]
        ]
      },
      "id": "way/1106633619"
    },
    {
      "type": "Feature",
      "properties": {
        "@id": "way/1316166548",
        "historic": "yes",
        "note": "This is the flue from a lead smelter - I think. It must predate the gardens. There is no sign of the smelter building at the end."
      },
      "geometry": {
        "type": "LineString",
        "coordinates": [
          [
            -1.606346,
            53.2241978
          ],
          [
            -1.6059306,
            53.2243003
          ]
        ]
      },
      "id": "way/1316166548"
    },
    {
      "type": "Feature",
      "properties": {
        "@id": "way/1410030966",
        "barrier": "wall",
        "historic": "ruins",
        "note": "Looks to be winch mechanism for tramway to East."
      },
      "geometry": {
        "type": "LineString",
        "coordinates": [
          [
            -1.9445137,
            53.35097
          ],
          [
            -1.944459,
            53.3509704
          ]
        ]
      },
      "id": "way/1410030966"
    },
    {
      "type": "Feature",
      "properties": {
        "@id": "way/1410030967",
        "barrier": "wall",
        "historic": "ruins",
        "note": "Looks to be winch mechanism for tramway to East."
      },
      "geometry": {
        "type": "LineString",
        "coordinates": [
          [
            -1.9445164,
            53.3509948
          ],
          [
            -1.9444567,
            53.350995
          ]
        ]
      },
      "id": "way/1410030967"
    },
    {
      "type": "Feature",
      "properties": {
        "@id": "way/1414333130",
        "fixme": "Is this the correct routing that the tunnel takes?",
        "historic": "railway_tunnel",
        "layer": "-1",
        "name": "Coal Tunnel",
        "railway": "abandoned",
        "tunnel": "yes"
      },
      "geometry": {
        "type": "LineString",
        "coordinates": [
          [
            -1.6087371,
            53.2249568
          ],
          [
            -1.6088629,
            53.2249223
          ],
          [
            -1.6089353,
            53.2248824
          ],
          [
            -1.6089899,
            53.2248383
          ],
          [
            -1.6090335,
            53.2247895
          ],
          [
            -1.6090673,
            53.2247372
          ],
          [
            -1.6090828,
            53.2246951
          ],
          [
            -1.6090864,
            53.2244081
          ]
        ]
      },
      "id": "way/1414333130"
    },
    {
      "type": "Feature",
      "properties": {
        "@id": "way/1414333134",
        "bicycle": "no",
        "foot": "designated",
        "highway": "footway",
        "historic": "railway_tunnel",
        "layer": "-1",
        "lit": "yes",
        "name": "Coal Tunnel",
        "oneway": "yes",
        "railway": "abandoned",
        "tunnel": "yes"
      },
      "geometry": {
        "type": "LineString",
        "coordinates": [
          [
            -1.6081568,
            53.2249495
          ],
          [
            -1.6087371,
            53.2249568
          ]
        ]
      },
      "id": "way/1414333134"
    },
    {
      "type": "Feature",
      "properties": {
        "@id": "way/1420774323",
        "historic": "yes",
        "note": "This is the flue from a lead smelter - I think. It must predate the gardens. There is no sign of the smelter building at the end."
      },
      "geometry": {
        "type": "LineString",
        "coordinates": [
          [
            -1.6058177,
            53.2243252
          ],
          [
            -1.6055238,
            53.2243792
          ],
          [
            -1.6053487,
            53.2243702
          ],
          [
            -1.6052393,
            53.224302
          ],
          [
            -1.6052038,
            53.2242239
          ]
        ]
      },
      "id": "way/1420774323"
    },
    {
      "type": "Feature",
      "properties": {
        "@id": "way/1476181952",
        "bridge": "yes",
        "highway": "path",
        "historic": "bridge",
        "layer": "1",
        "name": "Clapper bridge",
        "surface": "stone",
        "wikimedia_commons": "https://commons.wikimedia.org/wiki/File:Clam_Bridge_over_Bar_Brook_-_geograph.org.uk_-_1737422.jpg"
      },
      "geometry": {
        "type": "LineString",
        "coordinates": [
          [
            -1.587601,
            53.2993618
          ],
          [
            -1.5876517,
            53.2993502
          ]
        ]
      },
      "id": "way/1476181952"
    },
    {
      "type": "Feature",
      "properties": {
        "@id": "node/255173948",
        "archaeological_site": "fortification",
        "ele": "370",
        "historic": "archaeological_site",
        "historic:civilization": "iron-age",
        "name": "Carl Wark",
        "natural": "peak",
        "wikidata": "Q5040936",
        "wikipedia": "en:Carl Wark"
      },
      "geometry": {
        "type": "Point",
        "coordinates": [
          -1.6118875,
          53.3291918
        ]
      },
      "id": "node/255173948"
    },
    {
      "type": "Feature",
      "properties": {
        "@id": "node/255174021",
        "archaeological_site": "fortification",
        "historic": "archaeological_site",
        "historic:civilization": "ancient_roman",
        "historic:period": "principate",
        "name": "Navio Roman Fort",
        "source": "http://www.roman-britain.org/places/navio.htm",
        "website": "https://www.pastscape.org.uk/hob.aspx?hob_id=309471"
      },
      "geometry": {
        "type": "Point",
        "coordinates": [
          -1.7292351,
          53.3410496
        ]
      },
      "id": "node/255174021"
    },
    {
      "type": "Feature",
      "properties": {
        "@id": "node/293683834",
        "alt_name": "Eyam Moor I Stone Circle",
        "archaeological_site": "megalith",
        "historic": "archaeological_site",
        "megalith_type": "stone_circle",
        "name": "Wet Withens"
      },
      "geometry": {
        "type": "Point",
        "coordinates": [
          -1.6631184,
          53.3074405
        ]
      },
      "id": "node/293683834"
    },
    {
      "type": "Feature",
      "properties": {
        "@id": "node/297550756",
        "building:material": "stone",
        "heritage": "2",
        "heritage:operator": "Historic England",
        "historic": "memorial",
        "listed_status": "Grade II",
        "man_made": "obelisk",
        "memorial": "war_memorial",
        "name": "Pots and Pans",
        "official_name": "Saddleworth War Memorial",
        "ref:GB:nhle": "1163991",
        "wikidata": "Q26457550"
      },
      "geometry": {
        "type": "Point",
        "coordinates": [
          -1.9861144,
          53.5427341
        ]
      },
      "id": "node/297550756"
    },
    {
      "type": "Feature",
      "properties": {
        "@id": "node/303570735",
        "archaeological_site": "tumulus",
        "historic": "archaeological_site",
        "historic:civilization": "bronze-age",
        "name": "Hob Hurst's House",
        "operator": "English Heritage",
        "source": "Bing",
        "wikidata": "Q5874611",
        "wikipedia": "en:Hob Hurst's House"
      },
      "geometry": {
        "type": "Point",
        "coordinates": [
          -1.5709982,
          53.2194314
        ]
      },
      "id": "node/303570735"
    },
    {
      "type": "Feature",
      "properties": {
        "@id": "node/303570889",
        "historic": "monument",
        "name": "Wellington's Monument"
      },
      "geometry": {
        "type": "Point",
        "coordinates": [
          -1.6054076,
          53.2594876
        ]
      },
      "id": "node/303570889"
    },
    {
      "type": "Feature",
      "properties": {
        "@id": "node/303571498",
        "alt_name": "Doll Tor",
        "archaeological_site": "megalith",
        "description": "Small 6 stones circle formed part of a larger complex with a ditch, cairn (stone mound) and nearby boulders possibly associated",
        "he:inscription_date": "1956-09-20",
        "heritage": "Scheduled Monument",
        "heritage:operator": "English Heritage",
        "heritage:website": "https://historicengland.org.uk/listing/the-list/list-entry/1017664",
        "historic": "archaeological_site",
        "historic:civilization": "prehistoric",
        "historic:period": "bronze-age",
        "megalith_type": "stone_circle",
        "name": "Doll Tor Stone Circle",
        "official_name": "Doll Tor stone circle and cairn",
        "operator": "Historic England;Peak National Park Authority",
        "ref:he": "1017664",
        "wikidata": "Q5289184",
        "wikipedia": "en:Doll Tor"
      },
      "geometry": {
        "type": "Point",
        "coordinates": [
          -1.6449916,
          53.1624837
        ]
      },
      "id": "node/303571498"
    },
    {
      "type": "Feature",
      "properties": {
        "@id": "node/303571761",
        "archaeological_site": "megalith",
        "historic": "archaeological_site",
        "megalith_type": "stone_circle",
        "name": "Arbor Low",
        "source": "http://pastscape.org.uk/hob.aspx?hob_id=308656",
        "website": "https://www.english-heritage.org.uk/visit/places/arbor-low-stone-circle-and-gib-hill-barrow/",
        "wikidata": "Q630312",
        "wikipedia": "en:Arbor Low"
      },
      "geometry": {
        "type": "Point",
        "coordinates": [
          -1.7615222,
          53.16893
        ]
      },
      "id": "node/303571761"
    },
    {
      "type": "Feature",
      "properties": {
        "@id": "node/332792502",
        "HE_ref": "1008940",
        "archaeological_site": "megalith",
        "historic": "archaeological_site",
        "megalith_type": "chambered_cairn",
        "name": "Five Wells",
        "wikidata": "Q1421895",
        "wikimedia_commons": "File:Fivewells Chambered Cairn - geograph.org.uk - 1213011.jpg",
        "wikipedia": "en:Five Wells"
      },
      "geometry": {
        "type": "Point",
        "coordinates": [
          -1.8158866,
          53.2362851
        ]
      },
      "id": "node/332792502"
    },
    {
      "type": "Feature",
      "properties": {
        "@id": "node/345849865",
        "historic": "memorial",
        "memorial": "war_memorial",
        "name": "Castleton War Memorial",
        "source": "GPS survey",
        "wikidata": "Q26671557"
      },
      "geometry": {
        "type": "Point",
        "coordinates": [
          -1.7758221,
          53.3419036
        ]
      },
      "id": "node/345849865"
    },
    {
      "type": "Feature",
      "properties": {
        "@id": "node/357337828",
        "heritage": "2",
        "heritage:operator": "Historic England",
        "historic": "wayside_cross",
        "historic:civilization": "middle-ages",
        "historic:period": "anglo-saxon",
        "listed_status": "Scheduled Monument",
        "name": "The Bowstones",
        "ref:GB:nhle": "1011116",
        "website": "https://historicengland.org.uk/listing/the-list/list-entry/1011116",
        "wikidata": "Q17651052",
        "wikipedia": "en:Bowstones"
      },
      "geometry": {
        "type": "Point",
        "coordinates": [
          -2.0406709,
          53.3286932
        ]
      },
      "id": "node/357337828"
    },
    {
      "type": "Feature",
      "properties": {
        "@id": "node/361130854",
        "archaeological_site": "megalith",
        "heritage": "2",
        "heritage:operator": "he",
        "heritage:website": "https://historicengland.org.uk/listing/the-list/list-entry/1018094",
        "historic": "archaeological_site",
        "historic:civilization": "prehistoric",
        "megalith_type": "stone_circle",
        "name": "Hordron Edge Stone Circle",
        "ref:he": "1018094",
        "source": "NPE",
        "wikidata": "Q17664137"
      },
      "geometry": {
        "type": "Point",
        "coordinates": [
          -1.6779289,
          53.3781117
        ]
      },
      "id": "node/361130854"
    },
    {
      "type": "Feature",
      "properties": {
        "@id": "node/367013329",
        "HE_ref": "1277459",
        "barrier": "gate",
        "heritage": "2",
        "heritage:operator": "Historic England",
        "historic": "heritage",
        "listed_status": "Grade II",
        "operator": "National Trust",
        "ref:GB:nhle": "1277459",
        "start_date": "late C17",
        "website": "https://historicengland.org.uk/listing/the-list/list-entry/1277459"
      },
      "geometry": {
        "type": "Point",
        "coordinates": [
          -2.0548113,
          53.3387164
        ]
      },
      "id": "node/367013329"
    },
    {
      "type": "Feature",
      "properties": {
        "@id": "node/376327209",
        "historic": "house",
        "name": "Offerton Hall",
        "wikidata": "Q17545601"
      },
      "geometry": {
        "type": "Point",
        "coordinates": [
          -1.6802583,
          53.3259656
        ]
      },
      "id": "node/376327209"
    },
    {
      "type": "Feature",
      "properties": {
        "@id": "node/386169816",
        "historic": "monument",
        "name": "Mompesson's Well",
        "tourism": "attraction"
      },
      "geometry": {
        "type": "Point",
        "coordinates": [
          -1.6672136,
          53.2912538
        ]
      },
      "id": "node/386169816"
    },
    {
      "type": "Feature",
      "properties": {
        "@id": "node/394080498",
        "historic": "monument",
        "name": "Ilam Cross"
      },
      "geometry": {
        "type": "Point",
        "coordinates": [
          -1.7995666,
          53.0546759
        ]
      },
      "id": "node/394080498"
    },
    {
      "type": "Feature",
      "properties": {
        "@id": "node/410997410",
        "historic": "memorial",
        "name": "James Brindley Memorial"
      },
      "geometry": {
        "type": "Point",
        "coordinates": [
          -1.8171167,
          53.2650815
        ]
      },
      "id": "node/410997410"
    },
    {
      "type": "Feature",
      "properties": {
        "@id": "node/428161418",
        "archaeological_site": "fortification",
        "fortification_type": "motte",
        "historic": "archaeological_site",
        "name": "Bakewell Castle",
        "source": "OS_OpenData_StreetView",
        "wikidata": "Q4849346",
        "wikipedia": "en:Bakewell Castle"
      },
      "geometry": {
        "type": "Point",
        "coordinates": [
          -1.6700907,
          53.2157713
        ]
      },
      "id": "node/428161418"
    },
    {
      "type": "Feature",
      "properties": {
        "@id": "node/465732180",
        "historic": "wayside_cross",
        "source:location": "Bing"
      },
      "geometry": {
        "type": "Point",
        "coordinates": [
          -1.7150965,
          53.2878569
        ]
      },
      "id": "node/465732180"
    },
    {
      "type": "Feature",
      "properties": {
        "@id": "node/469824395",
        "building": "ruins",
        "description": "Old Millclose engine house complex and Watts engine shaft",
        "historic": "mine"
      },
      "geometry": {
        "type": "Point",
        "coordinates": [
          -1.615904,
          53.1529982
        ]
      },
      "id": "node/469824395"
    },
    {
      "type": "Feature",
      "properties": {
        "@id": "node/473879432",
        "height": "3",
        "historic": "monument",
        "name": "Nelsons Monument",
        "wikidata": "Q26380574"
      },
      "geometry": {
        "type": "Point",
        "coordinates": [
          -1.5836277,
          53.2527809
        ]
      },
      "id": "node/473879432"
    },
    {
      "type": "Feature",
      "properties": {
        "@id": "node/528339169",
        "ele": "304.3808594",
        "historic": "wayside_cross",
        "name": "Great Hucklow Butter Cross",
        "source:name": "Sign"
      },
      "geometry": {
        "type": "Point",
        "coordinates": [
          -1.7351274,
          53.2974035
        ]
      },
      "id": "node/528339169"
    },
    {
      "type": "Feature",
      "properties": {
        "@id": "node/528379549",
        "ele": "294.7677002",
        "historic": "memorial",
        "memorial": "obelisk"
      },
      "geometry": {
        "type": "Point",
        "coordinates": [
          -1.7564554,
          53.2732559
        ]
      },
      "id": "node/528379549"
    },
    {
      "type": "Feature",
      "properties": {
        "@id": "node/601524063",
        "historic": "monument",
        "name": "Cross"
      },
      "geometry": {
        "type": "Point",
        "coordinates": [
          -1.8574243,
          53.2470415
        ]
      },
      "id": "node/601524063"
    },
    {
      "type": "Feature",
      "properties": {
        "@id": "node/659320583",
        "historic": "monument",
        "name": "Monument to the Dambusters",
        "wikidata": "Q119789118"
      },
      "geometry": {
        "type": "Point",
        "coordinates": [
          -1.744474,
          53.4051126
        ]
      },
      "id": "node/659320583"
    },
    {
      "type": "Feature",
      "properties": {
        "@id": "node/659325471",
        "historic": "memorial",
        "inscription": "In commemoration of the devotion of Tip. The sheepdog which stayed by the body of her dead master Mr. Joseph Tagg on the Howden Moors for fifteen weeks from 12th December 1953 to 27th March 1954.",
        "memorial": "stone",
        "name": "Tip the Faithful Sheepdog",
        "website": "https://www.atlasobscura.com/places/the-memorial-to-tip-the-faithful-sheepdog-derbyshire-england",
        "wikidata": "Q119788983"
      },
      "geometry": {
        "type": "Point",
        "coordinates": [
          -1.7447647,
          53.4053405
        ]
      },
      "id": "node/659325471"
    },
    {
      "type": "Feature",
      "properties": {
        "@id": "node/676641390",
        "archaeological_site": "burial_chamber",
        "ele": "372",
        "historic": "archaeological_site",
        "name": "Minninglow Hill",
        "natural": "peak",
        "wikidata": "Q1515026",
        "wikipedia": "en:Minninglow"
      },
      "geometry": {
        "type": "Point",
        "coordinates": [
          -1.6887643,
          53.1124068
        ]
      },
      "id": "node/676641390"
    },
    {
      "type": "Feature",
      "properties": {
        "@id": "node/686457653",
        "historic": "building",
        "name": "Calver Mill"
      },
      "geometry": {
        "type": "Point",
        "coordinates": [
          -1.6306222,
          53.2678848
        ]
      },
      "id": "node/686457653"
    },
    {
      "type": "Feature",
      "properties": {
        "@id": "node/701407391",
        "historic": "memorial",
        "inscription": "Here - by the accidental discharge of a gun - James Platt ESQ - MP for Oldham - lost his life - 28 August 1857",
        "material": "stone",
        "memorial": "cross",
        "name": "Memorial Cross for James Platt"
      },
      "geometry": {
        "type": "Point",
        "coordinates": [
          -1.9546131,
          53.5367193
        ]
      },
      "id": "node/701407391"
    },
    {
      "type": "Feature",
      "properties": {
        "@id": "node/756129615",
        "ele": "295.4886475",
        "historic": "wayside_cross",
        "name": "Shillito Cross"
      },
      "geometry": {
        "type": "Point",
        "coordinates": [
          -1.5590857,
          53.2700761
        ]
      },
      "id": "node/756129615"
    },
    {
      "type": "Feature",
      "properties": {
        "@id": "node/762933261",
        "description": "Wincle 2000 AD",
        "ele": "328.6539307",
        "historic": "monument",
        "note": "erected by the Women's Institute"
      },
      "geometry": {
        "type": "Point",
        "coordinates": [
          -2.0687697,
          53.1965553
        ]
      },
      "id": "node/762933261"
    },
    {
      "type": "Feature",
      "properties": {
        "@id": "node/765757061",
        "aircraft_type": "B29 Superfortress",
        "historic": "aircraft_wreck",
        "name": "Overexposed (wreckage)",
        "operator": "16th Photographic Reconnaissance Squadron USAF",
        "wikidata": "Q97357142",
        "wikipedia": "en:Bleaklow Bomber"
      },
      "geometry": {
        "type": "Point",
        "coordinates": [
          -1.8649685,
          53.4505772
        ]
      },
      "id": "node/765757061"
    },
    {
      "type": "Feature",
      "properties": {
        "@id": "node/765757069",
        "aircraft_type": "B24J Liberator",
        "historic": "aircraft_wreck",
        "operator": "USAAF"
      },
      "geometry": {
        "type": "Point",
        "coordinates": [
          -1.9148944,
          53.4122321
        ]
      },
      "id": "node/765757069"
    },
    {
      "type": "Feature",
      "properties": {
        "@id": "node/765757097",
        "historic": "memorial",
        "inscription": "Here lies the wreckage of B-29 Superfortress\n\"Overexposed\" of the 16th Photographic Reconnaissance Squadron USAF which tragically crashed whilst descending through cloud on 3rd November 1948 killing all 13 crewmembers.",
        "inscription:2": "The aircraft was on a routine flight from RAF Scampton to American AFB Burtonwood. It is doubtful the crew ever saw the ground. Memorial laid by 367 Air Nagivation course of RAF Finningley on 12 November 1988",
        "name": "B29 Superfortress memorial",
        "note": "Memorial to nearby B29 Superfortress crash",
        "subject:wikidata": "Q97357142",
        "subject:wikipedia": "en:Bleaklow Bomber"
      },
      "geometry": {
        "type": "Point",
        "coordinates": [
          -1.8653446,
          53.4507296
        ]
      },
      "id": "node/765757097"
    },
    {
      "type": "Feature",
      "properties": {
        "@id": "node/831794826",
        "historic": "monument",
        "monument": "war_memorial",
        "source": "survey"
      },
      "geometry": {
        "type": "Point",
        "coordinates": [
          -1.7409044,
          53.3476169
        ]
      },
      "id": "node/831794826"
    },
    {
      "type": "Feature",
      "properties": {
        "@id": "node/938649884",
        "historic": "memorial",
        "memorial": "obelisk",
        "name": "War Memorial",
        "source": "survey",
        "wheelchair": "yes",
        "wikidata": "Q26602778"
      },
      "geometry": {
        "type": "Point",
        "coordinates": [
          -1.6757227,
          53.2130193
        ]
      },
      "id": "node/938649884"
    },
    {
      "type": "Feature",
      "properties": {
        "@id": "node/1004504020",
        "HE_ref": "1008615",
        "historic": "wayside_cross",
        "name": "Edale Cross",
        "wikidata": "Q17650474"
      },
      "geometry": {
        "type": "Point",
        "coordinates": [
          -1.8854159,
          53.3716524
        ]
      },
      "id": "node/1004504020"
    },
    {
      "type": "Feature",
      "properties": {
        "@id": "node/1018610748",
        "historic": "wayside_cross",
        "name": "Lady’s Cross"
      },
      "geometry": {
        "type": "Point",
        "coordinates": [
          -1.5941386,
          53.3004131
        ]
      },
      "id": "node/1018610748"
    },
    {
      "type": "Feature",
      "properties": {
        "@id": "node/1018610752",
        "description": "Rectangular gritstone shaft marking bridge location on moor",
        "historic": "wayside_cross",
        "material": "stone"
      },
      "geometry": {
        "type": "Point",
        "coordinates": [
          -1.5875787,
          53.2993488
        ]
      },
      "id": "node/1018610752"
    },
    {
      "type": "Feature",
      "properties": {
        "@id": "node/1020550673",
        "format": "wood",
        "historic": "milestone",
        "source": "GPS",
        "type": "guidepost"
      },
      "geometry": {
        "type": "Point",
        "coordinates": [
          -1.5969557,
          53.2730766
        ]
      },
      "id": "node/1020550673"
    },
    {
      "type": "Feature",
      "properties": {
        "@id": "node/1020550677",
        "format": "squared_stone",
        "historic": "milestone",
        "source": "GPS",
        "type": "guidepost"
      },
      "geometry": {
        "type": "Point",
        "coordinates": [
          -1.5945479,
          53.2752704
        ]
      },
      "id": "node/1020550677"
    },
    {
      "type": "Feature",
      "properties": {
        "@id": "node/1020550685",
        "format": "squared_stone",
        "historic": "milestone",
        "inscription": "To Sheffield",
        "source": "GPS",
        "start_date": "1775",
        "type": "guidepost"
      },
      "geometry": {
        "type": "Point",
        "coordinates": [
          -1.5907929,
          53.2782124
        ]
      },
      "id": "node/1020550685"
    },
    {
      "type": "Feature",
      "properties": {
        "@id": "node/1020574294",
        "historic": "wayside_cross",
        "name": "Fox Lane Cross"
      },
      "geometry": {
        "type": "Point",
        "coordinates": [
          -1.5584336,
          53.2740566
        ]
      },
      "id": "node/1020574294"
    },
    {
      "type": "Feature",
      "properties": {
        "@id": "node/1109456702",
        "historic": "archaeological_site",
        "historic:civilization": "bronze-age",
        "name": "T2 Bronze age cairn"
      },
      "geometry": {
        "type": "Point",
        "coordinates": [
          -1.6323868,
          53.1616794
        ]
      },
      "id": "node/1109456702"
    },
    {
      "type": "Feature",
      "properties": {
        "@id": "node/1109456821",
        "historic": "archaeological_site",
        "name": "Inscribed stones 1854"
      },
      "geometry": {
        "type": "Point",
        "coordinates": [
          -1.6262299,
          53.1677368
        ]
      },
      "id": "node/1109456821"
    },
    {
      "type": "Feature",
      "properties": {
        "@id": "node/1109456930",
        "historic": "archaeological_site",
        "name": "T55 large cairn"
      },
      "geometry": {
        "type": "Point",
        "coordinates": [
          -1.6302126,
          53.1647351
        ]
      },
      "id": "node/1109456930"
    },
    {
      "type": "Feature",
      "properties": {
        "@id": "node/1109457074",
        "historic": "archaeological_site",
        "inscription": "EIN 1831",
        "name": "Cat Stone"
      },
      "geometry": {
        "type": "Point",
        "coordinates": [
          -1.6243056,
          53.1657778
        ]
      },
      "id": "node/1109457074"
    },
    {
      "type": "Feature",
      "properties": {
        "@id": "node/1109457289",
        "historic": "archaeological_site",
        "name": "T43 Ring cairn"
      },
      "geometry": {
        "type": "Point",
        "coordinates": [
          -1.6319205,
          53.1626699
        ]
      },
      "id": "node/1109457289"
    },
    {
      "type": "Feature",
      "properties": {
        "@id": "node/1109457338",
        "alt_name": "Stanton Moor 1",
        "archaeological_site": "megalith",
        "historic": "archaeological_site",
        "megalith_type": "stone_circle",
        "name": "T62 stone circle"
      },
      "geometry": {
        "type": "Point",
        "coordinates": [
          -1.6284072,
          53.1696322
        ]
      },
      "id": "node/1109457338"
    },
    {
      "type": "Feature",
      "properties": {
        "@id": "node/1109457349",
        "historic": "archaeological_site",
        "inscription": "{Crown}\nY\n1826",
        "name": "Duke of York Stone"
      },
      "geometry": {
        "type": "Point",
        "coordinates": [
          -1.6269798,
          53.1698675
        ]
      },
      "id": "node/1109457349"
    },
    {
      "type": "Feature",
      "properties": {
        "@id": "node/1109457361",
        "alt_name": "Gorse Stone",
        "historic": "archaeological_site",
        "name": "Duchess of Sutherland Stone (HS 1830)"
      },
      "geometry": {
        "type": "Point",
        "coordinates": [
          -1.6265434,
          53.1626181
        ]
      },
      "id": "node/1109457361"
    },
    {
      "type": "Feature",
      "properties": {
        "@id": "node/1216661846",
        "historic": "wayside_cross",
        "material": "stone",
        "name": "Lady Cross",
        "wikidata": "Q17662206"
      },
      "geometry": {
        "type": "Point",
        "coordinates": [
          -1.7776383,
          53.4941627
        ]
      },
      "id": "node/1216661846"
    },
    {
      "type": "Feature",
      "properties": {
        "@id": "node/1258716457",
        "historic": "memorial",
        "memorial": "war_memorial",
        "name": "Roll of Honour",
        "note": "seems to hve plaques for 1914,1915, 1916 & 1917-8",
        "source": "GPS survey"
      },
      "geometry": {
        "type": "Point",
        "coordinates": [
          -1.7756314,
          53.34199
        ]
      },
      "id": "node/1258716457"
    },
    {
      "type": "Feature",
      "properties": {
        "@id": "node/1258716500",
        "historic": "memorial",
        "memorial": "war_memorial",
        "name": "Roll of Honour",
        "source": "GPS survey"
      },
      "geometry": {
        "type": "Point",
        "coordinates": [
          -1.775666,
          53.3418143
        ]
      },
      "id": "node/1258716500"
    },
    {
      "type": "Feature",
      "properties": {
        "@id": "node/1351893233",
        "historic": "stocks"
      },
      "geometry": {
        "type": "Point",
        "coordinates": [
          -1.8714491,
          53.1244923
        ]
      },
      "id": "node/1351893233"
    },
    {
      "type": "Feature",
      "properties": {
        "@id": "node/1351893277",
        "access": "no",
        "historic": "yes",
        "man_made": "adit",
        "name": "Ecton Copper Mine",
        "operator": "National Trust"
      },
      "geometry": {
        "type": "Point",
        "coordinates": [
          -1.8533066,
          53.124737
        ]
      },
      "id": "node/1351893277"
    },
    {
      "type": "Feature",
      "properties": {
        "@id": "node/1381614484",
        "historic": "memorial",
        "inscription": "[…] The Longshaw Estate was saved by the Council for the Protection of Rural England and given into the care of the National T\nrust in 1931 to secure its preservation. […]",
        "inscription:url": "https://openplaques.org/plaques/43756",
        "memorial": "stone",
        "name": "National Park Commemoration",
        "openplaques:id": "43756"
      },
      "geometry": {
        "type": "Point",
        "coordinates": [
          -1.6051732,
          53.3156918
        ]
      },
      "id": "node/1381614484"
    },
    {
      "type": "Feature",
      "properties": {
        "@id": "node/1470048280",
        "historic": "archaeological_site",
        "name": "Odin Mine crushing wheel"
      },
      "geometry": {
        "type": "Point",
        "coordinates": [
          -1.7988979,
          53.3480761
        ]
      },
      "id": "node/1470048280"
    },
    {
      "type": "Feature",
      "properties": {
        "@id": "node/1470048281",
        "historic": "archaeological_site",
        "name": "Odin Mine",
        "wikidata": "Q17671913",
        "wikipedia": "en:Odin Mine"
      },
      "geometry": {
        "type": "Point",
        "coordinates": [
          -1.8007258,
          53.3480486
        ]
      },
      "id": "node/1470048281"
    },
    {
      "type": "Feature",
      "properties": {
        "@id": "node/1475015018",
        "historic": "ruins",
        "name": "Piper House ruins"
      },
      "geometry": {
        "type": "Point",
        "coordinates": [
          -1.5778641,
          53.3234388
        ]
      },
      "id": "node/1475015018"
    },
    {
      "type": "Feature",
      "properties": {
        "@id": "node/1526134687",
        "historic": "memorial",
        "memorial": "plaque",
        "name": "John Torre's House"
      },
      "geometry": {
        "type": "Point",
        "coordinates": [
          -1.6710252,
          53.2842561
        ]
      },
      "id": "node/1526134687"
    },
    {
      "type": "Feature",
      "properties": {
        "@id": "node/1583568220",
        "archaeological_site": "fortification",
        "historic": "archaeological_site",
        "name": "Castle Naze",
        "note": "earthworks remain",
        "opening_hours": "24/7",
        "wheelchair": "no"
      },
      "geometry": {
        "type": "Point",
        "coordinates": [
          -1.9213455,
          53.302911
        ]
      },
      "id": "node/1583568220"
    },
    {
      "type": "Feature",
      "properties": {
        "@id": "node/1711448712",
        "historic": "memorial",
        "memorial": "sculpture"
      },
      "geometry": {
        "type": "Point",
        "coordinates": [
          -1.7621809,
          53.5181084
        ]
      },
      "id": "node/1711448712"
    },
    {
      "type": "Feature",
      "properties": {
        "@id": "node/1754813363",
        "historic": "milestone",
        "source": "survey"
      },
      "geometry": {
        "type": "Point",
        "coordinates": [
          -1.7826164,
          53.3424821
        ]
      },
      "id": "node/1754813363"
    },
    {
      "type": "Feature",
      "properties": {
        "@id": "node/2100306708",
        "historic": "milestone"
      },
      "geometry": {
        "type": "Point",
        "coordinates": [
          -1.5599348,
          53.2028353
        ]
      },
      "id": "node/2100306708"
    },
    {
      "type": "Feature",
      "properties": {
        "@id": "node/2119528545",
        "distance": "Sheffield 6mi, Tideswell 10mi",
        "highway": "milestone",
        "historic": "milestone"
      },
      "geometry": {
        "type": "Point",
        "coordinates": [
          -1.5752372,
          53.3386794
        ]
      },
      "id": "node/2119528545"
    },
    {
      "type": "Feature",
      "properties": {
        "@id": "node/2126210233",
        "historic": "memorial"
      },
      "geometry": {
        "type": "Point",
        "coordinates": [
          -1.9602185,
          53.5459218
        ]
      },
      "id": "node/2126210233"
    },
    {
      "type": "Feature",
      "properties": {
        "@id": "node/2164678888",
        "archaeological_site": "megalith",
        "historic": "archaeological_site",
        "megalith_type": "stone_circle",
        "name": "Froggatt Edge Stone Circle"
      },
      "geometry": {
        "type": "Point",
        "coordinates": [
          -1.6270569,
          53.2875037
        ]
      },
      "id": "node/2164678888"
    },
    {
      "type": "Feature",
      "properties": {
        "@id": "node/2191189125",
        "historic": "memorial",
        "name": "bradwell memorial hall"
      },
      "geometry": {
        "type": "Point",
        "coordinates": [
          -1.7420057,
          53.3288651
        ]
      },
      "id": "node/2191189125"
    },
    {
      "type": "Feature",
      "properties": {
        "@id": "node/2196634207",
        "historic": "memorial",
        "memorial": "war_memorial",
        "name": "War Memorial"
      },
      "geometry": {
        "type": "Point",
        "coordinates": [
          -1.703039,
          53.2428487
        ]
      },
      "id": "node/2196634207"
    },
    {
      "type": "Feature",
      "properties": {
        "@id": "node/2196640917",
        "historic": "memorial",
        "name": "Village Cross"
      },
      "geometry": {
        "type": "Point",
        "coordinates": [
          -1.7034229,
          53.2429691
        ]
      },
      "id": "node/2196640917"
    },
    {
      "type": "Feature",
      "properties": {
        "@id": "node/2387768919",
        "historic": "archaeological_site",
        "name": "Gib Hill",
        "wikidata": "Q5558652"
      },
      "geometry": {
        "type": "Point",
        "coordinates": [
          -1.7647766,
          53.1668261
        ]
      },
      "id": "node/2387768919"
    },
    {
      "type": "Feature",
      "properties": {
        "@id": "node/2393824211",
        "historic": "mine_shaft"
      },
      "geometry": {
        "type": "Point",
        "coordinates": [
          -1.7854822,
          53.252974
        ]
      },
      "id": "node/2393824211"
    },
    {
      "type": "Feature",
      "properties": {
        "@id": "node/2451963566",
        "historic": "memorial",
        "inscription": "On the 13 February 1947, Halifax RT922 of 47 Squadron Royal Air Force, Crashed adjacent to this cairn during a mission to airdrop supplies to the snow-bound communities of Grindon and the surrounding area. The crew and passengers were all killed.\ncontinue",
        "material": "stone",
        "name": "Halifax RT922"
      },
      "geometry": {
        "type": "Point",
        "coordinates": [
          -1.9067866,
          53.0947857
        ]
      },
      "id": "node/2451963566"
    },
    {
      "type": "Feature",
      "properties": {
        "@id": "node/2637219612",
        "historic": "archaeological_site",
        "name": "Silence Mine",
        "source": "survey"
      },
      "geometry": {
        "type": "Point",
        "coordinates": [
          -1.7195135,
          53.2987402
        ]
      },
      "id": "node/2637219612"
    },
    {
      "type": "Feature",
      "properties": {
        "@id": "node/2677353897",
        "historic": "stocks",
        "name": "Eyam Stocks",
        "source": "survey;http://www.geograph.org.uk/photo/3716411",
        "tourism": "attraction"
      },
      "geometry": {
        "type": "Point",
        "coordinates": [
          -1.6770539,
          53.2846148
        ]
      },
      "id": "node/2677353897"
    },
    {
      "type": "Feature",
      "properties": {
        "@id": "node/2795233522",
        "historic": "memorial",
        "memorial": "plaque",
        "name": "Grave of Little John"
      },
      "geometry": {
        "type": "Point",
        "coordinates": [
          -1.6499815,
          53.3329044
        ]
      },
      "id": "node/2795233522"
    },
    {
      "type": "Feature",
      "properties": {
        "@id": "node/2800556234",
        "historic": "ruins"
      },
      "geometry": {
        "type": "Point",
        "coordinates": [
          -1.6309195,
          53.3071491
        ]
      },
      "id": "node/2800556234"
    },
    {
      "type": "Feature",
      "properties": {
        "@id": "node/2869391913",
        "HE_ref": "1231916",
        "drinking_water": "no",
        "heritage": "2",
        "heritage:operator": "Historic England",
        "historic": "heritage",
        "listed_status": "Grade II",
        "man_made": "water_well",
        "name": "Wellhead",
        "operator": "National Trust",
        "ref:GB:nhle": "1231916",
        "start_date": "C18",
        "website": "https://historicengland.org.uk/listing/the-list/list-entry/1231916"
      },
      "geometry": {
        "type": "Point",
        "coordinates": [
          -2.0547709,
          53.3381216
        ]
      },
      "id": "node/2869391913"
    },
    {
      "type": "Feature",
      "properties": {
        "@id": "node/2942386190",
        "historic": "memorial"
      },
      "geometry": {
        "type": "Point",
        "coordinates": [
          -1.9358324,
          53.2137578
        ]
      },
      "id": "node/2942386190"
    },
    {
      "type": "Feature",
      "properties": {
        "@id": "node/3382632453",
        "historic": "milestone",
        "source": "NLS - OS 1:25k 1st Series 1937-61"
      },
      "geometry": {
        "type": "Point",
        "coordinates": [
          -1.7377086,
          53.0439439
        ]
      },
      "id": "node/3382632453"
    },
    {
      "type": "Feature",
      "properties": {
        "@id": "node/3390030695",
        "historic": "ruins",
        "man_made": "kiln"
      },
      "geometry": {
        "type": "Point",
        "coordinates": [
          -1.8023587,
          53.0782322
        ]
      },
      "id": "node/3390030695"
    },
    {
      "type": "Feature",
      "properties": {
        "@id": "node/3453943020",
        "historic": "memorial",
        "information": "guidepost",
        "memorial:conflict": "Stan Fry Member from 1949-1998",
        "operator": "Peak & Northern Footpaths Society",
        "ref": "271",
        "source": "survey;gps",
        "start_date": "2000",
        "tourism": "information"
      },
      "geometry": {
        "type": "Point",
        "coordinates": [
          -1.7375934,
          53.3466269
        ]
      },
      "id": "node/3453943020"
    },
    {
      "type": "Feature",
      "properties": {
        "@id": "node/3509245768",
        "historic": "memorial",
        "memorial": "war_memorial"
      },
      "geometry": {
        "type": "Point",
        "coordinates": [
          -1.6232164,
          53.2476705
        ]
      },
      "id": "node/3509245768"
    },
    {
      "type": "Feature",
      "properties": {
        "@id": "node/3509250303",
        "historic": "memorial",
        "memorial": "war_memorial"
      },
      "geometry": {
        "type": "Point",
        "coordinates": [
          -1.9400764,
          53.341398
        ]
      },
      "id": "node/3509250303"
    },
    {
      "type": "Feature",
      "properties": {
        "@id": "node/3511315137",
        "historic": "memorial",
        "name": "George Herbert Lawrence",
        "openplaques:id": "30999"
      },
      "geometry": {
        "type": "Point",
        "coordinates": [
          -1.6545927,
          53.3304346
        ]
      },
      "id": "node/3511315137"
    },
    {
      "type": "Feature",
      "properties": {
        "@id": "node/3589673961",
        "abandoned": "yes",
        "headframe": "yes",
        "historic": "mine",
        "name": "Sallet Hole Mine",
        "resource": "fluorite"
      },
      "geometry": {
        "type": "Point",
        "coordinates": [
          -1.6727579,
          53.2633696
        ]
      },
      "id": "node/3589673961"
    },
    {
      "type": "Feature",
      "properties": {
        "@id": "node/3649631054",
        "archaeological_site": "fortification",
        "fortification_type": "motte",
        "historic": "archaeological_site",
        "name": "Bailey Hill"
      },
      "geometry": {
        "type": "Point",
        "coordinates": [
          -1.600753,
          53.4302885
        ]
      },
      "id": "node/3649631054"
    },
    {
      "type": "Feature",
      "properties": {
        "@id": "node/3649631060",
        "format": "squared_stone",
        "historic": "milestone",
        "name": "Handsome Cross (milestone)"
      },
      "geometry": {
        "type": "Point",
        "coordinates": [
          -1.6098195,
          53.443234
        ]
      },
      "id": "node/3649631060"
    },
    {
      "type": "Feature",
      "properties": {
        "@id": "node/3673716370",
        "historic": "memorial",
        "memorial": "plaque",
        "name": "Laburnum Cottage",
        "source": "survey"
      },
      "geometry": {
        "type": "Point",
        "coordinates": [
          -1.6774036,
          53.2857196
        ]
      },
      "id": "node/3673716370"
    },
    {
      "type": "Feature",
      "properties": {
        "@id": "node/3731652506",
        "description": "Scheduled Ancient Monument 31229",
        "ele": "295.4886475",
        "historic": "archaeological_site",
        "name": "A Great Double Dyke",
        "source:name": "Sign at side of road"
      },
      "geometry": {
        "type": "Point",
        "coordinates": [
          -1.6736575,
          53.2539708
        ]
      },
      "id": "node/3731652506"
    },
    {
      "type": "Feature",
      "properties": {
        "@id": "node/3761845168",
        "format": "squared_stone",
        "historic": "milestone"
      },
      "geometry": {
        "type": "Point",
        "coordinates": [
          -1.6324008,
          53.4494634
        ]
      },
      "id": "node/3761845168"
    },
    {
      "type": "Feature",
      "properties": {
        "@id": "node/3767786661",
        "historic": "memorial",
        "inscription": "In memory of Tom Hyett of Long Eaton. Erected by members of Long Eaton and District Group of the Ramblers Association and friends 1964.",
        "material": "metal",
        "memorial": "plaque",
        "name": "Tom Hyett"
      },
      "geometry": {
        "type": "Point",
        "coordinates": [
          -1.7972685,
          53.3573529
        ]
      },
      "id": "node/3767786661"
    },
    {
      "type": "Feature",
      "properties": {
        "@id": "node/3772085769",
        "historic": "monument"
      },
      "geometry": {
        "type": "Point",
        "coordinates": [
          -1.8739406,
          53.0873881
        ]
      },
      "id": "node/3772085769"
    },
    {
      "type": "Feature",
      "properties": {
        "@id": "node/3783681801",
        "historic": "memorial"
      },
      "geometry": {
        "type": "Point",
        "coordinates": [
          -1.8036054,
          53.284762
        ]
      },
      "id": "node/3783681801"
    },
    {
      "type": "Feature",
      "properties": {
        "@id": "node/3810926962",
        "format": "stone",
        "historic": "milestone",
        "source": "GPS",
        "type": "guidepost"
      },
      "geometry": {
        "type": "Point",
        "coordinates": [
          -1.5916563,
          53.2750601
        ]
      },
      "id": "node/3810926962"
    },
    {
      "type": "Feature",
      "properties": {
        "@id": "node/3835579120",
        "format": "squared_stone",
        "historic": "milestone",
        "note": "Badly weathered.",
        "source": "GPS"
      },
      "geometry": {
        "type": "Point",
        "coordinates": [
          -1.590614,
          53.2774021
        ]
      },
      "id": "node/3835579120"
    },
    {
      "type": "Feature",
      "properties": {
        "@id": "node/3835763645",
        "format": "stone",
        "historic": "milestone",
        "inscription": "To Sheffield",
        "source": "GPS",
        "type": "guidepost"
      },
      "geometry": {
        "type": "Point",
        "coordinates": [
          -1.570247,
          53.290889
        ]
      },
      "id": "node/3835763645"
    },
    {
      "type": "Feature",
      "properties": {
        "@id": "node/3853174882",
        "direction": "95",
        "historic": "memorial",
        "inscription": "Celebrated head gardener at Chatsworth.\nDesigner of London's Crystal Palace.",
        "memorial": "blue_plaque",
        "name": "Sir Joseph Paxton"
      },
      "geometry": {
        "type": "Point",
        "coordinates": [
          -1.6150763,
          53.2379214
        ]
      },
      "id": "node/3853174882"
    },
    {
      "type": "Feature",
      "properties": {
        "@id": "node/3884540830",
        "ele": "422",
        "fixme": "I think the peak and the memorial should be two different elements.",
        "historic": "memorial",
        "memorial": "war_memorial",
        "memorial:conflict": "WW2",
        "name": "High Wheeldon",
        "natural": "peak",
        "source": "survey",
        "wikidata": "Q5757424",
        "wikipedia": "en:High Wheeldon"
      },
      "geometry": {
        "type": "Point",
        "coordinates": [
          -1.8512273,
          53.1920152
        ]
      },
      "id": "node/3884540830"
    },
    {
      "type": "Feature",
      "properties": {
        "@id": "node/3917221451",
        "description": "historic trough",
        "historic": "yes"
      },
      "geometry": {
        "type": "Point",
        "coordinates": [
          -1.6685598,
          53.2472672
        ]
      },
      "id": "node/3917221451"
    },
    {
      "type": "Feature",
      "properties": {
        "@id": "node/3927574630",
        "HE_ref": "1008068",
        "archaeological_site": "tumulus",
        "historic": "archaeological_site",
        "name": "Kinder Low Bowl Barrow",
        "source": "NLS 7th series",
        "wikidata": "Q17646434"
      },
      "geometry": {
        "type": "Point",
        "coordinates": [
          -1.8914074,
          53.3767677
        ]
      },
      "id": "node/3927574630"
    },
    {
      "type": "Feature",
      "properties": {
        "@id": "node/3955463594",
        "archaeological_site": "megalith",
        "historic": "archaeological_site",
        "historic:civilization": "prehistoric",
        "megalith_type": "stone_circle",
        "name": "Bamford Moor Circle",
        "website": "http://www.stone-circles.org.uk/stone/bamfordmoorcircle.htm"
      },
      "geometry": {
        "type": "Point",
        "coordinates": [
          -1.6691956,
          53.3571994
        ]
      },
      "id": "node/3955463594"
    },
    {
      "type": "Feature",
      "properties": {
        "@id": "node/4011129028",
        "historic": "ruins",
        "man_made": "kiln"
      },
      "geometry": {
        "type": "Point",
        "coordinates": [
          -1.7537055,
          53.0859627
        ]
      },
      "id": "node/4011129028"
    },
    {
      "type": "Feature",
      "properties": {
        "@id": "node/4098288054",
        "archaeological_site": "megalith",
        "historic": "archaeological_site",
        "megalith_type": "stone_circle",
        "name": "Stone Circle",
        "source": "Local Knowledge;https://historicengland.org.uk/listing/the-list/list-entry/1016623",
        "wikidata": "Q17665654"
      },
      "geometry": {
        "type": "Point",
        "coordinates": [
          -1.5965537,
          53.3726084
        ]
      },
      "id": "node/4098288054"
    },
    {
      "type": "Feature",
      "properties": {
        "@id": "node/4128088960",
        "historic": "memorial",
        "memorial": "war_memorial",
        "source": "survey"
      },
      "geometry": {
        "type": "Point",
        "coordinates": [
          -1.7744336,
          53.2772155
        ]
      },
      "id": "node/4128088960"
    },
    {
      "type": "Feature",
      "properties": {
        "@id": "node/4284954151",
        "historic": "boundary_stone"
      },
      "geometry": {
        "type": "Point",
        "coordinates": [
          -1.7778431,
          53.346068
        ]
      },
      "id": "node/4284954151"
    },
    {
      "type": "Feature",
      "properties": {
        "@id": "node/4313754240",
        "historic": "memorial",
        "memorial": "obelisk"
      },
      "geometry": {
        "type": "Point",
        "coordinates": [
          -1.8098826,
          53.1411137
        ]
      },
      "id": "node/4313754240"
    },
    {
      "type": "Feature",
      "properties": {
        "@id": "node/4320862222",
        "format": "squared_stone",
        "historic": "milestone",
        "inscription": "On NW side: BAKEWE/LL ROAD and a pointing hand to right. On SE side: CHESTE/RFEILD/ROAD and a pointing hand to right. No distances, / indicates new line, (mis)spelling exactly as is.",
        "name": "Guide Stoop",
        "source": "GPS",
        "type": "guidepost"
      },
      "geometry": {
        "type": "Point",
        "coordinates": [
          -1.5693328,
          53.2235481
        ]
      },
      "id": "node/4320862222"
    },
    {
      "type": "Feature",
      "properties": {
        "@id": "node/4320862223",
        "historic": "boundary_stone",
        "name": "Guide Stoop"
      },
      "geometry": {
        "type": "Point",
        "coordinates": [
          -1.5660576,
          53.2192309
        ]
      },
      "id": "node/4320862223"
    },
    {
      "type": "Feature",
      "properties": {
        "@id": "node/4332978513",
        "historic": "milestone"
      },
      "geometry": {
        "type": "Point",
        "coordinates": [
          -1.908138,
          53.1775956
        ]
      },
      "id": "node/4332978513"
    },
    {
      "type": "Feature",
      "properties": {
        "@id": "node/4351582668",
        "historic": "ruins",
        "name": "High Rake Mine",
        "wikidata": "Q17664706"
      },
      "geometry": {
        "type": "Point",
        "coordinates": [
          -1.7556037,
          53.2967667
        ]
      },
      "id": "node/4351582668"
    },
    {
      "type": "Feature",
      "properties": {
        "@id": "node/4379824310",
        "HE_ref": "1159051",
        "historic": "ruins",
        "listed_status": "Grade II",
        "material": "limestone",
        "name": "Lime Kiln",
        "start_date": "1878",
        "wikidata": "Q26452784"
      },
      "geometry": {
        "type": "Point",
        "coordinates": [
          -1.7909177,
          53.2555221
        ]
      },
      "id": "node/4379824310"
    },
    {
      "type": "Feature",
      "properties": {
        "@id": "node/4428934687",
        "historic": "ruins",
        "name": "Hall Hill Troughs"
      },
      "geometry": {
        "type": "Point",
        "coordinates": [
          -1.6777763,
          53.2866984
        ]
      },
      "id": "node/4428934687"
    },
    {
      "type": "Feature",
      "properties": {
        "@id": "node/4438412210",
        "aircraft:type": "military",
        "description": "North American Sabre F.Mk 4s XD707 & XD730",
        "historic": "aircraft_wreck",
        "name": "Sabre Jets (wreckage)"
      },
      "geometry": {
        "type": "Point",
        "coordinates": [
          -1.8917923,
          53.4091759
        ]
      },
      "id": "node/4438412210"
    },
    {
      "type": "Feature",
      "properties": {
        "@id": "node/4580174230",
        "historic": "ruins",
        "man_made": "boundary_marker",
        "name": "Boundary Stone"
      },
      "geometry": {
        "type": "Point",
        "coordinates": [
          -1.6619263,
          53.279046
        ]
      },
      "id": "node/4580174230"
    },
    {
      "type": "Feature",
      "properties": {
        "@id": "node/4587952185",
        "historic": "monument",
        "name": "Saxon Cross"
      },
      "geometry": {
        "type": "Point",
        "coordinates": [
          -1.8092085,
          53.0523123
        ]
      },
      "id": "node/4587952185"
    },
    {
      "type": "Feature",
      "properties": {
        "@id": "node/4699126583",
        "access": "private",
        "archaeological_site": "settlement",
        "historic": "archaeological_site",
        "historic:civilization": "iron-age",
        "name": "Fin Cop"
      },
      "geometry": {
        "type": "Point",
        "coordinates": [
          -1.7400118,
          53.2347949
        ]
      },
      "id": "node/4699126583"
    },
    {
      "type": "Feature",
      "properties": {
        "@id": "node/4981059351",
        "historic": "memorial",
        "inscription": "In memory of Bill Etches, Dowall Hall, 1920-2006",
        "memorial": "plaque"
      },
      "geometry": {
        "type": "Point",
        "coordinates": [
          -1.8907182,
          53.2016738
        ]
      },
      "id": "node/4981059351"
    },
    {
      "type": "Feature",
      "properties": {
        "@id": "node/5029551990",
        "historic": "yes",
        "name": "Cucklet Church",
        "natural": "cave_entrance",
        "old_name": "Cucklet Delph",
        "tourism": "attraction",
        "wikidata": "Q130358778"
      },
      "geometry": {
        "type": "Point",
        "coordinates": [
          -1.6787184,
          53.2823026
        ]
      },
      "id": "node/5029551990"
    },
    {
      "type": "Feature",
      "properties": {
        "@id": "node/5031222168",
        "historic": "memorial",
        "inscription": "Dame Elisabeth Frink",
        "memorial": "statue",
        "name": "Walking Madonna"
      },
      "geometry": {
        "type": "Point",
        "coordinates": [
          -1.6104483,
          53.2249782
        ]
      },
      "id": "node/5031222168"
    },
    {
      "type": "Feature",
      "properties": {
        "@id": "node/5117473560",
        "HE_ref": "1158755",
        "historic": "memorial",
        "listed_status": "Grade II",
        "memorial": "war_memorial",
        "source": "survey",
        "wikidata": "Q26452500"
      },
      "geometry": {
        "type": "Point",
        "coordinates": [
          -1.7469444,
          53.2548001
        ]
      },
      "id": "node/5117473560"
    },
    {
      "type": "Feature",
      "properties": {
        "@id": "node/5198654247",
        "description": "mill stones",
        "historic": "ruins"
      },
      "geometry": {
        "type": "Point",
        "coordinates": [
          -1.7265406,
          53.1886075
        ]
      },
      "id": "node/5198654247"
    },
    {
      "type": "Feature",
      "properties": {
        "@id": "node/5200808207",
        "historic": "monument",
        "material": "stone",
        "monument": "waysite_cross",
        "name": "village cross",
        "source": "survey",
        "wikidata": "Q26597647"
      },
      "geometry": {
        "type": "Point",
        "coordinates": [
          -1.7770198,
          53.1958463
        ]
      },
      "id": "node/5200808207"
    },
    {
      "type": "Feature",
      "properties": {
        "@id": "node/5404295601",
        "historic": "WW2_Starfish_Decoy"
      },
      "geometry": {
        "type": "Point",
        "coordinates": [
          -1.5861807,
          53.3302706
        ]
      },
      "id": "node/5404295601"
    },
    {
      "type": "Feature",
      "properties": {
        "@id": "node/5418292288",
        "historic": "archaeological_site"
      },
      "geometry": {
        "type": "Point",
        "coordinates": [
          -1.7248371,
          53.2615528
        ]
      },
      "id": "node/5418292288"
    },
    {
      "type": "Feature",
      "properties": {
        "@id": "node/5489722420",
        "historic": "archaeological_site",
        "historic:civilization": "prehistoric",
        "name": "Green Low Ringcairn",
        "wikidata": "Q17650879"
      },
      "geometry": {
        "type": "Point",
        "coordinates": [
          -1.8752588,
          53.3437507
        ]
      },
      "id": "node/5489722420"
    },
    {
      "type": "Feature",
      "properties": {
        "@id": "node/5554955873",
        "historic": "memorial"
      },
      "geometry": {
        "type": "Point",
        "coordinates": [
          -1.6408699,
          53.2678153
        ]
      },
      "id": "node/5554955873"
    },
    {
      "type": "Feature",
      "properties": {
        "@id": "node/5600522356",
        "historic": "stone",
        "name": "Old Woman Stone"
      },
      "geometry": {
        "type": "Point",
        "coordinates": [
          -1.6707567,
          53.3586915
        ]
      },
      "id": "node/5600522356"
    },
    {
      "type": "Feature",
      "properties": {
        "@id": "node/5600522358",
        "historic": "stone",
        "note": "old stone fence post"
      },
      "geometry": {
        "type": "Point",
        "coordinates": [
          -1.6788805,
          53.3623111
        ]
      },
      "id": "node/5600522358"
    },
    {
      "type": "Feature",
      "properties": {
        "@id": "node/5600522359",
        "historic": "stone",
        "note": "old stone fence post"
      },
      "geometry": {
        "type": "Point",
        "coordinates": [
          -1.6792184,
          53.3631402
        ]
      },
      "id": "node/5600522359"
    },
    {
      "type": "Feature",
      "properties": {
        "@id": "node/5600522360",
        "historic": "stone",
        "note": "old stone fence post"
      },
      "geometry": {
        "type": "Point",
        "coordinates": [
          -1.6794947,
          53.3639341
        ]
      },
      "id": "node/5600522360"
    },
    {
      "type": "Feature",
      "properties": {
        "@id": "node/5600522361",
        "historic": "stone",
        "note": "old stone fence post"
      },
      "geometry": {
        "type": "Point",
        "coordinates": [
          -1.6798165,
          53.3646879
        ]
      },
      "id": "node/5600522361"
    },
    {
      "type": "Feature",
      "properties": {
        "@id": "node/5600522362",
        "historic": "stone",
        "note": "old stone fence post"
      },
      "geometry": {
        "type": "Point",
        "coordinates": [
          -1.6801237,
          53.3655298
        ]
      },
      "id": "node/5600522362"
    },
    {
      "type": "Feature",
      "properties": {
        "@id": "node/5600522363",
        "historic": "stone",
        "note": "old stone fence post"
      },
      "geometry": {
        "type": "Point",
        "coordinates": [
          -1.6805998,
          53.3663236
        ]
      },
      "id": "node/5600522363"
    },
    {
      "type": "Feature",
      "properties": {
        "@id": "node/5600522364",
        "historic": "stone",
        "note": "old stone fence post"
      },
      "geometry": {
        "type": "Point",
        "coordinates": [
          -1.6808291,
          53.3671198
        ]
      },
      "id": "node/5600522364"
    },
    {
      "type": "Feature",
      "properties": {
        "@id": "node/5631682084",
        "historic": "yes",
        "note": "From Wikipedia: About 500m to the south-east of the village is Castle Hill, a site marked on old maps as a “supposed Saxon encampment”. The site occupies a rocky ridge at the head of a high escarpment partially enclosed by ring work."
      },
      "geometry": {
        "type": "Point",
        "coordinates": [
          -1.5934358,
          53.4270168
        ]
      },
      "id": "node/5631682084"
    },
    {
      "type": "Feature",
      "properties": {
        "@id": "node/5745481011",
        "archaeological_site": "hut_circle",
        "historic": "archaeological_site",
        "historic:civilization": "prehistoric"
      },
      "geometry": {
        "type": "Point",
        "coordinates": [
          -1.5897736,
          53.2541113
        ]
      },
      "id": "node/5745481011"
    },
    {
      "type": "Feature",
      "properties": {
        "@id": "node/5745481722",
        "archaeological_site": "megalith",
        "historic": "archaeological_site",
        "historic:civilization": "prehistoric",
        "megalith_type": "menhir",
        "source": "NPE"
      },
      "geometry": {
        "type": "Point",
        "coordinates": [
          -1.5931013,
          53.2553672
        ]
      },
      "id": "node/5745481722"
    },
    {
      "type": "Feature",
      "properties": {
        "@id": "node/5745481723",
        "archaeological_site": "petroglyph",
        "description": "fibre glass replica of the original",
        "historic": "archaeological_site",
        "historic:civilization": "prehistoric",
        "inscription": "A fibre glass replica of the original",
        "wikidata": "Q5522638",
        "wikipedia": "en:Gardom's Edge"
      },
      "geometry": {
        "type": "Point",
        "coordinates": [
          -1.5925614,
          53.2536755
        ]
      },
      "id": "node/5745481723"
    },
    {
      "type": "Feature",
      "properties": {
        "@id": "node/5752355030",
        "historic": "memorial",
        "memorial": "war_memorial"
      },
      "geometry": {
        "type": "Point",
        "coordinates": [
          -1.8326964,
          53.1502482
        ]
      },
      "id": "node/5752355030"
    },
    {
      "type": "Feature",
      "properties": {
        "@id": "node/5830551231",
        "historic": "ruins"
      },
      "geometry": {
        "type": "Point",
        "coordinates": [
          -1.6532883,
          53.4070539
        ]
      },
      "id": "node/5830551231"
    },
    {
      "type": "Feature",
      "properties": {
        "@id": "node/5833024935",
        "alt_name": "Edgefield Monument",
        "historic": "memorial",
        "listed_status": "Grade II",
        "name": "The Edgefield Obelisk",
        "wikidata": "Q26425766"
      },
      "geometry": {
        "type": "Point",
        "coordinates": [
          -1.617428,
          53.415351
        ]
      },
      "id": "node/5833024935"
    },
    {
      "type": "Feature",
      "properties": {
        "@id": "node/5856461414",
        "archaeological_site": "burial_chamber",
        "ele": "340",
        "historic": "archaeological_site",
        "name": "Moat Low",
        "natural": "peak",
        "source": "survey",
        "wikidata": "Q17650867"
      },
      "geometry": {
        "type": "Point",
        "coordinates": [
          -1.7699368,
          53.0830234
        ]
      },
      "id": "node/5856461414"
    },
    {
      "type": "Feature",
      "properties": {
        "@id": "node/6222968076",
        "historic": "yes",
        "man_made": "chimney",
        "material": "stone"
      },
      "geometry": {
        "type": "Point",
        "coordinates": [
          -1.7595481,
          53.2545164
        ]
      },
      "id": "node/6222968076"
    },
    {
      "type": "Feature",
      "properties": {
        "@id": "node/6223247550",
        "historic": "mine_shaft"
      },
      "geometry": {
        "type": "Point",
        "coordinates": [
          -1.7544478,
          53.2531992
        ]
      },
      "id": "node/6223247550"
    },
    {
      "type": "Feature",
      "properties": {
        "@id": "node/6245758421",
        "historic": "archaeological_site",
        "name": "Tumulus",
        "source": "NLS-OS-1st_Series"
      },
      "geometry": {
        "type": "Point",
        "coordinates": [
          -1.9458348,
          53.2422122
        ]
      },
      "id": "node/6245758421"
    },
    {
      "type": "Feature",
      "properties": {
        "@id": "node/6354539657",
        "archaeological_site": "tumulus",
        "ele": "393",
        "historic": "archaeological_site"
      },
      "geometry": {
        "type": "Point",
        "coordinates": [
          -1.7391376,
          53.1323395
        ]
      },
      "id": "node/6354539657"
    },
    {
      "type": "Feature",
      "properties": {
        "@id": "node/6700855698",
        "historic": "watermill"
      },
      "geometry": {
        "type": "Point",
        "coordinates": [
          -1.7146597,
          53.1888841
        ]
      },
      "id": "node/6700855698"
    },
    {
      "type": "Feature",
      "properties": {
        "@id": "node/6780743234",
        "historic": "lime_kiln"
      },
      "geometry": {
        "type": "Point",
        "coordinates": [
          -1.6711023,
          53.2782465
        ]
      },
      "id": "node/6780743234"
    },
    {
      "type": "Feature",
      "properties": {
        "@id": "node/6780743617",
        "historic": "lime_kiln"
      },
      "geometry": {
        "type": "Point",
        "coordinates": [
          -1.6831858,
          53.2721979
        ]
      },
      "id": "node/6780743617"
    },
    {
      "type": "Feature",
      "properties": {
        "@id": "node/6821470029",
        "historic": "boundary_stone",
        "name": "Peak District National Park"
      },
      "geometry": {
        "type": "Point",
        "coordinates": [
          -1.9767331,
          53.3060573
        ]
      },
      "id": "node/6821470029"
    },
    {
      "type": "Feature",
      "properties": {
        "@id": "node/7453672480",
        "historic": "boundary_stone",
        "inscription": "SWW"
      },
      "geometry": {
        "type": "Point",
        "coordinates": [
          -1.6164992,
          53.3610444
        ]
      },
      "id": "node/7453672480"
    },
    {
      "type": "Feature",
      "properties": {
        "@id": "node/7454170249",
        "historic": "boundary_stone",
        "inscription": "SWW"
      },
      "geometry": {
        "type": "Point",
        "coordinates": [
          -1.6139762,
          53.3603147
        ]
      },
      "id": "node/7454170249"
    },
    {
      "type": "Feature",
      "properties": {
        "@id": "node/7508671028",
        "historic": "milestone"
      },
      "geometry": {
        "type": "Point",
        "coordinates": [
          -1.59538,
          53.4503486
        ]
      },
      "id": "node/7508671028"
    },
    {
      "type": "Feature",
      "properties": {
        "@id": "node/7533883210",
        "historic": "milestone"
      },
      "geometry": {
        "type": "Point",
        "coordinates": [
          -1.7778499,
          53.0448845
        ]
      },
      "id": "node/7533883210"
    },
    {
      "type": "Feature",
      "properties": {
        "@id": "node/7542101196",
        "historic": "wayside_cross"
      },
      "geometry": {
        "type": "Point",
        "coordinates": [
          -1.5853079,
          53.4278847
        ]
      },
      "id": "node/7542101196"
    },
    {
      "type": "Feature",
      "properties": {
        "@id": "node/7617830413",
        "historic": "milestone"
      },
      "geometry": {
        "type": "Point",
        "coordinates": [
          -1.589312,
          53.3268304
        ]
      },
      "id": "node/7617830413"
    },
    {
      "type": "Feature",
      "properties": {
        "@id": "node/7637986181",
        "historic": "ruins",
        "name": "Ocean View"
      },
      "geometry": {
        "type": "Point",
        "coordinates": [
          -1.6161512,
          53.3679181
        ]
      },
      "id": "node/7637986181"
    },
    {
      "type": "Feature",
      "properties": {
        "@id": "node/7637986182",
        "historic": "memorial",
        "memorial": "war_memorial",
        "name": "WW1 War Memorial"
      },
      "geometry": {
        "type": "Point",
        "coordinates": [
          -1.6165473,
          53.3684795
        ]
      },
      "id": "node/7637986182"
    },
    {
      "type": "Feature",
      "properties": {
        "@id": "node/7638043432",
        "historic": "memorial",
        "inscription": "1828 Grouse and Trout",
        "material": "stone",
        "memorial": "plaque",
        "name": "Grouse and Trout Shield"
      },
      "geometry": {
        "type": "Point",
        "coordinates": [
          -1.6090831,
          53.3678975
        ]
      },
      "id": "node/7638043432"
    },
    {
      "type": "Feature",
      "properties": {
        "@id": "node/7646377253",
        "highway": "milestone",
        "historic": "milestone",
        "location": "underwater",
        "source": "https://www.geograph.org.uk/photo/6056168"
      },
      "geometry": {
        "type": "Point",
        "coordinates": [
          -1.6121598,
          53.3644809
        ]
      },
      "id": "node/7646377253"
    },
    {
      "type": "Feature",
      "properties": {
        "@id": "node/7676888866",
        "amenity": "watering_place",
        "historic": "yes"
      },
      "geometry": {
        "type": "Point",
        "coordinates": [
          -1.6307175,
          53.2796655
        ]
      },
      "id": "node/7676888866"
    },
    {
      "type": "Feature",
      "properties": {
        "@id": "node/7683260588",
        "format": "squared_stone",
        "historic": "milestone",
        "source": "GPS"
      },
      "geometry": {
        "type": "Point",
        "coordinates": [
          -1.6036178,
          53.2940307
        ]
      },
      "id": "node/7683260588"
    },
    {
      "type": "Feature",
      "properties": {
        "@id": "node/7770585289",
        "archaeological_site": "settlement",
        "historic": "archaeological_site"
      },
      "geometry": {
        "type": "Point",
        "coordinates": [
          -1.8689203,
          53.5874421
        ]
      },
      "id": "node/7770585289"
    },
    {
      "type": "Feature",
      "properties": {
        "@id": "node/7792611821",
        "historic": "memorial",
        "memorial": "war_memorial"
      },
      "geometry": {
        "type": "Point",
        "coordinates": [
          -1.6554748,
          53.2752376
        ]
      },
      "id": "node/7792611821"
    },
    {
      "type": "Feature",
      "properties": {
        "@id": "node/7804515622",
        "historic": "ruins",
        "historic:civilization": "medieval",
        "name": "Strawberry Lee Farm",
        "ruins": "farm"
      },
      "geometry": {
        "type": "Point",
        "coordinates": [
          -1.5739103,
          53.3150511
        ]
      },
      "id": "node/7804515622"
    },
    {
      "type": "Feature",
      "properties": {
        "@id": "node/7807234322",
        "heritage": "yes",
        "historic": "stone",
        "wikidata": "Q17650603"
      },
      "geometry": {
        "type": "Point",
        "coordinates": [
          -1.7399562,
          53.1321909
        ]
      },
      "id": "node/7807234322"
    },
    {
      "type": "Feature",
      "properties": {
        "@id": "node/7875070366",
        "archaeological_site": "fortification",
        "fortification_type": "hill_fort",
        "historic": "archaeological_site",
        "name": "Camp Green"
      },
      "geometry": {
        "type": "Point",
        "coordinates": [
          -1.6491416,
          53.3335725
        ]
      },
      "id": "node/7875070366"
    },
    {
      "type": "Feature",
      "properties": {
        "@id": "node/7881170705",
        "archaeological_site": "settlement",
        "historic": "archaeological_site"
      },
      "geometry": {
        "type": "Point",
        "coordinates": [
          -1.5912459,
          53.2489343
        ]
      },
      "id": "node/7881170705"
    },
    {
      "type": "Feature",
      "properties": {
        "@id": "node/7904397523",
        "access": "yes",
        "archaeological_site": "settlement",
        "historic": "archaeological_site",
        "historic:civilization": "bronze-age",
        "name": "Swine Sty"
      },
      "geometry": {
        "type": "Point",
        "coordinates": [
          -1.5959158,
          53.2717005
        ]
      },
      "id": "node/7904397523"
    },
    {
      "type": "Feature",
      "properties": {
        "@id": "node/7920784540",
        "format": "squared_stone",
        "historic": "boundary_stone",
        "inscription": "WW/WM"
      },
      "geometry": {
        "type": "Point",
        "coordinates": [
          -1.659005,
          53.3789155
        ]
      },
      "id": "node/7920784540"
    },
    {
      "type": "Feature",
      "properties": {
        "@id": "node/7920784544",
        "format": "squared_stone",
        "historic": "boundary_stone",
        "inscription": "WW/WM"
      },
      "geometry": {
        "type": "Point",
        "coordinates": [
          -1.6619653,
          53.3758217
        ]
      },
      "id": "node/7920784544"
    },
    {
      "type": "Feature",
      "properties": {
        "@id": "node/7920784545",
        "format": "squared_stone",
        "historic": "milestone"
      },
      "geometry": {
        "type": "Point",
        "coordinates": [
          -1.6536473,
          53.3908909
        ]
      },
      "id": "node/7920784545"
    },
    {
      "type": "Feature",
      "properties": {
        "@id": "node/7920784551",
        "format": "squared_stone",
        "historic": "boundary_stone",
        "inscription": "WW/WM"
      },
      "geometry": {
        "type": "Point",
        "coordinates": [
          -1.6556698,
          53.3819567
        ]
      },
      "id": "node/7920784551"
    },
    {
      "type": "Feature",
      "properties": {
        "@id": "node/7924300288",
        "historic": "milepost"
      },
      "geometry": {
        "type": "Point",
        "coordinates": [
          -1.8599926,
          53.3398349
        ]
      },
      "id": "node/7924300288"
    },
    {
      "type": "Feature",
      "properties": {
        "@id": "node/7924317007",
        "historic": "milepost"
      },
      "geometry": {
        "type": "Point",
        "coordinates": [
          -1.7384423,
          53.3468426
        ]
      },
      "id": "node/7924317007"
    },
    {
      "type": "Feature",
      "properties": {
        "@id": "node/7924317008",
        "historic": "milepost"
      },
      "geometry": {
        "type": "Point",
        "coordinates": [
          -1.7178449,
          53.3405003
        ]
      },
      "id": "node/7924317008"
    },
    {
      "type": "Feature",
      "properties": {
        "@id": "node/7924319704",
        "historic": "milepost"
      },
      "geometry": {
        "type": "Point",
        "coordinates": [
          -1.6514219,
          53.3306682
        ]
      },
      "id": "node/7924319704"
    },
    {
      "type": "Feature",
      "properties": {
        "@id": "node/7925314858",
        "format": "squared_stone",
        "historic": "boundary_stone",
        "inscription": "B"
      },
      "geometry": {
        "type": "Point",
        "coordinates": [
          -1.7382809,
          53.4768462
        ]
      },
      "id": "node/7925314858"
    },
    {
      "type": "Feature",
      "properties": {
        "@id": "node/7925314863",
        "format": "squared_stone",
        "historic": "boundary_stone",
        "inscription": "B"
      },
      "geometry": {
        "type": "Point",
        "coordinates": [
          -1.7365325,
          53.4751435
        ]
      },
      "id": "node/7925314863"
    },
    {
      "type": "Feature",
      "properties": {
        "@id": "node/7950978701",
        "historic": "ruins",
        "historic:civilization": "modern",
        "name": "Rivelin Tunnel Sighting Tower"
      },
      "geometry": {
        "type": "Point",
        "coordinates": [
          -1.686795,
          53.3713119
        ]
      },
      "id": "node/7950978701"
    },
    {
      "type": "Feature",
      "properties": {
        "@id": "node/7950978702",
        "historic": "ruins",
        "historic:civilization": "modern",
        "name": "Rivelin Tunnel Sighting Tower"
      },
      "geometry": {
        "type": "Point",
        "coordinates": [
          -1.689135,
          53.3712107
        ]
      },
      "id": "node/7950978702"
    },
    {
      "type": "Feature",
      "properties": {
        "@id": "node/8252795119",
        "historic": "stocks"
      },
      "geometry": {
        "type": "Point",
        "coordinates": [
          -1.8803801,
          53.0608168
        ]
      },
      "id": "node/8252795119"
    },
    {
      "type": "Feature",
      "properties": {
        "@id": "node/8275359337",
        "historic": "yes",
        "name": "WW2 V1 Bomb Crater"
      },
      "geometry": {
        "type": "Point",
        "coordinates": [
          -1.726864,
          53.4700414
        ]
      },
      "id": "node/8275359337"
    },
    {
      "type": "Feature",
      "properties": {
        "@id": "node/8289562754",
        "archaeological_site": "tumulus",
        "heritage": "yes",
        "historic": "archaeological_site",
        "wikidata": "Q17646648"
      },
      "geometry": {
        "type": "Point",
        "coordinates": [
          -1.8302362,
          53.2326332
        ]
      },
      "id": "node/8289562754"
    },
    {
      "type": "Feature",
      "properties": {
        "@id": "node/8289562755",
        "archaeological_site": "tumulus",
        "heritage": "yes",
        "historic": "archaeological_site",
        "wikidata": "Q17646648"
      },
      "geometry": {
        "type": "Point",
        "coordinates": [
          -1.830782,
          53.2324895
        ]
      },
      "id": "node/8289562755"
    },
    {
      "type": "Feature",
      "properties": {
        "@id": "node/8289562757",
        "archaeological_site": "tumulus",
        "heritage": "yes",
        "historic": "archaeological_site",
        "wikidata": "Q17651146"
      },
      "geometry": {
        "type": "Point",
        "coordinates": [
          -1.8383418,
          53.2194927
        ]
      },
      "id": "node/8289562757"
    },
    {
      "type": "Feature",
      "properties": {
        "@id": "node/8289562776",
        "archaeological_site": "tumulus",
        "heritage": "yes",
        "historic": "archaeological_site",
        "name": "Cronkston Low Bowl Barrow",
        "wikidata": "Q17670335"
      },
      "geometry": {
        "type": "Point",
        "coordinates": [
          -1.8265575,
          53.1937637
        ]
      },
      "id": "node/8289562776"
    },
    {
      "type": "Feature",
      "properties": {
        "@id": "node/8489706622",
        "historic": "memorial",
        "inscription": "In memory of Ken Blakeman 5th September 1946 - 2nd July 2016, Chairman of Kinder Mountain Rescue Team, who died here whilst on his way to help someone else.\nThe memorial is also in recognition of the work of all the volunteer Mountain Rescue teams both he",
        "memorial": "plaque",
        "name": "Ken’s Place"
      },
      "geometry": {
        "type": "Point",
        "coordinates": [
          -1.9146291,
          53.4120747
        ]
      },
      "id": "node/8489706622"
    },
    {
      "type": "Feature",
      "properties": {
        "@id": "node/8510891320",
        "description": "Ruins of Pipers Inn Coaching Inn on the Roman Road. Part of a trunk route between London and Manchester before the turnpikes of the 1700s.",
        "historic": "ruins",
        "name": "Ruins of Pipers Inn Coaching Inn on the Roman Road"
      },
      "geometry": {
        "type": "Point",
        "coordinates": [
          -1.6896362,
          53.1146237
        ]
      },
      "id": "node/8510891320"
    },
    {
      "type": "Feature",
      "properties": {
        "@id": "node/8529188814",
        "alt_name": "The Fiddler’s Chair",
        "archaeological_site": "megalith",
        "historic": "archaeological_site",
        "inscription": "Bill Stumps\n†0",
        "name": "The Kings Stone",
        "natural": "stone"
      },
      "geometry": {
        "type": "Point",
        "coordinates": [
          -1.6293347,
          53.1678295
        ]
      },
      "id": "node/8529188814"
    },
    {
      "type": "Feature",
      "properties": {
        "@id": "node/8592732183",
        "building": "ruins",
        "historic": "ruins"
      },
      "geometry": {
        "type": "Point",
        "coordinates": [
          -1.8523106,
          53.3641458
        ]
      },
      "id": "node/8592732183"
    },
    {
      "type": "Feature",
      "properties": {
        "@id": "node/8612663012",
        "historic": "memorial",
        "material": "stone",
        "memorial": "war_memorial"
      },
      "geometry": {
        "type": "Point",
        "coordinates": [
          -1.6202191,
          53.1909583
        ]
      },
      "id": "node/8612663012"
    },
    {
      "type": "Feature",
      "properties": {
        "@id": "node/8613230894",
        "historic": "monument",
        "name": "Old Mill Wheel"
      },
      "geometry": {
        "type": "Point",
        "coordinates": [
          -1.6774066,
          53.2158583
        ]
      },
      "id": "node/8613230894"
    },
    {
      "type": "Feature",
      "properties": {
        "@id": "node/8684440903",
        "historic": "archaeological_site",
        "name": "Robin Hood's Table"
      },
      "geometry": {
        "type": "Point",
        "coordinates": [
          -1.5866357,
          53.2755958
        ]
      },
      "id": "node/8684440903"
    },
    {
      "type": "Feature",
      "properties": {
        "@id": "node/8762793195",
        "historic": "milestone"
      },
      "geometry": {
        "type": "Point",
        "coordinates": [
          -1.6087349,
          53.2240469
        ]
      },
      "id": "node/8762793195"
    },
    {
      "type": "Feature",
      "properties": {
        "@id": "node/8822397694",
        "historic": "memorial",
        "memorial": "stone",
        "name": "Jubilee Rock",
        "natural": "rock"
      },
      "geometry": {
        "type": "Point",
        "coordinates": [
          -1.6045947,
          53.2436011
        ]
      },
      "id": "node/8822397694"
    },
    {
      "type": "Feature",
      "properties": {
        "@id": "node/8822397698",
        "historic": "boundary_stone"
      },
      "geometry": {
        "type": "Point",
        "coordinates": [
          -1.5690315,
          53.2231381
        ]
      },
      "id": "node/8822397698"
    },
    {
      "type": "Feature",
      "properties": {
        "@id": "node/8822397699",
        "historic": "boundary_stone"
      },
      "geometry": {
        "type": "Point",
        "coordinates": [
          -1.569095,
          53.2232991
        ]
      },
      "id": "node/8822397699"
    },
    {
      "type": "Feature",
      "properties": {
        "@id": "node/8833646561",
        "historic": "memorial",
        "information": "map",
        "map_type": "toposcope",
        "material": "stone",
        "tourism": "information",
        "wikimedia_commons": "File:Toposcope,_Lantern_Pike_-_geograph.org.uk_-_221318.jpg"
      },
      "geometry": {
        "type": "Point",
        "coordinates": [
          -1.9622358,
          53.3902588
        ]
      },
      "id": "node/8833646561"
    },
    {
      "type": "Feature",
      "properties": {
        "@id": "node/8905577651",
        "format": "squared_stone",
        "historic": "milestone",
        "inscription": "Hope, Edale, Glossop, Shefield\n1737",
        "name": "Hope Cross"
      },
      "geometry": {
        "type": "Point",
        "coordinates": [
          -1.7593517,
          53.3834482
        ]
      },
      "id": "node/8905577651"
    },
    {
      "type": "Feature",
      "properties": {
        "@id": "node/8997312541",
        "historic": "water_pump"
      },
      "geometry": {
        "type": "Point",
        "coordinates": [
          -1.8806006,
          53.060727
        ]
      },
      "id": "node/8997312541"
    },
    {
      "type": "Feature",
      "properties": {
        "@id": "node/9010289631",
        "historic": "memorial",
        "name": "Walter Whiston Bullock"
      },
      "geometry": {
        "type": "Point",
        "coordinates": [
          -2.0584365,
          53.2504875
        ]
      },
      "id": "node/9010289631"
    },
    {
      "type": "Feature",
      "properties": {
        "@id": "node/9091350192",
        "archaeological_site": "tumulus",
        "historic": "archaeological_site",
        "name": "tumulus",
        "source": "NLS-OS-1st_Series"
      },
      "geometry": {
        "type": "Point",
        "coordinates": [
          -1.9092618,
          53.2127799
        ]
      },
      "id": "node/9091350192"
    },
    {
      "type": "Feature",
      "properties": {
        "@id": "node/9091350349",
        "archaeological_site": "tumulus",
        "historic": "archaeological_site",
        "name": "tumulus",
        "source": "NLS-OS-1st_Series"
      },
      "geometry": {
        "type": "Point",
        "coordinates": [
          -1.9278227,
          53.2199489
        ]
      },
      "id": "node/9091350349"
    },
    {
      "type": "Feature",
      "properties": {
        "@id": "node/9091350429",
        "archaeological_site": "tumulus",
        "historic": "archaeological_site",
        "name": "tumulus",
        "source": "NLS-OS-1st_Series"
      },
      "geometry": {
        "type": "Point",
        "coordinates": [
          -1.9101201,
          53.2183814
        ]
      },
      "id": "node/9091350429"
    },
    {
      "type": "Feature",
      "properties": {
        "@id": "node/9091552314",
        "description": "Tentative. Known lead mining to SE. Fringin spoil heap visible on aerial imagery very characteristic",
        "historic": "mine_shaft",
        "mineral": "lead",
        "source": "Bing"
      },
      "geometry": {
        "type": "Point",
        "coordinates": [
          -1.9171137,
          53.213637
        ]
      },
      "id": "node/9091552314"
    },
    {
      "type": "Feature",
      "properties": {
        "@id": "node/9091572205",
        "description": "Tentative. Known lead mining in next field. Fringing spoil heap visible on aerial imagery very characteristic",
        "historic": "mine_shaft",
        "mineral": "lead",
        "source": "Bing"
      },
      "geometry": {
        "type": "Point",
        "coordinates": [
          -1.8952946,
          53.2143662
        ]
      },
      "id": "node/9091572205"
    },
    {
      "type": "Feature",
      "properties": {
        "@id": "node/9091572206",
        "description": "Tentative. Known lead mining in next field. Fringing spoil heap visible on aerial imagery very characteristic",
        "historic": "mine_shaft",
        "mineral": "lead",
        "source": "Bing"
      },
      "geometry": {
        "type": "Point",
        "coordinates": [
          -1.8962709,
          53.2161041
        ]
      },
      "id": "node/9091572206"
    },
    {
      "type": "Feature",
      "properties": {
        "@id": "node/9091572211",
        "description": "Known lead mining in this field. Fringing spoil heap visible on aerial imagery very characteristic",
        "historic": "mine_shaft",
        "mineral": "lead",
        "source": "Bing"
      },
      "geometry": {
        "type": "Point",
        "coordinates": [
          -1.8941654,
          53.2134829
        ]
      },
      "id": "node/9091572211"
    },
    {
      "type": "Feature",
      "properties": {
        "@id": "node/9091572212",
        "description": "Known lead mining in this field. Fringing spoil heap visible on aerial imagery very characteristic",
        "historic": "mine_shaft",
        "mineral": "lead",
        "source": "Bing"
      },
      "geometry": {
        "type": "Point",
        "coordinates": [
          -1.8954314,
          53.2140563
        ]
      },
      "id": "node/9091572212"
    },
    {
      "type": "Feature",
      "properties": {
        "@id": "node/9091572214",
        "description": "Known lead mining in this field. Fringing spoil heap visible on aerial imagery very characteristic",
        "historic": "mine_shaft",
        "mineral": "lead",
        "source": "Bing"
      },
      "geometry": {
        "type": "Point",
        "coordinates": [
          -1.8952222,
          53.2140081
        ]
      },
      "id": "node/9091572214"
    },
    {
      "type": "Feature",
      "properties": {
        "@id": "node/9091572215",
        "description": "Known lead mining in this field. Fringing spoil heap visible on aerial imagery very characteristic",
        "historic": "mine_shaft",
        "mineral": "lead",
        "source": "Bing"
      },
      "geometry": {
        "type": "Point",
        "coordinates": [
          -1.8949969,
          53.2139728
        ]
      },
      "id": "node/9091572215"
    },
    {
      "type": "Feature",
      "properties": {
        "@id": "node/9091579883",
        "description": "Known lead mining in this field. Fringing spoil heap visible on aerial imagery very characteristic",
        "historic": "mine_shaft",
        "mineral": "lead",
        "source": "Bing"
      },
      "geometry": {
        "type": "Point",
        "coordinates": [
          -1.8942096,
          53.213833
        ]
      },
      "id": "node/9091579883"
    },
    {
      "type": "Feature",
      "properties": {
        "@id": "node/9091579887",
        "description": "Known lead mining in next field. Fringing spoil heap visible on aerial imagery very characteristic",
        "historic": "mine_shaft",
        "mineral": "lead",
        "source": "Bing"
      },
      "geometry": {
        "type": "Point",
        "coordinates": [
          -1.8934533,
          53.2119023
        ]
      },
      "id": "node/9091579887"
    },
    {
      "type": "Feature",
      "properties": {
        "@id": "node/9091579894",
        "description": "Known lead mining in next field. Fringing spoil heap visible on aerial imagery very characteristic",
        "historic": "mine_shaft",
        "mineral": "lead",
        "source": "Bing"
      },
      "geometry": {
        "type": "Point",
        "coordinates": [
          -1.8935069,
          53.2118702
        ]
      },
      "id": "node/9091579894"
    },
    {
      "type": "Feature",
      "properties": {
        "@id": "node/9091579900",
        "description": "Known lead mining in next field. Fringing spoil heap visible on aerial imagery very characteristic",
        "historic": "mine_shaft",
        "mineral": "lead",
        "source": "Bing"
      },
      "geometry": {
        "type": "Point",
        "coordinates": [
          -1.8935767,
          53.211822
        ]
      },
      "id": "node/9091579900"
    },
    {
      "type": "Feature",
      "properties": {
        "@id": "node/9091579908",
        "description": "Known lead mining in next field. Fringing spoil heap visible on aerial imagery very characteristic",
        "historic": "mine_shaft",
        "mineral": "lead",
        "source": "Bing"
      },
      "geometry": {
        "type": "Point",
        "coordinates": [
          -1.8934104,
          53.2119328
        ]
      },
      "id": "node/9091579908"
    },
    {
      "type": "Feature",
      "properties": {
        "@id": "node/9091579911",
        "description": "Known lead mining in next field. Fringing spoil heap visible on aerial imagery very characteristic",
        "historic": "mine_shaft",
        "mineral": "lead",
        "source": "Bing"
      },
      "geometry": {
        "type": "Point",
        "coordinates": [
          -1.8933433,
          53.2119778
        ]
      },
      "id": "node/9091579911"
    },
    {
      "type": "Feature",
      "properties": {
        "@id": "node/9091580792",
        "description": "Known lead mining in next field. Fringing spoil heap visible on aerial imagery very characteristic",
        "historic": "mine_shaft",
        "mineral": "lead",
        "source": "Bing"
      },
      "geometry": {
        "type": "Point",
        "coordinates": [
          -1.8856348,
          53.2102351
        ]
      },
      "id": "node/9091580792"
    },
    {
      "type": "Feature",
      "properties": {
        "@id": "node/9091580793",
        "description": "Known lead mining in next field. Fringing spoil heap visible on aerial imagery very characteristic",
        "historic": "mine_shaft",
        "mineral": "lead",
        "source": "Bing"
      },
      "geometry": {
        "type": "Point",
        "coordinates": [
          -1.8855515,
          53.2099233
        ]
      },
      "id": "node/9091580793"
    },
    {
      "type": "Feature",
      "properties": {
        "@id": "node/9091580794",
        "archaeological_site": "tumulus",
        "historic": "archaeological_site",
        "name": "tumulus",
        "source": "OS Derbyshire XXII.SW, publ 1924"
      },
      "geometry": {
        "type": "Point",
        "coordinates": [
          -1.8872334,
          53.2130555
        ]
      },
      "id": "node/9091580794"
    },
    {
      "type": "Feature",
      "properties": {
        "@id": "node/9091580796",
        "description": "Known lead mining in next field. Fringing spoil heap visible on aerial imagery very characteristic",
        "historic": "mine_shaft",
        "mineral": "lead",
        "source": "Bing"
      },
      "geometry": {
        "type": "Point",
        "coordinates": [
          -1.885809,
          53.2109979
        ]
      },
      "id": "node/9091580796"
    },
    {
      "type": "Feature",
      "properties": {
        "@id": "node/9091580797",
        "description": "Known lead mining in next field. Fringing spoil heap visible on aerial imagery very characteristic",
        "historic": "mine_shaft",
        "mineral": "lead",
        "source": "Bing"
      },
      "geometry": {
        "type": "Point",
        "coordinates": [
          -1.8855193,
          53.209851
        ]
      },
      "id": "node/9091580797"
    },
    {
      "type": "Feature",
      "properties": {
        "@id": "node/9091580800",
        "description": "Known lead mining in next field. Fringing spoil heap visible on aerial imagery very characteristic",
        "historic": "mine_shaft",
        "mineral": "lead",
        "source": "Bing"
      },
      "geometry": {
        "type": "Point",
        "coordinates": [
          -1.8858412,
          53.2115714
        ]
      },
      "id": "node/9091580800"
    },
    {
      "type": "Feature",
      "properties": {
        "@id": "node/9091580801",
        "description": "Known lead mining in next field. Fringing spoil heap visible on aerial imagery very characteristic",
        "historic": "mine_shaft",
        "mineral": "lead",
        "source": "Bing"
      },
      "geometry": {
        "type": "Point",
        "coordinates": [
          -1.885809,
          53.2111924
        ]
      },
      "id": "node/9091580801"
    },
    {
      "type": "Feature",
      "properties": {
        "@id": "node/9091580803",
        "description": "Known lead mining in next field. Fringing spoil heap visible on aerial imagery very characteristic",
        "historic": "mine_shaft",
        "mineral": "lead",
        "source": "Bing"
      },
      "geometry": {
        "type": "Point",
        "coordinates": [
          -1.8857875,
          53.2108502
        ]
      },
      "id": "node/9091580803"
    },
    {
      "type": "Feature",
      "properties": {
        "@id": "node/9091580804",
        "description": "Known lead mining in next field. Fringing spoil heap visible on aerial imagery very characteristic",
        "historic": "mine_shaft",
        "mineral": "lead",
        "source": "Bing"
      },
      "geometry": {
        "type": "Point",
        "coordinates": [
          -1.8858117,
          53.21112
        ]
      },
      "id": "node/9091580804"
    },
    {
      "type": "Feature",
      "properties": {
        "@id": "node/9091580817",
        "description": "Known lead mining in this field. Fringing spoil heap visible on aerial imagery very characteristic",
        "historic": "mine_shaft",
        "mineral": "lead",
        "source": "Bing"
      },
      "geometry": {
        "type": "Point",
        "coordinates": [
          -1.8942325,
          53.2134635
        ]
      },
      "id": "node/9091580817"
    },
    {
      "type": "Feature",
      "properties": {
        "@id": "node/9091580820",
        "description": "Tentative. Known lead mining in next field. Fringing spoil heap visible on aerial imagery very characteristic",
        "historic": "mine_shaft",
        "mineral": "lead",
        "source": "Bing"
      },
      "geometry": {
        "type": "Point",
        "coordinates": [
          -1.8961663,
          53.2147436
        ]
      },
      "id": "node/9091580820"
    },
    {
      "type": "Feature",
      "properties": {
        "@id": "node/9091580821",
        "description": "Known lead mining in this field. Fringing spoil heap visible on aerial imagery very characteristic",
        "historic": "mine_shaft",
        "mineral": "lead",
        "source": "Bing"
      },
      "geometry": {
        "type": "Point",
        "coordinates": [
          -1.8950747,
          53.2139888
        ]
      },
      "id": "node/9091580821"
    },
    {
      "type": "Feature",
      "properties": {
        "@id": "node/9091580822",
        "description": "Known lead mining in this field. Fringing spoil heap visible on aerial imagery very characteristic",
        "historic": "mine_shaft",
        "mineral": "lead",
        "source": "Bing"
      },
      "geometry": {
        "type": "Point",
        "coordinates": [
          -1.8943961,
          53.2137897
        ]
      },
      "id": "node/9091580822"
    },
    {
      "type": "Feature",
      "properties": {
        "@id": "node/9091580824",
        "description": "Tentative. Known lead mining in next field. Fringing spoil heap visible on aerial imagery very characteristic",
        "historic": "mine_shaft",
        "mineral": "lead",
        "source": "Bing"
      },
      "geometry": {
        "type": "Point",
        "coordinates": [
          -1.8959759,
          53.2159869
        ]
      },
      "id": "node/9091580824"
    },
    {
      "type": "Feature",
      "properties": {
        "@id": "node/9091580826",
        "description": "Known lead mining in this field. Fringing spoil heap visible on aerial imagery very characteristic",
        "historic": "mine_shaft",
        "mineral": "lead",
        "source": "Bing"
      },
      "geometry": {
        "type": "Point",
        "coordinates": [
          -1.8942888,
          53.2134572
        ]
      },
      "id": "node/9091580826"
    },
    {
      "type": "Feature",
      "properties": {
        "@id": "node/9091580828",
        "description": "Tentative. Known lead mining in next field. Fringing spoil heap visible on aerial imagery very characteristic",
        "historic": "mine_shaft",
        "mineral": "lead",
        "source": "Bing"
      },
      "geometry": {
        "type": "Point",
        "coordinates": [
          -1.8960242,
          53.2161554
        ]
      },
      "id": "node/9091580828"
    },
    {
      "type": "Feature",
      "properties": {
        "@id": "node/9091580830",
        "description": "Known lead mining in this field. Fringing spoil heap visible on aerial imagery very characteristic",
        "historic": "mine_shaft",
        "mineral": "lead",
        "source": "Bing"
      },
      "geometry": {
        "type": "Point",
        "coordinates": [
          -1.8953375,
          53.2140289
        ]
      },
      "id": "node/9091580830"
    },
    {
      "type": "Feature",
      "properties": {
        "@id": "node/9091587430",
        "archaeological_site": "lime_kiln",
        "historic": "archaeological_site",
        "name": "lime kiln",
        "source": "OS Derbyshire XXII.SW, publ 1924"
      },
      "geometry": {
        "type": "Point",
        "coordinates": [
          -1.8935793,
          53.2099747
        ]
      },
      "id": "node/9091587430"
    },
    {
      "type": "Feature",
      "properties": {
        "@id": "node/9103944272",
        "historic": "memorial"
      },
      "geometry": {
        "type": "Point",
        "coordinates": [
          -1.9000889,
          53.4921783
        ]
      },
      "id": "node/9103944272"
    },
    {
      "type": "Feature",
      "properties": {
        "@id": "node/9104219527",
        "historic": "memorial",
        "memorial": "war_memorial"
      },
      "geometry": {
        "type": "Point",
        "coordinates": [
          -1.9676431,
          53.4728156
        ]
      },
      "id": "node/9104219527"
    },
    {
      "type": "Feature",
      "properties": {
        "@id": "node/9105404208",
        "historic": "well",
        "name": "Thornhill Town Well"
      },
      "geometry": {
        "type": "Point",
        "coordinates": [
          -1.7028933,
          53.3487063
        ]
      },
      "id": "node/9105404208"
    },
    {
      "type": "Feature",
      "properties": {
        "@id": "node/9128864510",
        "historic": "memorial",
        "inscription": "Walter Smith\n1872 - 1949\nHistorian of Macclesfield and lover of the countryside\n\"We clamb the hills tegither\"\nBurns",
        "material": "stone",
        "memorial": "stone",
        "name": "Walter Smith"
      },
      "geometry": {
        "type": "Point",
        "coordinates": [
          -2.034894,
          53.2400096
        ]
      },
      "id": "node/9128864510"
    },
    {
      "type": "Feature",
      "properties": {
        "@id": "node/9192625441",
        "historic": "ruins",
        "historic:civilization": "modern",
        "name": "Rivelin Tunnel Sighting Tower"
      },
      "geometry": {
        "type": "Point",
        "coordinates": [
          -1.6086272,
          53.374653
        ]
      },
      "id": "node/9192625441"
    },
    {
      "type": "Feature",
      "properties": {
        "@id": "node/9346170882",
        "amenity": "watering_place",
        "historic": "yes"
      },
      "geometry": {
        "type": "Point",
        "coordinates": [
          -1.6788653,
          53.2878472
        ]
      },
      "id": "node/9346170882"
    },
    {
      "type": "Feature",
      "properties": {
        "@id": "node/9452344785",
        "HE_ref": "1109911",
        "historic": "stocks",
        "listed_status": "Grade II",
        "ref:he": "1109911",
        "wikidata": "Q26403587"
      },
      "geometry": {
        "type": "Point",
        "coordinates": [
          -1.7130146,
          53.2437742
        ]
      },
      "id": "node/9452344785"
    },
    {
      "type": "Feature",
      "properties": {
        "@id": "node/9453568928",
        "historic": "memorial",
        "memorial": "war_memorial"
      },
      "geometry": {
        "type": "Point",
        "coordinates": [
          -1.7094972,
          53.2240796
        ]
      },
      "id": "node/9453568928"
    },
    {
      "type": "Feature",
      "properties": {
        "@id": "node/9464137284",
        "historic": "memorial",
        "memorial": "war_memorial"
      },
      "geometry": {
        "type": "Point",
        "coordinates": [
          -1.6408635,
          53.1752743
        ]
      },
      "id": "node/9464137284"
    },
    {
      "type": "Feature",
      "properties": {
        "@id": "node/9652150682",
        "historic": "wayside_cross",
        "name": "Whibbersley Cross",
        "source": "survey;gps"
      },
      "geometry": {
        "type": "Point",
        "coordinates": [
          -1.558,
          53.25091
        ]
      },
      "id": "node/9652150682"
    },
    {
      "type": "Feature",
      "properties": {
        "@id": "node/9864263061",
        "boundary": "marker",
        "historic": "yes",
        "man_made": "pole"
      },
      "geometry": {
        "type": "Point",
        "coordinates": [
          -1.5994643,
          53.3082496
        ]
      },
      "id": "node/9864263061"
    },
    {
      "type": "Feature",
      "properties": {
        "@id": "node/9864265432",
        "format": "squared_stone",
        "historic": "milestone",
        "note": "might be mile stone but there are not distances.",
        "note2": "As dudone says, it is not strictly in milestone, but perhaps that is the best way to mop it? It is a guide post with the directions of local towns.",
        "source": "GPS",
        "type": "guidepost"
      },
      "geometry": {
        "type": "Point",
        "coordinates": [
          -1.6095829,
          53.3108795
        ]
      },
      "id": "node/9864265432"
    },
    {
      "type": "Feature",
      "properties": {
        "@id": "node/9864265531",
        "historic": "milestone",
        "note": "might be boundary stone as not miles"
      },
      "geometry": {
        "type": "Point",
        "coordinates": [
          -1.6036083,
          53.3174855
        ]
      },
      "id": "node/9864265531"
    },
    {
      "type": "Feature",
      "properties": {
        "@id": "node/9864265532",
        "historic": "milestone"
      },
      "geometry": {
        "type": "Point",
        "coordinates": [
          -1.6052324,
          53.3165313
        ]
      },
      "id": "node/9864265532"
    },
    {
      "type": "Feature",
      "properties": {
        "@id": "node/10030113503",
        "historic": "memorial",
        "memorial": "war_memorial"
      },
      "geometry": {
        "type": "Point",
        "coordinates": [
          -1.6950945,
          53.1947217
        ]
      },
      "id": "node/10030113503"
    },
    {
      "type": "Feature",
      "properties": {
        "@id": "node/10030113507",
        "historic": "yes",
        "man_made": "water_well"
      },
      "geometry": {
        "type": "Point",
        "coordinates": [
          -1.6921172,
          53.1941399
        ]
      },
      "id": "node/10030113507"
    },
    {
      "type": "Feature",
      "properties": {
        "@id": "node/10039872594",
        "archaeological_site": "tumulus",
        "ele": "358",
        "historic": "archaeological_site",
        "name": "Wetton Hill (West)",
        "natural": "peak"
      },
      "geometry": {
        "type": "Point",
        "coordinates": [
          -1.8447314,
          53.1034209
        ]
      },
      "id": "node/10039872594"
    },
    {
      "type": "Feature",
      "properties": {
        "@id": "node/10052093528",
        "historic": "ruins",
        "historic:civilization": "roman",
        "ruins": "house"
      },
      "geometry": {
        "type": "Point",
        "coordinates": [
          -1.70304,
          53.109235
        ]
      },
      "id": "node/10052093528"
    },
    {
      "type": "Feature",
      "properties": {
        "@id": "node/10052118454",
        "archaeological_site": "megalith",
        "historic": "archaeological_site",
        "megalith_type": "dolmen"
      },
      "geometry": {
        "type": "Point",
        "coordinates": [
          -1.6885401,
          53.112326
        ]
      },
      "id": "node/10052118454"
    },
    {
      "type": "Feature",
      "properties": {
        "@id": "node/10052118455",
        "archaeological_site": "megalith",
        "historic": "archaeological_site",
        "megalith_type": "dolmen"
      },
      "geometry": {
        "type": "Point",
        "coordinates": [
          -1.6885574,
          53.1122338
        ]
      },
      "id": "node/10052118455"
    },
    {
      "type": "Feature",
      "properties": {
        "@id": "node/10052118456",
        "archaeological_site": "megalith",
        "historic": "archaeological_site",
        "megalith_type": "dolmen"
      },
      "geometry": {
        "type": "Point",
        "coordinates": [
          -1.6890452,
          53.1125633
        ]
      },
      "id": "node/10052118456"
    },
    {
      "type": "Feature",
      "properties": {
        "@id": "node/10052123394",
        "historic": "ruins",
        "ruins": "industrial"
      },
      "geometry": {
        "type": "Point",
        "coordinates": [
          -1.6950637,
          53.1115945
        ]
      },
      "id": "node/10052123394"
    },
    {
      "type": "Feature",
      "properties": {
        "@id": "node/10095503322",
        "historic": "boundary_stone"
      },
      "geometry": {
        "type": "Point",
        "coordinates": [
          -1.7909308,
          53.3545046
        ]
      },
      "id": "node/10095503322"
    },
    {
      "type": "Feature",
      "properties": {
        "@id": "node/10095627809",
        "historic": "boundary_stone"
      },
      "geometry": {
        "type": "Point",
        "coordinates": [
          -1.7769061,
          53.3464001
        ]
      },
      "id": "node/10095627809"
    },
    {
      "type": "Feature",
      "properties": {
        "@id": "node/10140040984",
        "historic": "monument",
        "name": "Smiths Rodley Crane"
      },
      "geometry": {
        "type": "Point",
        "coordinates": [
          -1.6949497,
          53.1154728
        ]
      },
      "id": "node/10140040984"
    },
    {
      "type": "Feature",
      "properties": {
        "@id": "node/10164177884",
        "historic": "memorial",
        "memorial": "war_memorial"
      },
      "geometry": {
        "type": "Point",
        "coordinates": [
          -1.7699714,
          53.1310562
        ]
      },
      "id": "node/10164177884"
    },
    {
      "type": "Feature",
      "properties": {
        "@id": "node/10189088628",
        "abandoned": "yes",
        "historic": "wayside_cross",
        "material": "stone"
      },
      "geometry": {
        "type": "Point",
        "coordinates": [
          -1.9569451,
          53.4102305
        ]
      },
      "id": "node/10189088628"
    },
    {
      "type": "Feature",
      "properties": {
        "@id": "node/10253575730",
        "format": "squared_stone",
        "highway": "milestone",
        "historic": "milestone",
        "inscription": "Sheffield Rode",
        "source": "survey",
        "type": "guidepost"
      },
      "geometry": {
        "type": "Point",
        "coordinates": [
          -1.6487727,
          53.2238752
        ]
      },
      "id": "node/10253575730"
    },
    {
      "type": "Feature",
      "properties": {
        "@id": "node/10271720119",
        "format": "squared_stone",
        "historic": "milestone",
        "inscription": "Chesterfield E",
        "source": "GPS",
        "type": "guidepost"
      },
      "geometry": {
        "type": "Point",
        "coordinates": [
          -1.590212,
          53.2625618
        ]
      },
      "id": "node/10271720119"
    },
    {
      "type": "Feature",
      "properties": {
        "@id": "node/10656754944",
        "historic": "memorial",
        "material": "stone",
        "memorial": "memorial",
        "name": "Blenheim L1476 memorial"
      },
      "geometry": {
        "type": "Point",
        "coordinates": [
          -1.876402,
          53.469723
        ]
      },
      "id": "node/10656754944"
    },
    {
      "type": "Feature",
      "properties": {
        "@id": "node/10967821640",
        "amenity": "watering_place",
        "historic": "yes",
        "name": "Water Lane Troughs"
      },
      "geometry": {
        "type": "Point",
        "coordinates": [
          -1.6704694,
          53.2854161
        ]
      },
      "id": "node/10967821640"
    },
    {
      "type": "Feature",
      "properties": {
        "@id": "node/11035747305",
        "access": "yes",
        "denomination": "catholic",
        "historic": "wayside_shrine",
        "name": "Goyt's Lane Shrine",
        "religion": "christian",
        "website": "https://derbyshireheritage.co.uk/curiosities/shrine-on-goyts-lane/"
      },
      "geometry": {
        "type": "Point",
        "coordinates": [
          -1.9584992,
          53.2748252
        ]
      },
      "id": "node/11035747305"
    },
    {
      "type": "Feature",
      "properties": {
        "@id": "node/11070094467",
        "format": "squared_stone",
        "historic": "milestone",
        "source": "GPS"
      },
      "geometry": {
        "type": "Point",
        "coordinates": [
          -1.6076272,
          53.2685867
        ]
      },
      "id": "node/11070094467"
    },
    {
      "type": "Feature",
      "properties": {
        "@id": "node/11083920544",
        "historic": "industrial",
        "man_made": "kiln",
        "source": "survey"
      },
      "geometry": {
        "type": "Point",
        "coordinates": [
          -1.6941766,
          53.1131317
        ]
      },
      "id": "node/11083920544"
    },
    {
      "type": "Feature",
      "properties": {
        "@id": "node/11190640939",
        "HE_ref": "1013479;1232106",
        "archaeological_site": "megalith",
        "historic": "archaeological_site",
        "listed_status": "Grade II;scheduled monument",
        "megalith_type": "menhir",
        "name": "Murder Stone",
        "wikidata": "Q17676715"
      },
      "geometry": {
        "type": "Point",
        "coordinates": [
          -2.024657,
          53.3266665
        ]
      },
      "id": "node/11190640939"
    },
    {
      "type": "Feature",
      "properties": {
        "@id": "node/11197295697",
        "access": "yes",
        "historic": "aircraft_wreck",
        "manufacturer": "Canadair",
        "model": "Sabre",
        "model:wikipedia": "Canadair_Sabre",
        "name": "RCAF Sabre Mk. 2 19234 (wreckage)",
        "ref": "19234",
        "source": "survey",
        "website": "https://www.peakdistrictaircrashes.co.uk/crash_sites/peak-district/north-american-sabre-19234-black-hill/",
        "wreck:type": "plane"
      },
      "geometry": {
        "type": "Point",
        "coordinates": [
          -1.8641804,
          53.5422072
        ]
      },
      "id": "node/11197295697"
    },
    {
      "type": "Feature",
      "properties": {
        "@id": "node/11249823982",
        "historic": "memorial",
        "information": "map",
        "map_type": "toposcope",
        "material": "stone",
        "openplaques:id": "59365"
      },
      "geometry": {
        "type": "Point",
        "coordinates": [
          -2.0399668,
          53.3315955
        ]
      },
      "id": "node/11249823982"
    },
    {
      "type": "Feature",
      "properties": {
        "@id": "node/11271170491",
        "access": "private",
        "historic": "ruins",
        "historic:civilization": "modern",
        "name": "Round House",
        "ruins": "building"
      },
      "geometry": {
        "type": "Point",
        "coordinates": [
          -1.725365,
          53.5074273
        ]
      },
      "id": "node/11271170491"
    },
    {
      "type": "Feature",
      "properties": {
        "@id": "node/11395204896",
        "historic": "millstone",
        "wikimedia_commons": "File:Discarded millstone below Stanage Edge - geograph.org.uk - 4761582.jpg"
      },
      "geometry": {
        "type": "Point",
        "coordinates": [
          -1.6574535,
          53.3623769
        ]
      },
      "id": "node/11395204896"
    },
    {
      "type": "Feature",
      "properties": {
        "@id": "node/11508800144",
        "historic": "pump"
      },
      "geometry": {
        "type": "Point",
        "coordinates": [
          -1.7011674,
          53.2428167
        ]
      },
      "id": "node/11508800144"
    },
    {
      "type": "Feature",
      "properties": {
        "@id": "node/11698659059",
        "historic": "iron_age_fort"
      },
      "geometry": {
        "type": "Point",
        "coordinates": [
          -1.7400437,
          53.3226385
        ]
      },
      "id": "node/11698659059"
    },
    {
      "type": "Feature",
      "properties": {
        "@id": "node/11841509277",
        "historic": "memorial",
        "inscription": "The Derwent Valley Water Board\nLadybower Reservoir\nInaugurated by His Majesty King George VI\n25 September 1945",
        "memorial": "plaque",
        "name": "Derwent Valley Water Board"
      },
      "geometry": {
        "type": "Point",
        "coordinates": [
          -1.6983242,
          53.3656196
        ]
      },
      "id": "node/11841509277"
    },
    {
      "type": "Feature",
      "properties": {
        "@id": "node/11844609132",
        "historic": "millstone",
        "note": "Probably about 100 millstones here."
      },
      "geometry": {
        "type": "Point",
        "coordinates": [
          -1.629145,
          53.3154654
        ]
      },
      "id": "node/11844609132"
    },
    {
      "type": "Feature",
      "properties": {
        "@id": "node/11887083905",
        "amenity": "bench",
        "backrest": "yes",
        "colour": "brown",
        "historic": "memorial",
        "image": "https://openbenches.org/image/3a8718e165b82fff042a5de627b25e10313310ef.jpg",
        "inscription": "IN MEMORY OF GEORGE CALLADINE 1974 ROSAMOND CALLADINE !992",
        "material": "wood",
        "memorial": "bench",
        "openbenches:id": "22982"
      },
      "geometry": {
        "type": "Point",
        "coordinates": [
          -1.6755605,
          53.2139743
        ]
      },
      "id": "node/11887083905"
    },
    {
      "type": "Feature",
      "properties": {
        "@id": "node/11887083908",
        "amenity": "bench",
        "backrest": "yes",
        "colour": "brown",
        "historic": "memorial",
        "image": "https://openbenches.org/image/4575fce0d5d2058fbbdcba4c033551d49bff0b9c.jpg",
        "inscription": "In Loving Memory                  In Loving Memory of                                                  of  Jeff & Myra Birkhead             Wilf & Jennie Walker who loved to visit Bakewell   who lived in Bakewell",
        "inscription:1": "for many years",
        "material": "wood",
        "memorial": "bench",
        "openbenches:id": "22984"
      },
      "geometry": {
        "type": "Point",
        "coordinates": [
          -1.6753699,
          53.2139593
        ]
      },
      "id": "node/11887083908"
    },
    {
      "type": "Feature",
      "properties": {
        "@id": "node/11887083930",
        "historic": "memorial",
        "material": "stone",
        "memorial": "war_memorial"
      },
      "geometry": {
        "type": "Point",
        "coordinates": [
          -1.675645,
          53.2133608
        ]
      },
      "id": "node/11887083930"
    },
    {
      "type": "Feature",
      "properties": {
        "@id": "node/11932758065",
        "historic": "memorial",
        "memorial": "stone"
      },
      "geometry": {
        "type": "Point",
        "coordinates": [
          -2.0414825,
          53.2870991
        ]
      },
      "id": "node/11932758065"
    },
    {
      "type": "Feature",
      "properties": {
        "@id": "node/12133789513",
        "historic": "lime_kiln"
      },
      "geometry": {
        "type": "Point",
        "coordinates": [
          -1.6866291,
          53.1480838
        ]
      },
      "id": "node/12133789513"
    },
    {
      "type": "Feature",
      "properties": {
        "@id": "node/12168809135",
        "historic": "milepost"
      },
      "geometry": {
        "type": "Point",
        "coordinates": [
          -1.8120803,
          53.3451346
        ]
      },
      "id": "node/12168809135"
    },
    {
      "type": "Feature",
      "properties": {
        "@id": "node/12168826639",
        "historic": "memorial",
        "memorial": "war_memorial"
      },
      "geometry": {
        "type": "Point",
        "coordinates": [
          -1.739324,
          53.3264414
        ]
      },
      "id": "node/12168826639"
    },
    {
      "type": "Feature",
      "properties": {
        "@id": "node/12677584973",
        "historic": "memorial",
        "memorial": "plaque"
      },
      "geometry": {
        "type": "Point",
        "coordinates": [
          -1.5847497,
          53.3214743
        ]
      },
      "id": "node/12677584973"
    },
    {
      "type": "Feature",
      "properties": {
        "@id": "node/12771941564",
        "amenity": "watering_place",
        "historic": "yes"
      },
      "geometry": {
        "type": "Point",
        "coordinates": [
          -1.6283537,
          53.1099841
        ]
      },
      "id": "node/12771941564"
    },
    {
      "type": "Feature",
      "properties": {
        "@id": "node/12921065874",
        "historic": "memorial",
        "material": "stone",
        "memorial": "sculpture"
      },
      "geometry": {
        "type": "Point",
        "coordinates": [
          -1.6057318,
          53.3149355
        ]
      },
      "id": "node/12921065874"
    },
    {
      "type": "Feature",
      "properties": {
        "@id": "node/13056147255",
        "historic": "memorial",
        "name": "The Headless Cross"
      },
      "geometry": {
        "type": "Point",
        "coordinates": [
          -1.6047492,
          53.222634
        ]
      },
      "id": "node/13056147255"
    },
    {
      "type": "Feature",
      "properties": {
        "@id": "node/13099255843",
        "historic": "boundary_stone"
      },
      "geometry": {
        "type": "Point",
        "coordinates": [
          -1.9882129,
          53.309559
        ]
      },
      "id": "node/13099255843"
    },
    {
      "type": "Feature",
      "properties": {
        "@id": "node/13313187775",
        "historic": "memorial"
      },
      "geometry": {
        "type": "Point",
        "coordinates": [
          -1.7482304,
          53.1842204
        ]
      },
      "id": "node/13313187775"
    },
    {
      "type": "Feature",
      "properties": {
        "@id": "node/13374507898",
        "description": "Airspeed Oxford Mk.I (HN594)",
        "historic": "aircraft_wreck"
      },
      "geometry": {
        "type": "Point",
        "coordinates": [
          -1.8784135,
          53.3635691
        ]
      },
      "id": "node/13374507898"
    },
    {
      "type": "Feature",
      "properties": {
        "@id": "node/13433465399",
        "historic": "boundary_stone",
        "material": "stone",
        "wikidata": "Q26511295"
      },
      "geometry": {
        "type": "Point",
        "coordinates": [
          -1.925653,
          53.5531532
        ]
      },
      "id": "node/13433465399"
    },
    {
      "type": "Feature",
      "properties": {
        "@id": "node/13440516123",
        "description": "Meteor F. Mk.4 RA487",
        "historic": "aircraft_wreck"
      },
      "geometry": {
        "type": "Point",
        "coordinates": [
          -1.7521943,
          53.3978958
        ]
      },
      "id": "node/13440516123"
    },
    {
      "type": "Feature",
      "properties": {
        "@id": "node/13440516124",
        "description": "Halifax Mk.II HR727 wreckage",
        "historic": "aircraft_wreck",
        "name": "Halifax Mk.II HR727 (wreckage)"
      },
      "geometry": {
        "type": "Point",
        "coordinates": [
          -1.8044919,
          53.385357
        ]
      },
      "id": "node/13440516124"
    },
    {
      "type": "Feature",
      "properties": {
        "@id": "node/13440516125",
        "description": "Wellington Mk.III X3348 wreckage",
        "historic": "aircraft_wreck",
        "name": "Wellington Mk.III X3348 (wreckage)"
      },
      "geometry": {
        "type": "Point",
        "coordinates": [
          -1.8089957,
          53.3849617
        ]
      },
      "id": "node/13440516125"
    },
    {
      "type": "Feature",
      "properties": {
        "@id": "node/13440516126",
        "description": "Blackburn Botha W5103 {wreckage)",
        "historic": "aircraft_wreck"
      },
      "geometry": {
        "type": "Point",
        "coordinates": [
          -1.8346966,
          53.4743912
        ]
      },
      "id": "node/13440516126"
    },
    {
      "type": "Feature",
      "properties": {
        "@id": "node/13440516127",
        "description": "De Havilland Dragon Rapide G-ALBC wreckage",
        "historic": "aircraft_wreck",
        "name": "De Havilland Dragon Rapide G-ALBC wreckage"
      },
      "geometry": {
        "type": "Point",
        "coordinates": [
          -1.8487708,
          53.391011
        ]
      },
      "id": "node/13440516127"
    },
    {
      "type": "Feature",
      "properties": {
        "@id": "node/13440516128",
        "description": "Avro Anson Mk.XI NL185 wreckage",
        "fixme": "gps track wandered here. needs refixing",
        "historic": "aircraft_wreck"
      },
      "geometry": {
        "type": "Point",
        "coordinates": [
          -1.8683632,
          53.3760138
        ]
      },
      "id": "node/13440516128"
    },
    {
      "type": "Feature",
      "properties": {
        "@id": "node/13442436545",
        "description": "Wellington Mk.IC Z8980 wreckage",
        "historic": "aircraft_wreck"
      },
      "geometry": {
        "type": "Point",
        "coordinates": [
          -1.6085854,
          53.3506438
        ]
      },
      "id": "node/13442436545"
    },
    {
      "type": "Feature",
      "properties": {
        "@id": "node/13442436546",
        "description": "Airspeed Oxford Mk.I LX518 wreckage",
        "historic": "aircraft_wreck"
      },
      "geometry": {
        "type": "Point",
        "coordinates": [
          -1.7297009,
          53.4671146
        ]
      },
      "id": "node/13442436546"
    },
    {
      "type": "Feature",
      "properties": {
        "@id": "node/13442436547",
        "description": "Airspeed Consul TF-RPM wreckage",
        "historic": "aircraft_wreck"
      },
      "geometry": {
        "type": "Point",
        "coordinates": [
          -1.7392572,
          53.4660605
        ]
      },
      "id": "node/13442436547"
    },
    {
      "type": "Feature",
      "properties": {
        "@id": "node/13442436548",
        "description": "Defiant Mk.I N1766 (wreckage)",
        "historic": "aircraft_wreck"
      },
      "geometry": {
        "type": "Point",
        "coordinates": [
          -1.7715274,
          53.4110938
        ]
      },
      "id": "node/13442436548"
    },
    {
      "type": "Feature",
      "properties": {
        "@id": "node/13442436549",
        "description": "Avro Anson N9853 wreckage",
        "historic": "aircraft_wreck",
        "name": "Avro Anson N9853 (wreckage)"
      },
      "geometry": {
        "type": "Point",
        "coordinates": [
          -1.8493996,
          53.3874586
        ]
      },
      "id": "node/13442436549"
    },
    {
      "type": "Feature",
      "properties": {
        "@id": "node/13442436550",
        "description": "Handley Page Hampden Mk.I AE381 wreckage",
        "historic": "aircraft_wreck",
        "name": "Handley Page Hampden Mk.I AE381 (wreckage)"
      },
      "geometry": {
        "type": "Point",
        "coordinates": [
          -1.8841675,
          53.3842084
        ]
      },
      "id": "node/13442436550"
    },
    {
      "type": "Feature",
      "properties": {
        "@id": "node/13442436551",
        "aircraft_type": "B24J Liberator",
        "historic": "aircraft_wreck",
        "operator": "USAAF"
      },
      "geometry": {
        "type": "Point",
        "coordinates": [
          -1.9134137,
          53.4125648
        ]
      },
      "id": "node/13442436551"
    },
    {
      "type": "Feature",
      "properties": {
        "@id": "node/13442436552",
        "description": "Republic P-47C Thunderbolt 41-6227 wreckage",
        "historic": "aircraft_wreck"
      },
      "geometry": {
        "type": "Point",
        "coordinates": [
          -1.8610511,
          53.3558399
        ]
      },
      "id": "node/13442436552"
    },
    {
      "type": "Feature",
      "properties": {
        "@id": "node/13442436553",
        "description": "Avro Lancaster BMk 10 KB993 wreckage",
        "historic": "aircraft_wreck",
        "name": "Avro Lancaster BMk 10 KB993 (wreckage)"
      },
      "geometry": {
        "type": "Point",
        "coordinates": [
          -1.8821355,
          53.4497447
        ]
      },
      "id": "node/13442436553"
    },
    {
      "type": "Feature",
      "properties": {
        "@id": "node/13448045399",
        "historic": "memorial",
        "inscription": "The renovation of this footpath and bridleway together with the adjoining woodland conservation work was carried out with the help from the manpower services commission community programme as part of the European year of the environment 1987",
        "material": "metal",
        "memorial": "plaque",
        "name": "Jacobs Ladder",
        "operator": "The National Trust"
      },
      "geometry": {
        "type": "Point",
        "coordinates": [
          -1.8688479,
          53.3722449
        ]
      },
      "id": "node/13448045399"
    },
    {
      "type": "Feature",
      "properties": {
        "@id": "node/13450050106",
        "historic": "memorial",
        "inscription": "This medieval cross is protected as a monument of national importance under the Ancient Monuments Act 1913-53",
        "material": "metal",
        "memorial": "plaque"
      },
      "geometry": {
        "type": "Point",
        "coordinates": [
          -1.8854273,
          53.371658
        ]
      },
      "id": "node/13450050106"
    },
    {
      "type": "Feature",
      "properties": {
        "@id": "node/13464794690",
        "HE_ref": "1016998",
        "alt_name": "Smelting Hill stone circle",
        "archaeological_site": "megalith",
        "ele": "362",
        "historic": "archaeological_site",
        "historic:civilization": "prehistoric",
        "megalith_type": "stone_circle",
        "name": "Abney Moor stone circle"
      },
      "geometry": {
        "type": "Point",
        "coordinates": [
          -1.6971091,
          53.3200285
        ]
      },
      "id": "node/13464794690"
    },
    {
      "type": "Feature",
      "properties": {
        "@id": "node/13471660704",
        "aircraft:type": "military",
        "description": "Impact site of either North American Sabre F.Mk 4s XD707 or XD730, further wreckage strewn NNE & across Black Ashop Moor",
        "historic": "aircraft_wreck",
        "name": "Sabre Jets (wreckage)"
      },
      "geometry": {
        "type": "Point",
        "coordinates": [
          -1.8973679,
          53.4035428
        ]
      },
      "id": "node/13471660704"
    },
    {
      "type": "Feature",
      "properties": {
        "@id": "node/13477788383",
        "historic": "memorial",
        "inscription": "IN LOVING MEMORY\nOF\nF/O J. D. HORNE\nR.A.F.\nFROM HIS FAMILY\n1933 - 1954",
        "memorial": "plaque",
        "name": "Memorial to Flying Officer James Desmond Horne"
      },
      "geometry": {
        "type": "Point",
        "coordinates": [
          -1.8918013,
          53.4091609
        ]
      },
      "id": "node/13477788383"
    },
    {
      "type": "Feature",
      "properties": {
        "@id": "node/13479698545",
        "description": "Remains of socket",
        "historic": "wayside_cross",
        "material": "stone",
        "name": "New Cross"
      },
      "geometry": {
        "type": "Point",
        "coordinates": [
          -1.6762074,
          53.4321731
        ]
      },
      "id": "node/13479698545"
    },
    {
      "type": "Feature",
      "properties": {
        "@id": "node/13480008089",
        "aircraft_type": "Blenheim Mk.I L1476",
        "historic": "aircraft_wreck",
        "name": "Blenheim L1476 (wreckage)"
      },
      "geometry": {
        "type": "Point",
        "coordinates": [
          -1.8763691,
          53.4697272
        ]
      },
      "id": "node/13480008089"
    },
    {
      "type": "Feature",
      "properties": {
        "@id": "node/13481768349",
        "archaeological_site": "tumulus",
        "historic": "archaeological_site",
        "name": "Perry Dale bowl barrow and long barrow"
      },
      "geometry": {
        "type": "Point",
        "coordinates": [
          -1.8374943,
          53.3275943
        ]
      },
      "id": "node/13481768349"
    },
    {
      "type": "Feature",
      "properties": {
        "@id": "node/13481775445",
        "alt_name": "Eyam Moor III Stone Circle",
        "archaeological_site": "megalith",
        "historic": "archaeological_site",
        "historic:civilization": "bronze-age",
        "megalith_type": "stone_circle"
      },
      "geometry": {
        "type": "Point",
        "coordinates": [
          -1.6528048,
          53.3056913
        ]
      },
      "id": "node/13481775445"
    },
    {
      "type": "Feature",
      "properties": {
        "@id": "node/13481775446",
        "alt_name": "Eyam Moor II Stone Circle",
        "archaeological_site": "megalith",
        "historic": "archaeological_site",
        "historic:civilization": "bronze-age",
        "megalith_type": "stone_circle"
      },
      "geometry": {
        "type": "Point",
        "coordinates": [
          -1.6538601,
          53.3067404
        ]
      },
      "id": "node/13481775446"
    },
    {
      "type": "Feature",
      "properties": {
        "@id": "node/13481775447",
        "archaeological_site": "tumulus",
        "description": "Collapsed",
        "historic": "archaeological_site",
        "material": "stone"
      },
      "geometry": {
        "type": "Point",
        "coordinates": [
          -1.6631048,
          53.3078621
        ]
      },
      "id": "node/13481775447"
    },
    {
      "type": "Feature",
      "properties": {
        "@id": "node/13482423514",
        "alt_name": "Tower Cairn",
        "historic": "archaeological_site",
        "name": "T57 large cairn"
      },
      "geometry": {
        "type": "Point",
        "coordinates": [
          -1.6257441,
          53.1663734
        ]
      },
      "id": "node/13482423514"
    },
    {
      "type": "Feature",
      "properties": {
        "@id": "node/13482423515",
        "alt_name": "Stanton Moor 3",
        "historic": "archaeological_site",
        "name": "T57"
      },
      "geometry": {
        "type": "Point",
        "coordinates": [
          -1.6304966,
          53.1659117
        ]
      },
      "id": "node/13482423515"
    },
    {
      "type": "Feature",
      "properties": {
        "@id": "node/13482423516",
        "historic": "archaeological_site",
        "name": "T25 Cairn"
      },
      "geometry": {
        "type": "Point",
        "coordinates": [
          -1.6326764,
          53.1632753
        ]
      },
      "id": "node/13482423516"
    },
    {
      "type": "Feature",
      "properties": {
        "@id": "node/13482423536",
        "archaeological_site": "megalith",
        "historic": "archaeological_site",
        "name": "White Edge Cairn"
      },
      "geometry": {
        "type": "Point",
        "coordinates": [
          -1.5988735,
          53.2950644
        ]
      },
      "id": "node/13482423536"
    },
    {
      "type": "Feature",
      "properties": {
        "@id": "node/13482423537",
        "archaeological_site": "tumulus",
        "historic": "archaeological_site"
      },
      "geometry": {
        "type": "Point",
        "coordinates": [
          -1.57148,
          53.2493751
        ]
      },
      "id": "node/13482423537"
    },
    {
      "type": "Feature",
      "properties": {
        "@id": "node/13482423538",
        "archaeological_site": "megalith",
        "historic": "archaeological_site",
        "name": "Highshaw Clough Stone"
      },
      "geometry": {
        "type": "Point",
        "coordinates": [
          -1.6895438,
          53.3884056
        ]
      },
      "id": "node/13482423538"
    },
    {
      "type": "Feature",
      "properties": {
        "@id": "node/13482423539",
        "alt_name": "Barbrook Four Stone Circle;Barbrook No. 4;Barbrook IV Stone Circle",
        "archaeological_site": "megalith",
        "historic": "archaeological_site",
        "historic:civilization": "prehistoric",
        "megalith_type": "stone_circle",
        "name": "Barbrook 4="
      },
      "geometry": {
        "type": "Point",
        "coordinates": [
          -1.5669524,
          53.2766857
        ]
      },
      "id": "node/13482423539"
    },
    {
      "type": "Feature",
      "properties": {
        "@id": "node/13512738585",
        "historic": "memorial",
        "inscription": "Millennium stone. This stone from which a circular core has been cut exemplifies the former industry of millstone production in Birchover. These were made from the local gritstone and exported to many parts of the world.",
        "inscription:2": "The carved motif on the base is a copy of a Romanesque carving, discovered in a stone wall at Uppertown, Birchover, and is a fragment from a church, no longer existing, built in the late 11th or early 12th century.",
        "material": "metal",
        "memorial": "plaque;stone",
        "name": "Birchover Memorial Stone plaque",
        "natural": "stone"
      },
      "geometry": {
        "type": "Point",
        "coordinates": [
          -1.6477498,
          53.1561819
        ]
      },
      "id": "node/13512738585"
    },
    {
      "type": "Feature",
      "properties": {
        "@id": "node/13512750065",
        "description": "Restored 1951",
        "historic": "stocks"
      },
      "geometry": {
        "type": "Point",
        "coordinates": [
          -1.6427988,
          53.1524625
        ]
      },
      "id": "node/13512750065"
    },
    {
      "type": "Feature",
      "properties": {
        "@id": "node/13519980054",
        "archaeological_site": "tumulus",
        "historic": "archaeological_site",
        "historic:civilization": "bronze-age",
        "name": "Wolfscote Hill bowl barrow"
      },
      "geometry": {
        "type": "Point",
        "coordinates": [
          -1.7965994,
          53.1219202
        ]
      },
      "id": "node/13519980054"
    },
    {
      "type": "Feature",
      "properties": {
        "@id": "node/13520078606",
        "archaeological_site": "tumulus",
        "historic": "archaeological_site"
      },
      "geometry": {
        "type": "Point",
        "coordinates": [
          -1.8806214,
          53.2021644
        ]
      },
      "id": "node/13520078606"
    },
    {
      "type": "Feature",
      "properties": {
        "@id": "node/13520078607",
        "description": "Harley Grange tumulus/barrow",
        "historic": "archaeological_site"
      },
      "geometry": {
        "type": "Point",
        "coordinates": [
          -1.8755652,
          53.2089667
        ]
      },
      "id": "node/13520078607"
    },
    {
      "type": "Feature",
      "properties": {
        "@id": "node/13520417425",
        "historic": "memorial",
        "material": "metal",
        "memorial": "plaque",
        "name": "Avro Lancaster KB993 and USAAF C-47 Skytrain 42-108982 memorial"
      },
      "geometry": {
        "type": "Point",
        "coordinates": [
          -1.8820776,
          53.4497356
        ]
      },
      "id": "node/13520417425"
    },
    {
      "type": "Feature",
      "properties": {
        "@id": "node/13520437813",
        "description": "C-47A Dakota Skytrain wreckage\nMore in Ashton Clough",
        "historic": "aircraft_wreck",
        "name": "C-47A Dakota Skytrain (wreckage)"
      },
      "geometry": {
        "type": "Point",
        "coordinates": [
          -1.8802369,
          53.4492671
        ]
      },
      "id": "node/13520437813"
    },
    {
      "type": "Feature",
      "properties": {
        "@id": "node/13524377240",
        "fixme": "Roughly here iirc",
        "historic": "aircraft_wreck",
        "name": "Handley Page Heyford K6875 (wreckage)"
      },
      "geometry": {
        "type": "Point",
        "coordinates": [
          -1.834491,
          53.3709883
        ]
      },
      "id": "node/13524377240"
    },
    {
      "type": "Feature",
      "properties": {
        "@id": "node/13525088841",
        "archaeological_site": "tumulus",
        "historic": "archaeological_site",
        "name": "Dirt Low tumulus"
      },
      "geometry": {
        "type": "Point",
        "coordinates": [
          -1.7678376,
          53.3371415
        ]
      },
      "id": "node/13525088841"
    },
    {
      "type": "Feature",
      "properties": {
        "@id": "node/13525088843",
        "archaeological_site": "megalith",
        "historic": "archaeological_site",
        "megalith_type": "long_barrow",
        "name": "Harrod Low"
      },
      "geometry": {
        "type": "Point",
        "coordinates": [
          -1.8536494,
          53.3221753
        ]
      },
      "id": "node/13525088843"
    },
    {
      "type": "Feature",
      "properties": {
        "@id": "node/13525093659",
        "description": "Remains of chambered cairn",
        "historic": "archaeological_site",
        "name": "Tides Low"
      },
      "geometry": {
        "type": "Point",
        "coordinates": [
          -1.7765716,
          53.2982823
        ]
      },
      "id": "node/13525093659"
    },
    {
      "type": "Feature",
      "properties": {
        "@id": "node/13525093660",
        "archaeological_site": "enclosure",
        "historic": "archaeological_site",
        "name": "The Holmes"
      },
      "geometry": {
        "type": "Point",
        "coordinates": [
          -1.7921207,
          53.3109295
        ]
      },
      "id": "node/13525093660"
    },
    {
      "type": "Feature",
      "properties": {
        "@id": "node/13540861020",
        "historic": "milestone",
        "inscription": "Barnsley 14 Miles Manchester 22 Miles"
      },
      "geometry": {
        "type": "Point",
        "coordinates": [
          -1.7758627,
          53.49815
        ]
      },
      "id": "node/13540861020"
    },
    {
      "type": "Feature",
      "properties": {
        "@id": "node/13540861021",
        "distance": "20 Rotheram",
        "historic": "milestone"
      },
      "geometry": {
        "type": "Point",
        "coordinates": [
          -1.7715674,
          53.4960353
        ]
      },
      "id": "node/13540861021"
    },
    {
      "type": "Feature",
      "properties": {
        "@id": "node/13684639749",
        "description": "DeHavilland Vampire F.B.Mk.5 WA400",
        "historic": "aircraft_wreck",
        "name": "DeHavilland Vampire F.B.Mk.5 WA400 (wreckage)"
      },
      "geometry": {
        "type": "Point",
        "coordinates": [
          -1.6729432,
          53.4045832
        ]
      },
      "id": "node/13684639749"
    },
    {
      "type": "Feature",
      "properties": {
        "@id": "node/13684668537",
        "archaeological_site": "cairn",
        "fixme": "approx location, barely idendifiable",
        "historic": "ruins",
        "megalith_type": "ring_cairn"
      },
      "geometry": {
        "type": "Point",
        "coordinates": [
          -1.7244995,
          53.3778488
        ]
      },
      "id": "node/13684668537"
    },
    {
      "type": "Feature",
      "properties": {
        "@id": "node/13794592758",
        "historic": "memorial",
        "inscription": "The official start of the Pennine Way\nKirk Yetholm 268 miles/429km",
        "memorial": "plaque"
      },
      "geometry": {
        "type": "Point",
        "coordinates": [
          -1.8172375,
          53.3703749
        ]
      },
      "id": "node/13794592758"
    },
    {
      "type": "Feature",
      "properties": {
        "@id": "node/13799156154",
        "historic": "stone",
        "note": "old stone fence post"
      },
      "geometry": {
        "type": "Point",
        "coordinates": [
          -1.681128,
          53.3679226
        ]
      },
      "id": "node/13799156154"
    },
    {
      "type": "Feature",
      "properties": {
        "@id": "node/13799156155",
        "historic": "stone",
        "note": "old stone fence post"
      },
      "geometry": {
        "type": "Point",
        "coordinates": [
          -1.6818166,
          53.369595
        ]
      },
      "id": "node/13799156155"
    },
    {
      "type": "Feature",
      "properties": {
        "@id": "node/13799156156",
        "historic": "stone",
        "note": "old stone fence post"
      },
      "geometry": {
        "type": "Point",
        "coordinates": [
          -1.682117,
          53.3703263
        ]
      },
      "id": "node/13799156156"
    },
    {
      "type": "Feature",
      "properties": {
        "@id": "node/13799156157",
        "historic": "stone",
        "note": "old stone fence post"
      },
      "geometry": {
        "type": "Point",
        "coordinates": [
          -1.6824684,
          53.3709024
        ]
      },
      "id": "node/13799156157"
    },
    {
      "type": "Feature",
      "properties": {
        "@id": "node/13799156158",
        "historic": "stone",
        "note": "old stone fence post"
      },
      "geometry": {
        "type": "Point",
        "coordinates": [
          -1.6815133,
          53.3687758
        ]
      },
      "id": "node/13799156158"
    },
    {
      "type": "Feature",
      "properties": {
        "@id": "node/13820800879",
        "historic": "memorial",
        "inscription": "\"Edale - Kinder - Rushup Edge Erected for the National Trust in memory of John Charles Gilligan by his family. I will lift up mine eyes unto the hills from whence cometh my help. PS 121\"",
        "man_made": "cairn",
        "material": "stone",
        "wikimedia_commons": "https://commons.wikimedia.org/wiki/File:Memorial_Cairn_below_Horsehill_Tor_-_geograph.org.uk_-_60466.jpg"
      },
      "geometry": {
        "type": "Point",
        "coordinates": [
          -1.8622597,
          53.3555159
        ]
      },
      "id": "node/13820800879"
    },
    {
      "type": "Feature",
      "properties": {
        "@id": "node/13866512503",
        "historic": "memorial"
      },
      "geometry": {
        "type": "Point",
        "coordinates": [
          -2.0258607,
          53.2863821
        ]
      },
      "id": "node/13866512503"
    },
    {
      "type": "Feature",
      "properties": {
        "@id": "node/13885172111",
        "historic": "memorial",
        "memorial": "war_memorial"
      },
      "geometry": {
        "type": "Point",
        "coordinates": [
          -1.7267718,
          53.3912237
        ]
      },
      "id": "node/13885172111"
    },
    {
      "type": "Feature",
      "properties": {
        "@id": "node/13885178105",
        "historic": "memorial",
        "memorial": "war_memorial"
      },
      "geometry": {
        "type": "Point",
        "coordinates": [
          -1.6377226,
          53.2966967
        ]
      },
      "id": "node/13885178105"
    },
    {
      "type": "Feature",
      "properties": {
        "@id": "node/13887028042",
        "historic": "memorial",
        "memorial": "war_memorial"
      },
      "geometry": {
        "type": "Point",
        "coordinates": [
          -1.8728739,
          53.1242559
        ]
      },
      "id": "node/13887028042"
    },
    {
      "type": "Feature",
      "properties": {
        "@id": "node/13887050688",
        "historic": "milestone"
      },
      "geometry": {
        "type": "Point",
        "coordinates": [
          -1.8282446,
          53.1333456
        ]
      },
      "id": "node/13887050688"
    },
    {
      "type": "Feature",
      "properties": {
        "@id": "node/13887147127",
        "historic": "milestone"
      },
      "geometry": {
        "type": "Point",
        "coordinates": [
          -1.893079,
          53.1143235
        ]
      },
      "id": "node/13887147127"
    },
    {
      "type": "Feature",
      "properties": {
        "@id": "node/13890786516",
        "historic": "milestone"
      },
      "geometry": {
        "type": "Point",
        "coordinates": [
          -1.9249544,
          53.0958558
        ]
      },
      "id": "node/13890786516"
    },
    {
      "type": "Feature",
      "properties": {
        "@id": "node/13890793879",
        "historic": "milestone"
      },
      "geometry": {
        "type": "Point",
        "coordinates": [
          -1.9338043,
          53.0826802
        ]
      },
      "id": "node/13890793879"
    },
    {
      "type": "Feature",
      "properties": {
        "@id": "node/13904378792",
        "description": "Gloster Meteor WA791 and VZ518 wreckage",
        "historic": "aircraft_wreck",
        "name": "Gloster Meteor WA791 and VZ518 (wreckage)"
      },
      "geometry": {
        "type": "Point",
        "coordinates": [
          -1.9010834,
          53.5227226
        ]
      },
      "id": "node/13904378792"
    }
  ]
}