{
  "type": "FeatureCollection",
  "generator": "overpass-turbo",
  "copyright": "The data included in this document is from www.openstreetmap.org. The data is made available under ODbL.",
  "timestamp": "2026-03-15T13:07:43Z",
  "features": [
    {
      "type": "Feature",
      "properties": {
        "@id": "way/61295052",
        "addr:city": "Ashbourne",
        "addr:hamlet": "Hopedale",
        "addr:postcode": "DE6 2GD",
        "addr:street": "Hope Dale Hollow",
        "amenity": "pub",
        "beer_garden": "yes",
        "building": "yes",
        "fhrs:id": "1259951",
        "food": "yes",
        "name": "The Watts Russell Arms",
        "not:addr:postcode": "DE6 2DG",
        "note": "Food finishes early (before 19:30 on a Saturday).  All beer lager and cider from within 25 miles (Thornbridge beer, Ashover Cider, Freedom Lager)",
        "parking": "yes",
        "real_ale": "2 from Thornbridge",
        "source": "Bing",
        "source:not:addr:postcode": "FHRS Open Data",
        "website": "https://www.wattsrussell.co.uk/"
      },
      "geometry": {
        "type": "Polygon",
        "coordinates": [
          [
            [
              -1.8179433,
              53.0916183
            ],
            [
              -1.8180935,
              53.0916089
            ],
            [
              -1.8180802,
              53.0915327
            ],
            [
              -1.81793,
              53.0915421
            ],
            [
              -1.8179433,
              53.0916183
            ]
          ]
        ]
      },
      "id": "way/61295052"
    },
    {
      "type": "Feature",
      "properties": {
        "@id": "way/69006902",
        "addr:city": "Sheffield",
        "addr:postcode": "S11 7TY",
        "addr:street": "Hathersage Road",
        "amenity": "pub",
        "brand": "Vintage Inns",
        "brand:wikidata": "Q87067899",
        "building": "yes",
        "check_date": "2026-03-08",
        "check_date:opening_hours": "2024-08-20",
        "contact:website": "https://www.vintageinn.co.uk/restaurants/yorkshire/thefoxhouselongshaw",
        "fhrs:id": "438153",
        "indoor_seating": "yes",
        "name": "Fox House Inn",
        "opening_hours": "Mo-Th 07:00-22:00; Fr 07:00-23:00; Sa 08:00-23:00; Su 08:00-22:00",
        "outdoor_seating": "yes",
        "source": "Bing"
      },
      "geometry": {
        "type": "Polygon",
        "coordinates": [
          [
            [
              -1.6017733,
              53.3188836
            ],
            [
              -1.6018892,
              53.3188277
            ],
            [
              -1.6017637,
              53.3187348
            ],
            [
              -1.6017822,
              53.3187259
            ],
            [
              -1.6018013,
              53.3187401
            ],
            [
              -1.601843,
              53.31872
            ],
            [
              -1.6018625,
              53.3187344
            ],
            [
              -1.6019713,
              53.3186819
            ],
            [
              -1.6020027,
              53.3187052
            ],
            [
              -1.6020362,
              53.318689
            ],
            [
              -1.6020717,
              53.3187153
            ],
            [
              -1.6020863,
              53.3187082
            ],
            [
              -1.6020528,
              53.3186835
            ],
            [
              -1.6020719,
              53.3186742
            ],
            [
              -1.6019469,
              53.3185818
            ],
            [
              -1.6017265,
              53.3186882
            ],
            [
              -1.6015853,
              53.3185839
            ],
            [
              -1.6016086,
              53.3185726
            ],
            [
              -1.6015943,
              53.3185621
            ],
            [
              -1.6016524,
              53.318534
            ],
            [
              -1.6016224,
              53.3185118
            ],
            [
              -1.601655,
              53.318496
            ],
            [
              -1.6016089,
              53.318462
            ],
            [
              -1.6014862,
              53.3185214
            ],
            [
              -1.6014631,
              53.3185043
            ],
            [
              -1.6014205,
              53.3185249
            ],
            [
              -1.6014303,
              53.3185321
            ],
            [
              -1.6013994,
              53.318547
            ],
            [
              -1.6014079,
              53.3185533
            ],
            [
              -1.6013228,
              53.3185945
            ],
            [
              -1.6013492,
              53.3186139
            ],
            [
              -1.6013717,
              53.3186031
            ],
            [
              -1.6014087,
              53.3186303
            ],
            [
              -1.601386,
              53.3186413
            ],
            [
              -1.6014205,
              53.3186668
            ],
            [
              -1.6014506,
              53.3186523
            ],
            [
              -1.6015258,
              53.3187078
            ],
            [
              -1.6015704,
              53.3186863
            ],
            [
              -1.6015795,
              53.318693
            ],
            [
              -1.6015569,
              53.3187038
            ],
            [
              -1.6016748,
              53.3187912
            ],
            [
              -1.6016589,
              53.3187989
            ],
            [
              -1.6017733,
              53.3188836
            ]
          ]
        ]
      },
      "id": "way/69006902"
    },
    {
      "type": "Feature",
      "properties": {
        "@id": "way/75224328",
        "addr:city": "Hope Valley",
        "addr:postcode": "S33 7ZA",
        "addr:suburb": "Edale",
        "amenity": "pub",
        "building": "yes",
        "fhrs:id": "1259095",
        "food": "yes",
        "internet_access": "no",
        "name": "The Rambler Inn",
        "opening_hours": "Mo-Sa 12:00-23:00; Su 12:00-22:30",
        "parking": "yes",
        "phone": "+44 1433 670 268",
        "real_ale": "5 or so beers, including from Sheffield",
        "source": "os_opendata_streetview;survey",
        "source:addr:postcode": "FHRS Open Data",
        "website": "https://www.dorbiere.co.uk/the-rambler-inn/"
      },
      "geometry": {
        "type": "Polygon",
        "coordinates": [
          [
            [
              -1.8167517,
              53.3654074
            ],
            [
              -1.8168177,
              53.3655328
            ],
            [
              -1.8169778,
              53.3655027
            ],
            [
              -1.8169993,
              53.3655435
            ],
            [
              -1.817113,
              53.3655222
            ],
            [
              -1.8170608,
              53.3654229
            ],
            [
              -1.8170131,
              53.3654318
            ],
            [
              -1.8169779,
              53.365365
            ],
            [
              -1.8167517,
              53.3654074
            ]
          ]
        ]
      },
      "id": "way/75224328"
    },
    {
      "type": "Feature",
      "properties": {
        "@id": "way/80376636",
        "addr:city": "Buxton",
        "addr:postcode": "SK17 6EJ",
        "addr:street": "Market Place",
        "amenity": "pub",
        "brand": "Marston's",
        "brand:wikidata": "Q6773982",
        "building": "yes",
        "fhrs:id": "1259204",
        "name": "King's Head",
        "operator": "Marston's",
        "real_ale": "yes",
        "source": "Bing Map",
        "wheelchair": "no"
      },
      "geometry": {
        "type": "Polygon",
        "coordinates": [
          [
            [
              -1.9143132,
              53.2569858
            ],
            [
              -1.9143139,
              53.257029
            ],
            [
              -1.9143439,
              53.2570314
            ],
            [
              -1.9143252,
              53.2571027
            ],
            [
              -1.9144329,
              53.2571079
            ],
            [
              -1.9144472,
              53.257042
            ],
            [
              -1.914483,
              53.2570436
            ],
            [
              -1.9144807,
              53.2570731
            ],
            [
              -1.9145492,
              53.2570744
            ],
            [
              -1.9145547,
              53.2570002
            ],
            [
              -1.9145707,
              53.2569992
            ],
            [
              -1.9145662,
              53.2569109
            ],
            [
              -1.914557,
              53.2569108
            ],
            [
              -1.9143605,
              53.2569086
            ],
            [
              -1.9143132,
              53.2569858
            ]
          ]
        ]
      },
      "id": "way/80376636"
    },
    {
      "type": "Feature",
      "properties": {
        "@id": "way/80504062",
        "addr:postcode": "SK17 9QJ",
        "addr:street": "Tagg Lane",
        "addr:village": "Hurdlow",
        "amenity": "pub",
        "building": "yes",
        "fhrs:id": "1627014",
        "food": "yes",
        "name": "The Royal Oak",
        "real_ale": "yes",
        "toilets:wheelchair": "no",
        "website": "https://www.peakpub.co.uk/",
        "wheelchair": "limited"
      },
      "geometry": {
        "type": "Polygon",
        "coordinates": [
          [
            [
              -1.8121792,
              53.1907734
            ],
            [
              -1.8121829,
              53.1907735
            ],
            [
              -1.8121873,
              53.1906727
            ],
            [
              -1.8120991,
              53.1906714
            ],
            [
              -1.8121004,
              53.1906429
            ],
            [
              -1.8119696,
              53.1906408
            ],
            [
              -1.8119628,
              53.1907968
            ],
            [
              -1.8120288,
              53.1907979
            ],
            [
              -1.8120281,
              53.1908148
            ],
            [
              -1.8121773,
              53.1908172
            ],
            [
              -1.8121792,
              53.1907734
            ]
          ]
        ]
      },
      "id": "way/80504062"
    },
    {
      "type": "Feature",
      "properties": {
        "@id": "way/95853536",
        "addr:city": "Buxton",
        "addr:country": "GB",
        "addr:postcode": "SK17 7DJ",
        "addr:street": "Fairfield Road",
        "amenity": "pub",
        "brand": "Wetherspoon",
        "brand:wikidata": "Q6109362",
        "brand:wikipedia": "en:Wetherspoons",
        "building": "yes",
        "contact:phone": "+44 1298 70932",
        "contact:website": "https://www.jdwetherspoon.com/pubs/all-pubs/england/derbyshire/the-wye-bridge-house-buxton",
        "fhrs:id": "1259057",
        "food": "yes",
        "name": "The Wye Bridge House",
        "real_ale": "yes",
        "toilets": "yes",
        "toilets:wheelchair": "yes",
        "website:menu": "https://order.jdwetherspoon.com/venue/jdw/1681/menus",
        "wheelchair": "yes"
      },
      "geometry": {
        "type": "Polygon",
        "coordinates": [
          [
            [
              -1.9054344,
              53.2595391
            ],
            [
              -1.9053444,
              53.2594425
            ],
            [
              -1.9053675,
              53.2594348
            ],
            [
              -1.9052779,
              53.259337
            ],
            [
              -1.9052945,
              53.2593301
            ],
            [
              -1.9052439,
              53.2592837
            ],
            [
              -1.9052294,
              53.259288
            ],
            [
              -1.9051945,
              53.2592848
            ],
            [
              -1.9051572,
              53.2592975
            ],
            [
              -1.9051489,
              53.2593185
            ],
            [
              -1.9050269,
              53.2593595
            ],
            [
              -1.9051664,
              53.259511
            ],
            [
              -1.9050899,
              53.2595407
            ],
            [
              -1.905182,
              53.2596389
            ],
            [
              -1.9052589,
              53.2596129
            ],
            [
              -1.9052509,
              53.2596049
            ],
            [
              -1.9054344,
              53.2595391
            ]
          ]
        ]
      },
      "id": "way/95853536"
    },
    {
      "type": "Feature",
      "properties": {
        "@id": "way/103432202",
        "addr:city": "Sheffield",
        "addr:housename": "Plough Inn",
        "addr:postcode": "S6 6HW",
        "addr:street": "New Road",
        "addr:village": "Bradfield",
        "amenity": "pub",
        "building": "yes",
        "fhrs:id": "436826",
        "name": "The Plough",
        "source:addr": "FHRS Open Data"
      },
      "geometry": {
        "type": "Polygon",
        "coordinates": [
          [
            [
              -1.6058199,
              53.4212524
            ],
            [
              -1.6058922,
              53.4211387
            ],
            [
              -1.6055069,
              53.4210503
            ],
            [
              -1.6054858,
              53.4210797
            ],
            [
              -1.6054326,
              53.4210661
            ],
            [
              -1.6053807,
              53.4211385
            ],
            [
              -1.6058199,
              53.4212524
            ]
          ]
        ]
      },
      "id": "way/103432202"
    },
    {
      "type": "Feature",
      "properties": {
        "@id": "way/104405154",
        "addr:city": "Sheffield",
        "addr:housename": "Old Horns Inn",
        "addr:postcode": "S6 6LG",
        "addr:street": "Towngate",
        "amenity": "pub",
        "brand": "Thwaites",
        "brand:wikidata": "Q7799526",
        "brewery": "Thwaites",
        "building": "yes",
        "fhrs:id": "437120",
        "food": "yes",
        "name": "Old Horns Inn",
        "outdoor_seating": "yes",
        "source:addr": "FHRS Open Data"
      },
      "geometry": {
        "type": "Polygon",
        "coordinates": [
          [
            [
              -1.5982348,
              53.4285898
            ],
            [
              -1.5981688,
              53.4285547
            ],
            [
              -1.5981976,
              53.4285376
            ],
            [
              -1.598077,
              53.4284744
            ],
            [
              -1.5980188,
              53.4284439
            ],
            [
              -1.5979827,
              53.4284711
            ],
            [
              -1.5978675,
              53.4284081
            ],
            [
              -1.5978075,
              53.4284475
            ],
            [
              -1.5979969,
              53.4285567
            ],
            [
              -1.5980225,
              53.4285715
            ],
            [
              -1.5981475,
              53.4286435
            ],
            [
              -1.5982348,
              53.4285898
            ]
          ]
        ]
      },
      "id": "way/104405154"
    },
    {
      "type": "Feature",
      "properties": {
        "@id": "way/110398655",
        "addr:city": "Hope Valley",
        "addr:postcode": "S33 8WG",
        "addr:street": "How Lane",
        "addr:suburb": "Castleton",
        "amenity": "pub",
        "building": "yes",
        "contact:email": "info@cheshirecheeseinn.co.uk",
        "contact:phone": "+44 1433 620330",
        "fhrs:id": "1259140",
        "name": "Ye Olde Cheshire Cheese",
        "real_ale": "yes",
        "source": "Bing",
        "source:addr": "FHRS Open Data",
        "tourism": "guest_house",
        "website": "https://www.cheshirecheeseinn.co.uk/"
      },
      "geometry": {
        "type": "Polygon",
        "coordinates": [
          [
            [
              -1.7732852,
              53.3437906
            ],
            [
              -1.7729821,
              53.3438171
            ],
            [
              -1.7730122,
              53.3438864
            ],
            [
              -1.7729599,
              53.3438945
            ],
            [
              -1.7729881,
              53.3439541
            ],
            [
              -1.7731976,
              53.3439281
            ],
            [
              -1.7731994,
              53.3439369
            ],
            [
              -1.7733256,
              53.3439293
            ],
            [
              -1.7733131,
              53.3438625
            ],
            [
              -1.7733007,
              53.3438634
            ],
            [
              -1.7732852,
              53.3437906
            ]
          ]
        ]
      },
      "id": "way/110398655"
    },
    {
      "type": "Feature",
      "properties": {
        "@id": "way/114322439",
        "addr:city": "Bakewell",
        "addr:postcode": "DE45 1NL",
        "amenity": "pub",
        "building": "yes",
        "food": "yes",
        "name": "The Stables",
        "note": "Part of the Monsal Head Hotel",
        "real_ale": "yes"
      },
      "geometry": {
        "type": "Polygon",
        "coordinates": [
          [
            [
              -1.7243246,
              53.2403826
            ],
            [
              -1.7243652,
              53.2404435
            ],
            [
              -1.7246307,
              53.2403801
            ],
            [
              -1.7245901,
              53.2403193
            ],
            [
              -1.7243246,
              53.2403826
            ]
          ]
        ]
      },
      "id": "way/114322439"
    },
    {
      "type": "Feature",
      "properties": {
        "@id": "way/114381928",
        "accommodation": "yes",
        "addr:city": "Heathcote",
        "addr:postcode": "SK17 0BA",
        "addr:street": "Buxton Road",
        "addr:village": "Hartington",
        "amenity": "pub",
        "building": "yes",
        "email": "info@jugandglass.com",
        "fhrs:id": "1626233",
        "food": "yes",
        "name": "The Jug and Glass Inn",
        "phone": "+44 1298 84848",
        "ref:GB:uprn": "10010336906;10070078908",
        "source": "Bing;survey",
        "website": "https://www.jugandglassinn.com/"
      },
      "geometry": {
        "type": "Polygon",
        "coordinates": [
          [
            [
              -1.7672241,
              53.1500072
            ],
            [
              -1.7671192,
              53.149867
            ],
            [
              -1.7669555,
              53.149911
            ],
            [
              -1.7669397,
              53.1498899
            ],
            [
              -1.7668286,
              53.1499198
            ],
            [
              -1.7669254,
              53.1500491
            ],
            [
              -1.7669386,
              53.1500667
            ],
            [
              -1.7669881,
              53.1500534
            ],
            [
              -1.7670045,
              53.1500753
            ],
            [
              -1.7670995,
              53.1500497
            ],
            [
              -1.7670822,
              53.1500265
            ],
            [
              -1.767117,
              53.1500171
            ],
            [
              -1.7671288,
              53.1500328
            ],
            [
              -1.7672241,
              53.1500072
            ]
          ]
        ]
      },
      "id": "way/114381928"
    },
    {
      "type": "Feature",
      "properties": {
        "@id": "way/117889209",
        "addr:city": "Buxton",
        "addr:country": "GB",
        "addr:housenumber": "40",
        "addr:postcode": "SK17 6HB",
        "addr:street": "High Street",
        "amenity": "pub",
        "building": "yes",
        "fhrs:id": "1886140",
        "name": "The Swan",
        "operator": "Free House",
        "phone": "+44 1298 23278",
        "real_ale": "yes",
        "source": "Bing",
        "wheelchair": "no",
        "wifi": "no",
        "wikidata": "Q26550523"
      },
      "geometry": {
        "type": "Polygon",
        "coordinates": [
          [
            [
              -1.9155687,
              53.2540824
            ],
            [
              -1.9155821,
              53.2539504
            ],
            [
              -1.9154694,
              53.2539472
            ],
            [
              -1.9154962,
              53.253867
            ],
            [
              -1.9154077,
              53.2538574
            ],
            [
              -1.9153809,
              53.2539328
            ],
            [
              -1.915338,
              53.2539328
            ],
            [
              -1.9153272,
              53.2540756
            ],
            [
              -1.9154241,
              53.2540784
            ],
            [
              -1.9155687,
              53.2540824
            ]
          ]
        ]
      },
      "id": "way/117889209"
    },
    {
      "type": "Feature",
      "properties": {
        "@id": "way/117889210",
        "addr:city": "Buxton",
        "addr:housenumber": "62-64",
        "addr:postcode": "SK17 6HB",
        "addr:street": "High Street",
        "amenity": "pub",
        "building": "yes",
        "name": "The London Road",
        "old_fhrs:id": "1258806",
        "operator": "Punch Taverns",
        "real_ale": "yes",
        "source": "bing",
        "toilets:wheelchair": "no",
        "wheelchair": "limited"
      },
      "geometry": {
        "type": "Polygon",
        "coordinates": [
          [
            [
              -1.9150831,
              53.253349
            ],
            [
              -1.9149147,
              53.2533792
            ],
            [
              -1.9149738,
              53.2534972
            ],
            [
              -1.9151202,
              53.253471
            ],
            [
              -1.9150891,
              53.2534088
            ],
            [
              -1.915111,
              53.2534049
            ],
            [
              -1.9150831,
              53.253349
            ]
          ]
        ]
      },
      "id": "way/117889210"
    },
    {
      "type": "Feature",
      "properties": {
        "@id": "way/117946900",
        "addr:city": "Buxton",
        "addr:housenumber": "3",
        "addr:postcode": "SK17 6XN",
        "addr:street": "Water Street",
        "amenity": "pub",
        "brand": "Greene King",
        "brand:wikidata": "Q5564162",
        "building": "yes",
        "fhrs:id": "1259213",
        "name": "The Old Clubhouse",
        "real_ale": "yes",
        "source": "Bing",
        "website": "https://www.greeneking.co.uk/pubs/derbyshire/old-club-house",
        "wheelchair": "no"
      },
      "geometry": {
        "type": "Polygon",
        "coordinates": [
          [
            [
              -1.9169077,
              53.2586398
            ],
            [
              -1.9164732,
              53.2586735
            ],
            [
              -1.9164973,
              53.258765
            ],
            [
              -1.9166019,
              53.2587537
            ],
            [
              -1.9166126,
              53.258789
            ],
            [
              -1.9167602,
              53.258781
            ],
            [
              -1.9169211,
              53.2587233
            ],
            [
              -1.9169077,
              53.2586398
            ]
          ]
        ]
      },
      "id": "way/117946900"
    },
    {
      "type": "Feature",
      "properties": {
        "@id": "way/118097853",
        "addr:city": "Buxton",
        "addr:postcode": "SK17 6EU",
        "addr:street": "High Street",
        "amenity": "pub",
        "building": "yes",
        "fhrs:id": "1259153",
        "guest_house": "bed_and_breakfast",
        "name": "Queen's Head",
        "old_fhrs:id": "389667",
        "operator": "Free House",
        "source": "Bing",
        "toilets:wheelchair": "no",
        "tourism": "guest_house",
        "wheelchair": "no"
      },
      "geometry": {
        "type": "Polygon",
        "coordinates": [
          [
            [
              -1.9155157,
              53.2547278
            ],
            [
              -1.9154765,
              53.2548709
            ],
            [
              -1.9156924,
              53.2548796
            ],
            [
              -1.9157615,
              53.2548854
            ],
            [
              -1.9159993,
              53.2549192
            ],
            [
              -1.9160226,
              53.2548626
            ],
            [
              -1.9157115,
              53.2548305
            ],
            [
              -1.9157276,
              53.2547471
            ],
            [
              -1.9155157,
              53.2547278
            ]
          ]
        ]
      },
      "id": "way/118097853"
    },
    {
      "type": "Feature",
      "properties": {
        "@id": "way/118097855",
        "addr:city": "Buxton",
        "addr:housenumber": "33",
        "addr:postcode": "SK17 6HA",
        "addr:street": "High Street",
        "amenity": "pub",
        "building": "yes",
        "fhrs:id": "1258756",
        "name": "The Old Sun Inn",
        "operator": "Marstons",
        "real_ale": "yes",
        "source": "Bing",
        "wikidata": "Q26550368"
      },
      "geometry": {
        "type": "Polygon",
        "coordinates": [
          [
            [
              -1.9150141,
              53.2543186
            ],
            [
              -1.9150248,
              53.25439
            ],
            [
              -1.9148988,
              53.2543997
            ],
            [
              -1.9149039,
              53.2544122
            ],
            [
              -1.9149162,
              53.2544478
            ],
            [
              -1.9150517,
              53.2544406
            ],
            [
              -1.9150584,
              53.2544887
            ],
            [
              -1.9151262,
              53.2544856
            ],
            [
              -1.9151804,
              53.2544831
            ],
            [
              -1.9152072,
              53.254459
            ],
            [
              -1.915185,
              53.2542921
            ],
            [
              -1.9151402,
              53.2542961
            ],
            [
              -1.9150607,
              53.2543103
            ],
            [
              -1.9150141,
              53.2543186
            ]
          ]
        ]
      },
      "id": "way/118097855"
    },
    {
      "type": "Feature",
      "properties": {
        "@id": "way/118352721",
        "addr:city": "Buxton",
        "addr:postcode": "SK17 9QQ",
        "addr:village": "Flagg",
        "alt_name": "Bull i Thorn",
        "amenity": "pub",
        "building": "retail",
        "building:levels": "2",
        "fhrs:id": "1811979",
        "indoor_seating": "yes",
        "name": "The Bull I' Th' Thorn Pub & Pizzeria",
        "nohousenumber": "yes",
        "note": "Closed as a pub but available for private functions",
        "outdoor_seating": "yes",
        "payment:cash": "yes",
        "payment:credit_cards": "yes",
        "payment:debit_cards": "yes",
        "roof:levels": "0",
        "roof:shape": "gabled",
        "toilets:access": "customers",
        "website": "https://www.bullithorn.co.uk/functions-events",
        "wheelchair": "no"
      },
      "geometry": {
        "type": "Polygon",
        "coordinates": [
          [
            [
              -1.8099053,
              53.1957306
            ],
            [
              -1.8097752,
              53.1956618
            ],
            [
              -1.8097395,
              53.195686
            ],
            [
              -1.8096783,
              53.1956535
            ],
            [
              -1.8097013,
              53.195638
            ],
            [
              -1.8096854,
              53.1956296
            ],
            [
              -1.809648,
              53.1956098
            ],
            [
              -1.8096706,
              53.1955945
            ],
            [
              -1.8096354,
              53.1955758
            ],
            [
              -1.8096676,
              53.195554
            ],
            [
              -1.8096336,
              53.1955361
            ],
            [
              -1.8095998,
              53.195559
            ],
            [
              -1.8095512,
              53.1955919
            ],
            [
              -1.809527,
              53.1955791
            ],
            [
              -1.8094275,
              53.1956465
            ],
            [
              -1.8095019,
              53.1956859
            ],
            [
              -1.8094286,
              53.1957356
            ],
            [
              -1.8095434,
              53.1957964
            ],
            [
              -1.8096138,
              53.1957487
            ],
            [
              -1.809658,
              53.1957721
            ],
            [
              -1.8096324,
              53.1957895
            ],
            [
              -1.8097178,
              53.1958347
            ],
            [
              -1.809761,
              53.1958576
            ],
            [
              -1.8099031,
              53.1957613
            ],
            [
              -1.8098789,
              53.1957485
            ],
            [
              -1.8099053,
              53.1957306
            ]
          ]
        ]
      },
      "id": "way/118352721"
    },
    {
      "type": "Feature",
      "properties": {
        "@id": "way/118382961",
        "amenity": "pub",
        "building": "yes",
        "food": "no",
        "indoor_seating": "yes",
        "name": "Shepherds Arms",
        "outdoor_seating": "yes",
        "real_ale": "5"
      },
      "geometry": {
        "type": "Polygon",
        "coordinates": [
          [
            [
              -1.9831044,
              53.3278854
            ],
            [
              -1.983277,
              53.3278738
            ],
            [
              -1.9832696,
              53.3278345
            ],
            [
              -1.9832249,
              53.3278375
            ],
            [
              -1.9832087,
              53.3277514
            ],
            [
              -1.9830728,
              53.3277605
            ],
            [
              -1.9830836,
              53.3278181
            ],
            [
              -1.9830513,
              53.3278202
            ],
            [
              -1.9830565,
              53.3278483
            ],
            [
              -1.9830969,
              53.3278456
            ],
            [
              -1.9831044,
              53.3278854
            ]
          ]
        ]
      },
      "id": "way/118382961"
    },
    {
      "type": "Feature",
      "properties": {
        "@id": "way/118392810",
        "amenity": "pub",
        "building": "yes",
        "disused:amenity": "*",
        "food": "yes",
        "name": "Navigation Inn",
        "note": "Currently (June 2025) closed",
        "real_ale": "yes",
        "source": "Bing;survey",
        "website": "https://navigationinn.co.uk/"
      },
      "geometry": {
        "type": "Polygon",
        "coordinates": [
          [
            [
              -1.967119,
              53.3354474
            ],
            [
              -1.967118,
              53.3355732
            ],
            [
              -1.9672251,
              53.3355735
            ],
            [
              -1.9672254,
              53.3355381
            ],
            [
              -1.9674956,
              53.3355389
            ],
            [
              -1.9674955,
              53.3355582
            ],
            [
              -1.9675812,
              53.3355584
            ],
            [
              -1.9675821,
              53.3354487
            ],
            [
              -1.967119,
              53.3354474
            ]
          ]
        ]
      },
      "id": "way/118392810"
    },
    {
      "type": "Feature",
      "properties": {
        "@id": "way/118929280",
        "addr:city": "High Peak",
        "addr:country": "GB",
        "addr:housenumber": "45",
        "addr:place": "Little Hayfield",
        "addr:postcode": "SK22 2NG",
        "addr:street": "Glossop Road",
        "amenity": "pub",
        "building": "yes",
        "fhrs:id": "1258733",
        "name": "Lantern Pike",
        "ref:GB:uprn": "10010751403",
        "source": "Bing;survey",
        "source:addr": "FHRS Open Data",
        "wikidata": "Q110057268"
      },
      "geometry": {
        "type": "Polygon",
        "coordinates": [
          [
            [
              -1.9498366,
              53.390883
            ],
            [
              -1.9497787,
              53.3908915
            ],
            [
              -1.9497672,
              53.3908639
            ],
            [
              -1.9496754,
              53.3908775
            ],
            [
              -1.9496853,
              53.3909013
            ],
            [
              -1.9497023,
              53.390942
            ],
            [
              -1.9497347,
              53.3910198
            ],
            [
              -1.9497491,
              53.3910544
            ],
            [
              -1.9499255,
              53.3910283
            ],
            [
              -1.9499059,
              53.3909814
            ],
            [
              -1.9498792,
              53.3909853
            ],
            [
              -1.9498366,
              53.390883
            ]
          ]
        ]
      },
      "id": "way/118929280"
    },
    {
      "type": "Feature",
      "properties": {
        "@id": "way/120342699",
        "addr:city": "Buxton",
        "addr:housenumber": "90",
        "addr:postcode": "SK17 7DT",
        "addr:street": "Fairfield Road",
        "amenity": "pub",
        "building": "yes",
        "name": "Bulls Head",
        "old_fhrs:id": "1258851",
        "operator": "Marston's",
        "real_ale": "yes",
        "source": "Bing;survey"
      },
      "geometry": {
        "type": "Polygon",
        "coordinates": [
          [
            [
              -1.9026008,
              53.2627913
            ],
            [
              -1.9025116,
              53.2627173
            ],
            [
              -1.9024717,
              53.2627353
            ],
            [
              -1.9024589,
              53.2627244
            ],
            [
              -1.9023784,
              53.2627621
            ],
            [
              -1.9023969,
              53.262777
            ],
            [
              -1.9021602,
              53.2628905
            ],
            [
              -1.902251,
              53.2629586
            ],
            [
              -1.9026008,
              53.2627913
            ]
          ]
        ]
      },
      "id": "way/120342699"
    },
    {
      "type": "Feature",
      "properties": {
        "@id": "way/123911505",
        "addr:city": "Hope Valley",
        "addr:country": "GB",
        "addr:postcode": "S33 7ZD",
        "addr:street": "Grindsbrook Booth",
        "addr:suburb": "Edale",
        "amenity": "pub",
        "building": "retail",
        "description": "official start of the Pennine Way",
        "fhrs:id": "1259096",
        "internet_access": "wlan",
        "name": "The Old Nags Head",
        "opening_hours": "Mo-Su 12:00-23:00",
        "website": "https://www.the-old-nags-head.co.uk/about-us/",
        "wikidata": "Q26388888"
      },
      "geometry": {
        "type": "Polygon",
        "coordinates": [
          [
            [
              -1.8171276,
              53.3707287
            ],
            [
              -1.8170016,
              53.3706253
            ],
            [
              -1.8169278,
              53.370576
            ],
            [
              -1.8168096,
              53.3706427
            ],
            [
              -1.8166912,
              53.3707036
            ],
            [
              -1.8165915,
              53.3707716
            ],
            [
              -1.8166474,
              53.3708077
            ],
            [
              -1.8167344,
              53.370755
            ],
            [
              -1.8167671,
              53.3707795
            ],
            [
              -1.8168065,
              53.370755
            ],
            [
              -1.8168408,
              53.3707784
            ],
            [
              -1.8169832,
              53.3707039
            ],
            [
              -1.8170601,
              53.3707604
            ],
            [
              -1.8171276,
              53.3707287
            ]
          ]
        ]
      },
      "id": "way/123911505"
    },
    {
      "type": "Feature",
      "properties": {
        "@id": "way/133612062",
        "addr:city": "Buxton",
        "addr:postcode": "SK17 0DB",
        "addr:street": "Tagg Lane",
        "addr:village": "Crowdecote",
        "amenity": "pub",
        "brewery": "various",
        "building": "yes",
        "check_date": "2025-10-11",
        "email": "thepackhorseinnbuxton@gmail.com",
        "fhrs:id": "1626187",
        "name": "The Pack Horse Inn",
        "opening_hours": "We-Sa 12:00-15:00,18:00-23:00; Su 12:00-15:00, 18:00-22:30",
        "outdoor_seating": "yes",
        "phone": "+44 1298 83618",
        "source": "bing",
        "toilets:wheelchair": "no",
        "website": "https://www.thepackhorseinn.net/",
        "wheelchair": "limited"
      },
      "geometry": {
        "type": "Polygon",
        "coordinates": [
          [
            [
              -1.8504197,
              53.1837885
            ],
            [
              -1.8503211,
              53.183698
            ],
            [
              -1.8503818,
              53.1836743
            ],
            [
              -1.8503451,
              53.1836406
            ],
            [
              -1.8502763,
              53.1836676
            ],
            [
              -1.8502308,
              53.1836259
            ],
            [
              -1.8501665,
              53.1836511
            ],
            [
              -1.8502156,
              53.1836961
            ],
            [
              -1.8501809,
              53.1837122
            ],
            [
              -1.8503179,
              53.1838312
            ],
            [
              -1.8503434,
              53.1838183
            ],
            [
              -1.8504197,
              53.1837885
            ]
          ]
        ]
      },
      "id": "way/133612062"
    },
    {
      "type": "Feature",
      "properties": {
        "@id": "way/138556450",
        "addr:city": "Sheffield",
        "addr:hamlet": "Owler Bar",
        "addr:postcode": "S17 3BQ",
        "addr:street": "Baslow Road",
        "amenity": "pub",
        "brand": "Chef & Brewer",
        "brand:wikidata": "Q5089491",
        "building": "yes",
        "check_date": "2026-03-08",
        "indoor_seating": "yes",
        "name": "The Peacock",
        "opening_hours": "Mo-Sa 11:00-23:00",
        "outdoor_seating": "yes",
        "phone": "+44 114 2361789",
        "website": "https://www.chefandbrewer.com/pubs/south-yorkshire/peacock/"
      },
      "geometry": {
        "type": "Polygon",
        "coordinates": [
          [
            [
              -1.5612208,
              53.2982776
            ],
            [
              -1.5608417,
              53.2983768
            ],
            [
              -1.5608772,
              53.2984253
            ],
            [
              -1.560928,
              53.2984119
            ],
            [
              -1.5609544,
              53.2984479
            ],
            [
              -1.5611321,
              53.2984013
            ],
            [
              -1.5612125,
              53.298511
            ],
            [
              -1.5613024,
              53.2984875
            ],
            [
              -1.5611954,
              53.2983416
            ],
            [
              -1.561396,
              53.298289
            ],
            [
              -1.5613605,
              53.2982406
            ],
            [
              -1.5613067,
              53.2982547
            ],
            [
              -1.5612759,
              53.2982126
            ],
            [
              -1.5611897,
              53.2982351
            ],
            [
              -1.5612208,
              53.2982776
            ]
          ]
        ]
      },
      "id": "way/138556450"
    },
    {
      "type": "Feature",
      "properties": {
        "@id": "way/157926081",
        "HE_ref": "1109914",
        "addr:city": "Bakewell",
        "addr:postcode": "DE45 1NN",
        "addr:street": "Main Street",
        "addr:village": "Little Longstone",
        "amenity": "pub",
        "building": "yes",
        "description:floor": "stone",
        "fhrs:id": "1626185",
        "food": "yes",
        "he:ref": "1109914",
        "listed_status": "Grade II",
        "name": "Packhorse Inn",
        "operator": "Thornbridge",
        "real_ale": "4 from Thornbridge;Black Sheep Bitter",
        "wikidata": "Q26403591"
      },
      "geometry": {
        "type": "Polygon",
        "coordinates": [
          [
            [
              -1.7165798,
              53.2422904
            ],
            [
              -1.7165641,
              53.2422334
            ],
            [
              -1.7163403,
              53.2422555
            ],
            [
              -1.716356,
              53.2423125
            ],
            [
              -1.7165798,
              53.2422904
            ]
          ]
        ]
      },
      "id": "way/157926081"
    },
    {
      "type": "Feature",
      "properties": {
        "@id": "way/157931063",
        "addr:city": "Holmfirth",
        "addr:country": "GB",
        "addr:hamlet": "Holme",
        "addr:postcode": "HD9 2QG",
        "addr:street": "The Village",
        "addr:suburb": "Holme",
        "amenity": "pub",
        "building": "yes",
        "fhrs:id": "228682",
        "name": "Fleece Inn",
        "opening_hours": "Tu-Th 12:00-22:00; Fr,Sa 09:00-23:00; Su 09:00-19:00",
        "source": "Bing",
        "source:addr": "FHRS Open Data",
        "website": "https://fleeceinnholme.co.uk/"
      },
      "geometry": {
        "type": "Polygon",
        "coordinates": [
          [
            [
              -1.8389265,
              53.549398
            ],
            [
              -1.8390002,
              53.5493351
            ],
            [
              -1.8390458,
              53.5493539
            ],
            [
              -1.8390904,
              53.5493159
            ],
            [
              -1.8390079,
              53.5492818
            ],
            [
              -1.8390863,
              53.549215
            ],
            [
              -1.8389643,
              53.5491645
            ],
            [
              -1.8387676,
              53.5493322
            ],
            [
              -1.8389265,
              53.549398
            ]
          ]
        ]
      },
      "id": "way/157931063"
    },
    {
      "type": "Feature",
      "properties": {
        "@id": "way/157932725",
        "addr:city": "Bakewell",
        "addr:postcode": "DE45 1TA",
        "addr:street": "Main Street",
        "addr:village": "Great Longstone",
        "amenity": "pub",
        "building": "yes",
        "fhrs:id": "1626152",
        "name": "White Lion",
        "opening_hours": "Tu 18:00-22:00; We 17:00-22:00; Th,Fr 12:00-14:30,17:00-22:00; Sa 12:00-22:00; Su 12:00-20:00; Mo off",
        "wikidata": "Q26403583"
      },
      "geometry": {
        "type": "Polygon",
        "coordinates": [
          [
            [
              -1.7021542,
              53.2425738
            ],
            [
              -1.7021898,
              53.2424949
            ],
            [
              -1.7019904,
              53.2424637
            ],
            [
              -1.701956,
              53.2425418
            ],
            [
              -1.7021542,
              53.2425738
            ]
          ]
        ]
      },
      "id": "way/157932725"
    },
    {
      "type": "Feature",
      "properties": {
        "@id": "way/159087548",
        "addr:city": "Matlock",
        "addr:postcode": "DE4 2BW",
        "addr:street": "Main Street",
        "addr:village": "Elton",
        "amenity": "pub",
        "building": "yes",
        "fhrs:id": "1627083",
        "name": "Duke Of York",
        "wikidata": "Q18150894"
      },
      "geometry": {
        "type": "Polygon",
        "coordinates": [
          [
            [
              -1.6700668,
              53.1451443
            ],
            [
              -1.6699926,
              53.1451423
            ],
            [
              -1.6699942,
              53.1451205
            ],
            [
              -1.6700309,
              53.1451215
            ],
            [
              -1.6700348,
              53.1450705
            ],
            [
              -1.6699753,
              53.1450688
            ],
            [
              -1.6699738,
              53.1450879
            ],
            [
              -1.6699731,
              53.1450979
            ],
            [
              -1.6699183,
              53.1450964
            ],
            [
              -1.6699168,
              53.1451165
            ],
            [
              -1.6698973,
              53.145116
            ],
            [
              -1.6698898,
              53.1452155
            ],
            [
              -1.6700611,
              53.1452201
            ],
            [
              -1.6700668,
              53.1451443
            ]
          ]
        ]
      },
      "id": "way/159087548"
    },
    {
      "type": "Feature",
      "properties": {
        "@id": "way/161547986",
        "addr:city": "Buxton",
        "addr:postcode": "SK17 0AL",
        "addr:street": "Market Place",
        "addr:village": "Hartington",
        "amenity": "pub",
        "building": "yes",
        "contact:facebook": "https://www.facebook.com/CharlesCottonHartington",
        "fhrs:id": "1840315",
        "food": "yes",
        "name": "Charles Cotton Hotel",
        "outdoor_seating": "yes",
        "real_ale": "yes",
        "source": "Bing, survey",
        "tourism": "hotel",
        "website": "https://charlescotton.co.uk/",
        "wikidata": "Q26619551"
      },
      "geometry": {
        "type": "Polygon",
        "coordinates": [
          [
            [
              -1.8107476,
              53.1404335
            ],
            [
              -1.8107338,
              53.1403309
            ],
            [
              -1.8105951,
              53.140336
            ],
            [
              -1.8105992,
              53.1403441
            ],
            [
              -1.8105348,
              53.1403465
            ],
            [
              -1.8105371,
              53.1403694
            ],
            [
              -1.810542,
              53.1404175
            ],
            [
              -1.8105935,
              53.1404156
            ],
            [
              -1.8106016,
              53.140495
            ],
            [
              -1.8106093,
              53.1405703
            ],
            [
              -1.8107338,
              53.1405657
            ],
            [
              -1.810727,
              53.1404984
            ],
            [
              -1.8108406,
              53.1404943
            ],
            [
              -1.8108341,
              53.1404303
            ],
            [
              -1.8107476,
              53.1404335
            ]
          ]
        ]
      },
      "id": "way/161547986"
    },
    {
      "type": "Feature",
      "properties": {
        "@id": "way/165347318",
        "addr:city": "Ashbourne",
        "addr:postcode": "DE6 2AF",
        "addr:village": "Wetton",
        "amenity": "pub",
        "building": "yes",
        "fhrs:id": "1259572",
        "name": "Ye Olde Royal Oak",
        "source": "bing",
        "source:addr:postcode": "FHRS Open Data"
      },
      "geometry": {
        "type": "Polygon",
        "coordinates": [
          [
            [
              -1.8382997,
              53.0954176
            ],
            [
              -1.8383049,
              53.0953742
            ],
            [
              -1.8383523,
              53.0953763
            ],
            [
              -1.8383529,
              53.0953712
            ],
            [
              -1.8384709,
              53.0953763
            ],
            [
              -1.8384753,
              53.0953394
            ],
            [
              -1.838314,
              53.0953324
            ],
            [
              -1.8383158,
              53.0953176
            ],
            [
              -1.83812,
              53.095309
            ],
            [
              -1.8381128,
              53.0953686
            ],
            [
              -1.8381648,
              53.0953709
            ],
            [
              -1.8381623,
              53.0953909
            ],
            [
              -1.8381598,
              53.0954114
            ],
            [
              -1.8382997,
              53.0954176
            ]
          ]
        ]
      },
      "id": "way/165347318"
    },
    {
      "type": "Feature",
      "properties": {
        "@id": "way/166515851",
        "addr:postcode": "SK17 8EJ",
        "addr:street": "Hernstone Lane",
        "amenity": "pub",
        "building": "yes",
        "check_date": "2026-03-07",
        "check_date:opening_hours": "2024-09-04",
        "fhrs:id": "1259110",
        "name": "Devonshire Arms",
        "opening_hours": "Th-Sa 12:00-15:00, 18:00-23:00; Su 12:00-22:00",
        "source:addr": "FHRS Open Data",
        "url": "https://www.thedevarms.com/"
      },
      "geometry": {
        "type": "Polygon",
        "coordinates": [
          [
            [
              -1.8297876,
              53.3099047
            ],
            [
              -1.8298699,
              53.3098238
            ],
            [
              -1.829494,
              53.3096874
            ],
            [
              -1.8294458,
              53.3097348
            ],
            [
              -1.8295202,
              53.3097618
            ],
            [
              -1.829484,
              53.3097974
            ],
            [
              -1.8297058,
              53.3098779
            ],
            [
              -1.8296775,
              53.3099058
            ],
            [
              -1.8297368,
              53.3099273
            ],
            [
              -1.8297672,
              53.3098974
            ],
            [
              -1.8297876,
              53.3099047
            ]
          ]
        ]
      },
      "id": "way/166515851"
    },
    {
      "type": "Feature",
      "properties": {
        "@id": "way/171529362",
        "addr:postcode": "SK11 0QE",
        "addr:street": "Barlow Hill",
        "amenity": "pub",
        "beer_garden": "yes",
        "building": "yes",
        "fhrs:id": "891447",
        "floor:material": "stone",
        "food": "yes",
        "name": "The Ship Inn",
        "outdoor_seating": "yes",
        "parking": "yes",
        "real_ale": "3 from J W Lees",
        "website": "https://theshipinnwincle.co.uk"
      },
      "geometry": {
        "type": "Polygon",
        "coordinates": [
          [
            [
              -2.0584022,
              53.1845734
            ],
            [
              -2.0583151,
              53.1845164
            ],
            [
              -2.058342,
              53.1845016
            ],
            [
              -2.0581626,
              53.1843841
            ],
            [
              -2.0580316,
              53.184456
            ],
            [
              -2.0580804,
              53.184488
            ],
            [
              -2.0581065,
              53.1844736
            ],
            [
              -2.0581885,
              53.1845273
            ],
            [
              -2.0581761,
              53.1845341
            ],
            [
              -2.0582963,
              53.1846128
            ],
            [
              -2.0583109,
              53.1846048
            ],
            [
              -2.0583265,
              53.184615
            ],
            [
              -2.0584022,
              53.1845734
            ]
          ]
        ]
      },
      "id": "way/171529362"
    },
    {
      "type": "Feature",
      "properties": {
        "@id": "way/172201171",
        "addr:city": "Buxton",
        "addr:postcode": "SK17 0DH",
        "addr:street": "Main Street",
        "addr:village": "Biggin-by-Hartington",
        "amenity": "pub",
        "beer_garden": "yes",
        "building": "yes",
        "description:floor": "stone",
        "diet:vegetarian": "yes",
        "fhrs:id": "1626148",
        "food": "yes",
        "indoor_seating": "yes",
        "name": "Waterloo Inn",
        "outdoor_seating": "yes",
        "parking": "yes",
        "payment:credit_cards": "yes",
        "payment:debit_cards": "yes",
        "real_ale": "Up to 4 available",
        "ref:GB:uprn": "10010336907;10070078941",
        "source": "survey;bing"
      },
      "geometry": {
        "type": "Polygon",
        "coordinates": [
          [
            [
              -1.7734884,
              53.1325517
            ],
            [
              -1.7737063,
              53.1325476
            ],
            [
              -1.7737028,
              53.1324835
            ],
            [
              -1.773756,
              53.1324824
            ],
            [
              -1.7737584,
              53.1325273
            ],
            [
              -1.7738229,
              53.1325261
            ],
            [
              -1.7738202,
              53.1324759
            ],
            [
              -1.7738102,
              53.1324761
            ],
            [
              -1.7738069,
              53.1324149
            ],
            [
              -1.7737315,
              53.1324164
            ],
            [
              -1.7737331,
              53.1324471
            ],
            [
              -1.7736558,
              53.1324486
            ],
            [
              -1.7736552,
              53.132436
            ],
            [
              -1.7736025,
              53.132437
            ],
            [
              -1.7736033,
              53.1324516
            ],
            [
              -1.7734832,
              53.1324539
            ],
            [
              -1.7734884,
              53.1325517
            ]
          ]
        ]
      },
      "id": "way/172201171"
    },
    {
      "type": "Feature",
      "properties": {
        "@id": "way/172310914",
        "addr:city": "Sheffield",
        "addr:country": "GB",
        "addr:postcode": "S11 7TZ",
        "addr:suburb": "Longshaw",
        "amenity": "pub",
        "building": "retail",
        "car_park": "yes",
        "description:floor": "Stone in back bar (access via back door)",
        "ele": "298.6",
        "fhrs:id": "1626308",
        "food": "Not durng the afternoon",
        "name": "The Grouse Inn",
        "real_ale": "Marstons Pedigree, Banks's, Greene King Abbot",
        "source": "bing",
        "website": "https://thegrouseinn-froggatt.co.uk/"
      },
      "geometry": {
        "type": "Polygon",
        "coordinates": [
          [
            [
              -1.6138355,
              53.2978797
            ],
            [
              -1.6139569,
              53.2977921
            ],
            [
              -1.613879,
              53.2977535
            ],
            [
              -1.613811,
              53.2978026
            ],
            [
              -1.6136983,
              53.2977467
            ],
            [
              -1.6137648,
              53.2976988
            ],
            [
              -1.6136325,
              53.2976333
            ],
            [
              -1.613626,
              53.297638
            ],
            [
              -1.6135689,
              53.2976097
            ],
            [
              -1.613459,
              53.2976889
            ],
            [
              -1.6135119,
              53.2977152
            ],
            [
              -1.6134812,
              53.2977374
            ],
            [
              -1.6135387,
              53.2977658
            ],
            [
              -1.613566,
              53.2977462
            ],
            [
              -1.6138355,
              53.2978797
            ]
          ]
        ]
      },
      "id": "way/172310914"
    },
    {
      "type": "Feature",
      "properties": {
        "@id": "way/172313126",
        "addr:city": "Hope Valley",
        "addr:postcode": "S32 1DA",
        "addr:street": "Sheffield Road",
        "addr:suburb": "Hathersage",
        "amenity": "pub",
        "building": "yes",
        "name": "The Millstone",
        "source": "Bing",
        "source:addr": "FHRS Open Data"
      },
      "geometry": {
        "type": "Polygon",
        "coordinates": [
          [
            [
              -1.6399248,
              53.3236867
            ],
            [
              -1.6399345,
              53.3235886
            ],
            [
              -1.6397603,
              53.3235824
            ],
            [
              -1.6397649,
              53.3235352
            ],
            [
              -1.6396795,
              53.3235322
            ],
            [
              -1.6395322,
              53.323527
            ],
            [
              -1.6395179,
              53.3236724
            ],
            [
              -1.6399248,
              53.3236867
            ]
          ]
        ]
      },
      "id": "way/172313126"
    },
    {
      "type": "Feature",
      "properties": {
        "@id": "way/172420897",
        "addr:city": "Hope Valley",
        "addr:postcode": "S33 6RH",
        "addr:suburb": "Hope",
        "amenity": "pub",
        "building": "yes",
        "check_date": "2026-03-08",
        "fhrs:id": "1259177",
        "food": "yes",
        "name": "The Old Hall Hotel",
        "outdoor_seating": "yes",
        "source": "bing",
        "source:addr:postcode": "FHRS Open Data",
        "tourism": "hotel"
      },
      "geometry": {
        "type": "Polygon",
        "coordinates": [
          [
            [
              -1.7424581,
              53.3481822
            ],
            [
              -1.7422062,
              53.3481466
            ],
            [
              -1.742195,
              53.3481761
            ],
            [
              -1.7421707,
              53.3482361
            ],
            [
              -1.7421268,
              53.3482299
            ],
            [
              -1.7421126,
              53.3482655
            ],
            [
              -1.742071,
              53.3482596
            ],
            [
              -1.7420527,
              53.348257
            ],
            [
              -1.7420207,
              53.3483377
            ],
            [
              -1.7421106,
              53.3483504
            ],
            [
              -1.7421284,
              53.3483054
            ],
            [
              -1.7422697,
              53.3483254
            ],
            [
              -1.7422769,
              53.3483072
            ],
            [
              -1.7422976,
              53.3483101
            ],
            [
              -1.7424216,
              53.3483276
            ],
            [
              -1.7424495,
              53.3482573
            ],
            [
              -1.7424295,
              53.3482544
            ],
            [
              -1.7424581,
              53.3481822
            ]
          ]
        ]
      },
      "id": "way/172420897"
    },
    {
      "type": "Feature",
      "properties": {
        "@id": "way/179857265",
        "addr:city": "Matlock",
        "addr:postcode": "DE4 2BN",
        "addr:street": "Main Street",
        "addr:village": "Birchover",
        "amenity": "pub",
        "building": "yes",
        "description:floor": "stone",
        "fhrs:id": "1626343",
        "food": "yes",
        "internet_access": "wlan",
        "name": "Red Lion Inn",
        "note": "Muddy Boots Welcome",
        "note:name": "\"Red Lion Inn\" on signs, menu, business cards, but some of the signs do say eg \"The Red Lion\"",
        "opening_hours": "12:00-14:30,18:00-23:00",
        "real_ale": "Peakstones Rock Nine Ladies, Dancing Ducks Brewery, Potbelly Brewery, plus 2 real ciders and a perry",
        "source": "survey;bing",
        "website": "http://www.birchoverredlion.com"
      },
      "geometry": {
        "type": "Polygon",
        "coordinates": [
          [
            [
              -1.6464683,
              53.1562345
            ],
            [
              -1.6464658,
              53.1561438
            ],
            [
              -1.6462243,
              53.1561462
            ],
            [
              -1.6462234,
              53.156114
            ],
            [
              -1.6461307,
              53.1561148
            ],
            [
              -1.6461327,
              53.1561887
            ],
            [
              -1.6461384,
              53.1561886
            ],
            [
              -1.6461632,
              53.1561884
            ],
            [
              -1.6461944,
              53.1561881
            ],
            [
              -1.6461951,
              53.1562135
            ],
            [
              -1.6462644,
              53.1562129
            ],
            [
              -1.6462651,
              53.1562364
            ],
            [
              -1.6464683,
              53.1562345
            ]
          ]
        ]
      },
      "id": "way/179857265"
    },
    {
      "type": "Feature",
      "properties": {
        "@id": "way/180682015",
        "amenity": "pub",
        "building": "yes",
        "ele": "249.11",
        "name": "The Red Lion Inn",
        "source": "Bing"
      },
      "geometry": {
        "type": "Polygon",
        "coordinates": [
          [
            [
              -1.88143,
              53.0616281
            ],
            [
              -1.881396,
              53.0615124
            ],
            [
              -1.8813878,
              53.0614848
            ],
            [
              -1.8813203,
              53.061492
            ],
            [
              -1.8812475,
              53.0614997
            ],
            [
              -1.8812751,
              53.0615934
            ],
            [
              -1.8813207,
              53.0615886
            ],
            [
              -1.8813353,
              53.0616382
            ],
            [
              -1.88143,
              53.0616281
            ]
          ]
        ]
      },
      "id": "way/180682015"
    },
    {
      "type": "Feature",
      "properties": {
        "@id": "way/185331963",
        "accommodation": "yes",
        "addr:city": "Bakewell",
        "addr:postcode": "DE45 1QS",
        "addr:street": "Main Street",
        "amenity": "pub",
        "beer_garden": "yes",
        "building": "yes",
        "fhrs:id": "1626418",
        "food": "yes",
        "name": "Cock and Pullet",
        "parking": "yes",
        "real_ale": "Black Sheep Bitter, Taylor Landlord, Sharps Doom Bar",
        "source": "survey;bing"
      },
      "geometry": {
        "type": "Polygon",
        "coordinates": [
          [
            [
              -1.739746,
              53.2158275
            ],
            [
              -1.7397589,
              53.2157691
            ],
            [
              -1.739684,
              53.2157631
            ],
            [
              -1.739697,
              53.2157047
            ],
            [
              -1.7396379,
              53.2157
            ],
            [
              -1.7396422,
              53.2156807
            ],
            [
              -1.7395769,
              53.2156755
            ],
            [
              -1.7395724,
              53.2156956
            ],
            [
              -1.7395587,
              53.2157573
            ],
            [
              -1.7395434,
              53.2157561
            ],
            [
              -1.7395314,
              53.2158104
            ],
            [
              -1.7397282,
              53.2158261
            ],
            [
              -1.739746,
              53.2158275
            ]
          ]
        ]
      },
      "id": "way/185331963"
    },
    {
      "type": "Feature",
      "properties": {
        "@id": "way/194334966",
        "addr:city": "Sheffield",
        "addr:postcode": "S6 6JE",
        "addr:street": "Mortimer Road",
        "amenity": "pub",
        "building": "yes",
        "contact:email": "info@thestrinesinn.co.uk",
        "contact:instagram": "thestrinesinn",
        "contact:phone": "+44 11 4285 1247",
        "fhrs:id": "438160",
        "food": "yes",
        "name": "Strines Inn",
        "opening_hours": "PH,Mo-Su 11:00-23:00",
        "payment:cash": "yes",
        "payment:credit_cards": "yes",
        "payment:debit_cards": "yes",
        "real_fire": "yes",
        "source": "Bing",
        "website": "https://www.thestrinesinn.co.uk/",
        "website:menu": "https://irp.cdn-website.com/4ffe854c/files/uploaded/Strines_Menu.pdf",
        "wheelchair": "limited",
        "wikidata": "Q26486871"
      },
      "geometry": {
        "type": "Polygon",
        "coordinates": [
          [
            [
              -1.6667107,
              53.4118566
            ],
            [
              -1.6666072,
              53.4118586
            ],
            [
              -1.6666082,
              53.4118767
            ],
            [
              -1.6663457,
              53.4118818
            ],
            [
              -1.6663497,
              53.4119569
            ],
            [
              -1.6664318,
              53.4119553
            ],
            [
              -1.6664313,
              53.4119454
            ],
            [
              -1.6666267,
              53.4119416
            ],
            [
              -1.6666257,
              53.4119215
            ],
            [
              -1.6667141,
              53.4119198
            ],
            [
              -1.6667107,
              53.4118566
            ]
          ]
        ]
      },
      "id": "way/194334966"
    },
    {
      "type": "Feature",
      "properties": {
        "@id": "way/194962079",
        "accommodation": "yes",
        "addr:city": "Hope Valley",
        "addr:postcode": "S32 2HS",
        "addr:street": "Sir William Hill Road",
        "addr:village": "Grindleford",
        "amenity": "pub",
        "building": "yes",
        "fhrs:id": "1626886",
        "food": "yes",
        "name": "Sir William",
        "note": "Notice on the door suggests that the pub might reopen at a future date.",
        "website": "https://www.thesirwilliam.co.uk/"
      },
      "geometry": {
        "type": "Polygon",
        "coordinates": [
          [
            [
              -1.6372737,
              53.296471
            ],
            [
              -1.6372612,
              53.2965596
            ],
            [
              -1.6373972,
              53.2965664
            ],
            [
              -1.6374077,
              53.2964919
            ],
            [
              -1.6374313,
              53.2963249
            ],
            [
              -1.6371702,
              53.2963118
            ],
            [
              -1.6371611,
              53.2963768
            ],
            [
              -1.6372439,
              53.296381
            ],
            [
              -1.6372315,
              53.2964689
            ],
            [
              -1.6372737,
              53.296471
            ]
          ]
        ]
      },
      "id": "way/194962079"
    },
    {
      "type": "Feature",
      "properties": {
        "@id": "way/196011191",
        "addr:city": "Bakewell",
        "addr:postcode": "DE45 1JE",
        "addr:street": "School Lane",
        "addr:village": "Over Haddon",
        "alt_name": "Lathkil Hotel",
        "amenity": "pub",
        "beer_garden": "yes",
        "building": "yes",
        "fhrs:id": "1626977",
        "food": "yes",
        "indoor_seating": "yes",
        "name": "The Lathkil Hotel",
        "note": "corrected Lathkill to Lathkil from survey. officially sometimes is \"The\"",
        "outdoor_seating": "yes",
        "parking": "yes",
        "real_ale": "Peak Ales,Blue Monkey,more",
        "source": "survey",
        "tourism": "hotel",
        "website": "https://www.lathkil.co.uk/"
      },
      "geometry": {
        "type": "Polygon",
        "coordinates": [
          [
            [
              -1.6909976,
              53.1944611
            ],
            [
              -1.6912808,
              53.1944328
            ],
            [
              -1.6912536,
              53.1943351
            ],
            [
              -1.6909705,
              53.1943634
            ],
            [
              -1.6909976,
              53.1944611
            ]
          ]
        ]
      },
      "id": "way/196011191"
    },
    {
      "type": "Feature",
      "properties": {
        "@id": "way/201256080",
        "addr:city": "Glossop",
        "addr:postcode": "SK13 8BP",
        "addr:street": "Norfolk Square",
        "amenity": "pub",
        "brewery": "Joseph Holt",
        "building": "yes",
        "diet:vegan": "yes",
        "diet:vegetarian": "yes",
        "fhrs:id": "1258961",
        "food": "yes",
        "live_sport": "yes",
        "name": "Norfolk Arms",
        "operator": "Joseph Holt",
        "outdoor_seating": "yes",
        "real_ale": "yes",
        "source": "Bing",
        "source:addr": "FHRS Open Data",
        "website": "https://www.joseph-holt.com/pubs/norfolk-arms",
        "wikidata": "Q26664112"
      },
      "geometry": {
        "type": "Polygon",
        "coordinates": [
          [
            [
              -1.9493294,
              53.4436306
            ],
            [
              -1.9493297,
              53.44351
            ],
            [
              -1.9489666,
              53.4435054
            ],
            [
              -1.9488685,
              53.4435062
            ],
            [
              -1.9488681,
              53.44363
            ],
            [
              -1.9490139,
              53.4436302
            ],
            [
              -1.9493294,
              53.4436306
            ]
          ]
        ]
      },
      "id": "way/201256080"
    },
    {
      "type": "Feature",
      "properties": {
        "@id": "way/207234789",
        "addr:city": "Hope Valley",
        "addr:postcode": "S32 3ZP",
        "addr:street": "Kingsgate",
        "addr:suburb": "Calver",
        "amenity": "pub",
        "building": "yes",
        "name": "The Eyre Arms",
        "not:addr:postcode": "S32 3XH",
        "source": "survey;bing",
        "source:addr": "FHRS Open Data"
      },
      "geometry": {
        "type": "Polygon",
        "coordinates": [
          [
            [
              -1.6425033,
              53.270387
            ],
            [
              -1.6426041,
              53.2703205
            ],
            [
              -1.6425401,
              53.2702858
            ],
            [
              -1.6425799,
              53.2702596
            ],
            [
              -1.6426061,
              53.2702423
            ],
            [
              -1.6425224,
              53.2701969
            ],
            [
              -1.6425605,
              53.2701717
            ],
            [
              -1.6423901,
              53.2700794
            ],
            [
              -1.6421987,
              53.2702058
            ],
            [
              -1.6422723,
              53.2702456
            ],
            [
              -1.642197,
              53.2702954
            ],
            [
              -1.6422789,
              53.2703398
            ],
            [
              -1.6423407,
              53.270299
            ],
            [
              -1.6424354,
              53.2703503
            ],
            [
              -1.6425033,
              53.270387
            ]
          ]
        ]
      },
      "id": "way/207234789"
    },
    {
      "type": "Feature",
      "properties": {
        "@id": "way/220384582",
        "HE_ref": "1287885",
        "addr:postcode": "SK17 8SN",
        "addr:street": "Millers Dale",
        "amenity": "pub",
        "building": "public",
        "contact:website": "http://www.theanglersrest.co.uk/",
        "fhrs:id": "1626263",
        "fhrs:rating": "4",
        "food": "yes",
        "listed_status": "Grade II",
        "name": "The Anglers Rest",
        "outdoor_seating": "yes",
        "phone": "+441298 871323",
        "real_ale": "yes",
        "real_fire": "yes",
        "smoking": "outside",
        "source": "survey;bing",
        "source:addr": "fhrs open data",
        "toilets:wheelchair": "no",
        "wheelchair": "no",
        "wikidata": "Q26576337"
      },
      "geometry": {
        "type": "Polygon",
        "coordinates": [
          [
            [
              -1.7881471,
              53.2570901
            ],
            [
              -1.7880893,
              53.2569767
            ],
            [
              -1.7878487,
              53.2570206
            ],
            [
              -1.7878952,
              53.2571119
            ],
            [
              -1.7879814,
              53.2570961
            ],
            [
              -1.7879927,
              53.2571183
            ],
            [
              -1.7881471,
              53.2570901
            ]
          ]
        ]
      },
      "id": "way/220384582"
    },
    {
      "type": "Feature",
      "properties": {
        "@id": "way/231691861",
        "addr:city": "High Peak",
        "addr:country": "GB",
        "addr:postcode": "SK23 6EJ",
        "addr:suburb": "Chinley",
        "amenity": "pub",
        "building": "yes",
        "fhrs:id": "1259066",
        "name": "Old Hall Inn",
        "source:addr:postcode": "FHRS Open Data",
        "wikidata": "Q26482458"
      },
      "geometry": {
        "type": "Polygon",
        "coordinates": [
          [
            [
              -1.9433449,
              53.3353329
            ],
            [
              -1.9433401,
              53.3352418
            ],
            [
              -1.9430307,
              53.3352476
            ],
            [
              -1.943032,
              53.3352723
            ],
            [
              -1.9428807,
              53.3352751
            ],
            [
              -1.9428835,
              53.3353289
            ],
            [
              -1.9429016,
              53.3353286
            ],
            [
              -1.9429046,
              53.3353866
            ],
            [
              -1.942992,
              53.3353849
            ],
            [
              -1.9429912,
              53.3353709
            ],
            [
              -1.9430694,
              53.3353695
            ],
            [
              -1.9430678,
              53.3353381
            ],
            [
              -1.9433449,
              53.3353329
            ]
          ]
        ]
      },
      "id": "way/231691861"
    },
    {
      "type": "Feature",
      "properties": {
        "@id": "way/231691866",
        "addr:city": "High Peak",
        "addr:country": "GB",
        "addr:postcode": "SK23 6EJ",
        "addr:street": "Whitehough Head Lane",
        "addr:suburb": "Chinley",
        "amenity": "pub",
        "building": "yes",
        "fhrs:id": "1259195",
        "name": "Paper Mill Inn",
        "ref:GB:uprn": "10010757826",
        "source:addr": "FHRS Open Data"
      },
      "geometry": {
        "type": "Polygon",
        "coordinates": [
          [
            [
              -1.9426053,
              53.334906
            ],
            [
              -1.942403,
              53.3349271
            ],
            [
              -1.9424137,
              53.3349638
            ],
            [
              -1.9423657,
              53.3349687
            ],
            [
              -1.9423818,
              53.3350238
            ],
            [
              -1.9424573,
              53.3350159
            ],
            [
              -1.9424688,
              53.3350556
            ],
            [
              -1.942511,
              53.3350512
            ],
            [
              -1.9425204,
              53.3350834
            ],
            [
              -1.9425556,
              53.3350798
            ],
            [
              -1.9426531,
              53.3350696
            ],
            [
              -1.9426053,
              53.334906
            ]
          ]
        ]
      },
      "id": "way/231691866"
    },
    {
      "type": "Feature",
      "properties": {
        "@id": "way/232468344",
        "addr:city": "Matlock",
        "addr:postcode": "DE4 4HW",
        "addr:village": "Aldwark",
        "amenity": "pub",
        "building": "farm_auxiliary",
        "craft": "brewery",
        "email": "jenny@aaabrewery.co.uk",
        "fhrs:id": "1626602",
        "fixme": "Pub is only open during the summer, not sure how to say this in the opening hours",
        "name": "Aldwark Artisan Ales",
        "opening_hours": "Sa",
        "source": "survey;bing",
        "website": "https://aaabrewery.co.uk/"
      },
      "geometry": {
        "type": "Polygon",
        "coordinates": [
          [
            [
              -1.6596607,
              53.1140845
            ],
            [
              -1.6593367,
              53.1137327
            ],
            [
              -1.6587462,
              53.1139287
            ],
            [
              -1.6589082,
              53.1141046
            ],
            [
              -1.6590677,
              53.1140517
            ],
            [
              -1.6591599,
              53.1141518
            ],
            [
              -1.659294,
              53.1141073
            ],
            [
              -1.6593637,
              53.1141831
            ],
            [
              -1.6596607,
              53.1140845
            ]
          ]
        ]
      },
      "id": "way/232468344"
    },
    {
      "type": "Feature",
      "properties": {
        "@id": "way/238425450",
        "addr:city": "Hope Valley",
        "addr:postcode": "S32 1BZ",
        "addr:street": "School Lane",
        "addr:village": "Hathersage",
        "amenity": "pub",
        "building": "yes",
        "fhrs:id": "1626264",
        "name": "The Scotsman's Pack",
        "source": "Bing"
      },
      "geometry": {
        "type": "Polygon",
        "coordinates": [
          [
            [
              -1.6492819,
              53.3318601
            ],
            [
              -1.6492096,
              53.3319223
            ],
            [
              -1.6494994,
              53.3320424
            ],
            [
              -1.6495717,
              53.3319802
            ],
            [
              -1.649561,
              53.3319758
            ],
            [
              -1.6494323,
              53.3319224
            ],
            [
              -1.6492819,
              53.3318601
            ]
          ]
        ]
      },
      "id": "way/238425450"
    },
    {
      "type": "Feature",
      "properties": {
        "@id": "way/241856257",
        "addr:housenumber": "78",
        "addr:postcode": "SK13 1JY",
        "addr:street": "Old Road",
        "amenity": "pub",
        "building": "yes",
        "fhrs:id": "1258611",
        "name": "Bulls Head",
        "opening_hours": "Th,Fr 17:00-23:00; Sa 12:00-23:00; Su 12:00-22:00",
        "outdoor_seating": "yes",
        "parking": "yes",
        "real_ale": "Taylor Landlord, Sharps Doom Bar +1, may vary",
        "source:addr": "FHRS Open Data"
      },
      "geometry": {
        "type": "Polygon",
        "coordinates": [
          [
            [
              -1.9668853,
              53.4729608
            ],
            [
              -1.9669113,
              53.4730492
            ],
            [
              -1.9671666,
              53.4730226
            ],
            [
              -1.9671406,
              53.4729342
            ],
            [
              -1.9668853,
              53.4729608
            ]
          ]
        ]
      },
      "id": "way/241856257"
    },
    {
      "type": "Feature",
      "properties": {
        "@id": "way/252163379",
        "amenity": "pub",
        "building": "yes",
        "name": "Staffordshire Knott"
      },
      "geometry": {
        "type": "Polygon",
        "coordinates": [
          [
            [
              -1.835821,
              53.1468119
            ],
            [
              -1.8358358,
              53.1468161
            ],
            [
              -1.8359096,
              53.1467236
            ],
            [
              -1.8358363,
              53.1467026
            ],
            [
              -1.835783,
              53.1467695
            ],
            [
              -1.8357656,
              53.1467914
            ],
            [
              -1.8357125,
              53.1467762
            ],
            [
              -1.8357278,
              53.146757
            ],
            [
              -1.8356466,
              53.1467337
            ],
            [
              -1.8355415,
              53.1468656
            ],
            [
              -1.8355047,
              53.1469118
            ],
            [
              -1.8356461,
              53.1469523
            ],
            [
              -1.8356832,
              53.1469058
            ],
            [
              -1.8356233,
              53.1468886
            ],
            [
              -1.8356559,
              53.1468477
            ],
            [
              -1.8357671,
              53.1468795
            ],
            [
              -1.835821,
              53.1468119
            ]
          ]
        ]
      },
      "id": "way/252163379"
    },
    {
      "type": "Feature",
      "properties": {
        "@id": "way/256520992",
        "addr:city": "Old Glossop",
        "addr:housename": "Queens Arms",
        "addr:housenumber": "1",
        "addr:postcode": "SK13 7RZ",
        "addr:street": "Shepley Street",
        "amenity": "pub",
        "brewery": "yes",
        "building": "yes",
        "name": "The Queens Arms",
        "opening_hours": "Mo-Su 12:00-24:00"
      },
      "geometry": {
        "type": "Polygon",
        "coordinates": [
          [
            [
              -1.9381764,
              53.4497818
            ],
            [
              -1.9381998,
              53.4496803
            ],
            [
              -1.9380282,
              53.4496663
            ],
            [
              -1.9380049,
              53.4497678
            ],
            [
              -1.9381764,
              53.4497818
            ]
          ]
        ]
      },
      "id": "way/256520992"
    },
    {
      "type": "Feature",
      "properties": {
        "@id": "way/267220349",
        "addr:city": "Sheffield",
        "addr:country": "GB",
        "addr:hamlet": "Flouch",
        "addr:postcode": "S36 4HH",
        "addr:street": "Manchester Road",
        "amenity": "pub",
        "building": "yes",
        "name": "Dog & Partridge"
      },
      "geometry": {
        "type": "Polygon",
        "coordinates": [
          [
            [
              -1.7325006,
              53.5066702
            ],
            [
              -1.7324872,
              53.5065985
            ],
            [
              -1.7326374,
              53.506541
            ],
            [
              -1.732581,
              53.5064836
            ],
            [
              -1.7326588,
              53.5064549
            ],
            [
              -1.7325354,
              53.5063368
            ],
            [
              -1.7324496,
              53.5063624
            ],
            [
              -1.7323906,
              53.5063161
            ],
            [
              -1.7322967,
              53.5063544
            ],
            [
              -1.7323074,
              53.5063641
            ],
            [
              -1.7324845,
              53.5065235
            ],
            [
              -1.7323866,
              53.5065705
            ],
            [
              -1.7320647,
              53.50658
            ],
            [
              -1.7320754,
              53.5066821
            ],
            [
              -1.7325006,
              53.5066702
            ]
          ]
        ]
      },
      "id": "way/267220349"
    },
    {
      "type": "Feature",
      "properties": {
        "@id": "way/268416039",
        "amenity": "pub",
        "building": "yes",
        "name": "The Robin Hood Inn",
        "website": "http://robinhoodinnbaslow.co.uk/"
      },
      "geometry": {
        "type": "Polygon",
        "coordinates": [
          [
            [
              -1.5819061,
              53.2457243
            ],
            [
              -1.5821018,
              53.2457229
            ],
            [
              -1.5821023,
              53.2457507
            ],
            [
              -1.5821935,
              53.2457501
            ],
            [
              -1.58232,
              53.2457492
            ],
            [
              -1.582317,
              53.2455998
            ],
            [
              -1.5822132,
              53.2456005
            ],
            [
              -1.5822129,
              53.2455879
            ],
            [
              -1.5820011,
              53.2455894
            ],
            [
              -1.5820014,
              53.2456043
            ],
            [
              -1.5819037,
              53.245605
            ],
            [
              -1.5819061,
              53.2457243
            ]
          ]
        ]
      },
      "id": "way/268416039"
    },
    {
      "type": "Feature",
      "properties": {
        "@id": "way/274136408",
        "addr:city": "Hope Valley",
        "addr:postcode": "S32 5QD",
        "addr:street": "Sir William Hill Road",
        "addr:suburb": "Bretton",
        "amenity": "pub",
        "brewery": "various",
        "building": "yes",
        "description:floor": "carpet",
        "dog": "ask",
        "email": "information@thebarrelinn.co.uk",
        "facebook": "https://www.facebook.com/barrelinnbretton",
        "fhrs:id": "1626252",
        "food": "yes",
        "internet_access": "wlan",
        "internet_access:fee": "customers",
        "name": "Barrel Inn",
        "phone": "+44 1433 630856",
        "real_ale": "Hobgoblin;Marstons",
        "real_fire": "yes",
        "source:detail": "survey",
        "source:street": "FHRS Open Data",
        "website": "http://www.thebarrelinn.co.uk/"
      },
      "geometry": {
        "type": "Polygon",
        "coordinates": [
          [
            [
              -1.7005905,
              53.2980055
            ],
            [
              -1.7006589,
              53.2979793
            ],
            [
              -1.7006582,
              53.2979394
            ],
            [
              -1.7006938,
              53.2979391
            ],
            [
              -1.7006927,
              53.2978771
            ],
            [
              -1.7006151,
              53.2978775
            ],
            [
              -1.7006156,
              53.2979113
            ],
            [
              -1.7004153,
              53.2979126
            ],
            [
              -1.7004145,
              53.2978699
            ],
            [
              -1.7004077,
              53.29787
            ],
            [
              -1.7002496,
              53.2978709
            ],
            [
              -1.7002516,
              53.2979843
            ],
            [
              -1.7003467,
              53.2979838
            ],
            [
              -1.7003471,
              53.2980077
            ],
            [
              -1.7002552,
              53.2980086
            ],
            [
              -1.700255,
              53.2980676
            ],
            [
              -1.7004682,
              53.2980664
            ],
            [
              -1.7004694,
              53.2980541
            ],
            [
              -1.7005286,
              53.2980536
            ],
            [
              -1.7005287,
              53.2980091
            ],
            [
              -1.7005905,
              53.2980055
            ]
          ]
        ]
      },
      "id": "way/274136408"
    },
    {
      "type": "Feature",
      "properties": {
        "@id": "way/277874834",
        "amenity": "pub",
        "building": "yes",
        "food": "yes",
        "name": "Ye Olde Rock Inn",
        "source": "survey;bing",
        "toilets:wheelchair": "no",
        "wheelchair": "limited"
      },
      "geometry": {
        "type": "Polygon",
        "coordinates": [
          [
            [
              -1.9817594,
              53.1461717
            ],
            [
              -1.9818859,
              53.1460809
            ],
            [
              -1.9818435,
              53.1460596
            ],
            [
              -1.9818863,
              53.146029
            ],
            [
              -1.9816344,
              53.1459027
            ],
            [
              -1.9814399,
              53.1460423
            ],
            [
              -1.9815058,
              53.1460754
            ],
            [
              -1.981519,
              53.1460659
            ],
            [
              -1.9815777,
              53.1460953
            ],
            [
              -1.9815898,
              53.1460866
            ],
            [
              -1.9817594,
              53.1461717
            ]
          ]
        ]
      },
      "id": "way/277874834"
    },
    {
      "type": "Feature",
      "properties": {
        "@id": "way/289224625",
        "amenity": "pub",
        "building": "yes",
        "fixme": "is this pub still open?",
        "name": "Jolly Carter"
      },
      "geometry": {
        "type": "Polygon",
        "coordinates": [
          [
            [
              -1.8992057,
              53.3242364
            ],
            [
              -1.8990909,
              53.3242768
            ],
            [
              -1.8992037,
              53.3243913
            ],
            [
              -1.8993185,
              53.3243509
            ],
            [
              -1.8992057,
              53.3242364
            ]
          ]
        ]
      },
      "id": "way/289224625"
    },
    {
      "type": "Feature",
      "properties": {
        "@id": "way/308469160",
        "addr:city": "High Peak",
        "addr:country": "GB",
        "addr:housenumber": "3-5",
        "addr:postcode": "SK22 2EP",
        "addr:street": "Market Street",
        "addr:suburb": "Hayfield",
        "amenity": "pub",
        "brewery": "yes",
        "building": "commercial",
        "fhrs:id": "1260422",
        "food": "yes",
        "name": "Pack Horse",
        "outdoor_seating": "yes",
        "ref:GB:uprn": "10010730022",
        "smoking": "outside",
        "website": "https://thepackhorsehayfield.uk/"
      },
      "geometry": {
        "type": "Polygon",
        "coordinates": [
          [
            [
              -1.9459147,
              53.3804066
            ],
            [
              -1.9457944,
              53.3804655
            ],
            [
              -1.9457733,
              53.3804758
            ],
            [
              -1.9458157,
              53.3805066
            ],
            [
              -1.9456752,
              53.3805755
            ],
            [
              -1.9457438,
              53.3806252
            ],
            [
              -1.9459583,
              53.3805201
            ],
            [
              -1.9459428,
              53.3805089
            ],
            [
              -1.9460101,
              53.3804759
            ],
            [
              -1.9459147,
              53.3804066
            ]
          ]
        ]
      },
      "id": "way/308469160"
    },
    {
      "type": "Feature",
      "properties": {
        "@id": "way/311965551",
        "amenity": "pub",
        "building": "yes",
        "food": "yes",
        "name": "The Winking Man",
        "real_ale": "Charles Wells Bombardier, Hancocks HB +1",
        "source": "survey;bing",
        "toilets:wheelchair": "yes",
        "wheelchair": "yes"
      },
      "geometry": {
        "type": "Polygon",
        "coordinates": [
          [
            [
              -1.9620199,
              53.1708297
            ],
            [
              -1.9620304,
              53.1708095
            ],
            [
              -1.9621491,
              53.1708316
            ],
            [
              -1.962218,
              53.1706985
            ],
            [
              -1.9622337,
              53.1706681
            ],
            [
              -1.9622613,
              53.1706732
            ],
            [
              -1.9622981,
              53.170602
            ],
            [
              -1.9622206,
              53.1705876
            ],
            [
              -1.9622628,
              53.170506
            ],
            [
              -1.9619867,
              53.1704547
            ],
            [
              -1.9618899,
              53.1706419
            ],
            [
              -1.9619546,
              53.1706539
            ],
            [
              -1.9618866,
              53.1707854
            ],
            [
              -1.961987,
              53.170804
            ],
            [
              -1.9619777,
              53.1708219
            ],
            [
              -1.9620199,
              53.1708297
            ]
          ]
        ]
      },
      "id": "way/311965551"
    },
    {
      "type": "Feature",
      "properties": {
        "@id": "way/338686553",
        "addr:city": "Hope Valley",
        "addr:postcode": "S33 6ZF",
        "addr:street": "Edale Road",
        "addr:suburb": "Hope",
        "alt_name": "Cheshire Cheese Inn",
        "amenity": "pub",
        "fhrs:id": "1260436",
        "name": "Cheshire Cheese",
        "phone": "+441433 620381",
        "source:addr": "FHRS Open Data",
        "website": "https://thecheshirecheeseinn.co.uk/"
      },
      "geometry": {
        "type": "Polygon",
        "coordinates": [
          [
            [
              -1.7453881,
              53.3533574
            ],
            [
              -1.7454541,
              53.3534206
            ],
            [
              -1.745502,
              53.3534623
            ],
            [
              -1.7455499,
              53.3535039
            ],
            [
              -1.7456441,
              53.3534654
            ],
            [
              -1.7457909,
              53.3534044
            ],
            [
              -1.745821,
              53.3533174
            ],
            [
              -1.74577,
              53.3532545
            ],
            [
              -1.7457041,
              53.3532324
            ],
            [
              -1.7456294,
              53.3532619
            ],
            [
              -1.7454259,
              53.3533452
            ],
            [
              -1.7453881,
              53.3533574
            ]
          ]
        ]
      },
      "id": "way/338686553"
    },
    {
      "type": "Feature",
      "properties": {
        "@id": "way/338790459",
        "amenity": "pub",
        "name": "Woodroffe Arms"
      },
      "geometry": {
        "type": "Polygon",
        "coordinates": [
          [
            [
              -1.7437942,
              53.3482248
            ],
            [
              -1.7437942,
              53.3479524
            ],
            [
              -1.7434809,
              53.3479525
            ],
            [
              -1.7433598,
              53.3479508
            ],
            [
              -1.7433588,
              53.3480943
            ],
            [
              -1.743319,
              53.3481791
            ],
            [
              -1.7435841,
              53.3482234
            ],
            [
              -1.7436928,
              53.3482238
            ],
            [
              -1.7437325,
              53.3482244
            ],
            [
              -1.7437942,
              53.3482248
            ]
          ]
        ]
      },
      "id": "way/338790459"
    },
    {
      "type": "Feature",
      "properties": {
        "@id": "way/346879536",
        "addr:postcode": "SK23 6AL",
        "addr:street": "Hayfield Road",
        "amenity": "pub",
        "building": "yes",
        "fhrs:id": "1260432",
        "name": "The Lamb Inn",
        "ref:GB:uprn": "10010744009",
        "source": "survey",
        "source:addr": "FHRS Open Data"
      },
      "geometry": {
        "type": "Polygon",
        "coordinates": [
          [
            [
              -1.9274042,
              53.3554957
            ],
            [
              -1.9268859,
              53.3555308
            ],
            [
              -1.9269025,
              53.3556032
            ],
            [
              -1.9270954,
              53.3555912
            ],
            [
              -1.9270988,
              53.3555984
            ],
            [
              -1.9274195,
              53.3555762
            ],
            [
              -1.9274042,
              53.3554957
            ]
          ]
        ]
      },
      "id": "way/346879536"
    },
    {
      "type": "Feature",
      "properties": {
        "@id": "way/362832665",
        "accommodation": "yes",
        "addr:city": "Matlock",
        "addr:postcode": "DE4 2NZ",
        "addr:village": "Beeley",
        "amenity": "pub",
        "building": "yes",
        "food": "yes",
        "name": "The Beeley Inn",
        "old_name": "Devonshire Arms",
        "outdoor_seating": "yes",
        "source": "local knowledge",
        "website": "https://www.chatsworthescapes.co.uk/beeleyinn/",
        "wikidata": "Q26619360"
      },
      "geometry": {
        "type": "Polygon",
        "coordinates": [
          [
            [
              -1.6046581,
              53.2033374
            ],
            [
              -1.6045802,
              53.2032519
            ],
            [
              -1.6045077,
              53.2032757
            ],
            [
              -1.6045276,
              53.2032975
            ],
            [
              -1.6044615,
              53.2033191
            ],
            [
              -1.6044649,
              53.2033229
            ],
            [
              -1.6043606,
              53.2033517
            ],
            [
              -1.6041289,
              53.2033748
            ],
            [
              -1.6041526,
              53.2034419
            ],
            [
              -1.6043224,
              53.2034233
            ],
            [
              -1.6043855,
              53.2034167
            ],
            [
              -1.6043794,
              53.2034011
            ],
            [
              -1.6045142,
              53.2033769
            ],
            [
              -1.6045195,
              53.2033827
            ],
            [
              -1.6046581,
              53.2033374
            ]
          ]
        ]
      },
      "id": "way/362832665"
    },
    {
      "type": "Feature",
      "properties": {
        "@id": "way/364795572",
        "addr:city": "High Peak",
        "addr:country": "GB",
        "addr:postcode": "SK22 2LE",
        "addr:street": "Kinder Road",
        "addr:suburb": "Hayfield",
        "amenity": "pub",
        "building": "yes",
        "fhrs:id": "1258691",
        "food": "yes",
        "name": "The Sportsman",
        "operator": "Daniel Thwaites Plc",
        "outdoor_seating": "yes",
        "rooms": "yes",
        "smoking": "outside",
        "source": "local_knowledge",
        "source:addr": "FHRS Open Data",
        "website": "http://www.kindersportsman.co.uk/"
      },
      "geometry": {
        "type": "Polygon",
        "coordinates": [
          [
            [
              -1.9349446,
              53.3774665
            ],
            [
              -1.9350675,
              53.3774677
            ],
            [
              -1.9350697,
              53.3773797
            ],
            [
              -1.9345218,
              53.3773746
            ],
            [
              -1.9345195,
              53.3774625
            ],
            [
              -1.9347078,
              53.3774643
            ],
            [
              -1.934707,
              53.3774935
            ],
            [
              -1.9349438,
              53.3774957
            ],
            [
              -1.9349446,
              53.3774665
            ]
          ]
        ]
      },
      "id": "way/364795572"
    },
    {
      "type": "Feature",
      "properties": {
        "@id": "way/374864940",
        "addr:city": "High Peak",
        "addr:country": "GB",
        "addr:postcode": "SK23 7JE",
        "addr:street": "Buxton Road",
        "addr:suburb": "Whaley Bridge",
        "amenity": "pub",
        "building": "yes",
        "fhrs:id": "1258836",
        "food": "yes",
        "name": "The Cock",
        "real_ale": "4",
        "source:addr": "FHRS Open Data"
      },
      "geometry": {
        "type": "Polygon",
        "coordinates": [
          [
            [
              -1.9847626,
              53.3259222
            ],
            [
              -1.9846393,
              53.3259014
            ],
            [
              -1.9845555,
              53.326079
            ],
            [
              -1.9846788,
              53.3260997
            ],
            [
              -1.9847626,
              53.3259222
            ]
          ]
        ]
      },
      "id": "way/374864940"
    },
    {
      "type": "Feature",
      "properties": {
        "@id": "way/374864941",
        "addr:city": "High Peak",
        "addr:country": "GB",
        "addr:postcode": "SK23 7HN",
        "addr:street": "Market Street",
        "addr:suburb": "Whaley Bridge",
        "amenity": "pub",
        "building": "yes",
        "contact:facebook": "https://www.facebook.com/people/WHITE-HART-Whaley-Bridge/100092437127315",
        "fhrs:id": "1258857",
        "food": "yes",
        "name": "The White Hart",
        "opening_hours": "Su-We 14:00-23:00; Th-Sa 12:00-00:00",
        "outdoor_seating": "yes",
        "real_ale": "3",
        "ref:GB:uprn": "10010744393",
        "source:addr": "FHRS Open Data",
        "wikidata": "Q26380468"
      },
      "geometry": {
        "type": "Polygon",
        "coordinates": [
          [
            [
              -1.9833723,
              53.3289312
            ],
            [
              -1.9833757,
              53.3288544
            ],
            [
              -1.9832927,
              53.3288214
            ],
            [
              -1.9831573,
              53.3288272
            ],
            [
              -1.9831408,
              53.3288825
            ],
            [
              -1.9831988,
              53.3288841
            ],
            [
              -1.983196,
              53.3289328
            ],
            [
              -1.9831615,
              53.3289328
            ],
            [
              -1.9831573,
              53.3289881
            ],
            [
              -1.9833425,
              53.3289964
            ],
            [
              -1.9833535,
              53.3289312
            ],
            [
              -1.9833723,
              53.3289312
            ]
          ]
        ]
      },
      "id": "way/374864941"
    },
    {
      "type": "Feature",
      "properties": {
        "@id": "way/376516984",
        "HE_ref": "1335250",
        "addr:city": "Bakewell",
        "addr:postcode": "DE45 1QB",
        "addr:street": "Church Street",
        "amenity": "pub",
        "brand": "Robinsons",
        "brand:wikidata": "Q7353116",
        "brewery": "Robinsons",
        "building": "retail",
        "fhrs:id": "1626310",
        "heritage": "yes",
        "listed_status": "Grade II",
        "name": "Bull's Head Inn",
        "operator": "Robinsons",
        "operator:wikidata": "Q7353116",
        "phone": "+44 1629 812931",
        "website": "https://www.robinsonsbrewery.com/pubs/bulls-head-ashford-in-the-water/",
        "wikidata": "Q26619857"
      },
      "geometry": {
        "type": "Polygon",
        "coordinates": [
          [
            [
              -1.7083526,
              53.2245209
            ],
            [
              -1.7084656,
              53.2244935
            ],
            [
              -1.7084054,
              53.2244042
            ],
            [
              -1.7084167,
              53.2244015
            ],
            [
              -1.7083803,
              53.2243474
            ],
            [
              -1.708181,
              53.2243956
            ],
            [
              -1.7082182,
              53.2244507
            ],
            [
              -1.708293,
              53.2244326
            ],
            [
              -1.7083526,
              53.2245209
            ]
          ]
        ]
      },
      "id": "way/376516984"
    },
    {
      "type": "Feature",
      "properties": {
        "@id": "way/382667273",
        "addr:city": "Bakewell",
        "addr:postcode": "DE45 1RY",
        "addr:street": "Church Lane",
        "addr:village": "Baslow",
        "amenity": "pub",
        "brewery": "yes",
        "building": "yes",
        "fhrs:id": "1626947",
        "name": "Prince Of Wales",
        "website": "https://princeofwalesbaslow.co.uk/"
      },
      "geometry": {
        "type": "Polygon",
        "coordinates": [
          [
            [
              -1.6226126,
              53.247364
            ],
            [
              -1.6225943,
              53.2473501
            ],
            [
              -1.6225051,
              53.247392
            ],
            [
              -1.6225882,
              53.2474553
            ],
            [
              -1.6226046,
              53.2474476
            ],
            [
              -1.6226554,
              53.2474862
            ],
            [
              -1.6227656,
              53.2474344
            ],
            [
              -1.6227178,
              53.247398
            ],
            [
              -1.6227415,
              53.2473868
            ],
            [
              -1.6226738,
              53.2473352
            ],
            [
              -1.6226126,
              53.247364
            ]
          ]
        ]
      },
      "id": "way/382667273"
    },
    {
      "type": "Feature",
      "properties": {
        "@id": "way/390481450",
        "addr:city": "Hope Valley",
        "addr:postcode": "S32 1BA",
        "addr:suburb": "Hathersage",
        "amenity": "pub",
        "building": "yes",
        "fhrs:id": "1627016",
        "name": "The Plough Inn",
        "source:addr": "FHRS Open Data",
        "website": "https://theploughinn-hathersage.co.uk/"
      },
      "geometry": {
        "type": "Polygon",
        "coordinates": [
          [
            [
              -1.6495278,
              53.3205094
            ],
            [
              -1.6494718,
              53.3204885
            ],
            [
              -1.6494231,
              53.3205352
            ],
            [
              -1.6494807,
              53.3205566
            ],
            [
              -1.6494109,
              53.3206282
            ],
            [
              -1.6497991,
              53.3207727
            ],
            [
              -1.6498515,
              53.3207224
            ],
            [
              -1.6495388,
              53.320606
            ],
            [
              -1.6495618,
              53.3205838
            ],
            [
              -1.6496143,
              53.3206034
            ],
            [
              -1.6496606,
              53.320559
            ],
            [
              -1.6498957,
              53.3206465
            ],
            [
              -1.6499759,
              53.3205696
            ],
            [
              -1.6496028,
              53.3204307
            ],
            [
              -1.6495245,
              53.3205057
            ],
            [
              -1.6495297,
              53.3205076
            ],
            [
              -1.6495278,
              53.3205094
            ]
          ]
        ]
      },
      "id": "way/390481450"
    },
    {
      "type": "Feature",
      "properties": {
        "@id": "way/395450573",
        "addr:city": "High Peak",
        "addr:country": "GB",
        "addr:postcode": "SK23 9UH",
        "addr:street": "Manchester Road",
        "addr:suburb": "Chapel-en-le-Frith",
        "amenity": "pub",
        "building": "yes",
        "fhrs:id": "1259147",
        "name": "Hanging Gate",
        "phone": "+44 1298 812776",
        "ref:GB:uprn": "10010744912",
        "source": "OS_OpenData_StreetView",
        "website": "https://www.hanginggate-chapel.co.uk/"
      },
      "geometry": {
        "type": "Polygon",
        "coordinates": [
          [
            [
              -1.9401407,
              53.3164884
            ],
            [
              -1.939885,
              53.316362
            ],
            [
              -1.9396865,
              53.3165052
            ],
            [
              -1.9397163,
              53.3165199
            ],
            [
              -1.9396987,
              53.3165326
            ],
            [
              -1.9397413,
              53.3165537
            ],
            [
              -1.939767,
              53.3165351
            ],
            [
              -1.9398393,
              53.3165709
            ],
            [
              -1.9398574,
              53.3165578
            ],
            [
              -1.9399685,
              53.3166127
            ],
            [
              -1.9401407,
              53.3164884
            ]
          ]
        ]
      },
      "id": "way/395450573"
    },
    {
      "type": "Feature",
      "properties": {
        "@id": "way/405515573",
        "addr:city": "High Peak",
        "addr:country": "GB",
        "addr:postcode": "SK23 7QU",
        "addr:street": "Macclesfield Road",
        "addr:suburb": "Kettleshume",
        "amenity": "pub",
        "building": "yes",
        "fhrs:id": "896096",
        "name": "The Swan Inn",
        "ref:GB:uprn": "100012364015",
        "source": "Bing",
        "source:addr": "FHRS Open Data"
      },
      "geometry": {
        "type": "Polygon",
        "coordinates": [
          [
            [
              -2.018053,
              53.3154392
            ],
            [
              -2.0181331,
              53.3153955
            ],
            [
              -2.0180335,
              53.3153305
            ],
            [
              -2.0180879,
              53.3153008
            ],
            [
              -2.0180581,
              53.3152814
            ],
            [
              -2.0180037,
              53.3153111
            ],
            [
              -2.0179587,
              53.3152817
            ],
            [
              -2.0179222,
              53.3153017
            ],
            [
              -2.0179102,
              53.3153082
            ],
            [
              -2.0178242,
              53.3153551
            ],
            [
              -2.0178252,
              53.3153558
            ],
            [
              -2.0178539,
              53.3153744
            ],
            [
              -2.017877,
              53.3153617
            ],
            [
              -2.0179939,
              53.3154382
            ],
            [
              -2.0180252,
              53.3154211
            ],
            [
              -2.018053,
              53.3154392
            ]
          ]
        ]
      },
      "id": "way/405515573"
    },
    {
      "type": "Feature",
      "properties": {
        "@id": "way/412524351",
        "addr:city": "Matlock",
        "addr:postcode": "DE4 2DS",
        "addr:street": "East Bank",
        "addr:village": "Winster",
        "amenity": "pub",
        "building": "yes",
        "fhrs:id": "1626960",
        "food": "yes",
        "name": "Old Bowling Green",
        "phone": "+44 1629 650219",
        "real_ale": "Peak Ales,Farmers",
        "website": "https://www.peakparkpub.co.uk/",
        "wikidata": "Q26619832"
      },
      "geometry": {
        "type": "Polygon",
        "coordinates": [
          [
            [
              -1.6400426,
              53.1413467
            ],
            [
              -1.6400416,
              53.1413732
            ],
            [
              -1.6401319,
              53.1413744
            ],
            [
              -1.6401361,
              53.1412614
            ],
            [
              -1.639994,
              53.1412593
            ],
            [
              -1.6399937,
              53.1412662
            ],
            [
              -1.6399699,
              53.1412658
            ],
            [
              -1.639969,
              53.1412889
            ],
            [
              -1.6399542,
              53.1412887
            ],
            [
              -1.6399533,
              53.1413127
            ],
            [
              -1.6399118,
              53.1413121
            ],
            [
              -1.6399108,
              53.1413382
            ],
            [
              -1.6399522,
              53.1413388
            ],
            [
              -1.6399519,
              53.1413455
            ],
            [
              -1.6400426,
              53.1413467
            ]
          ]
        ]
      },
      "id": "way/412524351"
    },
    {
      "type": "Feature",
      "properties": {
        "@id": "way/412714423",
        "amenity": "pub",
        "building": "yes",
        "name": "Old Shoulder of Mutton"
      },
      "geometry": {
        "type": "Polygon",
        "coordinates": [
          [
            [
              -1.6427005,
              53.1412207
            ],
            [
              -1.6428336,
              53.141226
            ],
            [
              -1.6428457,
              53.1411171
            ],
            [
              -1.6428077,
              53.1411155
            ],
            [
              -1.6428116,
              53.1410805
            ],
            [
              -1.6427164,
              53.1410767
            ],
            [
              -1.6427005,
              53.1412207
            ]
          ]
        ]
      },
      "id": "way/412714423"
    },
    {
      "type": "Feature",
      "properties": {
        "@id": "way/422229672",
        "addr:city": "High Peak",
        "addr:country": "GB",
        "addr:housenumber": "14",
        "addr:postcode": "SK22 2JE",
        "addr:street": "Church Street",
        "addr:suburb": "Hayfield",
        "amenity": "pub",
        "building": "hotel",
        "building:levels": "2",
        "fhrs:id": "1259100",
        "food": "yes",
        "name": "George Hotel",
        "outdoor_seating": "yes",
        "phone": "+44 1663 743691",
        "real_ale": "yes",
        "ref:GB:uprn": "10010725689",
        "rooms": "9",
        "source:addr": "FHRS Open Data",
        "website": "https://www.thegeorgehotelhayfield.co.uk/"
      },
      "geometry": {
        "type": "Polygon",
        "coordinates": [
          [
            [
              -1.9457174,
              53.3789121
            ],
            [
              -1.945748,
              53.3789081
            ],
            [
              -1.945735,
              53.3788726
            ],
            [
              -1.9457912,
              53.3788652
            ],
            [
              -1.9457729,
              53.3788153
            ],
            [
              -1.9457198,
              53.3788222
            ],
            [
              -1.9456923,
              53.378747
            ],
            [
              -1.9456105,
              53.3787576
            ],
            [
              -1.9456192,
              53.3787813
            ],
            [
              -1.9454704,
              53.3788006
            ],
            [
              -1.945525,
              53.3789501
            ],
            [
              -1.945722,
              53.3789245
            ],
            [
              -1.9457174,
              53.3789121
            ]
          ]
        ]
      },
      "id": "way/422229672"
    },
    {
      "type": "Feature",
      "properties": {
        "@id": "way/429879131",
        "addr:city": "Hope Valley",
        "addr:postcode": "S33 9HG",
        "addr:street": "Hope Road",
        "addr:suburb": "Brough-on-Noe",
        "amenity": "pub",
        "building": "yes",
        "check_date": "2026-03-08",
        "fhrs:id": "1259108",
        "indoor_seating": "yes",
        "name": "Travellers Rest",
        "outdoor_seating": "yes",
        "phone": "+44 1433620363",
        "source:addr": "FHRS Open Data",
        "website": "https://travellers-rest.net/"
      },
      "geometry": {
        "type": "Polygon",
        "coordinates": [
          [
            [
              -1.7245951,
              53.341739
            ],
            [
              -1.7242236,
              53.3415909
            ],
            [
              -1.7241119,
              53.3416908
            ],
            [
              -1.7244834,
              53.3418389
            ],
            [
              -1.7245951,
              53.341739
            ]
          ]
        ]
      },
      "id": "way/429879131"
    },
    {
      "type": "Feature",
      "properties": {
        "@id": "way/433141733",
        "addr:postcode": "SK11 0AR",
        "amenity": "pub",
        "building": "yes",
        "fhrs:id": "891516",
        "name": "The Stanley Arms",
        "website": "https://www.stanleyarms.com/"
      },
      "geometry": {
        "type": "Polygon",
        "coordinates": [
          [
            [
              -2.030766,
              53.2486616
            ],
            [
              -2.0305153,
              53.2486496
            ],
            [
              -2.0305064,
              53.2487169
            ],
            [
              -2.0305902,
              53.2487209
            ],
            [
              -2.0305855,
              53.2487562
            ],
            [
              -2.0307502,
              53.2487641
            ],
            [
              -2.030766,
              53.2486616
            ]
          ]
        ]
      },
      "id": "way/433141733"
    },
    {
      "type": "Feature",
      "properties": {
        "@id": "way/441400860",
        "amenity": "pub",
        "building": "retail",
        "name": "The Palatine",
        "noaddress": "yes",
        "opening_hours": "Mo-Th 14:00-24:00, Fr 13:00-24:00, Sa,Su 12:00-24:00"
      },
      "geometry": {
        "type": "Polygon",
        "coordinates": [
          [
            [
              -1.9662066,
              53.461712
            ],
            [
              -1.9662305,
              53.4616277
            ],
            [
              -1.9659362,
              53.461598
            ],
            [
              -1.9659266,
              53.4616385
            ],
            [
              -1.965914,
              53.4616816
            ],
            [
              -1.9662066,
              53.461712
            ]
          ]
        ]
      },
      "id": "way/441400860"
    },
    {
      "type": "Feature",
      "properties": {
        "@id": "way/464776420",
        "HE_ref": "1088136",
        "amenity": "pub",
        "building": "yes",
        "listed_status": "Grade II",
        "name": "The Fox",
        "wikidata": "Q26380521"
      },
      "geometry": {
        "type": "Polygon",
        "coordinates": [
          [
            [
              -2.0232122,
              53.3746145
            ],
            [
              -2.0231943,
              53.3744464
            ],
            [
              -2.0229849,
              53.3744543
            ],
            [
              -2.0229959,
              53.3745563
            ],
            [
              -2.0230688,
              53.3745538
            ],
            [
              -2.0230751,
              53.3746189
            ],
            [
              -2.0232122,
              53.3746145
            ]
          ]
        ]
      },
      "id": "way/464776420"
    },
    {
      "type": "Feature",
      "properties": {
        "@id": "way/467632637",
        "addr:city": "High Peak",
        "addr:country": "GB",
        "addr:housenumber": "23",
        "addr:postcode": "SK23 6BE",
        "addr:street": "Lower Lane",
        "addr:suburb": "Chinley",
        "amenity": "pub",
        "building": "yes",
        "departures_board": "realtime",
        "fhrs:id": "1259085",
        "name": "Chinley Bar & Lounge",
        "opening_hours": "Mo,Tu 17:00-22:00; We,Th 16:00-23:00; Fr 14:00-23:30; Sa 12:00-23:30; Su 12:00-23:00",
        "source": "os_opendata_streetview",
        "source:addr": "FHRS Open Data"
      },
      "geometry": {
        "type": "Polygon",
        "coordinates": [
          [
            [
              -1.9431991,
              53.3391545
            ],
            [
              -1.9431905,
              53.339023
            ],
            [
              -1.9431267,
              53.3390245
            ],
            [
              -1.9431253,
              53.3390025
            ],
            [
              -1.9430354,
              53.3390046
            ],
            [
              -1.9430455,
              53.3391581
            ],
            [
              -1.9431991,
              53.3391545
            ]
          ]
        ]
      },
      "id": "way/467632637"
    },
    {
      "type": "Feature",
      "properties": {
        "@id": "way/533703482",
        "addr:city": "Hope Valley",
        "addr:postcode": "S33 9HJ",
        "addr:street": "Church Street",
        "addr:suburb": "Bradwell",
        "amenity": "pub",
        "building": "yes",
        "contact:facebook": "https://www.facebook.com/shoulderbradwell/",
        "fhrs:id": "1626265",
        "name": "The Shoulder of Mutton",
        "tourism": "guest_house"
      },
      "geometry": {
        "type": "Polygon",
        "coordinates": [
          [
            [
              -1.7398289,
              53.32617
            ],
            [
              -1.7398199,
              53.3261209
            ],
            [
              -1.7397865,
              53.3261231
            ],
            [
              -1.7397733,
              53.3260511
            ],
            [
              -1.7398029,
              53.3260492
            ],
            [
              -1.7397876,
              53.3259658
            ],
            [
              -1.739646,
              53.325975
            ],
            [
              -1.7396834,
              53.3261796
            ],
            [
              -1.7398289,
              53.32617
            ]
          ]
        ]
      },
      "id": "way/533703482"
    },
    {
      "type": "Feature",
      "properties": {
        "@id": "way/548949723",
        "amenity": "pub",
        "building": "pub",
        "name": "Rock Tavern",
        "source": "Bing"
      },
      "geometry": {
        "type": "Polygon",
        "coordinates": [
          [
            [
              -2.0031226,
              53.3637467
            ],
            [
              -2.003031,
              53.3636883
            ],
            [
              -2.0029115,
              53.3637551
            ],
            [
              -2.0030114,
              53.3638188
            ],
            [
              -2.003029,
              53.363809
            ],
            [
              -2.003057,
              53.3638268
            ],
            [
              -2.0031375,
              53.3637818
            ],
            [
              -2.0031012,
              53.3637587
            ],
            [
              -2.0031226,
              53.3637467
            ]
          ]
        ]
      },
      "id": "way/548949723"
    },
    {
      "type": "Feature",
      "properties": {
        "@id": "way/549290082",
        "addr:city": "High Peak",
        "addr:country": "GB",
        "addr:postcode": "SK23 7QS",
        "addr:street": "Station Road",
        "addr:suburb": "Furness Vale",
        "amenity": "pub",
        "building": "pub",
        "fhrs:id": "1258866",
        "name": "The Crossings",
        "source": "Bing",
        "source:addr": "FHRS Open Data"
      },
      "geometry": {
        "type": "Polygon",
        "coordinates": [
          [
            [
              -1.9893113,
              53.3487181
            ],
            [
              -1.989035,
              53.3485427
            ],
            [
              -1.9889629,
              53.3485832
            ],
            [
              -1.9890834,
              53.3486597
            ],
            [
              -1.9890576,
              53.3486742
            ],
            [
              -1.9890725,
              53.3486837
            ],
            [
              -1.9890147,
              53.3487162
            ],
            [
              -1.9891555,
              53.3488055
            ],
            [
              -1.9893113,
              53.3487181
            ]
          ]
        ]
      },
      "id": "way/549290082"
    },
    {
      "type": "Feature",
      "properties": {
        "@id": "way/549873558",
        "amenity": "pub",
        "indoor_seating": "yes",
        "landuse": "retail",
        "name": "Drum and Monkey",
        "old_name": "Board Inn",
        "operator": "Freehouse",
        "outdoor_seating": "yes",
        "real_ale": "yes",
        "source": "Bing"
      },
      "geometry": {
        "type": "Polygon",
        "coordinates": [
          [
            [
              -1.9794922,
              53.3210276
            ],
            [
              -1.9792897,
              53.3211764
            ],
            [
              -1.9796381,
              53.3213456
            ],
            [
              -1.9798407,
              53.3211968
            ],
            [
              -1.9794922,
              53.3210276
            ]
          ]
        ]
      },
      "id": "way/549873558"
    },
    {
      "type": "Feature",
      "properties": {
        "@id": "way/561610087",
        "addr:city": "Bakewell",
        "addr:postcode": "DE45 1PX",
        "addr:street": "Crowhill Lane",
        "amenity": "pub",
        "building": "yes",
        "fhrs:id": "1626360",
        "name": "Greenhills Caravan Park (Shop & Club)"
      },
      "geometry": {
        "type": "Polygon",
        "coordinates": [
          [
            [
              -1.6999962,
              53.2202014
            ],
            [
              -1.7000073,
              53.2202387
            ],
            [
              -1.7001337,
              53.2202253
            ],
            [
              -1.7001227,
              53.220188
            ],
            [
              -1.6999962,
              53.2202014
            ]
          ]
        ]
      },
      "id": "way/561610087"
    },
    {
      "type": "Feature",
      "properties": {
        "@id": "way/567717861",
        "addr:city": "Buxton",
        "addr:housenumber": "2",
        "addr:postcode": "SK17 9JD",
        "addr:street": "Burlow Road",
        "amenity": "pub",
        "building": "yes",
        "check_date": "2025-08-23",
        "fhrs:id": "1258897",
        "name": "Parks Inn"
      },
      "geometry": {
        "type": "Polygon",
        "coordinates": [
          [
            [
              -1.9067028,
              53.2369884
            ],
            [
              -1.9065853,
              53.2369854
            ],
            [
              -1.9065823,
              53.2370269
            ],
            [
              -1.9065159,
              53.2370252
            ],
            [
              -1.9065128,
              53.2370693
            ],
            [
              -1.9064747,
              53.2370683
            ],
            [
              -1.906472,
              53.2371053
            ],
            [
              -1.9067331,
              53.237112
            ],
            [
              -1.9067369,
              53.2370588
            ],
            [
              -1.9066978,
              53.2370578
            ],
            [
              -1.9067028,
              53.2369884
            ]
          ]
        ]
      },
      "id": "way/567717861"
    },
    {
      "type": "Feature",
      "properties": {
        "@id": "way/589328380",
        "addr:postcode": "SK13 1BY",
        "addr:street": "Bankbottom",
        "amenity": "pub",
        "biergarten": "yes",
        "food": "yes",
        "name": "The New Lamp",
        "opening_hours": "Mo-Th 17:00-23:00; Fr-Sun 12:00-23:00",
        "smoking": "outside"
      },
      "geometry": {
        "type": "Polygon",
        "coordinates": [
          [
            [
              -1.9713743,
              53.464696
            ],
            [
              -1.9713415,
              53.4646167
            ],
            [
              -1.9713179,
              53.4646048
            ],
            [
              -1.9712918,
              53.4645915
            ],
            [
              -1.971169,
              53.4645917
            ],
            [
              -1.9711659,
              53.464577
            ],
            [
              -1.9711389,
              53.4645665
            ],
            [
              -1.9710991,
              53.4645691
            ],
            [
              -1.9710697,
              53.4646146
            ],
            [
              -1.9708835,
              53.4646338
            ],
            [
              -1.970922,
              53.4647458
            ],
            [
              -1.9711414,
              53.4647168
            ],
            [
              -1.9712512,
              53.4647017
            ],
            [
              -1.9712926,
              53.4646998
            ],
            [
              -1.9713743,
              53.464696
            ]
          ]
        ]
      },
      "id": "way/589328380"
    },
    {
      "type": "Feature",
      "properties": {
        "@id": "way/615646209",
        "amenity": "pub",
        "building": "yes",
        "building:levels": "2",
        "name": "Samuel Fox Country Inn",
        "outdoor_seating": "yes",
        "roof:levels": "1",
        "roof:shape": "gabled"
      },
      "geometry": {
        "type": "Polygon",
        "coordinates": [
          [
            [
              -1.7392714,
              53.333286
            ],
            [
              -1.7391565,
              53.3333592
            ],
            [
              -1.7392292,
              53.3333999
            ],
            [
              -1.7391858,
              53.3334275
            ],
            [
              -1.7392749,
              53.3334774
            ],
            [
              -1.7394133,
              53.3333891
            ],
            [
              -1.7393607,
              53.3333597
            ],
            [
              -1.7393805,
              53.3333471
            ],
            [
              -1.7392714,
              53.333286
            ]
          ]
        ]
      },
      "id": "way/615646209"
    },
    {
      "type": "Feature",
      "properties": {
        "@id": "way/664355323",
        "addr:postcode": "SK13 5EZ",
        "addr:street": "Glossop Road",
        "amenity": "pub",
        "building": "yes",
        "fhrs:id": "1258931",
        "name": "George and Dragon",
        "source:addr": "FHRS Open Data"
      },
      "geometry": {
        "type": "Polygon",
        "coordinates": [
          [
            [
              -1.9934545,
              53.4330504
            ],
            [
              -1.9935747,
              53.4329512
            ],
            [
              -1.993526,
              53.4329302
            ],
            [
              -1.9935328,
              53.4329247
            ],
            [
              -1.9933953,
              53.4328656
            ],
            [
              -1.9932158,
              53.4330138
            ],
            [
              -1.9933394,
              53.4330669
            ],
            [
              -1.9933919,
              53.4330235
            ],
            [
              -1.9934545,
              53.4330504
            ]
          ]
        ]
      },
      "id": "way/664355323"
    },
    {
      "type": "Feature",
      "properties": {
        "@id": "way/666116923",
        "HE_ref": "1207356",
        "addr:city": "High Peak",
        "addr:country": "GB",
        "addr:housenumber": "10",
        "addr:postcode": "SK22 2JG",
        "addr:street": "New Mills Road",
        "addr:suburb": "Hayfield",
        "amenity": "pub",
        "building": "house",
        "fhrs:id": "1259101",
        "listed_status": "Grade II",
        "name": "Kinder Lodge",
        "operator": "free house",
        "outdoor_seating": "yes",
        "ref:GB:uprn": "10010730663",
        "rooms": "6",
        "tourism": "hotel",
        "website": "https://www.kinder-lodge.co.uk/",
        "wikidata": "Q26502509"
      },
      "geometry": {
        "type": "Polygon",
        "coordinates": [
          [
            [
              -1.9466882,
              53.3785197
            ],
            [
              -1.946744,
              53.3784357
            ],
            [
              -1.9466717,
              53.3784181
            ],
            [
              -1.9465996,
              53.3784005
            ],
            [
              -1.9465821,
              53.3784263
            ],
            [
              -1.9465777,
              53.3784327
            ],
            [
              -1.9464374,
              53.3783988
            ],
            [
              -1.9464415,
              53.3783929
            ],
            [
              -1.9463309,
              53.3783662
            ],
            [
              -1.946305,
              53.3784043
            ],
            [
              -1.9463783,
              53.378422
            ],
            [
              -1.9463651,
              53.3784415
            ],
            [
              -1.9466882,
              53.3785197
            ]
          ]
        ]
      },
      "id": "way/666116923"
    },
    {
      "type": "Feature",
      "properties": {
        "@id": "way/666136960",
        "HE_ref": "1088121",
        "amenity": "pub",
        "building": "house",
        "listed_status": "Grade II",
        "name": "Hare And Hounds",
        "operator": "Robinsons Brewery",
        "website": "https://www.robinsonsbrewery.com/harehoundsnewmills",
        "wikidata": "Q26380505"
      },
      "geometry": {
        "type": "Polygon",
        "coordinates": [
          [
            [
              -1.98874,
              53.3671975
            ],
            [
              -1.9885254,
              53.3671511
            ],
            [
              -1.9884545,
              53.3672678
            ],
            [
              -1.9886691,
              53.3673142
            ],
            [
              -1.98874,
              53.3671975
            ]
          ]
        ]
      },
      "id": "way/666136960"
    },
    {
      "type": "Feature",
      "properties": {
        "@id": "way/668507674",
        "amenity": "pub",
        "building": "yes",
        "facebook": "https://www.facebook.com/masonsarmsnewmills/",
        "name": "Masons Arms",
        "outdoor_seating": "yes",
        "smoking": "outside"
      },
      "geometry": {
        "type": "Polygon",
        "coordinates": [
          [
            [
              -2.0002221,
              53.3687612
            ],
            [
              -2.0001578,
              53.3688478
            ],
            [
              -2.0002713,
              53.3688779
            ],
            [
              -2.0003357,
              53.3687912
            ],
            [
              -2.0002221,
              53.3687612
            ]
          ]
        ]
      },
      "id": "way/668507674"
    },
    {
      "type": "Feature",
      "properties": {
        "@id": "way/670306544",
        "addr:city": "High Peak",
        "addr:country": "GB",
        "addr:postcode": "SK22 1EB",
        "addr:street": "Hollinsmoor Road",
        "addr:suburb": "Rowarth",
        "amenity": "pub",
        "building": "yes",
        "fhrs:id": "1258919",
        "name": "The Little Mill Inn",
        "outdoor_seating": "yes",
        "payment:credit_cards": "yes",
        "ref:GB:uprn": "10010750922",
        "source:addr": "FHRS Open Data",
        "wikidata": "Q26619411"
      },
      "geometry": {
        "type": "Polygon",
        "coordinates": [
          [
            [
              -1.9855337,
              53.3976486
            ],
            [
              -1.9855398,
              53.3976137
            ],
            [
              -1.9855761,
              53.3976159
            ],
            [
              -1.9855801,
              53.397593
            ],
            [
              -1.9856287,
              53.397596
            ],
            [
              -1.9856385,
              53.3975399
            ],
            [
              -1.9856909,
              53.3975431
            ],
            [
              -1.9856992,
              53.3974957
            ],
            [
              -1.9854656,
              53.3974812
            ],
            [
              -1.9854667,
              53.3974751
            ],
            [
              -1.9853415,
              53.3974674
            ],
            [
              -1.985335,
              53.3975056
            ],
            [
              -1.9853157,
              53.3976152
            ],
            [
              -1.9853124,
              53.3976348
            ],
            [
              -1.9855337,
              53.3976486
            ]
          ]
        ]
      },
      "id": "way/670306544"
    },
    {
      "type": "Feature",
      "properties": {
        "@id": "way/1039104154",
        "amenity": "pub",
        "building": "yes",
        "name": "Royal Oak"
      },
      "geometry": {
        "type": "Polygon",
        "coordinates": [
          [
            [
              -1.9275195,
              53.444702
            ],
            [
              -1.9276359,
              53.4447041
            ],
            [
              -1.9276335,
              53.4447506
            ],
            [
              -1.9277828,
              53.4447532
            ],
            [
              -1.9277852,
              53.4447049
            ],
            [
              -1.9277872,
              53.4446656
            ],
            [
              -1.9277445,
              53.4446649
            ],
            [
              -1.9277503,
              53.4445482
            ],
            [
              -1.9275274,
              53.4445442
            ],
            [
              -1.9275195,
              53.444702
            ]
          ]
        ]
      },
      "id": "way/1039104154"
    },
    {
      "type": "Feature",
      "properties": {
        "@id": "way/1047447320",
        "addr:city": "Glossop",
        "addr:housenumber": "2",
        "addr:postcode": "SK13 7DD",
        "addr:street": "Howard Street",
        "amenity": "pub",
        "brewery": "yes",
        "building": "yes",
        "name": "Star Inn",
        "opening_hours": "Mo-Fr 16:00-23:00; Sa 13:00-23:00; Su 13:00-22:30"
      },
      "geometry": {
        "type": "Polygon",
        "coordinates": [
          [
            [
              -1.9484083,
              53.4445731
            ],
            [
              -1.9484187,
              53.4445748
            ],
            [
              -1.9485427,
              53.4445951
            ],
            [
              -1.9485356,
              53.4446148
            ],
            [
              -1.9486085,
              53.4446378
            ],
            [
              -1.9486788,
              53.4446599
            ],
            [
              -1.9487429,
              53.444591
            ],
            [
              -1.9485129,
              53.444516
            ],
            [
              -1.9484968,
              53.4445134
            ],
            [
              -1.9484799,
              53.4445134
            ],
            [
              -1.9484648,
              53.4445153
            ],
            [
              -1.9484522,
              53.4445192
            ],
            [
              -1.9484406,
              53.4445242
            ],
            [
              -1.9484306,
              53.4445296
            ],
            [
              -1.9484083,
              53.4445731
            ]
          ]
        ]
      },
      "id": "way/1047447320"
    },
    {
      "type": "Feature",
      "properties": {
        "@id": "way/1064313259",
        "addr:city": "High Peak",
        "addr:country": "GB",
        "addr:postcode": "SK22 4QQ",
        "addr:street": "Mellor Road",
        "addr:suburb": "New Mills",
        "amenity": "pub",
        "building": "yes",
        "internet": "yes",
        "name": "Pack Horse Inn",
        "real_ale": "yes",
        "url": "http://www.packhorseinn.co.uk/"
      },
      "geometry": {
        "type": "Polygon",
        "coordinates": [
          [
            [
              -1.9997309,
              53.3798589
            ],
            [
              -1.999708,
              53.3799492
            ],
            [
              -1.9996181,
              53.3799288
            ],
            [
              -1.9995992,
              53.3799501
            ],
            [
              -1.999486,
              53.3801588
            ],
            [
              -1.9995903,
              53.3801795
            ],
            [
              -1.9995858,
              53.3801922
            ],
            [
              -1.999639,
              53.3802026
            ],
            [
              -1.9996812,
              53.3801196
            ],
            [
              -1.9997383,
              53.3801312
            ],
            [
              -1.9997865,
              53.3800497
            ],
            [
              -1.999714,
              53.3800334
            ],
            [
              -1.9997209,
              53.3800212
            ],
            [
              -1.9997691,
              53.3800251
            ],
            [
              -1.9998052,
              53.3798692
            ],
            [
              -1.9998069,
              53.3798618
            ],
            [
              -1.9997309,
              53.3798589
            ]
          ]
        ]
      },
      "id": "way/1064313259"
    },
    {
      "type": "Feature",
      "properties": {
        "@id": "way/1103969475",
        "addr:city": "Hope Valley",
        "addr:postcode": "S32 1DD",
        "addr:street": "Station Road",
        "amenity": "pub",
        "building": "yes",
        "fhrs:id": "1626404",
        "name": "The Little John Hotel",
        "real_ale": "yes",
        "website": "https://www.littlejohnhotel.co.uk/"
      },
      "geometry": {
        "type": "Polygon",
        "coordinates": [
          [
            [
              -1.655897,
              53.3294402
            ],
            [
              -1.6558578,
              53.3294562
            ],
            [
              -1.6562198,
              53.3296996
            ],
            [
              -1.6562353,
              53.3297068
            ],
            [
              -1.6562494,
              53.329706
            ],
            [
              -1.6562694,
              53.3297017
            ],
            [
              -1.6562834,
              53.3296917
            ],
            [
              -1.6562898,
              53.3296758
            ],
            [
              -1.6563137,
              53.3295867
            ],
            [
              -1.6562629,
              53.3293425
            ],
            [
              -1.6561684,
              53.3293532
            ],
            [
              -1.6562065,
              53.3294937
            ],
            [
              -1.6561607,
              53.3294859
            ],
            [
              -1.6560779,
              53.3294234
            ],
            [
              -1.6560034,
              53.3294633
            ],
            [
              -1.6559538,
              53.3294274
            ],
            [
              -1.6559114,
              53.3294516
            ],
            [
              -1.655897,
              53.3294402
            ]
          ]
        ]
      },
      "id": "way/1103969475"
    },
    {
      "type": "Feature",
      "properties": {
        "@id": "way/1104083776",
        "addr:housenumber": "15",
        "addr:postcode": "SK13 8DA",
        "addr:street": "High Street East",
        "amenity": "pub",
        "brewery": "yes;various",
        "building": "yes",
        "fhrs:id": "1259299",
        "name": "The Howard Arms",
        "smoking": "outside",
        "source": "survey",
        "source:addr": "FHRS Open Data"
      },
      "geometry": {
        "type": "Polygon",
        "coordinates": [
          [
            [
              -1.948075,
              53.4434878
            ],
            [
              -1.9480378,
              53.4434034
            ],
            [
              -1.9477793,
              53.4434439
            ],
            [
              -1.9477957,
              53.443481
            ],
            [
              -1.9477478,
              53.4434885
            ],
            [
              -1.9477675,
              53.4435332
            ],
            [
              -1.9479706,
              53.4435014
            ],
            [
              -1.9479851,
              53.4435342
            ],
            [
              -1.9480629,
              53.443522
            ],
            [
              -1.9480496,
              53.4434918
            ],
            [
              -1.948075,
              53.4434878
            ]
          ]
        ]
      },
      "id": "way/1104083776"
    },
    {
      "type": "Feature",
      "properties": {
        "@id": "way/1110344784",
        "addr:city": "Buxton",
        "addr:housenumber": "2",
        "addr:postcode": "SK17 8BJ",
        "addr:street": "Hallsteads",
        "addr:village": "Dove Holes",
        "amenity": "pub",
        "building": "yes",
        "fhrs:id": "1676398",
        "name": "Queens"
      },
      "geometry": {
        "type": "Polygon",
        "coordinates": [
          [
            [
              -1.8874839,
              53.2985673
            ],
            [
              -1.8875134,
              53.2984419
            ],
            [
              -1.887292,
              53.2984233
            ],
            [
              -1.8872625,
              53.2985487
            ],
            [
              -1.8874839,
              53.2985673
            ]
          ]
        ]
      },
      "id": "way/1110344784"
    },
    {
      "type": "Feature",
      "properties": {
        "@id": "way/1221333235",
        "amenity": "pub",
        "building": "yes",
        "name": "Royal Oak",
        "operator": "Robinsons Brewery",
        "operator:wikidata": "Q7353116"
      },
      "geometry": {
        "type": "Polygon",
        "coordinates": [
          [
            [
              -2.0015617,
              53.3664484
            ],
            [
              -2.0016986,
              53.3664473
            ],
            [
              -2.0016972,
              53.3663233
            ],
            [
              -2.0015105,
              53.3663246
            ],
            [
              -2.0015115,
              53.3663773
            ],
            [
              -2.0015613,
              53.366377
            ],
            [
              -2.0015617,
              53.3664484
            ]
          ]
        ]
      },
      "id": "way/1221333235"
    },
    {
      "type": "Feature",
      "properties": {
        "@id": "way/1221333239",
        "addr:city": "High Peak",
        "addr:country": "GB",
        "addr:housenumber": "59",
        "addr:postcode": "SK22 4AA",
        "addr:street": "Market Street",
        "addr:suburb": "New Mills",
        "amenity": "pub",
        "building": "yes",
        "fhrs:id": "1259187",
        "name": "Pride of The Peaks",
        "source:addr": "FHRS Open Data"
      },
      "geometry": {
        "type": "Polygon",
        "coordinates": [
          [
            [
              -2.0015965,
              53.365687
            ],
            [
              -2.0015006,
              53.3656538
            ],
            [
              -2.0014594,
              53.3656961
            ],
            [
              -2.0016816,
              53.3657731
            ],
            [
              -2.0017929,
              53.3656586
            ],
            [
              -2.0016667,
              53.3656149
            ],
            [
              -2.0015965,
              53.365687
            ]
          ]
        ]
      },
      "id": "way/1221333239"
    },
    {
      "type": "Feature",
      "properties": {
        "@id": "way/1248670590",
        "addr:postcode": "SK23 7HD",
        "addr:street": "Long Hill",
        "amenity": "pub",
        "building": "yes",
        "fhrs:id": "1258921",
        "name": "The Shady Oak Country Inn",
        "phone": "+441663309214",
        "source:addr": "FHRS Open Data",
        "website": "https://theshadyoakcountryinn.co.uk/"
      },
      "geometry": {
        "type": "Polygon",
        "coordinates": [
          [
            [
              -1.9769618,
              53.3078301
            ],
            [
              -1.9769269,
              53.3076282
            ],
            [
              -1.9767995,
              53.3076378
            ],
            [
              -1.9768156,
              53.3077476
            ],
            [
              -1.9766721,
              53.3077548
            ],
            [
              -1.9766815,
              53.307843
            ],
            [
              -1.9769618,
              53.3078301
            ]
          ]
        ]
      },
      "id": "way/1248670590"
    },
    {
      "type": "Feature",
      "properties": {
        "@id": "way/1307790435",
        "addr:city": "Glossop",
        "addr:housenumber": "137",
        "addr:postcode": "SK13 7SH",
        "addr:street": "Manor Park Road",
        "amenity": "pub",
        "building": "yes",
        "name": "The Commercial Inn",
        "opening_hours": "Tu 16:00-12:00, Mo 16:00-12:00, Su 00:00-22:30, We-Sa 00:00-12:00",
        "phone": "+441457852071",
        "website": "https://www.commercialglossop.co.uk/"
      },
      "geometry": {
        "type": "Polygon",
        "coordinates": [
          [
            [
              -1.9394939,
              53.4449199
            ],
            [
              -1.9395214,
              53.4448252
            ],
            [
              -1.9393722,
              53.4448098
            ],
            [
              -1.9392116,
              53.4448033
            ],
            [
              -1.9392036,
              53.4448252
            ],
            [
              -1.939169,
              53.4448207
            ],
            [
              -1.9391594,
              53.444847
            ],
            [
              -1.9391092,
              53.4448404
            ],
            [
              -1.9390945,
              53.4448804
            ],
            [
              -1.9390923,
              53.4448864
            ],
            [
              -1.9391426,
              53.4448929
            ],
            [
              -1.9391298,
              53.4449277
            ],
            [
              -1.9392138,
              53.4449386
            ],
            [
              -1.9392197,
              53.4449283
            ],
            [
              -1.9393404,
              53.4449406
            ],
            [
              -1.9393507,
              53.4449051
            ],
            [
              -1.9393712,
              53.4449072
            ],
            [
              -1.9394939,
              53.4449199
            ]
          ]
        ]
      },
      "id": "way/1307790435"
    },
    {
      "type": "Feature",
      "properties": {
        "@id": "way/1311581522",
        "addr:postcode": "SK13 6LS",
        "amenity": "pub",
        "building": "retail",
        "fhrs:id": "1258758",
        "name": "Hare & Hounds",
        "source:addr:postcode": "FHRS Open Data"
      },
      "geometry": {
        "type": "Polygon",
        "coordinates": [
          [
            [
              -1.970053,
              53.4354666
            ],
            [
              -1.9700527,
              53.4353316
            ],
            [
              -1.9699295,
              53.4353317
            ],
            [
              -1.9699296,
              53.4353687
            ],
            [
              -1.9697689,
              53.4353688
            ],
            [
              -1.9697692,
              53.4354669
            ],
            [
              -1.9699083,
              53.4354668
            ],
            [
              -1.970053,
              53.4354666
            ]
          ]
        ]
      },
      "id": "way/1311581522"
    },
    {
      "type": "Feature",
      "properties": {
        "@id": "way/1375078853",
        "addr:city": "Glossop",
        "addr:housenumber": "15",
        "addr:postcode": "SK13 8HT",
        "addr:street": "Victoria Street",
        "amenity": "pub",
        "brewery": "yes;various",
        "building": "yes",
        "fhrs:id": "1388488",
        "name": "The Brook Tavern",
        "outdoor_seating": "yes",
        "smoking": "outside"
      },
      "geometry": {
        "type": "Polygon",
        "coordinates": [
          [
            [
              -1.9495986,
              53.4419844
            ],
            [
              -1.9496318,
              53.4419692
            ],
            [
              -1.9497139,
              53.4419317
            ],
            [
              -1.9495418,
              53.441798
            ],
            [
              -1.9494266,
              53.4418507
            ],
            [
              -1.9494709,
              53.4418851
            ],
            [
              -1.9495986,
              53.4419844
            ]
          ]
        ]
      },
      "id": "way/1375078853"
    },
    {
      "type": "Feature",
      "properties": {
        "@id": "way/1395092213",
        "addr:postcode": "SK13 2DT",
        "addr:street": "Green Lane",
        "amenity": "pub",
        "fhrs:id": "1258826",
        "name": "The Chieftain",
        "source:addr": "FHRS Open Data"
      },
      "geometry": {
        "type": "Polygon",
        "coordinates": [
          [
            [
              -1.9787053,
              53.4567367
            ],
            [
              -1.9783271,
              53.4565961
            ],
            [
              -1.9780109,
              53.4568818
            ],
            [
              -1.9783292,
              53.4570433
            ],
            [
              -1.9787053,
              53.4567367
            ]
          ]
        ]
      },
      "id": "way/1395092213"
    }
  ]
}