{
  "type": "FeatureCollection",
  "generator": "overpass-turbo",
  "copyright": "The data included in this document is from www.openstreetmap.org. The data is made available under ODbL.",
  "timestamp": "2026-03-15T13:27:01Z",
  "features": [
    {
      "type": "Feature",
      "properties": {
        "@id": "relation/3272720",
        "addr:city": "Buxton",
        "addr:housenumber": "37",
        "addr:postcode": "SK17 6HA",
        "addr:street": "High Street",
        "amenity": "pub",
        "building": "yes",
        "fhrs:id": "1258637",
        "name": "The Cheshire Cheese",
        "operator": "Titanic Brewery",
        "real_ale": "yes",
        "source": "Bing",
        "type": "multipolygon",
        "wikidata": "Q26550371",
        "@geometry": "center"
      },
      "geometry": {
        "type": "Point",
        "coordinates": [
          -1.9149679,
          53.2540792
        ]
      },
      "id": "relation/3272720"
    },
    {
      "type": "Feature",
      "properties": {
        "@id": "node/18085755",
        "addr:city": "High Peak",
        "addr:country": "GB",
        "addr:housenumber": "11",
        "addr:postcode": "SK23 0HH",
        "addr:street": "Market Street",
        "amenity": "pub",
        "fhrs:id": "1258903",
        "name": "The Royal Oak",
        "source:addr": "FHRS Open Data",
        "wikidata": "Q26380408"
      },
      "geometry": {
        "type": "Point",
        "coordinates": [
          -1.9153973,
          53.3231212
        ]
      },
      "id": "node/18085755"
    },
    {
      "type": "Feature",
      "properties": {
        "@id": "node/18085766",
        "addr:city": "High Peak",
        "addr:country": "GB",
        "addr:housenumber": "9",
        "addr:postcode": "SK23 0EN",
        "addr:street": "Market Place",
        "amenity": "pub",
        "fhrs:id": "1258712",
        "name": "The Roebuck",
        "source:addr": "FHRS Open Data",
        "tourism": "guest_house"
      },
      "geometry": {
        "type": "Point",
        "coordinates": [
          -1.9157781,
          53.3235505
        ]
      },
      "id": "node/18085766"
    },
    {
      "type": "Feature",
      "properties": {
        "@id": "node/18085799",
        "addr:city": "High Peak",
        "addr:country": "GB",
        "addr:postcode": "SK23 9SR",
        "addr:street": "Manchester Road",
        "addr:suburb": "Chapel-en-le-Frith",
        "amenity": "pub",
        "fhrs:id": "1258760",
        "name": "New Inn",
        "source:addr": "FHRS Open Data"
      },
      "geometry": {
        "type": "Point",
        "coordinates": [
          -1.9194502,
          53.3221444
        ]
      },
      "id": "node/18085799"
    },
    {
      "type": "Feature",
      "properties": {
        "@id": "node/18085955",
        "amenity": "pub",
        "name": "Kings Arms Hotel"
      },
      "geometry": {
        "type": "Point",
        "coordinates": [
          -1.9162935,
          53.3230874
        ]
      },
      "id": "node/18085955"
    },
    {
      "type": "Feature",
      "properties": {
        "@id": "node/18085956",
        "amenity": "pub",
        "created_by": "JOSM",
        "name": "The Dog"
      },
      "geometry": {
        "type": "Point",
        "coordinates": [
          -1.9157502,
          53.3230646
        ]
      },
      "id": "node/18085956"
    },
    {
      "type": "Feature",
      "properties": {
        "@id": "node/18086496",
        "addr:city": "High Peak",
        "addr:housename": "The Beehive Inn",
        "addr:postcode": "SK23 9UT",
        "addr:street": "Combs Road",
        "amenity": "pub",
        "fhrs:id": "1259051",
        "name": "The Beehive Inn"
      },
      "geometry": {
        "type": "Point",
        "coordinates": [
          -1.9392183,
          53.3040719
        ]
      },
      "id": "node/18086496"
    },
    {
      "type": "Feature",
      "properties": {
        "@id": "node/26348736",
        "addr:city": "Ashbourne",
        "addr:county": "Derbyshire",
        "addr:postcode": "DE6 2AT",
        "addr:street": "Spend Lane",
        "addr:village": "Thorpe",
        "amenity": "pub",
        "beer_garden": "yes",
        "car_park": "yes",
        "diet:vegan": "yes",
        "diet:vegetarian": "yes",
        "fhrs:id": "1627045",
        "food": "yes",
        "name": "Old Dog",
        "opening_hours": "Mo-Su 12:00-15:00,18:00-23:00",
        "opening_hours:food": "Mo-Sa 12:00-14:00, 19:00-21:00; Su 12:00-14:00, 19:00-20:30",
        "real_ale": "4",
        "source:addr": "FHRS Open Data"
      },
      "geometry": {
        "type": "Point",
        "coordinates": [
          -1.7585731,
          53.0511929
        ]
      },
      "id": "node/26348736"
    },
    {
      "type": "Feature",
      "properties": {
        "@id": "node/26420361",
        "addr:city": "Hope Valley",
        "addr:postcode": "S33 0AZ",
        "addr:street": "Ashopton Road",
        "addr:suburb": "Yorkshire Bridge",
        "amenity": "pub",
        "description:floor": "Tiled from the door to the bar",
        "fhrs:id": "1259068",
        "food": "yes",
        "name": "Yorkshire Bridge Inn",
        "real_ale": "Kelham Island Pale Rider, Copper Dragon 1816, among others",
        "source:addr": "FHRS Open Data"
      },
      "geometry": {
        "type": "Point",
        "coordinates": [
          -1.6988808,
          53.3624507
        ]
      },
      "id": "node/26420361"
    },
    {
      "type": "Feature",
      "properties": {
        "@id": "node/26421382",
        "addr:city": "High Peak",
        "addr:country": "GB",
        "addr:housenumber": "33-35",
        "addr:postcode": "SK23 7AA",
        "addr:street": "Market Street",
        "addr:suburb": "Whaley Bridge",
        "amenity": "pub",
        "contact:facebook": "https://www.facebook.com/TheRailwayWB/",
        "indoor_seating": "yes",
        "mobile": "+44 7394 546851",
        "name": "The Railway",
        "operator": "Robinsons",
        "outdoor_seating": "yes",
        "phone": "+44 1663 734296"
      },
      "geometry": {
        "type": "Point",
        "coordinates": [
          -1.984206,
          53.3297883
        ]
      },
      "id": "node/26421382"
    },
    {
      "type": "Feature",
      "properties": {
        "@id": "node/26841722",
        "addr:city": "Hope Valley",
        "addr:postcode": "S33 0AX",
        "addr:suburb": "Ashopton",
        "amenity": "pub",
        "fhrs:id": "1258690",
        "food": "yes",
        "name": "Ladybower Inn",
        "source:addr:postcode": "FHRS Open Data"
      },
      "geometry": {
        "type": "Point",
        "coordinates": [
          -1.6938089,
          53.3751937
        ]
      },
      "id": "node/26841722"
    },
    {
      "type": "Feature",
      "properties": {
        "@id": "node/26843711",
        "addr:city": "Hope Valley",
        "addr:postcode": "S33 0DY",
        "addr:street": "Main Road",
        "addr:suburb": "Bamford",
        "amenity": "pub",
        "brewery": "various",
        "fhrs:id": "1258649",
        "food": "yes",
        "microbrewery": "no",
        "name": "The Anglers",
        "opening_hours": "Mo-Tu closed, We-Fr 12:00-23:00, Sa-Su 10:00-23:00",
        "outdoor_seating": "yes",
        "payment:cards": "yes",
        "payment:cash": "no",
        "payment:contactless": "yes",
        "payment:credit_cards": "yes",
        "payment:debit_cards": "yes",
        "real_ale": "Mcmullen Country Bitter, Batemans Thirsty Work, Deauchars IPA",
        "real_fire": "yes",
        "toilets": "yes",
        "website": "https://www.anglers.rest/"
      },
      "geometry": {
        "type": "Point",
        "coordinates": [
          -1.6891087,
          53.3497937
        ]
      },
      "id": "node/26843711"
    },
    {
      "type": "Feature",
      "properties": {
        "@id": "node/52284895",
        "addr:postcode": "SK11 0QL",
        "amenity": "pub",
        "fhrs:id": "891446",
        "food": "yes",
        "name": "Wild Boar Inn",
        "real_ale": "Robinson's Unicorn",
        "source:addr": "FHRS Open Data"
      },
      "geometry": {
        "type": "Point",
        "coordinates": [
          -2.0618863,
          53.2015967
        ]
      },
      "id": "node/52284895"
    },
    {
      "type": "Feature",
      "properties": {
        "@id": "node/60068778",
        "amenity": "pub",
        "indoor_seating": "yes",
        "name": "The Goyt Inn",
        "opening_hours": "Mo 16:30-23:00; Tu,We 16:30-22:00; Th 16:30-22:30; Fr 16:30-23:00; Sa 14:00-23:00; Su 14:00-22:00",
        "outdoor_seating": "yes"
      },
      "geometry": {
        "type": "Point",
        "coordinates": [
          -1.983403,
          53.3302586
        ]
      },
      "id": "node/60068778"
    },
    {
      "type": "Feature",
      "properties": {
        "@id": "way/61295052",
        "addr:city": "Ashbourne",
        "addr:hamlet": "Hopedale",
        "addr:postcode": "DE6 2GD",
        "addr:street": "Hope Dale Hollow",
        "amenity": "pub",
        "beer_garden": "yes",
        "building": "yes",
        "fhrs:id": "1259951",
        "food": "yes",
        "name": "The Watts Russell Arms",
        "not:addr:postcode": "DE6 2DG",
        "note": "Food finishes early (before 19:30 on a Saturday).  All beer lager and cider from within 25 miles (Thornbridge beer, Ashover Cider, Freedom Lager)",
        "parking": "yes",
        "real_ale": "2 from Thornbridge",
        "source": "Bing",
        "source:not:addr:postcode": "FHRS Open Data",
        "website": "https://www.wattsrussell.co.uk/",
        "@geometry": "center"
      },
      "geometry": {
        "type": "Point",
        "coordinates": [
          -1.8180118,
          53.0915755
        ]
      },
      "id": "way/61295052"
    },
    {
      "type": "Feature",
      "properties": {
        "@id": "way/69006902",
        "addr:city": "Sheffield",
        "addr:postcode": "S11 7TY",
        "addr:street": "Hathersage Road",
        "amenity": "pub",
        "brand": "Vintage Inns",
        "brand:wikidata": "Q87067899",
        "building": "yes",
        "check_date": "2026-03-08",
        "check_date:opening_hours": "2024-08-20",
        "contact:website": "https://www.vintageinn.co.uk/restaurants/yorkshire/thefoxhouselongshaw",
        "fhrs:id": "438153",
        "indoor_seating": "yes",
        "name": "Fox House Inn",
        "opening_hours": "Mo-Th 07:00-22:00; Fr 07:00-23:00; Sa 08:00-23:00; Su 08:00-22:00",
        "outdoor_seating": "yes",
        "source": "Bing",
        "@geometry": "center"
      },
      "geometry": {
        "type": "Point",
        "coordinates": [
          -1.6017046,
          53.3186728
        ]
      },
      "id": "way/69006902"
    },
    {
      "type": "Feature",
      "properties": {
        "@id": "way/75224328",
        "addr:city": "Hope Valley",
        "addr:postcode": "S33 7ZA",
        "addr:suburb": "Edale",
        "amenity": "pub",
        "building": "yes",
        "fhrs:id": "1259095",
        "food": "yes",
        "internet_access": "no",
        "name": "The Rambler Inn",
        "opening_hours": "Mo-Sa 12:00-23:00; Su 12:00-22:30",
        "parking": "yes",
        "phone": "+44 1433 670 268",
        "real_ale": "5 or so beers, including from Sheffield",
        "source": "os_opendata_streetview;survey",
        "source:addr:postcode": "FHRS Open Data",
        "website": "https://www.dorbiere.co.uk/the-rambler-inn/",
        "@geometry": "center"
      },
      "geometry": {
        "type": "Point",
        "coordinates": [
          -1.8169324,
          53.3654542
        ]
      },
      "id": "way/75224328"
    },
    {
      "type": "Feature",
      "properties": {
        "@id": "node/78459627",
        "amenity": "pub",
        "created_by": "JOSM",
        "name": "The Crown"
      },
      "geometry": {
        "type": "Point",
        "coordinates": [
          -1.9521394,
          53.4389104
        ]
      },
      "id": "node/78459627"
    },
    {
      "type": "Feature",
      "properties": {
        "@id": "way/80376636",
        "addr:city": "Buxton",
        "addr:postcode": "SK17 6EJ",
        "addr:street": "Market Place",
        "amenity": "pub",
        "brand": "Marston's",
        "brand:wikidata": "Q6773982",
        "building": "yes",
        "fhrs:id": "1259204",
        "name": "King's Head",
        "operator": "Marston's",
        "real_ale": "yes",
        "source": "Bing Map",
        "wheelchair": "no",
        "@geometry": "center"
      },
      "geometry": {
        "type": "Point",
        "coordinates": [
          -1.914442,
          53.2570082
        ]
      },
      "id": "way/80376636"
    },
    {
      "type": "Feature",
      "properties": {
        "@id": "way/80504062",
        "addr:postcode": "SK17 9QJ",
        "addr:street": "Tagg Lane",
        "addr:village": "Hurdlow",
        "amenity": "pub",
        "building": "yes",
        "fhrs:id": "1627014",
        "food": "yes",
        "name": "The Royal Oak",
        "real_ale": "yes",
        "toilets:wheelchair": "no",
        "website": "https://www.peakpub.co.uk/",
        "wheelchair": "limited",
        "@geometry": "center"
      },
      "geometry": {
        "type": "Point",
        "coordinates": [
          -1.8120751,
          53.190729
        ]
      },
      "id": "way/80504062"
    },
    {
      "type": "Feature",
      "properties": {
        "@id": "way/95853536",
        "addr:city": "Buxton",
        "addr:country": "GB",
        "addr:postcode": "SK17 7DJ",
        "addr:street": "Fairfield Road",
        "amenity": "pub",
        "brand": "Wetherspoon",
        "brand:wikidata": "Q6109362",
        "brand:wikipedia": "en:Wetherspoons",
        "building": "yes",
        "contact:phone": "+44 1298 70932",
        "contact:website": "https://www.jdwetherspoon.com/pubs/all-pubs/england/derbyshire/the-wye-bridge-house-buxton",
        "fhrs:id": "1259057",
        "food": "yes",
        "name": "The Wye Bridge House",
        "real_ale": "yes",
        "toilets": "yes",
        "toilets:wheelchair": "yes",
        "website:menu": "https://order.jdwetherspoon.com/venue/jdw/1681/menus",
        "wheelchair": "yes",
        "@geometry": "center"
      },
      "geometry": {
        "type": "Point",
        "coordinates": [
          -1.9052307,
          53.2594613
        ]
      },
      "id": "way/95853536"
    },
    {
      "type": "Feature",
      "properties": {
        "@id": "way/103432202",
        "addr:city": "Sheffield",
        "addr:housename": "Plough Inn",
        "addr:postcode": "S6 6HW",
        "addr:street": "New Road",
        "addr:village": "Bradfield",
        "amenity": "pub",
        "building": "yes",
        "fhrs:id": "436826",
        "name": "The Plough",
        "source:addr": "FHRS Open Data",
        "@geometry": "center"
      },
      "geometry": {
        "type": "Point",
        "coordinates": [
          -1.6056364,
          53.4211513
        ]
      },
      "id": "way/103432202"
    },
    {
      "type": "Feature",
      "properties": {
        "@id": "way/104405154",
        "addr:city": "Sheffield",
        "addr:housename": "Old Horns Inn",
        "addr:postcode": "S6 6LG",
        "addr:street": "Towngate",
        "amenity": "pub",
        "brand": "Thwaites",
        "brand:wikidata": "Q7799526",
        "brewery": "Thwaites",
        "building": "yes",
        "fhrs:id": "437120",
        "food": "yes",
        "name": "Old Horns Inn",
        "outdoor_seating": "yes",
        "source:addr": "FHRS Open Data",
        "@geometry": "center"
      },
      "geometry": {
        "type": "Point",
        "coordinates": [
          -1.5980212,
          53.4285258
        ]
      },
      "id": "way/104405154"
    },
    {
      "type": "Feature",
      "properties": {
        "@id": "node/104605891",
        "amenity": "pub",
        "created_by": "JOSM",
        "name": "Surrey Arms"
      },
      "geometry": {
        "type": "Point",
        "coordinates": [
          -1.9520914,
          53.4390403
        ]
      },
      "id": "node/104605891"
    },
    {
      "type": "Feature",
      "properties": {
        "@id": "way/110398655",
        "addr:city": "Hope Valley",
        "addr:postcode": "S33 8WG",
        "addr:street": "How Lane",
        "addr:suburb": "Castleton",
        "amenity": "pub",
        "building": "yes",
        "contact:email": "info@cheshirecheeseinn.co.uk",
        "contact:phone": "+44 1433 620330",
        "fhrs:id": "1259140",
        "name": "Ye Olde Cheshire Cheese",
        "real_ale": "yes",
        "source": "Bing",
        "source:addr": "FHRS Open Data",
        "tourism": "guest_house",
        "website": "https://www.cheshirecheeseinn.co.uk/",
        "@geometry": "center"
      },
      "geometry": {
        "type": "Point",
        "coordinates": [
          -1.7731427,
          53.3438723
        ]
      },
      "id": "way/110398655"
    },
    {
      "type": "Feature",
      "properties": {
        "@id": "way/114322439",
        "addr:city": "Bakewell",
        "addr:postcode": "DE45 1NL",
        "amenity": "pub",
        "building": "yes",
        "food": "yes",
        "name": "The Stables",
        "note": "Part of the Monsal Head Hotel",
        "real_ale": "yes",
        "@geometry": "center"
      },
      "geometry": {
        "type": "Point",
        "coordinates": [
          -1.7244777,
          53.2403814
        ]
      },
      "id": "way/114322439"
    },
    {
      "type": "Feature",
      "properties": {
        "@id": "way/114381928",
        "accommodation": "yes",
        "addr:city": "Heathcote",
        "addr:postcode": "SK17 0BA",
        "addr:street": "Buxton Road",
        "addr:village": "Hartington",
        "amenity": "pub",
        "building": "yes",
        "email": "info@jugandglass.com",
        "fhrs:id": "1626233",
        "food": "yes",
        "name": "The Jug and Glass Inn",
        "phone": "+44 1298 84848",
        "ref:GB:uprn": "10010336906;10070078908",
        "source": "Bing;survey",
        "website": "https://www.jugandglassinn.com/",
        "@geometry": "center"
      },
      "geometry": {
        "type": "Point",
        "coordinates": [
          -1.7670264,
          53.1499711
        ]
      },
      "id": "way/114381928"
    },
    {
      "type": "Feature",
      "properties": {
        "@id": "way/117889209",
        "addr:city": "Buxton",
        "addr:country": "GB",
        "addr:housenumber": "40",
        "addr:postcode": "SK17 6HB",
        "addr:street": "High Street",
        "amenity": "pub",
        "building": "yes",
        "fhrs:id": "1886140",
        "name": "The Swan",
        "operator": "Free House",
        "phone": "+44 1298 23278",
        "real_ale": "yes",
        "source": "Bing",
        "wheelchair": "no",
        "wifi": "no",
        "wikidata": "Q26550523",
        "@geometry": "center"
      },
      "geometry": {
        "type": "Point",
        "coordinates": [
          -1.9154547,
          53.2539699
        ]
      },
      "id": "way/117889209"
    },
    {
      "type": "Feature",
      "properties": {
        "@id": "way/117889210",
        "addr:city": "Buxton",
        "addr:housenumber": "62-64",
        "addr:postcode": "SK17 6HB",
        "addr:street": "High Street",
        "amenity": "pub",
        "building": "yes",
        "name": "The London Road",
        "old_fhrs:id": "1258806",
        "operator": "Punch Taverns",
        "real_ale": "yes",
        "source": "bing",
        "toilets:wheelchair": "no",
        "wheelchair": "limited",
        "@geometry": "center"
      },
      "geometry": {
        "type": "Point",
        "coordinates": [
          -1.9150175,
          53.2534231
        ]
      },
      "id": "way/117889210"
    },
    {
      "type": "Feature",
      "properties": {
        "@id": "way/117946900",
        "addr:city": "Buxton",
        "addr:housenumber": "3",
        "addr:postcode": "SK17 6XN",
        "addr:street": "Water Street",
        "amenity": "pub",
        "brand": "Greene King",
        "brand:wikidata": "Q5564162",
        "building": "yes",
        "fhrs:id": "1259213",
        "name": "The Old Clubhouse",
        "real_ale": "yes",
        "source": "Bing",
        "website": "https://www.greeneking.co.uk/pubs/derbyshire/old-club-house",
        "wheelchair": "no",
        "@geometry": "center"
      },
      "geometry": {
        "type": "Point",
        "coordinates": [
          -1.9166972,
          53.2587144
        ]
      },
      "id": "way/117946900"
    },
    {
      "type": "Feature",
      "properties": {
        "@id": "way/118097853",
        "addr:city": "Buxton",
        "addr:postcode": "SK17 6EU",
        "addr:street": "High Street",
        "amenity": "pub",
        "building": "yes",
        "fhrs:id": "1259153",
        "guest_house": "bed_and_breakfast",
        "name": "Queen's Head",
        "old_fhrs:id": "389667",
        "operator": "Free House",
        "source": "Bing",
        "toilets:wheelchair": "no",
        "tourism": "guest_house",
        "wheelchair": "no",
        "@geometry": "center"
      },
      "geometry": {
        "type": "Point",
        "coordinates": [
          -1.9157496,
          53.2548235
        ]
      },
      "id": "way/118097853"
    },
    {
      "type": "Feature",
      "properties": {
        "@id": "way/118097855",
        "addr:city": "Buxton",
        "addr:housenumber": "33",
        "addr:postcode": "SK17 6HA",
        "addr:street": "High Street",
        "amenity": "pub",
        "building": "yes",
        "fhrs:id": "1258756",
        "name": "The Old Sun Inn",
        "operator": "Marstons",
        "real_ale": "yes",
        "source": "Bing",
        "wikidata": "Q26550368",
        "@geometry": "center"
      },
      "geometry": {
        "type": "Point",
        "coordinates": [
          -1.915053,
          53.2543904
        ]
      },
      "id": "way/118097855"
    },
    {
      "type": "Feature",
      "properties": {
        "@id": "way/118352721",
        "addr:city": "Buxton",
        "addr:postcode": "SK17 9QQ",
        "addr:village": "Flagg",
        "alt_name": "Bull i Thorn",
        "amenity": "pub",
        "building": "retail",
        "building:levels": "2",
        "fhrs:id": "1811979",
        "indoor_seating": "yes",
        "name": "The Bull I' Th' Thorn Pub & Pizzeria",
        "nohousenumber": "yes",
        "note": "Closed as a pub but available for private functions",
        "outdoor_seating": "yes",
        "payment:cash": "yes",
        "payment:credit_cards": "yes",
        "payment:debit_cards": "yes",
        "roof:levels": "0",
        "roof:shape": "gabled",
        "toilets:access": "customers",
        "website": "https://www.bullithorn.co.uk/functions-events",
        "wheelchair": "no",
        "@geometry": "center"
      },
      "geometry": {
        "type": "Point",
        "coordinates": [
          -1.8096664,
          53.1956969
        ]
      },
      "id": "way/118352721"
    },
    {
      "type": "Feature",
      "properties": {
        "@id": "way/118382961",
        "amenity": "pub",
        "building": "yes",
        "food": "no",
        "indoor_seating": "yes",
        "name": "Shepherds Arms",
        "outdoor_seating": "yes",
        "real_ale": "5",
        "@geometry": "center"
      },
      "geometry": {
        "type": "Point",
        "coordinates": [
          -1.9831641,
          53.3278184
        ]
      },
      "id": "way/118382961"
    },
    {
      "type": "Feature",
      "properties": {
        "@id": "way/118392810",
        "amenity": "pub",
        "building": "yes",
        "disused:amenity": "*",
        "food": "yes",
        "name": "Navigation Inn",
        "note": "Currently (June 2025) closed",
        "real_ale": "yes",
        "source": "Bing;survey",
        "website": "https://navigationinn.co.uk/",
        "@geometry": "center"
      },
      "geometry": {
        "type": "Point",
        "coordinates": [
          -1.96735,
          53.3355105
        ]
      },
      "id": "way/118392810"
    },
    {
      "type": "Feature",
      "properties": {
        "@id": "way/118929280",
        "addr:city": "High Peak",
        "addr:country": "GB",
        "addr:housenumber": "45",
        "addr:place": "Little Hayfield",
        "addr:postcode": "SK22 2NG",
        "addr:street": "Glossop Road",
        "amenity": "pub",
        "building": "yes",
        "fhrs:id": "1258733",
        "name": "Lantern Pike",
        "ref:GB:uprn": "10010751403",
        "source": "Bing;survey",
        "source:addr": "FHRS Open Data",
        "wikidata": "Q110057268",
        "@geometry": "center"
      },
      "geometry": {
        "type": "Point",
        "coordinates": [
          -1.9498005,
          53.3909592
        ]
      },
      "id": "way/118929280"
    },
    {
      "type": "Feature",
      "properties": {
        "@id": "way/120342699",
        "addr:city": "Buxton",
        "addr:housenumber": "90",
        "addr:postcode": "SK17 7DT",
        "addr:street": "Fairfield Road",
        "amenity": "pub",
        "building": "yes",
        "name": "Bulls Head",
        "old_fhrs:id": "1258851",
        "operator": "Marston's",
        "real_ale": "yes",
        "source": "Bing;survey",
        "@geometry": "center"
      },
      "geometry": {
        "type": "Point",
        "coordinates": [
          -1.9023805,
          53.2628379
        ]
      },
      "id": "way/120342699"
    },
    {
      "type": "Feature",
      "properties": {
        "@id": "way/123911505",
        "addr:city": "Hope Valley",
        "addr:country": "GB",
        "addr:postcode": "S33 7ZD",
        "addr:street": "Grindsbrook Booth",
        "addr:suburb": "Edale",
        "amenity": "pub",
        "building": "retail",
        "description": "official start of the Pennine Way",
        "fhrs:id": "1259096",
        "internet_access": "wlan",
        "name": "The Old Nags Head",
        "opening_hours": "Mo-Su 12:00-23:00",
        "website": "https://www.the-old-nags-head.co.uk/about-us/",
        "wikidata": "Q26388888",
        "@geometry": "center"
      },
      "geometry": {
        "type": "Point",
        "coordinates": [
          -1.8168595,
          53.3706919
        ]
      },
      "id": "way/123911505"
    },
    {
      "type": "Feature",
      "properties": {
        "@id": "node/130221149",
        "amenity": "pub",
        "name": "The Grapes"
      },
      "geometry": {
        "type": "Point",
        "coordinates": [
          -1.9627691,
          53.444092
        ]
      },
      "id": "node/130221149"
    },
    {
      "type": "Feature",
      "properties": {
        "@id": "node/131965646",
        "addr:housenumber": "35",
        "addr:postcode": "SK13 8NR",
        "addr:street": "Hague Street",
        "amenity": "pub",
        "check_date:opening_hours": "2022-01-25",
        "fhrs:id": "1259173",
        "name": "The Beehive",
        "opening_hours": "Mo-Th 17:00-23:00; Fr-Su 12:00-23:00",
        "smoking": "outside",
        "source:addr": "FHRS Open Data",
        "wheelchair": "limited"
      },
      "geometry": {
        "type": "Point",
        "coordinates": [
          -1.9456401,
          53.4364356
        ]
      },
      "id": "node/131965646"
    },
    {
      "type": "Feature",
      "properties": {
        "@id": "node/132948535",
        "amenity": "pub",
        "created_by": "JOSM",
        "name": "Prince of Wales"
      },
      "geometry": {
        "type": "Point",
        "coordinates": [
          -1.9438659,
          53.4433173
        ]
      },
      "id": "node/132948535"
    },
    {
      "type": "Feature",
      "properties": {
        "@id": "way/133612062",
        "addr:city": "Buxton",
        "addr:postcode": "SK17 0DB",
        "addr:street": "Tagg Lane",
        "addr:village": "Crowdecote",
        "amenity": "pub",
        "brewery": "various",
        "building": "yes",
        "check_date": "2025-10-11",
        "email": "thepackhorseinnbuxton@gmail.com",
        "fhrs:id": "1626187",
        "name": "The Pack Horse Inn",
        "opening_hours": "We-Sa 12:00-15:00,18:00-23:00; Su 12:00-15:00, 18:00-22:30",
        "outdoor_seating": "yes",
        "phone": "+44 1298 83618",
        "source": "bing",
        "toilets:wheelchair": "no",
        "website": "https://www.thepackhorseinn.net/",
        "wheelchair": "limited",
        "@geometry": "center"
      },
      "geometry": {
        "type": "Point",
        "coordinates": [
          -1.8502931,
          53.1837285
        ]
      },
      "id": "way/133612062"
    },
    {
      "type": "Feature",
      "properties": {
        "@id": "way/138556450",
        "addr:city": "Sheffield",
        "addr:hamlet": "Owler Bar",
        "addr:postcode": "S17 3BQ",
        "addr:street": "Baslow Road",
        "amenity": "pub",
        "brand": "Chef & Brewer",
        "brand:wikidata": "Q5089491",
        "building": "yes",
        "check_date": "2026-03-08",
        "indoor_seating": "yes",
        "name": "The Peacock",
        "opening_hours": "Mo-Sa 11:00-23:00",
        "outdoor_seating": "yes",
        "phone": "+44 114 2361789",
        "website": "https://www.chefandbrewer.com/pubs/south-yorkshire/peacock/",
        "@geometry": "center"
      },
      "geometry": {
        "type": "Point",
        "coordinates": [
          -1.5611189,
          53.2983618
        ]
      },
      "id": "way/138556450"
    },
    {
      "type": "Feature",
      "properties": {
        "@id": "way/157926081",
        "HE_ref": "1109914",
        "addr:city": "Bakewell",
        "addr:postcode": "DE45 1NN",
        "addr:street": "Main Street",
        "addr:village": "Little Longstone",
        "amenity": "pub",
        "building": "yes",
        "description:floor": "stone",
        "fhrs:id": "1626185",
        "food": "yes",
        "he:ref": "1109914",
        "listed_status": "Grade II",
        "name": "Packhorse Inn",
        "operator": "Thornbridge",
        "real_ale": "4 from Thornbridge;Black Sheep Bitter",
        "wikidata": "Q26403591",
        "@geometry": "center"
      },
      "geometry": {
        "type": "Point",
        "coordinates": [
          -1.7164601,
          53.242273
        ]
      },
      "id": "way/157926081"
    },
    {
      "type": "Feature",
      "properties": {
        "@id": "way/157931063",
        "addr:city": "Holmfirth",
        "addr:country": "GB",
        "addr:hamlet": "Holme",
        "addr:postcode": "HD9 2QG",
        "addr:street": "The Village",
        "addr:suburb": "Holme",
        "amenity": "pub",
        "building": "yes",
        "fhrs:id": "228682",
        "name": "Fleece Inn",
        "opening_hours": "Tu-Th 12:00-22:00; Fr,Sa 09:00-23:00; Su 09:00-19:00",
        "source": "Bing",
        "source:addr": "FHRS Open Data",
        "website": "https://fleeceinnholme.co.uk/",
        "@geometry": "center"
      },
      "geometry": {
        "type": "Point",
        "coordinates": [
          -1.838929,
          53.5492812
        ]
      },
      "id": "way/157931063"
    },
    {
      "type": "Feature",
      "properties": {
        "@id": "way/157932725",
        "addr:city": "Bakewell",
        "addr:postcode": "DE45 1TA",
        "addr:street": "Main Street",
        "addr:village": "Great Longstone",
        "amenity": "pub",
        "building": "yes",
        "fhrs:id": "1626152",
        "name": "White Lion",
        "opening_hours": "Tu 18:00-22:00; We 17:00-22:00; Th,Fr 12:00-14:30,17:00-22:00; Sa 12:00-22:00; Su 12:00-20:00; Mo off",
        "wikidata": "Q26403583",
        "@geometry": "center"
      },
      "geometry": {
        "type": "Point",
        "coordinates": [
          -1.7020729,
          53.2425188
        ]
      },
      "id": "way/157932725"
    },
    {
      "type": "Feature",
      "properties": {
        "@id": "way/159087548",
        "addr:city": "Matlock",
        "addr:postcode": "DE4 2BW",
        "addr:street": "Main Street",
        "addr:village": "Elton",
        "amenity": "pub",
        "building": "yes",
        "fhrs:id": "1627083",
        "name": "Duke Of York",
        "wikidata": "Q18150894",
        "@geometry": "center"
      },
      "geometry": {
        "type": "Point",
        "coordinates": [
          -1.6699783,
          53.1451444
        ]
      },
      "id": "way/159087548"
    },
    {
      "type": "Feature",
      "properties": {
        "@id": "way/161547986",
        "addr:city": "Buxton",
        "addr:postcode": "SK17 0AL",
        "addr:street": "Market Place",
        "addr:village": "Hartington",
        "amenity": "pub",
        "building": "yes",
        "contact:facebook": "https://www.facebook.com/CharlesCottonHartington",
        "fhrs:id": "1840315",
        "food": "yes",
        "name": "Charles Cotton Hotel",
        "outdoor_seating": "yes",
        "real_ale": "yes",
        "source": "Bing, survey",
        "tourism": "hotel",
        "website": "https://charlescotton.co.uk/",
        "wikidata": "Q26619551",
        "@geometry": "center"
      },
      "geometry": {
        "type": "Point",
        "coordinates": [
          -1.8106877,
          53.1404506
        ]
      },
      "id": "way/161547986"
    },
    {
      "type": "Feature",
      "properties": {
        "@id": "way/165347318",
        "addr:city": "Ashbourne",
        "addr:postcode": "DE6 2AF",
        "addr:village": "Wetton",
        "amenity": "pub",
        "building": "yes",
        "fhrs:id": "1259572",
        "name": "Ye Olde Royal Oak",
        "source": "bing",
        "source:addr:postcode": "FHRS Open Data",
        "@geometry": "center"
      },
      "geometry": {
        "type": "Point",
        "coordinates": [
          -1.8382941,
          53.0953633
        ]
      },
      "id": "way/165347318"
    },
    {
      "type": "Feature",
      "properties": {
        "@id": "way/166515851",
        "addr:postcode": "SK17 8EJ",
        "addr:street": "Hernstone Lane",
        "amenity": "pub",
        "building": "yes",
        "check_date": "2026-03-07",
        "check_date:opening_hours": "2024-09-04",
        "fhrs:id": "1259110",
        "name": "Devonshire Arms",
        "opening_hours": "Th-Sa 12:00-15:00, 18:00-23:00; Su 12:00-22:00",
        "source:addr": "FHRS Open Data",
        "url": "https://www.thedevarms.com/",
        "@geometry": "center"
      },
      "geometry": {
        "type": "Point",
        "coordinates": [
          -1.8296579,
          53.3098073
        ]
      },
      "id": "way/166515851"
    },
    {
      "type": "Feature",
      "properties": {
        "@id": "way/171529362",
        "addr:postcode": "SK11 0QE",
        "addr:street": "Barlow Hill",
        "amenity": "pub",
        "beer_garden": "yes",
        "building": "yes",
        "fhrs:id": "891447",
        "floor:material": "stone",
        "food": "yes",
        "name": "The Ship Inn",
        "outdoor_seating": "yes",
        "parking": "yes",
        "real_ale": "3 from J W Lees",
        "website": "https://theshipinnwincle.co.uk",
        "@geometry": "center"
      },
      "geometry": {
        "type": "Point",
        "coordinates": [
          -2.0582169,
          53.1844995
        ]
      },
      "id": "way/171529362"
    },
    {
      "type": "Feature",
      "properties": {
        "@id": "way/172201171",
        "addr:city": "Buxton",
        "addr:postcode": "SK17 0DH",
        "addr:street": "Main Street",
        "addr:village": "Biggin-by-Hartington",
        "amenity": "pub",
        "beer_garden": "yes",
        "building": "yes",
        "description:floor": "stone",
        "diet:vegetarian": "yes",
        "fhrs:id": "1626148",
        "food": "yes",
        "indoor_seating": "yes",
        "name": "Waterloo Inn",
        "outdoor_seating": "yes",
        "parking": "yes",
        "payment:credit_cards": "yes",
        "payment:debit_cards": "yes",
        "real_ale": "Up to 4 available",
        "ref:GB:uprn": "10010336907;10070078941",
        "source": "survey;bing",
        "@geometry": "center"
      },
      "geometry": {
        "type": "Point",
        "coordinates": [
          -1.7736531,
          53.1324833
        ]
      },
      "id": "way/172201171"
    },
    {
      "type": "Feature",
      "properties": {
        "@id": "way/172310914",
        "addr:city": "Sheffield",
        "addr:country": "GB",
        "addr:postcode": "S11 7TZ",
        "addr:suburb": "Longshaw",
        "amenity": "pub",
        "building": "retail",
        "car_park": "yes",
        "description:floor": "Stone in back bar (access via back door)",
        "ele": "298.6",
        "fhrs:id": "1626308",
        "food": "Not durng the afternoon",
        "name": "The Grouse Inn",
        "real_ale": "Marstons Pedigree, Banks's, Greene King Abbot",
        "source": "bing",
        "website": "https://thegrouseinn-froggatt.co.uk/",
        "@geometry": "center"
      },
      "geometry": {
        "type": "Point",
        "coordinates": [
          -1.613708,
          53.2977447
        ]
      },
      "id": "way/172310914"
    },
    {
      "type": "Feature",
      "properties": {
        "@id": "way/172313126",
        "addr:city": "Hope Valley",
        "addr:postcode": "S32 1DA",
        "addr:street": "Sheffield Road",
        "addr:suburb": "Hathersage",
        "amenity": "pub",
        "building": "yes",
        "name": "The Millstone",
        "source": "Bing",
        "source:addr": "FHRS Open Data",
        "@geometry": "center"
      },
      "geometry": {
        "type": "Point",
        "coordinates": [
          -1.6397262,
          53.3236069
        ]
      },
      "id": "way/172313126"
    },
    {
      "type": "Feature",
      "properties": {
        "@id": "way/172420897",
        "addr:city": "Hope Valley",
        "addr:postcode": "S33 6RH",
        "addr:suburb": "Hope",
        "amenity": "pub",
        "building": "yes",
        "check_date": "2026-03-08",
        "fhrs:id": "1259177",
        "food": "yes",
        "name": "The Old Hall Hotel",
        "outdoor_seating": "yes",
        "source": "bing",
        "source:addr:postcode": "FHRS Open Data",
        "tourism": "hotel",
        "@geometry": "center"
      },
      "geometry": {
        "type": "Point",
        "coordinates": [
          -1.7422394,
          53.3482485
        ]
      },
      "id": "way/172420897"
    },
    {
      "type": "Feature",
      "properties": {
        "@id": "way/179857265",
        "addr:city": "Matlock",
        "addr:postcode": "DE4 2BN",
        "addr:street": "Main Street",
        "addr:village": "Birchover",
        "amenity": "pub",
        "building": "yes",
        "description:floor": "stone",
        "fhrs:id": "1626343",
        "food": "yes",
        "internet_access": "wlan",
        "name": "Red Lion Inn",
        "note": "Muddy Boots Welcome",
        "note:name": "\"Red Lion Inn\" on signs, menu, business cards, but some of the signs do say eg \"The Red Lion\"",
        "opening_hours": "12:00-14:30,18:00-23:00",
        "real_ale": "Peakstones Rock Nine Ladies, Dancing Ducks Brewery, Potbelly Brewery, plus 2 real ciders and a perry",
        "source": "survey;bing",
        "website": "http://www.birchoverredlion.com",
        "@geometry": "center"
      },
      "geometry": {
        "type": "Point",
        "coordinates": [
          -1.6462995,
          53.1561752
        ]
      },
      "id": "way/179857265"
    },
    {
      "type": "Feature",
      "properties": {
        "@id": "way/180682015",
        "amenity": "pub",
        "building": "yes",
        "ele": "249.11",
        "name": "The Red Lion Inn",
        "source": "Bing",
        "@geometry": "center"
      },
      "geometry": {
        "type": "Point",
        "coordinates": [
          -1.8813387,
          53.0615615
        ]
      },
      "id": "way/180682015"
    },
    {
      "type": "Feature",
      "properties": {
        "@id": "way/185331963",
        "accommodation": "yes",
        "addr:city": "Bakewell",
        "addr:postcode": "DE45 1QS",
        "addr:street": "Main Street",
        "amenity": "pub",
        "beer_garden": "yes",
        "building": "yes",
        "fhrs:id": "1626418",
        "food": "yes",
        "name": "Cock and Pullet",
        "parking": "yes",
        "real_ale": "Black Sheep Bitter, Taylor Landlord, Sharps Doom Bar",
        "source": "survey;bing",
        "@geometry": "center"
      },
      "geometry": {
        "type": "Point",
        "coordinates": [
          -1.7396451,
          53.2157515
        ]
      },
      "id": "way/185331963"
    },
    {
      "type": "Feature",
      "properties": {
        "@id": "way/194334966",
        "addr:city": "Sheffield",
        "addr:postcode": "S6 6JE",
        "addr:street": "Mortimer Road",
        "amenity": "pub",
        "building": "yes",
        "contact:email": "info@thestrinesinn.co.uk",
        "contact:instagram": "thestrinesinn",
        "contact:phone": "+44 11 4285 1247",
        "fhrs:id": "438160",
        "food": "yes",
        "name": "Strines Inn",
        "opening_hours": "PH,Mo-Su 11:00-23:00",
        "payment:cash": "yes",
        "payment:credit_cards": "yes",
        "payment:debit_cards": "yes",
        "real_fire": "yes",
        "source": "Bing",
        "website": "https://www.thestrinesinn.co.uk/",
        "website:menu": "https://irp.cdn-website.com/4ffe854c/files/uploaded/Strines_Menu.pdf",
        "wheelchair": "limited",
        "wikidata": "Q26486871",
        "@geometry": "center"
      },
      "geometry": {
        "type": "Point",
        "coordinates": [
          -1.6665299,
          53.4119067
        ]
      },
      "id": "way/194334966"
    },
    {
      "type": "Feature",
      "properties": {
        "@id": "way/194962079",
        "accommodation": "yes",
        "addr:city": "Hope Valley",
        "addr:postcode": "S32 2HS",
        "addr:street": "Sir William Hill Road",
        "addr:village": "Grindleford",
        "amenity": "pub",
        "building": "yes",
        "fhrs:id": "1626886",
        "food": "yes",
        "name": "Sir William",
        "note": "Notice on the door suggests that the pub might reopen at a future date.",
        "website": "https://www.thesirwilliam.co.uk/",
        "@geometry": "center"
      },
      "geometry": {
        "type": "Point",
        "coordinates": [
          -1.6372962,
          53.2964391
        ]
      },
      "id": "way/194962079"
    },
    {
      "type": "Feature",
      "properties": {
        "@id": "way/196011191",
        "addr:city": "Bakewell",
        "addr:postcode": "DE45 1JE",
        "addr:street": "School Lane",
        "addr:village": "Over Haddon",
        "alt_name": "Lathkil Hotel",
        "amenity": "pub",
        "beer_garden": "yes",
        "building": "yes",
        "fhrs:id": "1626977",
        "food": "yes",
        "indoor_seating": "yes",
        "name": "The Lathkil Hotel",
        "note": "corrected Lathkill to Lathkil from survey. officially sometimes is \"The\"",
        "outdoor_seating": "yes",
        "parking": "yes",
        "real_ale": "Peak Ales,Blue Monkey,more",
        "source": "survey",
        "tourism": "hotel",
        "website": "https://www.lathkil.co.uk/",
        "@geometry": "center"
      },
      "geometry": {
        "type": "Point",
        "coordinates": [
          -1.6911257,
          53.1943981
        ]
      },
      "id": "way/196011191"
    },
    {
      "type": "Feature",
      "properties": {
        "@id": "way/201256080",
        "addr:city": "Glossop",
        "addr:postcode": "SK13 8BP",
        "addr:street": "Norfolk Square",
        "amenity": "pub",
        "brewery": "Joseph Holt",
        "building": "yes",
        "diet:vegan": "yes",
        "diet:vegetarian": "yes",
        "fhrs:id": "1258961",
        "food": "yes",
        "live_sport": "yes",
        "name": "Norfolk Arms",
        "operator": "Joseph Holt",
        "outdoor_seating": "yes",
        "real_ale": "yes",
        "source": "Bing",
        "source:addr": "FHRS Open Data",
        "website": "https://www.joseph-holt.com/pubs/norfolk-arms",
        "wikidata": "Q26664112",
        "@geometry": "center"
      },
      "geometry": {
        "type": "Point",
        "coordinates": [
          -1.9490989,
          53.443568
        ]
      },
      "id": "way/201256080"
    },
    {
      "type": "Feature",
      "properties": {
        "@id": "way/207234789",
        "addr:city": "Hope Valley",
        "addr:postcode": "S32 3ZP",
        "addr:street": "Kingsgate",
        "addr:suburb": "Calver",
        "amenity": "pub",
        "building": "yes",
        "name": "The Eyre Arms",
        "not:addr:postcode": "S32 3XH",
        "source": "survey;bing",
        "source:addr": "FHRS Open Data",
        "@geometry": "center"
      },
      "geometry": {
        "type": "Point",
        "coordinates": [
          -1.6424015,
          53.2702332
        ]
      },
      "id": "way/207234789"
    },
    {
      "type": "Feature",
      "properties": {
        "@id": "way/220384582",
        "HE_ref": "1287885",
        "addr:postcode": "SK17 8SN",
        "addr:street": "Millers Dale",
        "amenity": "pub",
        "building": "public",
        "contact:website": "http://www.theanglersrest.co.uk/",
        "fhrs:id": "1626263",
        "fhrs:rating": "4",
        "food": "yes",
        "listed_status": "Grade II",
        "name": "The Anglers Rest",
        "outdoor_seating": "yes",
        "phone": "+441298 871323",
        "real_ale": "yes",
        "real_fire": "yes",
        "smoking": "outside",
        "source": "survey;bing",
        "source:addr": "fhrs open data",
        "toilets:wheelchair": "no",
        "wheelchair": "no",
        "wikidata": "Q26576337",
        "@geometry": "center"
      },
      "geometry": {
        "type": "Point",
        "coordinates": [
          -1.7879979,
          53.2570475
        ]
      },
      "id": "way/220384582"
    },
    {
      "type": "Feature",
      "properties": {
        "@id": "way/231691861",
        "addr:city": "High Peak",
        "addr:country": "GB",
        "addr:postcode": "SK23 6EJ",
        "addr:suburb": "Chinley",
        "amenity": "pub",
        "building": "yes",
        "fhrs:id": "1259066",
        "name": "Old Hall Inn",
        "source:addr:postcode": "FHRS Open Data",
        "wikidata": "Q26482458",
        "@geometry": "center"
      },
      "geometry": {
        "type": "Point",
        "coordinates": [
          -1.9431128,
          53.3353142
        ]
      },
      "id": "way/231691861"
    },
    {
      "type": "Feature",
      "properties": {
        "@id": "way/231691866",
        "addr:city": "High Peak",
        "addr:country": "GB",
        "addr:postcode": "SK23 6EJ",
        "addr:street": "Whitehough Head Lane",
        "addr:suburb": "Chinley",
        "amenity": "pub",
        "building": "yes",
        "fhrs:id": "1259195",
        "name": "Paper Mill Inn",
        "ref:GB:uprn": "10010757826",
        "source:addr": "FHRS Open Data",
        "@geometry": "center"
      },
      "geometry": {
        "type": "Point",
        "coordinates": [
          -1.9425094,
          53.3349947
        ]
      },
      "id": "way/231691866"
    },
    {
      "type": "Feature",
      "properties": {
        "@id": "way/232468344",
        "addr:city": "Matlock",
        "addr:postcode": "DE4 4HW",
        "addr:village": "Aldwark",
        "amenity": "pub",
        "building": "farm_auxiliary",
        "craft": "brewery",
        "email": "jenny@aaabrewery.co.uk",
        "fhrs:id": "1626602",
        "fixme": "Pub is only open during the summer, not sure how to say this in the opening hours",
        "name": "Aldwark Artisan Ales",
        "opening_hours": "Sa",
        "source": "survey;bing",
        "website": "https://aaabrewery.co.uk/",
        "@geometry": "center"
      },
      "geometry": {
        "type": "Point",
        "coordinates": [
          -1.6592035,
          53.1139579
        ]
      },
      "id": "way/232468344"
    },
    {
      "type": "Feature",
      "properties": {
        "@id": "node/233186722",
        "addr:housenumber": "144",
        "addr:postcode": "SK13 8HJ",
        "addr:street": "High Street West",
        "amenity": "pub",
        "check_date": "2023-08-16",
        "diet:vegan": "only",
        "fhrs:id": "1258962",
        "microbrewery": "yes",
        "name": "The Globe",
        "real_ale": "yes",
        "source:addr": "FHRS Open Data"
      },
      "geometry": {
        "type": "Point",
        "coordinates": [
          -1.9566313,
          53.44354
        ]
      },
      "id": "node/233186722"
    },
    {
      "type": "Feature",
      "properties": {
        "@id": "node/233186734",
        "addr:city": "Glossop",
        "addr:county": "Derbyshire",
        "addr:housenumber": "76",
        "addr:postcode": "SK13 8BH",
        "addr:street": "High Street West",
        "amenity": "pub",
        "fhrs:id": "1523897",
        "name": "Corner Cupboard"
      },
      "geometry": {
        "type": "Point",
        "coordinates": [
          -1.9535388,
          53.4436487
        ]
      },
      "id": "node/233186734"
    },
    {
      "type": "Feature",
      "properties": {
        "@id": "node/233186743",
        "addr:housenumber": "67",
        "addr:postcode": "SK13 8AZ",
        "addr:street": "High Street West",
        "amenity": "pub",
        "fhrs:id": "1258819",
        "name": "The Oakwood",
        "source:addr": "FHRS Open Data",
        "wheelchair": "yes"
      },
      "geometry": {
        "type": "Point",
        "coordinates": [
          -1.9527555,
          53.4433787
        ]
      },
      "id": "node/233186743"
    },
    {
      "type": "Feature",
      "properties": {
        "@id": "way/238425450",
        "addr:city": "Hope Valley",
        "addr:postcode": "S32 1BZ",
        "addr:street": "School Lane",
        "addr:village": "Hathersage",
        "amenity": "pub",
        "building": "yes",
        "fhrs:id": "1626264",
        "name": "The Scotsman's Pack",
        "source": "Bing",
        "@geometry": "center"
      },
      "geometry": {
        "type": "Point",
        "coordinates": [
          -1.6493906,
          53.3319513
        ]
      },
      "id": "way/238425450"
    },
    {
      "type": "Feature",
      "properties": {
        "@id": "way/241856257",
        "addr:housenumber": "78",
        "addr:postcode": "SK13 1JY",
        "addr:street": "Old Road",
        "amenity": "pub",
        "building": "yes",
        "fhrs:id": "1258611",
        "name": "Bulls Head",
        "opening_hours": "Th,Fr 17:00-23:00; Sa 12:00-23:00; Su 12:00-22:00",
        "outdoor_seating": "yes",
        "parking": "yes",
        "real_ale": "Taylor Landlord, Sharps Doom Bar +1, may vary",
        "source:addr": "FHRS Open Data",
        "@geometry": "center"
      },
      "geometry": {
        "type": "Point",
        "coordinates": [
          -1.967026,
          53.4729917
        ]
      },
      "id": "way/241856257"
    },
    {
      "type": "Feature",
      "properties": {
        "@id": "node/243487012",
        "amenity": "pub",
        "created_by": "Potlatch 0.6c",
        "name": "Old Tup"
      },
      "geometry": {
        "type": "Point",
        "coordinates": [
          -1.9808288,
          53.4455418
        ]
      },
      "id": "node/243487012"
    },
    {
      "type": "Feature",
      "properties": {
        "@id": "node/243757565",
        "addr:postcode": "SK13 1NR",
        "addr:street": "Hadfield Road",
        "amenity": "pub",
        "fhrs:id": "1258951",
        "name": "The Anchor",
        "source:addr": "FHRS Open Data"
      },
      "geometry": {
        "type": "Point",
        "coordinates": [
          -1.9690965,
          53.4612002
        ]
      },
      "id": "node/243757565"
    },
    {
      "type": "Feature",
      "properties": {
        "@id": "node/245808217",
        "addr:city": "Hope Valley",
        "addr:postcode": "S33 8WG",
        "addr:street": "Castle Street",
        "addr:suburb": "Castleton",
        "amenity": "pub",
        "brand": "Vintage Inns",
        "brand:wikidata": "Q87067899",
        "check_date": "2024-08-20",
        "check_date:opening_hours": "2024-08-20",
        "contact:website": "https://www.vintageinn.co.uk/restaurants/midlands/thecastlecastleton",
        "fhrs:id": "1259076",
        "name": "The Castle",
        "opening_hours": "Mo-Su 08:00-23:00",
        "source:addr": "FHRS Open Data",
        "wikidata": "Q26388874"
      },
      "geometry": {
        "type": "Point",
        "coordinates": [
          -1.7765431,
          53.3429574
        ]
      },
      "id": "node/245808217"
    },
    {
      "type": "Feature",
      "properties": {
        "@id": "node/245808218",
        "addr:city": "Hope Valley",
        "addr:postcode": "S33 8WG",
        "addr:street": "Castle Street",
        "addr:suburb": "Castleton",
        "amenity": "pub",
        "check_date": "2025-08-16",
        "fhrs:id": "1258838",
        "name": "The George",
        "operator": "Charles Wells",
        "source:addr": "FHRS Open Data",
        "wikidata": "Q26380262"
      },
      "geometry": {
        "type": "Point",
        "coordinates": [
          -1.7764332,
          53.3425019
        ]
      },
      "id": "node/245808218"
    },
    {
      "type": "Feature",
      "properties": {
        "@id": "node/245808219",
        "accommodation": "yes",
        "addr:city": "Hope Valley",
        "addr:postcode": "S33 8WH",
        "addr:street": "Cross Street",
        "addr:suburb": "Castleton",
        "amenity": "pub",
        "check_date": "2025-08-16",
        "fhrs:id": "1259077",
        "floor:material": "stone",
        "food": "yes",
        "name": "The Bull's Head",
        "real_ale": "3 Robinsons",
        "real_fire": "yes",
        "source:addr": "FHRS Open Data",
        "toilets": "yes",
        "toilets:disabled": "yes"
      },
      "geometry": {
        "type": "Point",
        "coordinates": [
          -1.7763551,
          53.3432419
        ]
      },
      "id": "node/245808219"
    },
    {
      "type": "Feature",
      "properties": {
        "@id": "node/246550810",
        "addr:postcode": "SK13 8QY",
        "addr:street": "Sheffield Road",
        "amenity": "pub",
        "fhrs:id": "1258662",
        "name": "Royal Oak",
        "source:addr": "FHRS Open Data"
      },
      "geometry": {
        "type": "Point",
        "coordinates": [
          -1.9275956,
          53.4445633
        ]
      },
      "id": "node/246550810"
    },
    {
      "type": "Feature",
      "properties": {
        "@id": "node/248045292",
        "accommodation": "yes",
        "addr:city": "Buxton",
        "addr:postcode": "SK17 8QU",
        "addr:street": "Church Lane",
        "addr:village": "Litton",
        "amenity": "pub",
        "fhrs:id": "1751125",
        "name": "Red Lion Inn",
        "opening_hours": "Su 12:00-22:00; Mo-Sa 12:00-23:00",
        "phone": "+44 1298 871458",
        "real_ale": "yes",
        "website": "https://www.theredlionlitton.co.uk",
        "wikidata": "Q26452540"
      },
      "geometry": {
        "type": "Point",
        "coordinates": [
          -1.7563255,
          53.2735974
        ]
      },
      "id": "node/248045292"
    },
    {
      "type": "Feature",
      "properties": {
        "@id": "node/251982730",
        "addr:city": "Bakewell",
        "addr:postcode": "DE45 1SR",
        "addr:street": "Nether End",
        "addr:village": "Baslow",
        "amenity": "pub",
        "fhrs:id": "1908686",
        "name": "The Devonshire Arms",
        "phone": "+44 1246 582551",
        "website": "https://thedevonshirebaslow.com/"
      },
      "geometry": {
        "type": "Point",
        "coordinates": [
          -1.6133234,
          53.2459014
        ]
      },
      "id": "node/251982730"
    },
    {
      "type": "Feature",
      "properties": {
        "@id": "node/251985589",
        "addr:city": "Bakewell",
        "addr:postcode": "DE45 1SR",
        "addr:street": "Nether End",
        "addr:village": "Baslow",
        "amenity": "pub",
        "fhrs:id": "1626524",
        "food": "yes",
        "name": "The Wheatsheaf",
        "outdoor_area": "yes",
        "parking": "yes",
        "real_ale": "4 from Marstons"
      },
      "geometry": {
        "type": "Point",
        "coordinates": [
          -1.6124122,
          53.2465269
        ]
      },
      "id": "node/251985589"
    },
    {
      "type": "Feature",
      "properties": {
        "@id": "node/251986045",
        "addr:city": "Hope Valley",
        "addr:postcode": "S32 3XA",
        "addr:street": "Calver Bridge",
        "addr:suburb": "Curbar",
        "amenity": "pub",
        "fhrs:id": "1626905",
        "food": "yes",
        "name": "The Bridge Inn",
        "real_ale": "Greene King Abbot, Hardy and Hansons Kimberley, Back of the Net"
      },
      "geometry": {
        "type": "Point",
        "coordinates": [
          -1.6310557,
          53.2661742
        ]
      },
      "id": "node/251986045"
    },
    {
      "type": "Feature",
      "properties": {
        "@id": "node/251986258",
        "amenity": "pub",
        "name": "The Derwentwater Arms"
      },
      "geometry": {
        "type": "Point",
        "coordinates": [
          -1.6411023,
          53.268364
        ]
      },
      "id": "node/251986258"
    },
    {
      "type": "Feature",
      "properties": {
        "@id": "way/252163379",
        "amenity": "pub",
        "building": "yes",
        "name": "Staffordshire Knott",
        "@geometry": "center"
      },
      "geometry": {
        "type": "Point",
        "coordinates": [
          -1.8357071,
          53.1468275
        ]
      },
      "id": "way/252163379"
    },
    {
      "type": "Feature",
      "properties": {
        "@id": "node/254949910",
        "addr:postcode": "SK17 8RW",
        "addr:village": "Wardlow Mires",
        "amenity": "pub",
        "fhrs:id": "1626843",
        "name": "Three Stags Heads",
        "real_ale": "Several from Abbeydale, including \"Black Lurcher\" house beer",
        "toilets:wheelchair": "no",
        "wheelchair": "no",
        "wikidata": "Q18162323",
        "wikipedia": "en:The Three Stags' Heads"
      },
      "geometry": {
        "type": "Point",
        "coordinates": [
          -1.730066,
          53.2771153
        ]
      },
      "id": "node/254949910"
    },
    {
      "type": "Feature",
      "properties": {
        "@id": "way/256520992",
        "addr:city": "Old Glossop",
        "addr:housename": "Queens Arms",
        "addr:housenumber": "1",
        "addr:postcode": "SK13 7RZ",
        "addr:street": "Shepley Street",
        "amenity": "pub",
        "brewery": "yes",
        "building": "yes",
        "name": "The Queens Arms",
        "opening_hours": "Mo-Su 12:00-24:00",
        "@geometry": "center"
      },
      "geometry": {
        "type": "Point",
        "coordinates": [
          -1.9381023,
          53.4497241
        ]
      },
      "id": "way/256520992"
    },
    {
      "type": "Feature",
      "properties": {
        "@id": "way/267220349",
        "addr:city": "Sheffield",
        "addr:country": "GB",
        "addr:hamlet": "Flouch",
        "addr:postcode": "S36 4HH",
        "addr:street": "Manchester Road",
        "amenity": "pub",
        "building": "yes",
        "name": "Dog & Partridge",
        "@geometry": "center"
      },
      "geometry": {
        "type": "Point",
        "coordinates": [
          -1.7323617,
          53.5064991
        ]
      },
      "id": "way/267220349"
    },
    {
      "type": "Feature",
      "properties": {
        "@id": "way/268416039",
        "amenity": "pub",
        "building": "yes",
        "name": "The Robin Hood Inn",
        "website": "http://robinhoodinnbaslow.co.uk/",
        "@geometry": "center"
      },
      "geometry": {
        "type": "Point",
        "coordinates": [
          -1.5821118,
          53.2456693
        ]
      },
      "id": "way/268416039"
    },
    {
      "type": "Feature",
      "properties": {
        "@id": "way/274136408",
        "addr:city": "Hope Valley",
        "addr:postcode": "S32 5QD",
        "addr:street": "Sir William Hill Road",
        "addr:suburb": "Bretton",
        "amenity": "pub",
        "brewery": "various",
        "building": "yes",
        "description:floor": "carpet",
        "dog": "ask",
        "email": "information@thebarrelinn.co.uk",
        "facebook": "https://www.facebook.com/barrelinnbretton",
        "fhrs:id": "1626252",
        "food": "yes",
        "internet_access": "wlan",
        "internet_access:fee": "customers",
        "name": "Barrel Inn",
        "phone": "+44 1433 630856",
        "real_ale": "Hobgoblin;Marstons",
        "real_fire": "yes",
        "source:detail": "survey",
        "source:street": "FHRS Open Data",
        "website": "http://www.thebarrelinn.co.uk/",
        "@geometry": "center"
      },
      "geometry": {
        "type": "Point",
        "coordinates": [
          -1.7004717,
          53.2979687
        ]
      },
      "id": "way/274136408"
    },
    {
      "type": "Feature",
      "properties": {
        "@id": "node/277779009",
        "addr:postcode": "SK10 5XE",
        "addr:street": "Church Lane",
        "amenity": "pub",
        "fhrs:id": "891464",
        "name": "The Robin Hood",
        "website": "www.robinhoodrainow.com"
      },
      "geometry": {
        "type": "Point",
        "coordinates": [
          -2.0729439,
          53.2829919
        ]
      },
      "id": "node/277779009"
    },
    {
      "type": "Feature",
      "properties": {
        "@id": "way/277874834",
        "amenity": "pub",
        "building": "yes",
        "food": "yes",
        "name": "Ye Olde Rock Inn",
        "source": "survey;bing",
        "toilets:wheelchair": "no",
        "wheelchair": "limited",
        "@geometry": "center"
      },
      "geometry": {
        "type": "Point",
        "coordinates": [
          -1.9816631,
          53.1460372
        ]
      },
      "id": "way/277874834"
    },
    {
      "type": "Feature",
      "properties": {
        "@id": "node/282357298",
        "accommodation": "yes",
        "addr:city": "Bakewell",
        "addr:postcode": "DE45 1WN",
        "addr:street": "Alport Lane",
        "addr:village": "Youlgrave",
        "amenity": "pub",
        "fhrs:id": "1669443",
        "floor:material": "stone",
        "food": "yes",
        "name": "George Hotel",
        "outdoor_seating": "yes",
        "real_ale": "Caledonian Flying Scotsman (may vary)"
      },
      "geometry": {
        "type": "Point",
        "coordinates": [
          -1.6846687,
          53.1762937
        ]
      },
      "id": "node/282357298"
    },
    {
      "type": "Feature",
      "properties": {
        "@id": "way/289224625",
        "amenity": "pub",
        "building": "yes",
        "fixme": "is this pub still open?",
        "name": "Jolly Carter",
        "@geometry": "center"
      },
      "geometry": {
        "type": "Point",
        "coordinates": [
          -1.8992047,
          53.3243138
        ]
      },
      "id": "way/289224625"
    },
    {
      "type": "Feature",
      "properties": {
        "@id": "node/305916852",
        "amenity": "pub",
        "name": "The Chequers",
        "real_ale": "yes"
      },
      "geometry": {
        "type": "Point",
        "coordinates": [
          -1.6312423,
          53.2814117
        ]
      },
      "id": "node/305916852"
    },
    {
      "type": "Feature",
      "properties": {
        "@id": "way/308469160",
        "addr:city": "High Peak",
        "addr:country": "GB",
        "addr:housenumber": "3-5",
        "addr:postcode": "SK22 2EP",
        "addr:street": "Market Street",
        "addr:suburb": "Hayfield",
        "amenity": "pub",
        "brewery": "yes",
        "building": "commercial",
        "fhrs:id": "1260422",
        "food": "yes",
        "name": "Pack Horse",
        "outdoor_seating": "yes",
        "ref:GB:uprn": "10010730022",
        "smoking": "outside",
        "website": "https://thepackhorsehayfield.uk/",
        "@geometry": "center"
      },
      "geometry": {
        "type": "Point",
        "coordinates": [
          -1.9458426,
          53.3805159
        ]
      },
      "id": "way/308469160"
    },
    {
      "type": "Feature",
      "properties": {
        "@id": "way/311965551",
        "amenity": "pub",
        "building": "yes",
        "food": "yes",
        "name": "The Winking Man",
        "real_ale": "Charles Wells Bombardier, Hancocks HB +1",
        "source": "survey;bing",
        "toilets:wheelchair": "yes",
        "wheelchair": "yes",
        "@geometry": "center"
      },
      "geometry": {
        "type": "Point",
        "coordinates": [
          -1.9620923,
          53.1706432
        ]
      },
      "id": "way/311965551"
    },
    {
      "type": "Feature",
      "properties": {
        "@id": "node/325107316",
        "addr:city": "Ashbourne",
        "addr:postcode": "DE6 1LF",
        "addr:street": "Bradbourne Road",
        "addr:village": "Fenny Bentley",
        "amenity": "pub",
        "beer_garden": "yes",
        "car_park": "yes",
        "fhrs:id": "1626306",
        "food": "yes",
        "name": "Bentley Brook Inn",
        "opening_hours:food": "All Day",
        "outdoor_seating": "yes",
        "real_ale": "Marston's Pedigree, 1 or 2 other local beers",
        "source:opening_hours:food": "Sign",
        "website": "https://www.bentleybrookinn.co.uk/"
      },
      "geometry": {
        "type": "Point",
        "coordinates": [
          -1.7370723,
          53.0443151
        ]
      },
      "id": "node/325107316"
    },
    {
      "type": "Feature",
      "properties": {
        "@id": "node/336145788",
        "addr:postcode": "SK11 0BJ",
        "addr:street": "Buxton Road",
        "amenity": "pub",
        "fhrs:id": "891450",
        "name": "Rose and Crown",
        "website": "https://www.roseandcrownallgreave.co.uk/"
      },
      "geometry": {
        "type": "Point",
        "coordinates": [
          -2.0413111,
          53.1997797
        ]
      },
      "id": "node/336145788"
    },
    {
      "type": "Feature",
      "properties": {
        "@id": "way/338686553",
        "addr:city": "Hope Valley",
        "addr:postcode": "S33 6ZF",
        "addr:street": "Edale Road",
        "addr:suburb": "Hope",
        "alt_name": "Cheshire Cheese Inn",
        "amenity": "pub",
        "fhrs:id": "1260436",
        "name": "Cheshire Cheese",
        "phone": "+441433 620381",
        "source:addr": "FHRS Open Data",
        "website": "https://thecheshirecheeseinn.co.uk/",
        "@geometry": "center"
      },
      "geometry": {
        "type": "Point",
        "coordinates": [
          -1.7456045,
          53.3533681
        ]
      },
      "id": "way/338686553"
    },
    {
      "type": "Feature",
      "properties": {
        "@id": "way/338790459",
        "amenity": "pub",
        "name": "Woodroffe Arms",
        "@geometry": "center"
      },
      "geometry": {
        "type": "Point",
        "coordinates": [
          -1.7435566,
          53.3480878
        ]
      },
      "id": "way/338790459"
    },
    {
      "type": "Feature",
      "properties": {
        "@id": "way/346879536",
        "addr:postcode": "SK23 6AL",
        "addr:street": "Hayfield Road",
        "amenity": "pub",
        "building": "yes",
        "fhrs:id": "1260432",
        "name": "The Lamb Inn",
        "ref:GB:uprn": "10010744009",
        "source": "survey",
        "source:addr": "FHRS Open Data",
        "@geometry": "center"
      },
      "geometry": {
        "type": "Point",
        "coordinates": [
          -1.9271527,
          53.3555494
        ]
      },
      "id": "way/346879536"
    },
    {
      "type": "Feature",
      "properties": {
        "@id": "way/362832665",
        "accommodation": "yes",
        "addr:city": "Matlock",
        "addr:postcode": "DE4 2NZ",
        "addr:village": "Beeley",
        "amenity": "pub",
        "building": "yes",
        "food": "yes",
        "name": "The Beeley Inn",
        "old_name": "Devonshire Arms",
        "outdoor_seating": "yes",
        "source": "local knowledge",
        "website": "https://www.chatsworthescapes.co.uk/beeleyinn/",
        "wikidata": "Q26619360",
        "@geometry": "center"
      },
      "geometry": {
        "type": "Point",
        "coordinates": [
          -1.6043935,
          53.2033469
        ]
      },
      "id": "way/362832665"
    },
    {
      "type": "Feature",
      "properties": {
        "@id": "way/364795572",
        "addr:city": "High Peak",
        "addr:country": "GB",
        "addr:postcode": "SK22 2LE",
        "addr:street": "Kinder Road",
        "addr:suburb": "Hayfield",
        "amenity": "pub",
        "building": "yes",
        "fhrs:id": "1258691",
        "food": "yes",
        "name": "The Sportsman",
        "operator": "Daniel Thwaites Plc",
        "outdoor_seating": "yes",
        "rooms": "yes",
        "smoking": "outside",
        "source": "local_knowledge",
        "source:addr": "FHRS Open Data",
        "website": "http://www.kindersportsman.co.uk/",
        "@geometry": "center"
      },
      "geometry": {
        "type": "Point",
        "coordinates": [
          -1.9347946,
          53.3774351
        ]
      },
      "id": "way/364795572"
    },
    {
      "type": "Feature",
      "properties": {
        "@id": "node/365463636",
        "addr:city": "Ashbourne",
        "addr:county": "Derbyshire",
        "addr:postcode": "DE6 1QL",
        "addr:street": "The Green",
        "addr:village": "Parwich",
        "amenity": "pub",
        "beer_garden": "yes",
        "car_park": "yes",
        "fhrs:id": "1626139",
        "food": "sandwiches at least",
        "name": "Sycamore Inn",
        "opening_hours": "Mo-Su 12:00-14:00,19:00-21:00",
        "real_ale": "2 from Robinson's",
        "source:addr": "FHRS Open Data"
      },
      "geometry": {
        "type": "Point",
        "coordinates": [
          -1.7208724,
          53.0857178
        ]
      },
      "id": "node/365463636"
    },
    {
      "type": "Feature",
      "properties": {
        "@id": "way/374864940",
        "addr:city": "High Peak",
        "addr:country": "GB",
        "addr:postcode": "SK23 7JE",
        "addr:street": "Buxton Road",
        "addr:suburb": "Whaley Bridge",
        "amenity": "pub",
        "building": "yes",
        "fhrs:id": "1258836",
        "food": "yes",
        "name": "The Cock",
        "real_ale": "4",
        "source:addr": "FHRS Open Data",
        "@geometry": "center"
      },
      "geometry": {
        "type": "Point",
        "coordinates": [
          -1.984659,
          53.3260005
        ]
      },
      "id": "way/374864940"
    },
    {
      "type": "Feature",
      "properties": {
        "@id": "way/374864941",
        "addr:city": "High Peak",
        "addr:country": "GB",
        "addr:postcode": "SK23 7HN",
        "addr:street": "Market Street",
        "addr:suburb": "Whaley Bridge",
        "amenity": "pub",
        "building": "yes",
        "contact:facebook": "https://www.facebook.com/people/WHITE-HART-Whaley-Bridge/100092437127315",
        "fhrs:id": "1258857",
        "food": "yes",
        "name": "The White Hart",
        "opening_hours": "Su-We 14:00-23:00; Th-Sa 12:00-00:00",
        "outdoor_seating": "yes",
        "real_ale": "3",
        "ref:GB:uprn": "10010744393",
        "source:addr": "FHRS Open Data",
        "wikidata": "Q26380468",
        "@geometry": "center"
      },
      "geometry": {
        "type": "Point",
        "coordinates": [
          -1.9832583,
          53.3289089
        ]
      },
      "id": "way/374864941"
    },
    {
      "type": "Feature",
      "properties": {
        "@id": "way/376516984",
        "HE_ref": "1335250",
        "addr:city": "Bakewell",
        "addr:postcode": "DE45 1QB",
        "addr:street": "Church Street",
        "amenity": "pub",
        "brand": "Robinsons",
        "brand:wikidata": "Q7353116",
        "brewery": "Robinsons",
        "building": "retail",
        "fhrs:id": "1626310",
        "heritage": "yes",
        "listed_status": "Grade II",
        "name": "Bull's Head Inn",
        "operator": "Robinsons",
        "operator:wikidata": "Q7353116",
        "phone": "+44 1629 812931",
        "website": "https://www.robinsonsbrewery.com/pubs/bulls-head-ashford-in-the-water/",
        "wikidata": "Q26619857",
        "@geometry": "center"
      },
      "geometry": {
        "type": "Point",
        "coordinates": [
          -1.7083233,
          53.2244341
        ]
      },
      "id": "way/376516984"
    },
    {
      "type": "Feature",
      "properties": {
        "@id": "node/382643812",
        "addr:city": "Matlock",
        "addr:postcode": "DE4 2DR",
        "addr:street": "Bank Top",
        "addr:village": "Winster",
        "amenity": "pub",
        "car_park": "yes",
        "fhrs:id": "1626210",
        "food": "yes",
        "name": "The Miners Standard",
        "phone": "+44 1629 650279",
        "real_ale": "Marstons,Greene King",
        "website": "http://www.theminersstandard.com/"
      },
      "geometry": {
        "type": "Point",
        "coordinates": [
          -1.6460544,
          53.1387591
        ]
      },
      "id": "node/382643812"
    },
    {
      "type": "Feature",
      "properties": {
        "@id": "way/382667273",
        "addr:city": "Bakewell",
        "addr:postcode": "DE45 1RY",
        "addr:street": "Church Lane",
        "addr:village": "Baslow",
        "amenity": "pub",
        "brewery": "yes",
        "building": "yes",
        "fhrs:id": "1626947",
        "name": "Prince Of Wales",
        "website": "https://princeofwalesbaslow.co.uk/",
        "@geometry": "center"
      },
      "geometry": {
        "type": "Point",
        "coordinates": [
          -1.6226353,
          53.2474107
        ]
      },
      "id": "way/382667273"
    },
    {
      "type": "Feature",
      "properties": {
        "@id": "node/383898359",
        "accommodation": "yes",
        "addr:city": "Buxton",
        "addr:country": "GB",
        "addr:postcode": "SK17 8NU",
        "addr:street": "Commericial Road",
        "addr:village": "Tideswell",
        "amenity": "pub",
        "brand": "Greene King",
        "brand:wikidata": "Q5564162",
        "ele": "291",
        "fhrs:id": "1892359",
        "food": "yes",
        "name": "George Inn",
        "note": "Greene king. No food pm.",
        "operator": "Greene King",
        "outdoor_seating": "yes",
        "real_ale": "yes",
        "source:postcode": "FHRS Open Data",
        "website": "https://www.thegeorgeinntideswell.co.uk/"
      },
      "geometry": {
        "type": "Point",
        "coordinates": [
          -1.7718674,
          53.2788279
        ]
      },
      "id": "node/383898359"
    },
    {
      "type": "Feature",
      "properties": {
        "@id": "node/383901212",
        "addr:city": "Buxton",
        "addr:postcode": "SK17 8JZ",
        "addr:street": "Queen Street",
        "addr:village": "Tideswell",
        "amenity": "pub",
        "ele": "287",
        "fhrs:id": "1626156",
        "name": "Horse and Jockey",
        "note": "Beer range varies.  No food pm.",
        "toilets:wheelchair": "no",
        "wheelchair": "no"
      },
      "geometry": {
        "type": "Point",
        "coordinates": [
          -1.7742526,
          53.2755843
        ]
      },
      "id": "node/383901212"
    },
    {
      "type": "Feature",
      "properties": {
        "@id": "node/386169316",
        "addr:city": "Hope Valley",
        "addr:postcode": "S32 5RG",
        "addr:street": "Water Lane",
        "addr:suburb": "Eyam",
        "amenity": "pub",
        "fhrs:id": "1626274",
        "name": "Miners Arms",
        "source:postcode": "FHRS Open Data"
      },
      "geometry": {
        "type": "Point",
        "coordinates": [
          -1.6706192,
          53.2845061
        ]
      },
      "id": "node/386169316"
    },
    {
      "type": "Feature",
      "properties": {
        "@id": "node/390376121",
        "accommodation": "yes",
        "addr:city": "Bakewell",
        "addr:postcode": "DE45 1UW",
        "addr:street": "Main Street",
        "addr:village": "Youlgrave",
        "amenity": "pub",
        "fhrs:id": "1626468",
        "food": "yes",
        "name": "Farmyard Inn",
        "parking": "yes",
        "website": "https://www.farmyardinnyoulgreave.co.uk/"
      },
      "geometry": {
        "type": "Point",
        "coordinates": [
          -1.6898941,
          53.1740655
        ]
      },
      "id": "node/390376121"
    },
    {
      "type": "Feature",
      "properties": {
        "@id": "node/390376128",
        "addr:city": "Bakewell",
        "addr:postcode": "DE45 1UR",
        "addr:street": "Fountain Square",
        "addr:village": "Youlgrave",
        "amenity": "pub",
        "brand": "Marston's",
        "brand:wikidata": "Q6773982",
        "email": "bullsheadyoulgrave@gmail.com",
        "fhrs:id": "1834489",
        "food": "yes",
        "name": "Bulls Head",
        "note": "More of a pub than a hotel",
        "opening_hours": "Mo-Th 17:00-23:00; Fr 17:00-00:00; Sa 12:00-00:00; Su 12:00-23:00",
        "outdoor_seating": "yes",
        "phone": "+44 1629 636307",
        "real_ale": "3 from Marston's",
        "website": "https://www.thebullsheadyoulgrave.co.uk/"
      },
      "geometry": {
        "type": "Point",
        "coordinates": [
          -1.6862137,
          53.1751867
        ]
      },
      "id": "node/390376128"
    },
    {
      "type": "Feature",
      "properties": {
        "@id": "way/390481450",
        "addr:city": "Hope Valley",
        "addr:postcode": "S32 1BA",
        "addr:suburb": "Hathersage",
        "amenity": "pub",
        "building": "yes",
        "fhrs:id": "1627016",
        "name": "The Plough Inn",
        "source:addr": "FHRS Open Data",
        "website": "https://theploughinn-hathersage.co.uk/",
        "@geometry": "center"
      },
      "geometry": {
        "type": "Point",
        "coordinates": [
          -1.6496934,
          53.3206017
        ]
      },
      "id": "way/390481450"
    },
    {
      "type": "Feature",
      "properties": {
        "@id": "way/395450573",
        "addr:city": "High Peak",
        "addr:country": "GB",
        "addr:postcode": "SK23 9UH",
        "addr:street": "Manchester Road",
        "addr:suburb": "Chapel-en-le-Frith",
        "amenity": "pub",
        "building": "yes",
        "fhrs:id": "1259147",
        "name": "Hanging Gate",
        "phone": "+44 1298 812776",
        "ref:GB:uprn": "10010744912",
        "source": "OS_OpenData_StreetView",
        "website": "https://www.hanginggate-chapel.co.uk/",
        "@geometry": "center"
      },
      "geometry": {
        "type": "Point",
        "coordinates": [
          -1.9399136,
          53.3164874
        ]
      },
      "id": "way/395450573"
    },
    {
      "type": "Feature",
      "properties": {
        "@id": "way/405515573",
        "addr:city": "High Peak",
        "addr:country": "GB",
        "addr:postcode": "SK23 7QU",
        "addr:street": "Macclesfield Road",
        "addr:suburb": "Kettleshume",
        "amenity": "pub",
        "building": "yes",
        "fhrs:id": "896096",
        "name": "The Swan Inn",
        "ref:GB:uprn": "100012364015",
        "source": "Bing",
        "source:addr": "FHRS Open Data",
        "@geometry": "center"
      },
      "geometry": {
        "type": "Point",
        "coordinates": [
          -2.0179786,
          53.3153603
        ]
      },
      "id": "way/405515573"
    },
    {
      "type": "Feature",
      "properties": {
        "@id": "node/409697298",
        "addr:city": "Buxton",
        "addr:postcode": "SK17 6BS",
        "addr:street": "Bridge Street",
        "amenity": "pub",
        "brewery": "yes",
        "fhrs:id": "1258748",
        "name": "The Railway",
        "opening_hours": "Su-Th 11:30-22:00; Fr,Sa 11:30-22:30",
        "operator": "Joseph Holt's Brewery",
        "phone": "+44 1298 71858",
        "real_ale": "yes",
        "smoking": "outside",
        "toilets": "yes",
        "toilets:wheelchair": "yes",
        "website": "https://www.joseph-holt.com/pubs/railway-buxton",
        "wheelchair": "yes",
        "wikidata": "Q10540942",
        "wikipedia": "en:Joseph Holt's Brewery"
      },
      "geometry": {
        "type": "Point",
        "coordinates": [
          -1.9077453,
          53.2597694
        ]
      },
      "id": "node/409697298"
    },
    {
      "type": "Feature",
      "properties": {
        "@id": "node/410871346",
        "addr:city": "Buxton",
        "addr:postcode": "SK17 0AL",
        "addr:street": "Market Place",
        "addr:village": "Hartington",
        "amenity": "pub",
        "fhrs:id": "1626229",
        "name": "Devonshire Arms",
        "wikidata": "Q26619534"
      },
      "geometry": {
        "type": "Point",
        "coordinates": [
          -1.8096755,
          53.1405233
        ]
      },
      "id": "node/410871346"
    },
    {
      "type": "Feature",
      "properties": {
        "@id": "node/411797134",
        "addr:city": "Buxton",
        "addr:postcode": "SK17 9AS",
        "addr:street": "Burlington Road",
        "amenity": "pub",
        "description": "Part of the Buckingham Hotel",
        "name": "Ramsay's Bar",
        "operator": "Free House",
        "real_ale": "yes"
      },
      "geometry": {
        "type": "Point",
        "coordinates": [
          -1.9217169,
          53.2575431
        ]
      },
      "id": "node/411797134"
    },
    {
      "type": "Feature",
      "properties": {
        "@id": "way/412524351",
        "addr:city": "Matlock",
        "addr:postcode": "DE4 2DS",
        "addr:street": "East Bank",
        "addr:village": "Winster",
        "amenity": "pub",
        "building": "yes",
        "fhrs:id": "1626960",
        "food": "yes",
        "name": "Old Bowling Green",
        "phone": "+44 1629 650219",
        "real_ale": "Peak Ales,Farmers",
        "website": "https://www.peakparkpub.co.uk/",
        "wikidata": "Q26619832",
        "@geometry": "center"
      },
      "geometry": {
        "type": "Point",
        "coordinates": [
          -1.6400235,
          53.1413168
        ]
      },
      "id": "way/412524351"
    },
    {
      "type": "Feature",
      "properties": {
        "@id": "way/412714423",
        "amenity": "pub",
        "building": "yes",
        "name": "Old Shoulder of Mutton",
        "@geometry": "center"
      },
      "geometry": {
        "type": "Point",
        "coordinates": [
          -1.6427731,
          53.1411514
        ]
      },
      "id": "way/412714423"
    },
    {
      "type": "Feature",
      "properties": {
        "@id": "node/414090489",
        "accommodation": "yes",
        "addr:city": "Bakewell",
        "addr:postcode": "DE45 1JH",
        "addr:street": "The Square",
        "addr:village": "Monyash",
        "amenity": "pub",
        "contact:facebook": "https://www.facebook.com/thebullsheadmonyash",
        "floor:material": "tiles",
        "food": "yes",
        "internet_access": "wlan",
        "internet_access:fee": "no",
        "name": "The Bulls Head",
        "real_ale": "Black Sheep, Peak ales, Hobgoblin, +1, may vary",
        "toilets": "yes",
        "toilets:wheelchair": "yes",
        "website": "http://www.thebullsheadmonyash.co.uk/",
        "wheelchair": "limited"
      },
      "geometry": {
        "type": "Point",
        "coordinates": [
          -1.7765456,
          53.1959828
        ]
      },
      "id": "node/414090489"
    },
    {
      "type": "Feature",
      "properties": {
        "@id": "node/414097698",
        "addr:city": "Bakewell",
        "addr:postcode": "DE45 1DS",
        "addr:street": "Bridge Street",
        "amenity": "pub",
        "brand": "Marston's",
        "brand:wikidata": "Q6773982",
        "check_date": "2023-08-17",
        "contact:facebook": "https://www.facebook.com/bakewell",
        "contact:instagram": "https://www.instagram.com/wheatsheafbakewell",
        "fhrs:id": "1626397",
        "indoor_seating": "yes",
        "internet_access": "wlan",
        "internet_access:fee": "customers",
        "name": "The Wheatsheaf",
        "outdoor_seating": "yes",
        "payment:mastercard": "yes",
        "payment:visa": "yes",
        "website": "https://www.wheatsheaf-bakewell.co.uk/"
      },
      "geometry": {
        "type": "Point",
        "coordinates": [
          -1.6742164,
          53.2139209
        ]
      },
      "id": "node/414097698"
    },
    {
      "type": "Feature",
      "properties": {
        "@id": "node/414097699",
        "addr:city": "Bakewell",
        "addr:postcode": "DE45 1DS",
        "addr:street": "Market Street",
        "amenity": "pub",
        "fhrs:id": "1626355",
        "name": "The Peacock",
        "website": "http://www.peacockbakewell.com/",
        "wikidata": "Q26539587"
      },
      "geometry": {
        "type": "Point",
        "coordinates": [
          -1.6732943,
          53.2136672
        ]
      },
      "id": "node/414097699"
    },
    {
      "type": "Feature",
      "properties": {
        "@id": "node/414097700",
        "addr:city": "Bakewell",
        "addr:postcode": "DE45 1DS",
        "addr:street": "Bridge Street",
        "amenity": "pub",
        "brand": "Marston's",
        "brand:wikidata": "Q6773982",
        "check_date:opening_hours": "2023-08-14",
        "fhrs:id": "1626512",
        "name": "The Queens Arms",
        "opening_hours:signed": "no",
        "operator": "Marston's",
        "real_ale": "4 from Marston's",
        "wikidata": "Q26441005"
      },
      "geometry": {
        "type": "Point",
        "coordinates": [
          -1.673778,
          53.2139063
        ]
      },
      "id": "node/414097700"
    },
    {
      "type": "Feature",
      "properties": {
        "@id": "node/414097703",
        "addr:city": "Bakewell",
        "addr:postcode": "DE45 1BT",
        "addr:street": "Rutland Square",
        "amenity": "pub",
        "check_date:opening_hours": "2023-08-14",
        "fhrs:id": "1669444",
        "indoor_seating": "yes",
        "name": "The Red Lion",
        "note": "reverted as moved along with another pub which was moved in error.",
        "opening_hours:signed": "no",
        "outdoor_seating": "yes"
      },
      "geometry": {
        "type": "Point",
        "coordinates": [
          -1.6750055,
          53.2132022
        ]
      },
      "id": "node/414097703"
    },
    {
      "type": "Feature",
      "properties": {
        "@id": "node/414215474",
        "amenity": "pub",
        "name": "The Wheatsheaf"
      },
      "geometry": {
        "type": "Point",
        "coordinates": [
          -1.8878526,
          53.2984827
        ]
      },
      "id": "node/414215474"
    },
    {
      "type": "Feature",
      "properties": {
        "@id": "node/415794548",
        "addr:city": "Bakewell",
        "addr:postcode": "DE45 1DU",
        "addr:street": "Castle Street",
        "amenity": "pub",
        "brand": "Greene King",
        "brand:wikidata": "Q5564162",
        "fhrs:id": "1626127",
        "indoor_seating": "yes",
        "name": "The Castle Inn",
        "outdoor_seating": "yes",
        "website": "https://www.greeneking.co.uk/pubs/derbyshire/castle",
        "wikidata": "Q26441004"
      },
      "geometry": {
        "type": "Point",
        "coordinates": [
          -1.673659,
          53.2143675
        ]
      },
      "id": "node/415794548"
    },
    {
      "type": "Feature",
      "properties": {
        "@id": "node/416004365",
        "addr:city": "Hope Valley",
        "addr:postcode": "S32 5QR",
        "addr:street": "Main Road",
        "addr:suburb": "Foolow",
        "amenity": "pub",
        "fhrs:id": "1626948",
        "fixme": "Main Road might be a description",
        "name": "The Bulls Head Inn",
        "real_ale": "yes, 3-4",
        "source:postcode": "FHRS Open Data",
        "website": "https://www.thebullsheadfoolow.co.uk/"
      },
      "geometry": {
        "type": "Point",
        "coordinates": [
          -1.7141982,
          53.2878555
        ]
      },
      "id": "node/416004365"
    },
    {
      "type": "Feature",
      "properties": {
        "@id": "way/422229672",
        "addr:city": "High Peak",
        "addr:country": "GB",
        "addr:housenumber": "14",
        "addr:postcode": "SK22 2JE",
        "addr:street": "Church Street",
        "addr:suburb": "Hayfield",
        "amenity": "pub",
        "building": "hotel",
        "building:levels": "2",
        "fhrs:id": "1259100",
        "food": "yes",
        "name": "George Hotel",
        "outdoor_seating": "yes",
        "phone": "+44 1663 743691",
        "real_ale": "yes",
        "ref:GB:uprn": "10010725689",
        "rooms": "9",
        "source:addr": "FHRS Open Data",
        "website": "https://www.thegeorgehotelhayfield.co.uk/",
        "@geometry": "center"
      },
      "geometry": {
        "type": "Point",
        "coordinates": [
          -1.9456308,
          53.3788486
        ]
      },
      "id": "way/422229672"
    },
    {
      "type": "Feature",
      "properties": {
        "@id": "node/422649680",
        "addr:city": "Matlock",
        "addr:postcode": "DE4 2LW",
        "addr:street": "Main Road",
        "addr:village": "Stanton-in-Peak",
        "amenity": "pub",
        "dog": "yes",
        "fhrs:id": "1834492",
        "lunch": "We-Su 12:00-14:00",
        "name": "Flying Childers",
        "opening_hours": "Mo-Tu 19:00-23:00; We-Fr 12:00-14:00, 19:00-23:00; Sa-Su 12:00-15:00, 19:00-23:00",
        "outdoor_seating": "yes",
        "real_ale": "yes",
        "website": "https://flyingchilders.com",
        "wikidata": "Q26619629"
      },
      "geometry": {
        "type": "Point",
        "coordinates": [
          -1.6416433,
          53.1753378
        ]
      },
      "id": "node/422649680"
    },
    {
      "type": "Feature",
      "properties": {
        "@id": "way/429879131",
        "addr:city": "Hope Valley",
        "addr:postcode": "S33 9HG",
        "addr:street": "Hope Road",
        "addr:suburb": "Brough-on-Noe",
        "amenity": "pub",
        "building": "yes",
        "check_date": "2026-03-08",
        "fhrs:id": "1259108",
        "indoor_seating": "yes",
        "name": "Travellers Rest",
        "outdoor_seating": "yes",
        "phone": "+44 1433620363",
        "source:addr": "FHRS Open Data",
        "website": "https://travellers-rest.net/",
        "@geometry": "center"
      },
      "geometry": {
        "type": "Point",
        "coordinates": [
          -1.7243535,
          53.3417149
        ]
      },
      "id": "way/429879131"
    },
    {
      "type": "Feature",
      "properties": {
        "@id": "way/433141733",
        "addr:postcode": "SK11 0AR",
        "amenity": "pub",
        "building": "yes",
        "fhrs:id": "891516",
        "name": "The Stanley Arms",
        "website": "https://www.stanleyarms.com/",
        "@geometry": "center"
      },
      "geometry": {
        "type": "Point",
        "coordinates": [
          -2.0306362,
          53.2487068
        ]
      },
      "id": "way/433141733"
    },
    {
      "type": "Feature",
      "properties": {
        "@id": "node/435124797",
        "addr:postcode": "SK17 0JN",
        "addr:street": "Leek Road",
        "amenity": "pub",
        "car_park": "yes",
        "contact:facebook": "https://www.facebook.com/thegreyhoundinnwarslow",
        "description:floor": "tiles",
        "fhrs:id": "1259582",
        "food": "yes",
        "name": "Greyhound Inn",
        "tourism": "guest_house",
        "url": "https://thegreyhoundinnwarslow.co.uk/"
      },
      "geometry": {
        "type": "Point",
        "coordinates": [
          -1.8733096,
          53.126263
        ]
      },
      "id": "node/435124797"
    },
    {
      "type": "Feature",
      "properties": {
        "@id": "node/440696829",
        "amenity": "pub",
        "name": "Manifold Inn"
      },
      "geometry": {
        "type": "Point",
        "coordinates": [
          -1.8423168,
          53.1303789
        ]
      },
      "id": "node/440696829"
    },
    {
      "type": "Feature",
      "properties": {
        "@id": "way/441400860",
        "amenity": "pub",
        "building": "retail",
        "name": "The Palatine",
        "noaddress": "yes",
        "opening_hours": "Mo-Th 14:00-24:00, Fr 13:00-24:00, Sa,Su 12:00-24:00",
        "@geometry": "center"
      },
      "geometry": {
        "type": "Point",
        "coordinates": [
          -1.9660722,
          53.461655
        ]
      },
      "id": "way/441400860"
    },
    {
      "type": "Feature",
      "properties": {
        "@id": "node/460020604",
        "addr:city": "Buxton",
        "addr:postcode": "SK17 0NS",
        "addr:street": "High Street",
        "addr:village": "Longnor",
        "amenity": "pub",
        "fhrs:id": "1676349",
        "name": "Ye Olde Cheshire Cheese",
        "source": "survey",
        "source:addr": "FHRS Open Data",
        "toilets": "yes",
        "toilets:wheelchair": "yes",
        "wheelchair": "limited"
      },
      "geometry": {
        "type": "Point",
        "coordinates": [
          -1.8675511,
          53.1811993
        ]
      },
      "id": "node/460020604"
    },
    {
      "type": "Feature",
      "properties": {
        "@id": "way/464776420",
        "HE_ref": "1088136",
        "amenity": "pub",
        "building": "yes",
        "listed_status": "Grade II",
        "name": "The Fox",
        "wikidata": "Q26380521",
        "@geometry": "center"
      },
      "geometry": {
        "type": "Point",
        "coordinates": [
          -2.0230986,
          53.3745327
        ]
      },
      "id": "way/464776420"
    },
    {
      "type": "Feature",
      "properties": {
        "@id": "way/467632637",
        "addr:city": "High Peak",
        "addr:country": "GB",
        "addr:housenumber": "23",
        "addr:postcode": "SK23 6BE",
        "addr:street": "Lower Lane",
        "addr:suburb": "Chinley",
        "amenity": "pub",
        "building": "yes",
        "departures_board": "realtime",
        "fhrs:id": "1259085",
        "name": "Chinley Bar & Lounge",
        "opening_hours": "Mo,Tu 17:00-22:00; We,Th 16:00-23:00; Fr 14:00-23:30; Sa 12:00-23:30; Su 12:00-23:00",
        "source": "os_opendata_streetview",
        "source:addr": "FHRS Open Data",
        "@geometry": "center"
      },
      "geometry": {
        "type": "Point",
        "coordinates": [
          -1.9431173,
          53.3390803
        ]
      },
      "id": "way/467632637"
    },
    {
      "type": "Feature",
      "properties": {
        "@id": "node/473037154",
        "addr:city": "Bakewell",
        "addr:postcode": "DE45 1TZ",
        "addr:street": "Main Street",
        "addr:village": "Great Longstone",
        "amenity": "pub",
        "fhrs:id": "1626304",
        "name": "Crispin",
        "wikidata": "Q26597976"
      },
      "geometry": {
        "type": "Point",
        "coordinates": [
          -1.7040155,
          53.2430476
        ]
      },
      "id": "node/473037154"
    },
    {
      "type": "Feature",
      "properties": {
        "@id": "node/477979422",
        "addr:postcode": "ST13 7SP",
        "addr:street": "Church Lane",
        "amenity": "pub",
        "check_date": "2025-04-19",
        "fhrs:id": "1259618",
        "name": "The Black Lion Inn",
        "source:addr": "FHRS Open Data"
      },
      "geometry": {
        "type": "Point",
        "coordinates": [
          -1.8889233,
          53.1061129
        ]
      },
      "id": "node/477979422"
    },
    {
      "type": "Feature",
      "properties": {
        "@id": "node/489340295",
        "addr:city": "Hope Valley",
        "addr:postcode": "S33 8WJ",
        "addr:street": "How Lane",
        "addr:suburb": "Castleton",
        "alt_name": "Peak Hotel",
        "amenity": "pub",
        "fhrs:id": "1260420",
        "name": "The Peaks Hotel",
        "rooms": "4",
        "source:addr": "FHRS Open Data"
      },
      "geometry": {
        "type": "Point",
        "coordinates": [
          -1.7737958,
          53.3438652
        ]
      },
      "id": "node/489340295"
    },
    {
      "type": "Feature",
      "properties": {
        "@id": "node/502446982",
        "addr:city": "Buxton",
        "addr:postcode": "SK17 9SL",
        "addr:street": "Main Street",
        "addr:village": "Chelmorton",
        "amenity": "pub",
        "check_date:opening_hours": "2025-04-25",
        "ele": "364",
        "fhrs:id": "1626839",
        "name": "The Church Inn",
        "opening_hours:signed": "no"
      },
      "geometry": {
        "type": "Point",
        "coordinates": [
          -1.8292254,
          53.2293961
        ]
      },
      "id": "node/502446982"
    },
    {
      "type": "Feature",
      "properties": {
        "@id": "node/509340306",
        "addr:city": "Buxton",
        "addr:postcode": "SK17 8LD",
        "addr:street": "High Street",
        "addr:village": "Tideswell",
        "amenity": "pub",
        "ele": "285.88",
        "fhrs:id": "1626195",
        "name": "The Star Inn"
      },
      "geometry": {
        "type": "Point",
        "coordinates": [
          -1.7736428,
          53.2790266
        ]
      },
      "id": "node/509340306"
    },
    {
      "type": "Feature",
      "properties": {
        "@id": "node/528339161",
        "amenity": "pub",
        "ele": "305",
        "food": "yes",
        "name": "The Queen Anne",
        "parking": "yes",
        "real_ale": "Tetley Bitter, Clarks Classic Blonde",
        "toilets:wheelchair": "no",
        "wheelchair": "limited"
      },
      "geometry": {
        "type": "Point",
        "coordinates": [
          -1.7362846,
          53.297934
        ]
      },
      "id": "node/528339161"
    },
    {
      "type": "Feature",
      "properties": {
        "@id": "way/533703482",
        "addr:city": "Hope Valley",
        "addr:postcode": "S33 9HJ",
        "addr:street": "Church Street",
        "addr:suburb": "Bradwell",
        "amenity": "pub",
        "building": "yes",
        "contact:facebook": "https://www.facebook.com/shoulderbradwell/",
        "fhrs:id": "1626265",
        "name": "The Shoulder of Mutton",
        "tourism": "guest_house",
        "@geometry": "center"
      },
      "geometry": {
        "type": "Point",
        "coordinates": [
          -1.7397375,
          53.3260727
        ]
      },
      "id": "way/533703482"
    },
    {
      "type": "Feature",
      "properties": {
        "@id": "way/548949723",
        "amenity": "pub",
        "building": "pub",
        "name": "Rock Tavern",
        "source": "Bing",
        "@geometry": "center"
      },
      "geometry": {
        "type": "Point",
        "coordinates": [
          -2.0030245,
          53.3637576
        ]
      },
      "id": "way/548949723"
    },
    {
      "type": "Feature",
      "properties": {
        "@id": "way/549290082",
        "addr:city": "High Peak",
        "addr:country": "GB",
        "addr:postcode": "SK23 7QS",
        "addr:street": "Station Road",
        "addr:suburb": "Furness Vale",
        "amenity": "pub",
        "building": "pub",
        "fhrs:id": "1258866",
        "name": "The Crossings",
        "source": "Bing",
        "source:addr": "FHRS Open Data",
        "@geometry": "center"
      },
      "geometry": {
        "type": "Point",
        "coordinates": [
          -1.9891371,
          53.3486741
        ]
      },
      "id": "way/549290082"
    },
    {
      "type": "Feature",
      "properties": {
        "@id": "way/549873558",
        "amenity": "pub",
        "indoor_seating": "yes",
        "landuse": "retail",
        "name": "Drum and Monkey",
        "old_name": "Board Inn",
        "operator": "Freehouse",
        "outdoor_seating": "yes",
        "real_ale": "yes",
        "source": "Bing",
        "@geometry": "center"
      },
      "geometry": {
        "type": "Point",
        "coordinates": [
          -1.9795652,
          53.3211866
        ]
      },
      "id": "way/549873558"
    },
    {
      "type": "Feature",
      "properties": {
        "@id": "way/561610087",
        "addr:city": "Bakewell",
        "addr:postcode": "DE45 1PX",
        "addr:street": "Crowhill Lane",
        "amenity": "pub",
        "building": "yes",
        "fhrs:id": "1626360",
        "name": "Greenhills Caravan Park (Shop & Club)",
        "@geometry": "center"
      },
      "geometry": {
        "type": "Point",
        "coordinates": [
          -1.700065,
          53.2202134
        ]
      },
      "id": "way/561610087"
    },
    {
      "type": "Feature",
      "properties": {
        "@id": "way/567717861",
        "addr:city": "Buxton",
        "addr:housenumber": "2",
        "addr:postcode": "SK17 9JD",
        "addr:street": "Burlow Road",
        "amenity": "pub",
        "building": "yes",
        "check_date": "2025-08-23",
        "fhrs:id": "1258897",
        "name": "Parks Inn",
        "@geometry": "center"
      },
      "geometry": {
        "type": "Point",
        "coordinates": [
          -1.9066045,
          53.2370487
        ]
      },
      "id": "way/567717861"
    },
    {
      "type": "Feature",
      "properties": {
        "@id": "way/589328380",
        "addr:postcode": "SK13 1BY",
        "addr:street": "Bankbottom",
        "amenity": "pub",
        "biergarten": "yes",
        "food": "yes",
        "name": "The New Lamp",
        "opening_hours": "Mo-Th 17:00-23:00; Fr-Sun 12:00-23:00",
        "smoking": "outside",
        "@geometry": "center"
      },
      "geometry": {
        "type": "Point",
        "coordinates": [
          -1.9711289,
          53.4646561
        ]
      },
      "id": "way/589328380"
    },
    {
      "type": "Feature",
      "properties": {
        "@id": "node/603086213",
        "addr:city": "Buxton",
        "addr:housenumber": "63",
        "addr:postcode": "SK17 6BJ",
        "addr:street": "Spring Gardens",
        "amenity": "pub",
        "contact:instagram": "https://www.instagram.com/miltons_tap/",
        "email": "manager@miltonstap.com",
        "fhrs:id": "1265183",
        "name": "Milton's Head",
        "official_name": "Miltons Tap",
        "old_fhrs:id": "1259171",
        "operator": "Punch Taverns",
        "phone": "+44 1298 24733",
        "real_ale": "yes",
        "website": "https://www.miltonstap.com/",
        "wheelchair": "no",
        "wikidata": "Q130544359"
      },
      "geometry": {
        "type": "Point",
        "coordinates": [
          -1.9104273,
          53.2594019
        ]
      },
      "id": "node/603086213"
    },
    {
      "type": "Feature",
      "properties": {
        "@id": "way/615646209",
        "amenity": "pub",
        "building": "yes",
        "building:levels": "2",
        "name": "Samuel Fox Country Inn",
        "outdoor_seating": "yes",
        "roof:levels": "1",
        "roof:shape": "gabled",
        "@geometry": "center"
      },
      "geometry": {
        "type": "Point",
        "coordinates": [
          -1.7392849,
          53.3333817
        ]
      },
      "id": "way/615646209"
    },
    {
      "type": "Feature",
      "properties": {
        "@id": "node/618436558",
        "accommodation": "yes",
        "addr:city": "Hope Valley",
        "addr:postcode": "S33 9JQ",
        "addr:street": "Small Dale",
        "addr:village": "Bradwell",
        "amenity": "pub",
        "fhrs:id": "1892363",
        "food": "yes",
        "name": "Ye Old Bowling Green Inn",
        "outdoor_seating": "yes",
        "website": "https://www.great-british-pubs.co.uk/locations/east-and-west-midlands/derbyshire/hope-valley/ye-olde-bowling-green-bradwell"
      },
      "geometry": {
        "type": "Point",
        "coordinates": [
          -1.7456361,
          53.3307451
        ]
      },
      "id": "node/618436558"
    },
    {
      "type": "Feature",
      "properties": {
        "@id": "node/618438484",
        "addr:city": "Buxton",
        "addr:postcode": "SK17 8RB",
        "addr:street": "Washhouse Bottom",
        "addr:village": "Tideswell",
        "amenity": "pub",
        "fhrs:id": "1626345",
        "name": "Anchor Inn",
        "source:addr": "FHRS Open Data",
        "website": "https://www.theanchortideswell.co.uk/",
        "wheelchair": "yes"
      },
      "geometry": {
        "type": "Point",
        "coordinates": [
          -1.7618188,
          53.2836114
        ]
      },
      "id": "node/618438484"
    },
    {
      "type": "Feature",
      "properties": {
        "@id": "node/618698593",
        "addr:city": "Buxton",
        "addr:housenumber": "1",
        "addr:postcode": "SK17 7EN",
        "addr:street": "Town End",
        "alt_name": "19th Hole",
        "amenity": "pub",
        "brand": "Marston's",
        "brand:wikidata": "Q6773982",
        "fhrs:id": "1848933",
        "name": "Nineteenth Hole",
        "operator": "Marston's",
        "real_ale": "yes",
        "toilets:wheelchair": "no",
        "website": "https://www.nineteenthholefairfield.co.uk/",
        "wheelchair": "no"
      },
      "geometry": {
        "type": "Point",
        "coordinates": [
          -1.8964932,
          53.2641054
        ]
      },
      "id": "node/618698593"
    },
    {
      "type": "Feature",
      "properties": {
        "@id": "node/618703517",
        "addr:city": "Buxton",
        "addr:housename": "Old Court House",
        "addr:postcode": "SK17 6AY",
        "addr:street": "George Street",
        "addr:unit": "11-16",
        "alt_name": "53 Degrees @ Buxton Brewery Tap House",
        "amenity": "pub",
        "fhrs:id": "1669062",
        "food": "yes",
        "name": "Buxton Tap House",
        "old_name": "Project X",
        "operator": "Buxton Brewery Company Limited",
        "real_ale": "yes",
        "wheelchair": "yes"
      },
      "geometry": {
        "type": "Point",
        "coordinates": [
          -1.9152782,
          53.2590704
        ]
      },
      "id": "node/618703517"
    },
    {
      "type": "Feature",
      "properties": {
        "@id": "node/618711673",
        "addr:city": "Buxton",
        "addr:housenumber": "103",
        "addr:postcode": "SK17 9NT",
        "addr:street": "London Road",
        "amenity": "pub",
        "brand": "Marston's",
        "brand:wikidata": "Q6773982",
        "contact:facebook": "https://www.facebook.com/people/The-Blazing-Rag/100057512916814/",
        "fhrs:id": "1903724",
        "name": "Blazing Rag",
        "operator": "Marston's",
        "real_ale": "yes",
        "toilets:wheelchair": "no",
        "wheelchair": "no"
      },
      "geometry": {
        "type": "Point",
        "coordinates": [
          -1.91123,
          53.2512206
        ]
      },
      "id": "node/618711673"
    },
    {
      "type": "Feature",
      "properties": {
        "@id": "node/627838232",
        "amenity": "pub",
        "name": "Printer's Arms",
        "opening_hours": "Tu-Th 17:00-21:00; Fr,Sa 16:00-22:00; Su 16:00-21:00; Mo off"
      },
      "geometry": {
        "type": "Point",
        "coordinates": [
          -1.985323,
          53.3791529
        ]
      },
      "id": "node/627838232"
    },
    {
      "type": "Feature",
      "properties": {
        "@id": "way/664355323",
        "addr:postcode": "SK13 5EZ",
        "addr:street": "Glossop Road",
        "amenity": "pub",
        "building": "yes",
        "fhrs:id": "1258931",
        "name": "George and Dragon",
        "source:addr": "FHRS Open Data",
        "@geometry": "center"
      },
      "geometry": {
        "type": "Point",
        "coordinates": [
          -1.9933952,
          53.4329663
        ]
      },
      "id": "way/664355323"
    },
    {
      "type": "Feature",
      "properties": {
        "@id": "way/666116923",
        "HE_ref": "1207356",
        "addr:city": "High Peak",
        "addr:country": "GB",
        "addr:housenumber": "10",
        "addr:postcode": "SK22 2JG",
        "addr:street": "New Mills Road",
        "addr:suburb": "Hayfield",
        "amenity": "pub",
        "building": "house",
        "fhrs:id": "1259101",
        "listed_status": "Grade II",
        "name": "Kinder Lodge",
        "operator": "free house",
        "outdoor_seating": "yes",
        "ref:GB:uprn": "10010730663",
        "rooms": "6",
        "tourism": "hotel",
        "website": "https://www.kinder-lodge.co.uk/",
        "wikidata": "Q26502509",
        "@geometry": "center"
      },
      "geometry": {
        "type": "Point",
        "coordinates": [
          -1.9465245,
          53.3784429
        ]
      },
      "id": "way/666116923"
    },
    {
      "type": "Feature",
      "properties": {
        "@id": "way/666136960",
        "HE_ref": "1088121",
        "amenity": "pub",
        "building": "house",
        "listed_status": "Grade II",
        "name": "Hare And Hounds",
        "operator": "Robinsons Brewery",
        "website": "https://www.robinsonsbrewery.com/harehoundsnewmills",
        "wikidata": "Q26380505",
        "@geometry": "center"
      },
      "geometry": {
        "type": "Point",
        "coordinates": [
          -1.9885972,
          53.3672327
        ]
      },
      "id": "way/666136960"
    },
    {
      "type": "Feature",
      "properties": {
        "@id": "way/668507674",
        "amenity": "pub",
        "building": "yes",
        "facebook": "https://www.facebook.com/masonsarmsnewmills/",
        "name": "Masons Arms",
        "outdoor_seating": "yes",
        "smoking": "outside",
        "@geometry": "center"
      },
      "geometry": {
        "type": "Point",
        "coordinates": [
          -2.0002468,
          53.3688195
        ]
      },
      "id": "way/668507674"
    },
    {
      "type": "Feature",
      "properties": {
        "@id": "way/670306544",
        "addr:city": "High Peak",
        "addr:country": "GB",
        "addr:postcode": "SK22 1EB",
        "addr:street": "Hollinsmoor Road",
        "addr:suburb": "Rowarth",
        "amenity": "pub",
        "building": "yes",
        "fhrs:id": "1258919",
        "name": "The Little Mill Inn",
        "outdoor_seating": "yes",
        "payment:credit_cards": "yes",
        "ref:GB:uprn": "10010750922",
        "source:addr": "FHRS Open Data",
        "wikidata": "Q26619411",
        "@geometry": "center"
      },
      "geometry": {
        "type": "Point",
        "coordinates": [
          -1.9855058,
          53.397558
        ]
      },
      "id": "way/670306544"
    },
    {
      "type": "Feature",
      "properties": {
        "@id": "node/671845894",
        "addr:city": "Hope Valley",
        "addr:postcode": "S33 8WH",
        "addr:street": "Cross Street",
        "addr:suburb": "Castleton",
        "amenity": "pub",
        "fhrs:id": "1259150",
        "name": "Ye Olde Nag's Head Hotel",
        "source:addr": "FHRS Open Data"
      },
      "geometry": {
        "type": "Point",
        "coordinates": [
          -1.7754817,
          53.3430352
        ]
      },
      "id": "node/671845894"
    },
    {
      "type": "Feature",
      "properties": {
        "@id": "node/684459149",
        "addr:postcode": "SK17 0LL",
        "addr:street": "Moor Road",
        "amenity": "pub",
        "fhrs:id": "1259792",
        "food": "yes",
        "name": "Ye Olde Butchers Arms",
        "parking": "yes",
        "real_ale": "House beer (rebranded Tiger), 1 guest",
        "real_fire": "yes",
        "source:addr": "FHRS Open Data"
      },
      "geometry": {
        "type": "Point",
        "coordinates": [
          -1.8803854,
          53.1508043
        ]
      },
      "id": "node/684459149"
    },
    {
      "type": "Feature",
      "properties": {
        "@id": "node/756685374",
        "addr:city": "Ashbourne",
        "addr:county": "Derbyshire",
        "addr:postcode": "DE6 1LB",
        "addr:street": "Ashbourne Road",
        "addr:village": "Fenny Bentley",
        "amenity": "pub",
        "description:floor": "stone",
        "ele": "133.7480469",
        "fhrs:id": "1626926",
        "food": "yes",
        "name": "Coach and Horses",
        "real_ale": "Pedigree, Abbeydale Moonshine (varies)",
        "source:addr": "FHRS Open Data"
      },
      "geometry": {
        "type": "Point",
        "coordinates": [
          -1.7393275,
          53.0473325
        ]
      },
      "id": "node/756685374"
    },
    {
      "type": "Feature",
      "properties": {
        "@id": "node/760115069",
        "amenity": "pub",
        "ele": "279.8673096",
        "food": "yes",
        "name": "Jervis Arms",
        "real_ale": "6x, Titanic Iceberg +4 others (varies)"
      },
      "geometry": {
        "type": "Point",
        "coordinates": [
          -1.9265793,
          53.0939874
        ]
      },
      "id": "node/760115069"
    },
    {
      "type": "Feature",
      "properties": {
        "@id": "node/763653872",
        "amenity": "pub",
        "description:floor": "tiles",
        "ele": "211",
        "name": "The Lazy Trout",
        "operator": "Freehouse",
        "outdoor_seating": "yes",
        "parking": "yes",
        "real_ale": "2 from marstons 2 local"
      },
      "geometry": {
        "type": "Point",
        "coordinates": [
          -2.0161318,
          53.1440233
        ]
      },
      "id": "node/763653872"
    },
    {
      "type": "Feature",
      "properties": {
        "@id": "node/763654463",
        "amenity": "pub",
        "ele": "254.1523438",
        "name": "Three Horseshoes Inn"
      },
      "geometry": {
        "type": "Point",
        "coordinates": [
          -1.9881887,
          53.1359121
        ]
      },
      "id": "node/763654463"
    },
    {
      "type": "Feature",
      "properties": {
        "@id": "node/848397869",
        "amenity": "pub",
        "description:floor": "stone",
        "ele": "466",
        "food": "yes",
        "internet_access": "wlan",
        "name": "The Knights' Table",
        "old_name": "Travellers Rest",
        "opening_hours": "Tu-Su 12:00-23:00",
        "operator": "Freehouse",
        "outdoor_seating": "yes",
        "parking": "yes",
        "real_ale": "1 from Leatherbritches, 1 from Black Sheep (may vary)",
        "source:food": "customer"
      },
      "geometry": {
        "type": "Point",
        "coordinates": [
          -1.9532549,
          53.2075626
        ]
      },
      "id": "node/848397869"
    },
    {
      "type": "Feature",
      "properties": {
        "@id": "node/849741647",
        "amenity": "pub",
        "name": "The George Hotel"
      },
      "geometry": {
        "type": "Point",
        "coordinates": [
          -1.948306,
          53.444348
        ]
      },
      "id": "node/849741647"
    },
    {
      "type": "Feature",
      "properties": {
        "@id": "node/864022838",
        "amenity": "pub",
        "car_park": "yes",
        "description:floor": "stone",
        "name": "The New Inn",
        "operator": "Freehouse",
        "real_ale": "Storm Bosley Cloud (probably a varying guest)"
      },
      "geometry": {
        "type": "Point",
        "coordinates": [
          -1.9637269,
          53.2017452
        ]
      },
      "id": "node/864022838"
    },
    {
      "type": "Feature",
      "properties": {
        "@id": "node/898247765",
        "amenity": "pub",
        "ele": "187.5814209",
        "name": "White Hart",
        "note:real_ale": "On all the time?",
        "real_ale": "Greene King IPA, Morland, Abbot",
        "wikidata": "Q26403693"
      },
      "geometry": {
        "type": "Point",
        "coordinates": [
          -1.7420647,
          53.3271574
        ]
      },
      "id": "node/898247765"
    },
    {
      "type": "Feature",
      "properties": {
        "@id": "node/938649801",
        "addr:postcode": "SK17 9UD",
        "addr:street": "Main Street",
        "addr:village": "Taddington",
        "amenity": "pub",
        "car_park": "yes",
        "fhrs:id": "1626138",
        "floor:material": "carpet",
        "food": "yes",
        "internet_access": "wlan",
        "internet_access:fee": "no",
        "name": "Queens Arms",
        "note": "floor is lounge",
        "real_ale": "Barnsley Bitter, 2 from Peak Ales (may vary)",
        "real_fire": "yes",
        "toilets:wheelchair": "no",
        "website": "http://queensarmstaddington.com/",
        "wheelchair": "no"
      },
      "geometry": {
        "type": "Point",
        "coordinates": [
          -1.7840101,
          53.2363172
        ]
      },
      "id": "node/938649801"
    },
    {
      "type": "Feature",
      "properties": {
        "@id": "node/939130344",
        "accommodation": "yes",
        "addr:city": "Bakewell",
        "addr:postcode": "DE45 1EP",
        "addr:street": "Haddon Road",
        "amenity": "pub",
        "brand": "Robinsons",
        "brand:wikidata": "Q7353116",
        "brewery": "Robinsons",
        "contact:facebook": "https://www.facebook.com/TheMannersBakewell",
        "fhrs:id": "1813309",
        "food": "yes",
        "indoor_seating": "yes",
        "name": "The Manners",
        "opening_hours": "Su-Th 12:00-22:00; Fr-Sa 12:00-23:00",
        "operator": "Robinsons",
        "operator:wikidata": "Q7353116",
        "outdoor_seating": "yes",
        "real_ale": "Robinsons",
        "source": "survey",
        "tourism": "guest_house",
        "website": "https://www.robinsonsbrewery.com/pubs/the-manners-bakewell/"
      },
      "geometry": {
        "type": "Point",
        "coordinates": [
          -1.6742838,
          53.2110896
        ]
      },
      "id": "node/939130344"
    },
    {
      "type": "Feature",
      "properties": {
        "@id": "way/1039104154",
        "amenity": "pub",
        "building": "yes",
        "name": "Royal Oak",
        "@geometry": "center"
      },
      "geometry": {
        "type": "Point",
        "coordinates": [
          -1.9276533,
          53.4446487
        ]
      },
      "id": "way/1039104154"
    },
    {
      "type": "Feature",
      "properties": {
        "@id": "way/1047447320",
        "addr:city": "Glossop",
        "addr:housenumber": "2",
        "addr:postcode": "SK13 7DD",
        "addr:street": "Howard Street",
        "amenity": "pub",
        "brewery": "yes",
        "building": "yes",
        "name": "Star Inn",
        "opening_hours": "Mo-Fr 16:00-23:00; Sa 13:00-23:00; Su 13:00-22:30",
        "@geometry": "center"
      },
      "geometry": {
        "type": "Point",
        "coordinates": [
          -1.9485756,
          53.4445867
        ]
      },
      "id": "way/1047447320"
    },
    {
      "type": "Feature",
      "properties": {
        "@id": "way/1064313259",
        "addr:city": "High Peak",
        "addr:country": "GB",
        "addr:postcode": "SK22 4QQ",
        "addr:street": "Mellor Road",
        "addr:suburb": "New Mills",
        "amenity": "pub",
        "building": "yes",
        "internet": "yes",
        "name": "Pack Horse Inn",
        "real_ale": "yes",
        "url": "http://www.packhorseinn.co.uk/",
        "@geometry": "center"
      },
      "geometry": {
        "type": "Point",
        "coordinates": [
          -1.9996465,
          53.3800307
        ]
      },
      "id": "way/1064313259"
    },
    {
      "type": "Feature",
      "properties": {
        "@id": "way/1103969475",
        "addr:city": "Hope Valley",
        "addr:postcode": "S32 1DD",
        "addr:street": "Station Road",
        "amenity": "pub",
        "building": "yes",
        "fhrs:id": "1626404",
        "name": "The Little John Hotel",
        "real_ale": "yes",
        "website": "https://www.littlejohnhotel.co.uk/",
        "@geometry": "center"
      },
      "geometry": {
        "type": "Point",
        "coordinates": [
          -1.6560857,
          53.3295246
        ]
      },
      "id": "way/1103969475"
    },
    {
      "type": "Feature",
      "properties": {
        "@id": "way/1104083776",
        "addr:housenumber": "15",
        "addr:postcode": "SK13 8DA",
        "addr:street": "High Street East",
        "amenity": "pub",
        "brewery": "yes;various",
        "building": "yes",
        "fhrs:id": "1259299",
        "name": "The Howard Arms",
        "smoking": "outside",
        "source": "survey",
        "source:addr": "FHRS Open Data",
        "@geometry": "center"
      },
      "geometry": {
        "type": "Point",
        "coordinates": [
          -1.9479114,
          53.4434688
        ]
      },
      "id": "way/1104083776"
    },
    {
      "type": "Feature",
      "properties": {
        "@id": "way/1110344784",
        "addr:city": "Buxton",
        "addr:housenumber": "2",
        "addr:postcode": "SK17 8BJ",
        "addr:street": "Hallsteads",
        "addr:village": "Dove Holes",
        "amenity": "pub",
        "building": "yes",
        "fhrs:id": "1676398",
        "name": "Queens",
        "@geometry": "center"
      },
      "geometry": {
        "type": "Point",
        "coordinates": [
          -1.8873879,
          53.2984953
        ]
      },
      "id": "way/1110344784"
    },
    {
      "type": "Feature",
      "properties": {
        "@id": "way/1221333235",
        "amenity": "pub",
        "building": "yes",
        "name": "Royal Oak",
        "operator": "Robinsons Brewery",
        "operator:wikidata": "Q7353116",
        "@geometry": "center"
      },
      "geometry": {
        "type": "Point",
        "coordinates": [
          -2.0016046,
          53.3663859
        ]
      },
      "id": "way/1221333235"
    },
    {
      "type": "Feature",
      "properties": {
        "@id": "way/1221333239",
        "addr:city": "High Peak",
        "addr:country": "GB",
        "addr:housenumber": "59",
        "addr:postcode": "SK22 4AA",
        "addr:street": "Market Street",
        "addr:suburb": "New Mills",
        "amenity": "pub",
        "building": "yes",
        "fhrs:id": "1259187",
        "name": "Pride of The Peaks",
        "source:addr": "FHRS Open Data",
        "@geometry": "center"
      },
      "geometry": {
        "type": "Point",
        "coordinates": [
          -2.0016261,
          53.365694
        ]
      },
      "id": "way/1221333239"
    },
    {
      "type": "Feature",
      "properties": {
        "@id": "way/1248670590",
        "addr:postcode": "SK23 7HD",
        "addr:street": "Long Hill",
        "amenity": "pub",
        "building": "yes",
        "fhrs:id": "1258921",
        "name": "The Shady Oak Country Inn",
        "phone": "+441663309214",
        "source:addr": "FHRS Open Data",
        "website": "https://theshadyoakcountryinn.co.uk/",
        "@geometry": "center"
      },
      "geometry": {
        "type": "Point",
        "coordinates": [
          -1.9768169,
          53.3077356
        ]
      },
      "id": "way/1248670590"
    },
    {
      "type": "Feature",
      "properties": {
        "@id": "way/1307790435",
        "addr:city": "Glossop",
        "addr:housenumber": "137",
        "addr:postcode": "SK13 7SH",
        "addr:street": "Manor Park Road",
        "amenity": "pub",
        "building": "yes",
        "name": "The Commercial Inn",
        "opening_hours": "Tu 16:00-12:00, Mo 16:00-12:00, Su 00:00-22:30, We-Sa 00:00-12:00",
        "phone": "+441457852071",
        "website": "https://www.commercialglossop.co.uk/",
        "@geometry": "center"
      },
      "geometry": {
        "type": "Point",
        "coordinates": [
          -1.9393068,
          53.4448719
        ]
      },
      "id": "way/1307790435"
    },
    {
      "type": "Feature",
      "properties": {
        "@id": "way/1311581522",
        "addr:postcode": "SK13 6LS",
        "amenity": "pub",
        "building": "retail",
        "fhrs:id": "1258758",
        "name": "Hare & Hounds",
        "source:addr:postcode": "FHRS Open Data",
        "@geometry": "center"
      },
      "geometry": {
        "type": "Point",
        "coordinates": [
          -1.969911,
          53.4353993
        ]
      },
      "id": "way/1311581522"
    },
    {
      "type": "Feature",
      "properties": {
        "@id": "way/1375078853",
        "addr:city": "Glossop",
        "addr:housenumber": "15",
        "addr:postcode": "SK13 8HT",
        "addr:street": "Victoria Street",
        "amenity": "pub",
        "brewery": "yes;various",
        "building": "yes",
        "fhrs:id": "1388488",
        "name": "The Brook Tavern",
        "outdoor_seating": "yes",
        "smoking": "outside",
        "@geometry": "center"
      },
      "geometry": {
        "type": "Point",
        "coordinates": [
          -1.9495703,
          53.4418912
        ]
      },
      "id": "way/1375078853"
    },
    {
      "type": "Feature",
      "properties": {
        "@id": "way/1395092213",
        "addr:postcode": "SK13 2DT",
        "addr:street": "Green Lane",
        "amenity": "pub",
        "fhrs:id": "1258826",
        "name": "The Chieftain",
        "source:addr": "FHRS Open Data",
        "@geometry": "center"
      },
      "geometry": {
        "type": "Point",
        "coordinates": [
          -1.9783581,
          53.4568197
        ]
      },
      "id": "way/1395092213"
    },
    {
      "type": "Feature",
      "properties": {
        "@id": "node/1440546692",
        "addr:postcode": "SK13 7AA",
        "addr:street": "Bernard Street",
        "amenity": "pub",
        "brewery": "yes",
        "fhrs:id": "1698948",
        "name": "Victoria Lounge",
        "outdoor_seating": "yes",
        "phone": "+44 1457 368424",
        "source:addr": "FHRS Open Data"
      },
      "geometry": {
        "type": "Point",
        "coordinates": [
          -1.9508038,
          53.4438054
        ]
      },
      "id": "node/1440546692"
    },
    {
      "type": "Feature",
      "properties": {
        "@id": "node/1968610414",
        "alt_name": "The Frenny",
        "amenity": "pub",
        "name": "The Friendship"
      },
      "geometry": {
        "type": "Point",
        "coordinates": [
          -1.9531962,
          53.4446583
        ]
      },
      "id": "node/1968610414"
    },
    {
      "type": "Feature",
      "properties": {
        "@id": "node/1969057070",
        "addr:postcode": "SK13 7RS",
        "addr:street": "Wellgate",
        "amenity": "pub",
        "check_date": "2024-02-08",
        "cuisine": "local",
        "fhrs:id": "1258844",
        "internet_access": "wlan",
        "name": "The Wheatsheaf",
        "source:addr": "FHRS Open Data"
      },
      "geometry": {
        "type": "Point",
        "coordinates": [
          -1.9386759,
          53.4508224
        ]
      },
      "id": "node/1969057070"
    },
    {
      "type": "Feature",
      "properties": {
        "@id": "node/1969058884",
        "addr:housenumber": "102",
        "addr:postcode": "SK13 7RN",
        "addr:street": "Church Street",
        "amenity": "pub",
        "check_date": "2024-02-08",
        "fhrs:id": "1258856",
        "name": "The Bull's Head",
        "source:addr": "FHRS Open Data",
        "wikidata": "Q26664050"
      },
      "geometry": {
        "type": "Point",
        "coordinates": [
          -1.9391064,
          53.4506922
        ]
      },
      "id": "node/1969058884"
    },
    {
      "type": "Feature",
      "properties": {
        "@id": "node/2066385385",
        "accommodation": "yes",
        "addr:housenumber": "6-12",
        "addr:postcode": "SK13 1EX",
        "addr:street": "Temple Street",
        "amenity": "pub",
        "check_date": "2024-02-10",
        "fhrs:id": "1259003",
        "food": "yes",
        "name": "Peels Arms",
        "real_ale": "yes",
        "source": "survey",
        "source:addr": "FHRS Open Data"
      },
      "geometry": {
        "type": "Point",
        "coordinates": [
          -1.9557491,
          53.4632205
        ]
      },
      "id": "node/2066385385"
    },
    {
      "type": "Feature",
      "properties": {
        "@id": "node/2324083929",
        "addr:city": "Glossop",
        "addr:county": "Derbyshire",
        "addr:housename": "Howard Town Shopping Park",
        "addr:postcode": "SK13 8HS",
        "addr:street": "Victoria Street",
        "addr:unit": "11",
        "amenity": "pub",
        "brand": "Wetherspoon",
        "brand:wikidata": "Q6109362",
        "brand:wikipedia": "en:Wetherspoons",
        "breakfast": "Mo,Tu,We,Th,Su 07:00-12:00;Fr,Sa 07:00-12:00",
        "brewery": "various",
        "building": "yes",
        "contact:phone": "+44 1457 890070",
        "diet:vegan": "yes",
        "diet:vegetarian": "yes",
        "dog": "no",
        "fhrs:authority": "High Peak",
        "fhrs:confidence_management": "0",
        "fhrs:hygiene": "5",
        "fhrs:id": "1259238",
        "fhrs:local_authority_id": "96455",
        "fhrs:rating": "5",
        "fhrs:rating_date": "2021-10-11T00:00:00",
        "fhrs:structural": "0",
        "food": "yes",
        "internet_access": "wlan",
        "internet_access:fee": "no",
        "name": "The Smithy Fold",
        "note": "Has TV screens",
        "opening_hours": "Mo,Tu,We,Th,Su 07:00-24:00; Fr,Sa 07:00-25:00",
        "outdoor_seating": "yes",
        "payment:cash": "yes",
        "payment:credit_cards": "yes",
        "payment:debit_cards": "yes",
        "real_ale": "yes",
        "real_cider": "yes",
        "source:fhrs": "FHRS Open Data",
        "source:website": "https://www.jdwetherspoon.com/pubs/all-pubs/england/derbyshire/the-smithy-fold-glossop",
        "toilets": "yes",
        "toilets:access": "customers",
        "toilets:wheelchair": "yes",
        "website": "https://www.jdwetherspoon.com/pubs/all-pubs/england/derbyshire/the-smithy-fold-glossop",
        "website:menu": "https://order.jdwetherspoon.com/venue/jdw/6416/menus",
        "wheelchair": "yes"
      },
      "geometry": {
        "type": "Point",
        "coordinates": [
          -1.9487993,
          53.4425955
        ]
      },
      "id": "node/2324083929"
    },
    {
      "type": "Feature",
      "properties": {
        "@id": "node/2364076348",
        "addr:city": "Hope Valley",
        "addr:postcode": "S32 4TL",
        "addr:street": "High Street",
        "addr:suburb": "Stoney Middleton",
        "amenity": "pub",
        "fhrs:id": "1626251",
        "internet_access": "wlan",
        "name": "The Moon Inn",
        "tourism": "guest_house",
        "website": "http://www.themooninnstoneymiddleton.co.uk/"
      },
      "geometry": {
        "type": "Point",
        "coordinates": [
          -1.6554444,
          53.275107
        ]
      },
      "id": "node/2364076348"
    },
    {
      "type": "Feature",
      "properties": {
        "@id": "node/3059630699",
        "addr:city": "Buxton",
        "addr:housenumber": "3",
        "addr:postcode": "SK17 6HX",
        "addr:street": "Chapel Street",
        "amenity": "pub",
        "contact:facebook": "https://www.facebook.com/people/The-Ale-Stop/100063725103155/",
        "fhrs:id": "1419319",
        "name": "The Ale Stop",
        "note": "\"First micropub in the High Peak\" but is perhaps a little larger than the average micropub",
        "old_fhrs:id": "739156",
        "pub": "micropub",
        "real_ale": "yes",
        "smoking": "outside"
      },
      "geometry": {
        "type": "Point",
        "coordinates": [
          -1.9156858,
          53.2552381
        ]
      },
      "id": "node/3059630699"
    },
    {
      "type": "Feature",
      "properties": {
        "@id": "node/3362045361",
        "addr:city": "Buxton",
        "addr:housename": "Cavendish House",
        "addr:postcode": "SK17 0AW",
        "addr:street": "Church Street",
        "addr:village": "Hartington",
        "amenity": "pub",
        "fhrs:id": "1656411",
        "name": "Royal British Legion"
      },
      "geometry": {
        "type": "Point",
        "coordinates": [
          -1.8092841,
          53.1411737
        ]
      },
      "id": "node/3362045361"
    },
    {
      "type": "Feature",
      "properties": {
        "@id": "node/3856490479",
        "addr:city": "Bakewell",
        "addr:postcode": "DE45 1UL",
        "addr:street": "High Street",
        "addr:village": "Pilsley",
        "amenity": "pub",
        "fhrs:id": "1626487",
        "name": "The Devonshire Arms",
        "outdoor_seating": "yes"
      },
      "geometry": {
        "type": "Point",
        "coordinates": [
          -1.6408308,
          53.235929
        ]
      },
      "id": "node/3856490479"
    },
    {
      "type": "Feature",
      "properties": {
        "@id": "node/4974240421",
        "addr:city": "Buxton",
        "addr:housenumber": "5-5a",
        "addr:postcode": "SK17 6ET",
        "addr:street": "High Street",
        "amenity": "pub",
        "diet:vegan": "no",
        "diet:vegetarian": "yes",
        "fhrs:id": "1339744",
        "name": "High Stakes",
        "note": "\"bar/eatery\" - could be described as a pub or as a cafe",
        "old_fhrs:id": "1258719",
        "real_ale": "yes",
        "website": "http://www.gilbertsbuxton.com/"
      },
      "geometry": {
        "type": "Point",
        "coordinates": [
          -1.9150314,
          53.2552783
        ]
      },
      "id": "node/4974240421"
    },
    {
      "type": "Feature",
      "properties": {
        "@id": "node/6210146923",
        "addr:city": "Hadfield",
        "addr:postcode": "SK13 1AA",
        "addr:street": "Station Approach",
        "amenity": "pub",
        "food": "yes",
        "name": "Station Wine Bar",
        "old_name": "Edwards Wine Bar",
        "outdoor_seating": "yes",
        "smoking": "outside"
      },
      "geometry": {
        "type": "Point",
        "coordinates": [
          -1.9656662,
          53.4608286
        ]
      },
      "id": "node/6210146923"
    },
    {
      "type": "Feature",
      "properties": {
        "@id": "node/10978228105",
        "addr:postcode": "SK17 8RT",
        "amenity": "pub",
        "name": "The Blind Bull",
        "website": "https://www.theblindbull.co.uk/"
      },
      "geometry": {
        "type": "Point",
        "coordinates": [
          -1.7545327,
          53.3038045
        ]
      },
      "id": "node/10978228105"
    },
    {
      "type": "Feature",
      "properties": {
        "@id": "node/11118427856",
        "addr:city": "Bakewell",
        "addr:parentstreet": "Buxton Road",
        "addr:place": "Rutland Buildings",
        "addr:postcode": "DE45 1BZ",
        "addr:unit": "1-2",
        "amenity": "pub",
        "fhrs:id": "1626686",
        "name": "Joiners Arms",
        "opening_hours": "Mo-Th 12:00-23:00, Fr,Sa 12:00-24:00, Su 12:00-22:00; PH off",
        "pub": "micropub",
        "real_ale": "yes"
      },
      "geometry": {
        "type": "Point",
        "coordinates": [
          -1.67627,
          53.2132574
        ]
      },
      "id": "node/11118427856"
    },
    {
      "type": "Feature",
      "properties": {
        "@id": "node/12732147995",
        "addr:city": "Glossop",
        "addr:housenumber": "61",
        "addr:postcode": "SK13 8AZ",
        "addr:street": "High Street West",
        "amenity": "pub",
        "fhrs:id": "1698944",
        "name": "Meehan's",
        "pub": "irish"
      },
      "geometry": {
        "type": "Point",
        "coordinates": [
          -1.9522769,
          53.4433286
        ]
      },
      "id": "node/12732147995"
    },
    {
      "type": "Feature",
      "properties": {
        "@id": "node/13151614437",
        "amenity": "pub",
        "name": "The Old Cell Ale Bar"
      },
      "geometry": {
        "type": "Point",
        "coordinates": [
          -1.9152974,
          53.3236233
        ]
      },
      "id": "node/13151614437"
    },
    {
      "type": "Feature",
      "properties": {
        "@id": "node/13151615784",
        "amenity": "pub",
        "name": "Shoulder of Mutton"
      },
      "geometry": {
        "type": "Point",
        "coordinates": [
          -1.9094272,
          53.3248999
        ]
      },
      "id": "node/13151615784"
    },
    {
      "type": "Feature",
      "properties": {
        "@id": "node/13170634122",
        "amenity": "pub",
        "name": "Thornbridge Brewery Tap"
      },
      "geometry": {
        "type": "Point",
        "coordinates": [
          -1.685036,
          53.219553
        ]
      },
      "id": "node/13170634122"
    }
  ]
}